title,movieId
index,2410
id,2411
beer-name,2412
style,2413
ounces,2414
abv,2415
ibu,2416
brewery_id,2417
brewery-name,2418
city,2419
state,2420
,2421
2491,2422
663,2423
2199,2424
Dagger Falls IPA,2425
1442,2426
Schoolhouse Honey,2427
2127,2428
970,2429
Pre Flight Pilsner,2430
1981,2431
2039,2432
Powder Hound Winter Ale,2433
Detroit,2434
Underachiever,2435
278,2436
Shark Bait,2437
Kol' Beer,2438
Nectar of the Hops,2439
Pretzel Stout,2440
Elm City Pilsner,2441
UFO White,2442
Coalition Brewing Company,2443
531,2444
Hooksett,2445
0.095,2446
Boise Co-Op Two Score Ale,2447
2225,2448
571,2449
2322,2450
615,2451
177,2452
2471,2453
Helles Golden Lager,2454
Third Eye Enlightened Pale Ale,2455
232,2456
Ale Cider,2457
O'Fallon Pumpkin Beer,2458
Ada,2459
Santa Fe Oktoberfest,2460
Beach Blonde,2461
Love Street Summer Seasonal (2014),2462
2547,2463
353,2464
Cropduster Mid-American IPA,2465
Mountain Crest,2466
954,2467
Foreman,2468
Lewis & Clark Amber Ale,2469
2433,2470
2531,2471
153,2472
Rule G IPA,2473
328,2474
Earth-Like Planets,2475
Stratford,2476
1595,2477
358,2478
#002 American I.P.A.,2479
1814,2480
Havanüther,2481
6 String Saison,2482
American India Pale Lager,2483
Stout Ol' Friend,2484
7venth Sun,2485
1626,2486
349,2487
South Austin Brewery,2488
Somerset Center,2489
826,2490
2563,2491
ND,2492
Pawtucket,2493
Clear Creek Ice,2494
Sweet Josie,2495
963,2496
Great Northern Brewing Company,2497
305,2498
Neshaminy Creek Brewing Company,2499
Helios Hefeweizen (2013),2500
139,2501
1055,2502
Wheat Ale,2503
DE,2504
Framingham MA,2505
Refuge Brewery,2506
Firemans #4 Blonde Ale (2013),2507
1357,2508
American Strong Ale,2509
702,2510
1450,2511
Deep Ellum Brewing Company,2512
1137,2513
The Bronx Brewery,2514
2436,2515
399,2516
1338,2517
2280,2518
Helen's Blend,2519
Starr Pils,2520
2511,2521
The Corruption,2522
Oregon Trail Unfiltered Raspberry Wheat,2523
Figueroa Mountain Brewing Company,2524
Flagship IPA,2525
1416,2526
1070,2527
788,2528
Snaggletooth Double Pale Ale,2529
Angry Orchard Crisp Apple,2530
2015,2531
2421,2532
Yakima,2533
Blue Hills Brewery,2534
2333,2535
170,2536
Pleasure Town IPA,2537
Lil' Helper,2538
Full Moon Belgian White Ale,2539
Brutus,2540
Lighthouse Amber,2541
Jack's Hard Cider,2542
oSKAr the G'Rauch,2543
Troegenator Doublebock,2544
Long Day Lager,2545
Cafe Leche,2546
Scarecrow,2547
1833,2548
Oktoberfest Revolution,2549
1873,2550
Widmer Brothers Brewing Company,2551
412,2552
163,2553
545,2554
0.042,2555
19.2 oz.,2556
1582,2557
1461,2558
1421,2559
Witch's Hat Brewing Company,2560
Frosted Fields Winter Wheat,2561
Dillon,2562
2549,2563
1071,2564
Anthem Brewing Company,2565
494,2566
Paso Robles,2567
UT,2568
747,2569
130,2570
1564,2571
2412,2572
2673,2573
637,2574
Disconnected Red,2575
Hefe Lemon,2576
Kinston,2577
Cleveland Beer Week 2013,2578
1449,2579
Rochester MI,2580
1488,2581
2497,2582
Jack's Abby Craft Lagers,2583
682,2584
Pyramid Hefeweizen (2011),2585
NOLA Brown Ale,2586
373,2587
1566,2588
Pistols at Dawn,2589
291,2590
Menominie,2591
1476,2592
Walter's Premium Pilsener Beer,2593
72,2594
Misty Mountain IPA,2595
449,2596
1891,2597
Black Mountain,2598
625,2599
2519,2600
610,2601
MechaHopzilla,2602
Flying Mouse 8,2603
549,2604
97,2605
Great Crescent Belgian Style Wit,2606
Beer Agent Re-Ignition,2607
21st Amendment Brewery,2608
Sweet Action (2011),2609
Floyd's Folly,2610
Lincoln,2611
0.057999999999999996%,2612
Hog Wild India Pale Ale,2613
Colorado Native,2614
1948,2615
508,2616
Bourbon Barrel Aged Timmie,2617
Renegade Brewing Company,2618
Summer Wheat,2619
Dad,2620
Crank Yanker IPA,2621
1898,2622
Yard Sale Winter Lager,2623
Chapman's Brewing,2624
852,2625
Stout Ol' Friend (2012),2626
Even Keel,2627
Blood Orange Wit,2628
1710,2629
1966,2630
1098,2631
867,2632
1067,2633
GreyBeard™ IPA,2634
598,2635
KelSo Pilsner,2636
Indiana City Brewing,2637
Santa Cruz,2638
London Balling,2639
Yo Soy Un Berliner,2640
1669,2641
2253,2642
210,2643
1704,2644
458,2645
2230,2646
Bucryus,2647
Rubberneck Red,2648
2364,2649
779,2650
Dankosaurus,2651
Burlington,2652
Best Brown,2653
0.04,2654
2201,2655
0.061%,2656
Laimas Kölsch Style Ale,2657
Smooth Operator,2658
Brew Bus Brewing,2659
Viking Ice Hole,2660
Bronx,2661
2256,2662
Granger,2663
817,2664
Seven Gates Pale Ale,2665
21,2666
Root Stock,2667
Stevens Point WI,2668
Louie’s Demise Immort-Ale (2010),2669
0.082,2670
387,2671
1316,2672
Swashbuckler Brewing Company,2673
875,2674
Bay of Bengal Double IPA (2014),2675
1166,2676
444,2677
1933,2678
2169,2679
108,2680
Abominable Ale,2681
1082,2682
Back East Golden Ale,2683
Lizzy's Red,2684
1036,2685
2509,2686
2502,2687
2518,2688
1882,2689
OB-1 Organic Ale,2690
2041,2691
121,2692
Festeroo Winter Ale,2693
North Woodstock NH,2694
1348,2695
2288,2696
Evansville,2697
2621,2698
Brownstone,2699
1206,2700
Humulus Nimbus Super Pale Ale,2701
1733,2702
1521,2703
Habitus IPA,2704
Karbach Brewing Company,2705
Lumberyard Red Ale,2706
AXL Pale Ale,2707
Surly Brewing Company,2708
U.S. Pale Ale,2709
Dead-Eye DIPA,2710
Rise Up Red,2711
1778,2712
Alpha Ale,2713
722,2714
Bleeding Buckeye Red Ale,2715
2391,2716
Yeti  Imperial Stout,2717
Schilling Hard Cider,2718
Alameda Brewing,2719
2657,2720
1170,2721
712,2722
2284,2723
787,2724
2635,2725
Wild Wolf American Pilsner,2726
Wet Hot American Wheat Ale,2727
Snowcat Coffee Stout,2728
801,2729
Boxer,2730
2503,2731
701,2732
Lee Hill Series Vol. 4 - Manhattan Style Rye Ale,2733
Beelzebub,2734
2112,2735
741,2736
St. Julian Winery,2737
2597,2738
Marooned On Hog Island,2739
Upslope Pumpkin Ale,2740
Pumpkin Patch Ale (2012),2741
Aaah Bock Lager,2742
Sparkle,2743
Trebuchet Double IPA (2012),2744
1537,2745
2242,2746
832,2747
Pt. Bonita Rustic Lager,2748
84,2749
1946,2750
O’Malley’s IPA,2751
1295,2752
2032,2753
1538,2754
143,2755
Stone of Arbroath,2756
1633,2757
Coastal Extreme Brewing Company,2758
Pittsburgh PA,2759
1954,2760
1049,2761
Bastian,2762
Taxman Brewing Company,2763
Bad Axe Imperial IPA,2764
552,2765
843,2766
Big River Pilsner,2767
Shelbyville,2768
332,2769
Night Cat,2770
1314,2771
Pumpkinhead Ale,2772
1520,2773
2346,2774
Northwoods Brewpub,2775
Hop Knot IPA,2776
King Winterbolt Winter Ale,2777
Hardy,2778
Pete's Wicked Bohemian Pilsner (1997),2779
Scotty K NA,2780
1128,2781
Common Sense Kentucky Common Ale,2782
Berliner Weisse,2783
El Hefe Speaks,2784
1920,2785
1217,2786
Bravo Four Point,2787
0.075,2788
Side Kick Kölsch,2789
Kent,2790
Fargo Brewing Company,2791
Poleeko Gold Pale Ale (2009),2792
1989,2793
1274,2794
Saranac Golden Pilsener (2003),2795
Bodacious Bock,2796
Ryecoe,2797
Rico Sauvin,2798
Kiss Off IPA,2799
Warped Wing Brewing Company,2800
1347,2801
2257,2802
Occidental Kölsch,2803
52,2804
Black Star Double Hopped Golden Lager (24 oz.),2805
Henderson,2806
2663,2807
Epitome,2808
193,2809
410,2810
SUM'R,2811
0.037,2812
Denver CO,2813
Star Runner,2814
621,2815
0.087,2816
1835,2817
Galaxy High,2818
Weiss Trash Culture,2819
Paleo IPA,2820
2232,2821
2264,2822
Leatherhead Red,2823
Bear Ass Brown,2824
Colorado Springs,2825
American Adjunct Lager,2826
Pick Axe Blonde Ale,2827
2530,2828
Hoppy Boy,2829
College Street Brewhouse and Pub,2830
Hop Shock IPA,2831
116,2832
569,2833
1713,2834
Hop Shock IPA (2010),2835
2633,2836
Rudie Session IPA,2837
810,2838
Ozzy,2839
1491,2840
South Lyon,2841
0.065,2842
0.07,2843
Original Slacker Ale,2844
Sockeye Maibock,2845
Skylight,2846
638,2847
Riverwalk Blonde Ale,2848
2562,2849
525,2850
Petoskey MI,2851
Hopnoxious Imperial IPA,2852
Couch Select Lager,2853
642,2854
Solitude,2855
Cherry Bomb,2856
Ale Asylum,2857
253,2858
1101,2859
Wynona's Big Brown Ale,2860
2095,2861
6-4-3 Double Play Pilsner,2862
688,2863
Captain's Daughter,2864
568,2865
American Amber / Red Ale,2866
Duluth MN,2867
Diamond Springs,2868
Grateful White,2869
1613,2870
Sol Drifter,2871
Saint Archer Brewery,2872
Passion Fruit Prussia,2873
1727,2874
1640,2875
2588,2876
1676,2877
822,2878
1344,2879
Kamen Knuddeln,2880
Kona,2881
Edwards CO,2882
1283,2883
2536,2884
Blue Point Brewing Company,2885
842,2886
Yard Sale Amber Ale,2887
2010,2888
1568,2889
Moab,2890
829,2891
Clean Shave IPA,2892
Welcome to Scoville,2893
1655,2894
746,2895
1956,2896
2062,2897
1248,2898
1924,2899
Oklahoma Suks,2900
123,2901
Molotov Lite,2902
Centennial Beer Company,2903
Birmingham,2904
Manheim,2905
Tallgrass Ale,2906
Tybee Island Blonde,2907
Rules are Rules,2908
Narragansett Cream Ale,2909
Stillwater,2910
Core ESB,2911
1644,2912
Milk Mustachio Stout,2913
Peaches & Cream,2914
Honey Lav,2915
1086,2916
2600,2917
Ashland OR,2918
Red Hare Brewing Company,2919
151,2920
Presidential Pils,2921
1133,2922
773,2923
1828,2924
1870,2925
East India Pale Ale,2926
1183,2927
197,2928
772,2929
Patty's Chile Beer,2930
2221,2931
English Pale Ale,2932
1589,2933
More Cowbell,2934
Goodlife Brewing Co.,2935
Meadville PA,2936
1929,2937
377,2938
VT,2939
1302,2940
Cold Press,2941
2652,2942
Barrio Tucson Blonde,2943
2026,2944
Resurrected,2945
371,2946
Amazon Princess IPA,2947
Chugach Session Ale,2948
Green Room Brewing,2949
Harpoon IPA (2010),2950
0.089,2951
Hangar 24 Craft Brewery,2952
Wilkes-Barre,2953
Great Crescent Oktoberfest Lager,2954
1184,2955
2187,2956
Black Star Double Hopped Golden Lager (12 oz.),2957
Helena,2958
1500,2959
661,2960
1290,2961
1753,2962
1038,2963
2282,2964
691,2965
Aloha B’ak’tun,2966
Dale's Pale Ale (10 Year Anniversary),2967
1918,2968
44,2969
2135,2970
Pottstown PA,2971
1065,2972
Cutthroat Pale Ale,2973
1272,2974
1121,2975
943,2976
2454,2977
2681,2978
2108,2979
Grapevine Craft Brewery,2980
Ten Fidy Imperial Stout (2008),2981
Minhas Light (2012),2982
WET,2983
355,2984
2692,2985
#003 Brown & Robust Porter,2986
1269,2987
FL,2988
American Pale Lager,2989
Bikini Blonde Lager,2990
Churchkey Pilsner Style Beer,2991
Barrel Aged Seven Devils Imperial Stout,2992
2247,2993
Good People Brewing Company,2994
2501,2995
1250,2996
1382,2997
Rauchbier,2998
2551,2999
1821,3000
1776,3001
Extra Pale Ale,3002
2328,3003
Moar,3004
266,3005
Blackberry Wheat,3006
2216,3007
738,3008
Hilliard's Beer,3009
1554,3010
2572,3011
Maggie's Leap,3012
Pipeworks Brewing Company,3013
Warrenville,3014
Nuit Serpent,3015
DC,3016
Eau Claire,3017
Tin Roof Watermelon Wheat,3018
Great Crescent Blonde Ale (2011),3019
Sir William's English Brown Ale,3020
Le Mort Vivant (2011),3021
Rye Wit,3022
1215,3023
1791,3024
Pumpkin Beast,3025
Belfast,3026
2432,3027
1622,3028
Schlafly Summer Lager,3029
Workers Comp Saison,3030
HopArt,3031
Grey Sail Brewing of Rhode Island,3032
Avon,3033
New Orleans,3034
496,3035
New Cleveland Palesner,3036
Sanctified,3037
Harness the Winter,3038
Lancaster,3039
1597,3040
Abominable Winter Ale (2012),3041
Pinner Throwback IPA,3042
Ray Ray’s Pale Ale,3043
Talkeetna,3044
Bourbon Barrel Aged Coconut Porter,3045
Astoria,3046
395,3047
Athens GA,3048
Single Hop Ale,3049
Oak Aged Cider,3050
0.027000000000000003%,3051
161,3052
1702,3053
1915,3054
Dripping Springs,3055
2208,3056
Nooner,3057
Boji Blue Pale Ale,3058
2223,3059
Over Ale,3060
486,3061
Lancaster German Style Kölsch,3062
Green Bullet Organic India Pale Ale,3063
766,3064
King Street Blonde Ale,3065
1798,3066
Quick Wit Belgianesque Ale,3067
122,3068
Wynkoop Brewing Company,3069
0.09%,3070
Underdog Atlantic Lager,3071
651,3072
887,3073
Three Creeks Brewing,3074
Three Skulls Ale Pale Ale,3075
2506,3076
1418,3077
2400,3078
352,3079
1015,3080
1906,3081
1758,3082
2662,3083
Deflator,3084
Morning Wood Wheat (Current),3085
Acidulated Trip,3086
Hop Bomber Rye Pale Ale,3087
Mehana Brewing Co.,3088
Golden State Ale,3089
Screaming Eagle Special Ale ESB,3090
Kaleidoscope Collaboration 2012,3091
Maine Island Trail Ale,3092
Prescott,3093
2295,3094
1775,3095
Flanders Oud Bruin,3096
2477,3097
Elevation Triple India Pale Ale,3098
Wachusett Summer,3099
2365,3100
Seventh Son Hopped Red Ale,3101
Cedar Creek Brewery,3102
Perpetual Darkness,3103
1694,3104
West Portal Colorado Common Summer Ale,3105
WA,3106
Widespread Wit,3107
18th Street Brewery,3108
1565,3109
Big Swell IPA,3110
Sunbru Kölsch,3111
Wheat the People,3112
733,3113
Belgian Strong Pale Ale,3114
WinterWonderGrass Festival Ale,3115
Humbucker Helles,3116
Sunken Island IPA,3117
917,3118
Shreveport,3119
Estacada,3120
1931,3121
Peacemaker,3122
Luchesa Lager,3123
Fisherman's Pils,3124
Summer Ale,3125
Blue Boots IPA,3126
Manayunk Oktoberfest,3127
Bark Bite IPA,3128
2423,3129
1437,3130
When Helles Freezes Over,3131
590,3132
1940,3133
Last Call Imperial Amber Ale,3134
Redacted Rye IPA,3135
Old Chico Crystal Wheat,3136
850,3137
1089,3138
1134,3139
727,3140
1120,3141
227,3142
317,3143
Union Jack,3144
1068,3145
Trauger Pilsner,3146
1455,3147
Hopadillo India Pale Ale,3148
Organic Baba Black Lager,3149
Morgan Street Oktoberfest,3150
0.054,3151
2513,3152
Hopworks IPA,3153
Commotion APA,3154
La Ferme Urbaine Farmhouse Ale,3155
Farmer Brown Ale,3156
1194,3157
166,3158
469,3159
452,3160
2583,3161
Grand Circus IPA,3162
Kirkwood Station Brewing Company,3163
1451,3164
Woolybugger Wheat,3165
1659,3166
Sundown,3167
Hop Drop 'N Roll IPA,3168
Lockland,3169
1030,3170
381,3171
Lil' Brainless Raspberries,3172
Middleburg Heights,3173
409,3174
0.067%,3175
Evo IPA,3176
Ghost Rider Pale Ale (2013),3177
1045,3178
1861,3179
Confluence Brewing Company,3180
2381,3181
1951,3182
898,3183
1142,3184
20,3185
1851,3186
0.086,3187
Excess IPL,3188
Sherwood Forest Brewers,3189
Bloody Show,3190
1881 California Red,3191
2495,3192
Rahr's Blonde,3193
1190,3194
2121,3195
Autumn Winds,3196
2660,3197
1172,3198
1716,3199
1843,3200
American Pale Wheat Ale,3201
Knotty Blonde Ale,3202
Johan the Barleywine,3203
690,3204
1422,3205
Odyssey Imperial IPA,3206
Jessie's Garage,3207
Laughing Dog IPA,3208
1800,3209
1724,3210
Pyramid Breweries,3211
1534,3212
16.0 OZ.,3213
564,3214
Sweet Potato Ale,3215
Ferus Fluxus Wild Belgian Pale Ale,3216
471,3217
#9,3218
Big Sky Brewing Company,3219
376,3220
953,3221
Draught Hard Apple Cider,3222
Hale's Pale American Ale,3223
2325,3224
2389,3225
Four Horsemen Brewing Company,3226
Kilt Lifter Scottish-Style Ale (2009),3227
923,3228
Jam Session,3229
1213,3230
Iron Mike Pale Ale,3231
Icey.P.A.,3232
1636,3233
Pine Street Brewery,3234
Dry Dock Hefeweizen,3235
Fullsteam Brewery,3236
Trail Maker Pale Ale,3237
818,3238
978,3239
Giant DIPA,3240
Hopportunity Knocks IPA,3241
1177,3242
Sankaty Light Lager,3243
Mount Pleasant,3244
2656,3245
509,3246
Classique,3247
Nebraska Brewing Company,3248
2003,3249
2012,3250
Ring of Dingle,3251
1899,3252
Black Thunder,3253
2418,3254
Battle LIne,3255
The 12th Can™,3256
2229,3257
Beasts A'Burnin',3258
Schilling & Company,3259
Ghost Bike Pale Ale,3260
1263,3261
2234,3262
Count Hopula (Vault Series),3263
613,3264
Back East Porter,3265
1801,3266
Straub Beer (Current),3267
1910,3268
Boathouse Blonde,3269
Alaskan Brewing Company,3270
1353,3271
Ski Patrol,3272
2350,3273
"You're My Boy, Blue",3274
The Lawn Ranger,3275
Grapefruit Jungle (GFJ),3276
2609,3277
Rahr & Sons Brewing Company,3278
1409,3279
Big Bend Brewing Company,3280
Cowbell,3281
Fat Badger,3282
Golden Road Hefeweizen (2012),3283
343,3284
1167,3285
Schlafly Hefeweizen,3286
2611,3287
White Thai,3288
Crabtree Oatmeal Stout,3289
Old Chub,3290
1051,3291
Mound Builder IPA,3292
2129,3293
Orlison Brewing Company,3294
Saison 88,3295
658,3296
828,3297
878,3298
KelSo Nut Brown Lager,3299
1264,3300
Saddle Bronc Brown Ale (2013),3301
Cambridge Brewing Company,3302
Plant City,3303
Rustic Red,3304
1356,3305
Hays,3306
1268,3307
1839,3308
Old Ale,3309
The Velvet Fog,3310
90,3311
Banner American Ale,3312
1464,3313
PV Muckle (2013),3314
Lake Geneva WI,3315
94,3316
Tin Roof Brewing Company,3317
Second Wind Pale Ale,3318
2488,3319
Lil SIPA,3320
Fearless Brewing Company,3321
Epicenter Amber Ale,3322
The Golden One,3323
Upslope Brown Ale,3324
406,3325
0.09699999999999999%,3326
187,3327
2684,3328
Erie,3329
Louisville,3330
1161,3331
962,3332
2184,3333
1471,3334
SummerBright Ale,3335
Tröegs Brewing Company,3336
0.047%,3337
Harpoon Brewery,3338
Crazy Mountain Amber Ale,3339
Good Life Brewing Company,3340
Caldera IPA,3341
145,3342
Painted Turtle,3343
Matt Brewing Company,3344
1985,3345
2618,3346
Calyptra,3347
2038,3348
South Burlington,3349
Newport,3350
Prescott Brewing Company,3351
2430,3352
649,3353
Archer's Ale (2004),3354
Weize Guy,3355
A Beer,3356
Very Noddy Lager (Current),3357
Uncle John's Fruit House Winery,3358
Bomb Lager (New Recipe),3359
Pile O'Dirt Porter,3360
2053,3361
Uncle Billy's Brewery and Smokeh...,3362
Bronx Pale Ale,3363
1687,3364
1559,3365
Winter Warmer,3366
Burn 'Em Brewing,3367
1653,3368
Number 22 Porter,3369
Gwar Beer,3370
238,3371
Owney Irish Style Red Ale,3372
Ginja Ninja,3373
1417,3374
1863,3375
2298,3376
99,3377
543,3378
Rogers,3379
2069,3380
678,3381
1267,3382
Gary,3383
397,3384
Tumbleweed IPA,3385
Belgian Pale Ale,3386
Daisy Cutter Pale Ale,3387
Buckeye Brewing,3388
2273,3389
Dubbel,3390
1952,3391
Saucy Intruder,3392
267,3393
Jack Pine Savage,3394
Pomegranate Wheat (2008),3395
0.071%,3396
Palisade Brewing Company,3397
1175,3398
SoDo Brown Ale,3399
219,3400
837,3401
2259,3402
Stump Knocker Pale Ale,3403
1253,3404
577,3405
706,3406
Black IPA,3407
950,3408
1629,3409
Paddy Pale Ale,3410
Road 2 Ruin Double IPA,3411
Tropicalia,3412
Fort Wayne,3413
Bottom Up Belgian Wit,3414
Shipyard Summer Ale,3415
19,3416
Rochester,3417
2313,3418
4000 Footer IPA,3419
Power House Porter,3420
2318,3421
Hardywood Cream Ale,3422
1784,3423
1853,3424
Jalapeno Pale Ale,3425
Original Orange Blossom Ale (Current),3426
Lee Hill Series Vol. 5 - Belgian Style Quadrupel Ale,3427
BLAKKR,3428
138,3429
Oskar Blues Brewery,3430
182,3431
8,3432
Point Special Lager,3433
Happy Cider,3434
Everett,3435
Bloomfield,3436
1674,3437
Zaison,3438
762,3439
NE,3440
2403,3441
Mr. Blue Sky,3442
Pawcatuck,3443
1156,3444
2349,3445
Gainesville,3446
La Perouse White,3447
1165,3448
711,3449
1671,3450
Chaotic Double IPA,3451
2442,3452
St Petersburg,3453
1104,3454
Lahaina,3455
Warbird Brewing Company,3456
2595,3457
405,3458
2306,3459
Carolina Brewery,3460
1844,3461
Great Crescent IPA (2011),3462
2161,3463
487,3464
1859,3465
Black Exodus,3466
Pumpkin Ale,3467
2548,3468
101,3469
Sweet Action,3470
NC,3471
942,3472
1578,3473
Gordon (2005),3474
Gator Tail Brown Ale,3475
2249,3476
American Dark Wheat Ale,3477
870,3478
Flying Dog Brewery,3479
Hop Farm IPA,3480
Carolina Lighthouse (2007),3481
2678,3482
Phoenix Pale Ale,3483
Masked Bandit IPA,3484
34,3485
1712,3486
Dolores River Brewery,3487
1059,3488
Boat Beer,3489
1197,3490
302,3491
Broomfield,3492
570,3493
Houston TX,3494
MCA,3495
Point the Way IPA (2012),3496
1247,3497
Madtree Brewing Company,3498
KY,3499
2277,3500
2687,3501
Mother Ale,3502
Hop Box Imperial IPA,3503
Jockamo IPA,3504
Almanac IPA,3505
Wandering Pelican,3506
Red Tank Cider Company,3507
Wasatch Apricot Hefeweizen,3508
974,3509
Old Forge Pumpkin Ale,3510
Peninsula Brewers Reserve (PBR),3511
Camelback,3512
2109,3513
2068,3514
929,3515
510,3516
201,3517
248,3518
2033,3519
0.055,3520
Manhattan KS,3521
1259,3522
1432,3523
0.093,3524
24,3525
Watermelon Wheat,3526
1423,3527
Island Wheat,3528
American Blonde Ale,3529
Boynton Beach,3530
981,3531
1970,3532
Farmer Wirtz India Pale Ale,3533
Mississippi Fire Ant,3534
Batch 69 IPA,3535
Old Town Ale,3536
1658,3537
Upslope Craft Lager,3538
1890,3539
Bare Hands Brewery,3540
933,3541
Hibernal Vinifera Stout,3542
277,3543
Rye Knot,3544
On-On Ale (2008),3545
1073,3546
CAN'D AID Foundation,3547
50,3548
2005,3549
Dry Dock Brewing Company,3550
Crozet,3551
Guest Lager,3552
2246,3553
Bacon Brown Ale,3554
Citrafest,3555
High Country Pilsner (Current),3556
Torrance,3557
The Gadget,3558
Hershey,3559
"Woodstock Inn, Station & Brewery",3560
San Francisco,3561
Anti-Hero IPA,3562
408,3563
Glabrous Brewing Company,3564
2392,3565
Rebirth Pale Ale,3566
1908,3567
Gerry Dog Stout,3568
901,3569
Epicenter Amber Ale (2010),3570
725,3571
2627,3572
Latitude 42 Brewing Company,3573
Abingdon,3574
Ten Fidy,3575
555,3576
Canton MA,3577
Dirty Bucket Brewing Company,3578
2272,3579
Los Angeles CA,3580
Evil Owl,3581
169,3582
Jailbreak Brewing Company,3583
2162,3584
Black Shirt Brewing Company,3585
2540,3586
146,3587
1297,3588
Stronghold,3589
Green Head IPA,3590
Pete's Wicked Summer Brew (1996),3591
971,3592
Boone,3593
114,3594
320,3595
Bent Hop Golden IPA,3596
Norm's Raggedy Ass IPA,3597
Secret Stache Stout,3598
Belmont,3599
Atlantic Amber Ale (2007),3600
Waynesville,3601
2179,3602
East Fairfield,3603
2058,3604
385,3605
1944,3606
Lewbricator Wheat Dopplebock,3607
Day Break 4-Grain Breakfast Beer,3608
2269,3609
811,3610
Maize & Blueberry,3611
Payette Brewing Company,3612
Mad Beach,3613
2141,3614
2180,3615
1056,3616
1680,3617
Dirtbag Dunkel,3618
2043,3619
Duckpin Pale Ale,3620
Bitter American,3621
2076,3622
Sous Chef,3623
1317,3624
1740,3625
Agent a Deux,3626
Easy Jack,3627
743,3628
Yoshi's Nectar,3629
41,3630
1146,3631
The Black Tooth Brewing Company,3632
O'Fallon Wheach,3633
1312,3634
1411,3635
Autumn Winds Fest Beer,3636
Vivant Tripel,3637
Dayman IPA,3638
Stupid Sexy Flanders,3639
Uroboros,3640
Brooklyn Center,3641
1345,3642
1335,3643
Peace Tree Brewing Company,3644
Honeyspot Road White IPA,3645
OH-PA Session Pale Ale,3646
2466,3647
451,3648
Sudice American Stout,3649
Santa Fe,3650
Suicide Blonde IPA,3651
Mr. Orange,3652
1900,3653
Little Sister India Style Session Ale,3654
Bohemian Brewery,3655
1536,3656
692,3657
Hattiesburg,3658
1750,3659
Monkey Chased the Weasel,3660
876,3661
1502,3662
Maui Brewing Company,3663
Barrel Aged Triomphe,3664
Headless Wylie,3665
Geary's Summer Ale,3666
947,3667
1486,3668
Post Time Kölsch,3669
Fort Worth,3670
1308,3671
José Martí American Porter,3672
Professor Black,3673
Overlord Imperial IPA,3674
Devil's Harvest Extra Pale Ale,3675
505,3676
Green Bay,3677
Paonia CO,3678
889,3679
OR,3680
2054,3681
0.098,3682
Sweet Georgia Brown,3683
Abita Amber,3684
Cornstalker Dark Wheat,3685
1991,3686
518,3687
432,3688
1709,3689
536,3690
86,3691
2338,3692
2312,3693
Idaho Springs CO,3694
1761,3695
People's Pale Ale,3696
IL,3697
Hefeweizen,3698
0.08199999999999999%,3699
372,3700
Everybody's Brewing,3701
Feel Like Maplin' Love,3702
Mr. Pineapple,3703
2191,3704
Rochester Red Ale,3705
1504,3706
1332,3707
647,3708
Main St. Virginia Ale,3709
Mastermind,3710
Sculpin IPA,3711
The Crusher,3712
Lucky Buck,3713
Mikerphone Brewing,3714
Bridgman,3715
1518,3716
243,3717
1106,3718
1210,3719
600,3720
Angry Adam,3721
King Street Hefeweizen,3722
Just IPA,3723
Suzy B Dirty Blonde Ale,3724
Martin House Brewing Company,3725
York,3726
2143,3727
594,3728
Flyin' HI.P.Hay,3729
OktoberFiesta,3730
Washita Wheat,3731
Aspen Brewing Company,3732
Portage,3733
Saison / Farmhouse Ale,3734
Magic Hat Brewing Company,3735
Kölsch 151,3736
2114,3737
245,3738
580,3739
2467,3740
40th Annual Bix Street Fest Copper Ale (Current),3741
680,3742
1460,3743
33 Select Brown Ale,3744
1916,3745
Samuel Adams Octoberfest,3746
2220,3747
118,3748
1446,3749
1672,3750
Burning Bush Smoked IPA,3751
Aurora Lager,3752
1725,3753
32°/50° Kölsch,3754
Iron Horse Pale Ale,3755
Two Henrys Brewing Company,3756
Green Monsta IPA,3757
2144,3758
Ball & Chain (2014),3759
Sheffield,3760
28,3761
715,3762
1448,3763
640,3764
1586,3765
Alphadelic IPA,3766
Upstate I.P.W.,3767
White Salmon,3768
Hijack,3769
Brunette Nut Brown Ale,3770
335,3771
1127,3772
Wee Mac Scottish-Style Ale,3773
49,3774
Tree Bucket,3775
Pumpkin Patch Ale,3776
416,3777
264,3778
Whitefish,3779
Lewisburg,3780
1855,3781
2590,3782
Flying Sailor,3783
2557,3784
Fenway American Pale Ale,3785
Double D Blonde,3786
1921,3787
Ashland,3788
2034,3789
Voodoo Brewery,3790
411,3791
1746,3792
394,3793
364,3794
2101,3795
Damnesia,3796
1942,3797
174,3798
Horny Goat Brew Pub,3799
10 Ton,3800
Newburyport,3801
Santa's Secret,3802
Anderson Valley Brewing Company,3803
269,3804
TailGate IPA,3805
593,3806
2616,3807
Farmer's Tan Red Ale,3808
Triangle Belgian Golden Ale,3809
557,3810
Atwater Brewery,3811
Scape Goat Pale Ale,3812
Roler Bock (Current),3813
1517,3814
Cincinnati OH,3815
Rising Tide Brewing Company,3816
0.06,3817
Black Me Stout,3818
769,3819
Terlingua Gold,3820
Houston,3821
2130,3822
5 Day IPA,3823
1284,3824
450 North Brewing Company,3825
2007,3826
237,3827
077XX,3828
Honey Kolsch,3829
2167,3830
The Traveler Beer Company,3831
Dale's Pale Ale,3832
Top Rope Mexican-style Craft Lager,3833
2287,3834
All Nighter Ale,3835
Phoenix Ale Brewery,3836
Lost Trout Brown Ale,3837
Fat Head's Brewery,3838
1097,3839
Take Two Pils,3840
Cape Cod Beer,3841
Irregardless IPA,3842
Winter Games Select #32 Stout,3843
Modern Monks Brewery,3844
312 Urban Pale Ale,3845
1819,3846
768,3847
Annie's Amber Ale,3848
Boise ID,3849
2091,3850
194,3851
1938,3852
1447,3853
2541,3854
1139,3855
425,3856
Manayunk Brewing Company,3857
726,3858
Kilt Dropper Scotch Ale,3859
325,3860
1100,3861
Extra Special / Strong Bitter (ESB),3862
0.1,3863
574,3864
2343,3865
Sophomoric Saison,3866
1149,3867
3 Gear Robust Porter,3868
1904,3869
Monarch Pilsner,3870
1919,3871
The One They Call Zoe,3872
1675,3873
Tule Duck Red Ale (Current),3874
Baltimore MD,3875
1084,3876
Bend,3877
11,3878
Indianapolis,3879
White Cap White IPA,3880
Denver Beer Company,3881
Davenport,3882
765,3883
Barrio Brewing Company,3884
Sex Panther,3885
1749,3886
440,3887
1875,3888
Gunga Din,3889
California Sunshine Rye IPA,3890
1965,3891
2023,3892
79,3893
0.072,3894
Lost Sailor IPA,3895
1524,3896
Hop Up Offa That Brett (2014),3897
Session '33 (2011),3898
Hazed & Infused (2010),3899
1978,3900
Rail Yard Ale (2009),3901
Winterfest,3902
The Lion Brewery,3903
2456,3904
2 Towns Ciderhouse,3905
1275,3906
1087,3907
1378,3908
472,3909
Boxcar Brewing Company,3910
2625,3911
Asher Brewing Company,3912
Pail Ale,3913
Stevensville,3914
1707,3915
Nunica Pine,3916
2020,3917
Starr Hill Brewery,3918
Bolero Snort Brewery,3919
American Porter,3920
1599,3921
Mazzie,3922
Pete's Wicked Summer Brew (1997),3923
2163,3924
Ten Fidy Imperial Stout,3925
2125,3926
Abigale,3927
Oatmeal Stout,3928
Stowaway IPA,3929
67,3930
Schlafly IPA,3931
Ridgefield Park,3932
Alter Ego,3933
0.061,3934
1941,3935
Daredevil Brewing Company,3936
1721,3937
American Barleywine,3938
Saint Louis,3939
Cast Iron Oatmeal Brown,3940
1617,3941
Buried Hatchet Stout,3942
1265,3943
Face Down Brown Ale,3944
Lansdale,3945
2106,3946
1963,3947
Zaison (2012),3948
Jacksonville,3949
King Street IPA,3950
2379,3951
Perfect Tin Amber,3952
Ranger IPA,3953
Buffalo Sweat,3954
Ponderosa IPA,3955
Arjuna,3956
Hopworks Urban Brewery,3957
Big Choice Brewing,3958
The Great Pumpcan,3959
Catawba Island Brewing,3960
382,3961
799,3962
Vernal Minthe Stout,3963
2428,3964
312,3965
Silverton Brewery,3966
ESB Special Ale,3967
Tropical Saison,3968
719,3969
2644,3970
731,3971
2151,3972
Neomexicanus Native,3973
0.052000000000000005%,3974
Bunker Hill Blueberry Ale,3975
249,3976
2305,3977
Fruit / Vegetable Beer,3978
2194,3979
1454,3980
Lowell,3981
English Brown Ale,3982
890,3983
Raspberry Berliner Weisse,3984
Full Nelson Pale Ale (2010),3985
Lake Street Express,3986
853,3987
136,3988
16.0 oz. Silo Can,3989
1222,3990
Wolverine State Brewing Company,3991
Royal Oak,3992
666,3993
Milk / Sweet Stout,3994
2688,3995
0.099,3996
Raincloud Robust Porter,3997
1609,3998
Wolfman's Berliner,3999
2089,4000
Claremont Craft Ales,4001
1293,4002
Wall's End,4003
1176,4004
Dale's Pale Ale (2006),4005
Manayunk IPA,4006
Manzanita Pale Ale,4007
1138,4008
2620,4009
Christian Moerlein Brewing Company,4010
668 Neighbor of the Beast12 oz.,4011
Boont Amber Ale (2011),4012
3Beans,4013
1096,4014
1022,4015
Buellton,4016
Back Country Scottish Ale,4017
1404,4018
Goose Island India Pale Ale,4019
2462,4020
926,4021
Bohemian Export Lager,4022
Birdhouse Pale Ale,4023
Trailhead ISA,4024
Fox Tail Gluten Free Ale,4025
Dale's Pale Ale (2012),4026
Wiregrass Post-Prohibition Ale,4027
21st Amendment Watermelon Wheat Beer (2006),4028
1083,4029
Athena,4030
858,4031
2337,4032
Lumberyard IPA,4033
420 Extra Pale Ale,4034
Roller Dam Red Ale,4035
Devil's Canyon Brewery,4036
Wolf Hills Brewing Company,4037
1755,4038
1364,4039
1182,4040
One-Hit Wonderful,4041
One Nut Brown,4042
1026,4043
2458,4044
1550,4045
904,4046
Odyssey Beerwerks,4047
Squatters Full Suspension Pale Ale,4048
2018,4049
1326,4050
Love In An Ellavator,4051
913,4052
2182,4053
Deviant Dale's IPA,4054
920,4055
Pace Setter Belgian Style Wit,4056
1584,4057
2118,4058
1211,4059
106,4060
653,4061
Midnight Ryder,4062
40 Mile IPA,4063
Ranger IPA (Current),4064
Coconoats,4065
Bimini Twist,4066
Phoenix,4067
1428,4068
2385,4069
641,4070
Old Chub (2008),4071
Foolproof Brewing Company,4072
Linnaeus Mango IPA,4073
541 American Lager,4074
2397,4075
Pittsboro,4076
Tent Pole Vanilla Porter,4077
Nantucket,4078
Oskar Blues Brewery (North Carol...,4079
1849,4080
Lionshead,4081
849,4082
Fat Tire Amber Ale (2008),4083
2553,4084
415,4085
162,4086
Abrasive Ale,4087
Uncle John's Apple Cherry Cider,4088
Boonville,4089
Lazy Daze Lager,4090
2507,4091
1425,4092
Portland OR,4093
1573,4094
1738,4095
307,4096
Snowshoe White Ale,4097
Upslope India Pale Ale,4098
Filthy Hoppin' IPA,4099
Sympathy for the Lager,4100
2671,4101
Sunset Amber,4102
2126,4103
2,4104
MN,4105
SweetWater Brewing Company,4106
Goose Island Brewery Company,4107
The Brewer's Art,4108
CO,4109
1881 California Red Ale,4110
Philadelphia,4111
Champion Brewing Company,4112
1992,4113
Traverse City,4114
2598,4115
1443,4116
1291,4117
1335 Wicked Snout,4118
Double Haul IPA,4119
82,4120
MT,4121
Charlottesville VA,4122
Interurban IPA,4123
Blue Owl Brewing,4124
Barney Flats Oatmeal Stout (2012),4125
262,4126
1854,4127
Sacramento,4128
Moped Traveler,4129
330,4130
2516,4131
Founders Brewing Company,4132
Golden Wing Blonde Ale,4133
N Street Drive-In 50th Anniversary IPA,4134
Long Leaf,4135
2092,4136
2378,4137
Angola,4138
2605,4139
Sockeye Belgian Style Summer Ale,4140
Black Adder IBA (Current),4141
Bronx Black Pale Ale,4142
Iron Hill Brewery & Restaurant,4143
176,4144
Thunder Ann,4145
2111,4146
2368,4147
1681,4148
1143,4149
0.10400000000000001%,4150
Hat Trick Hop IPA,4151
2115,4152
Devastator Double Bock,4153
Cincinnati,4154
Celsius Summer Ale (2012),4155
1596,4156
150,4157
1886,4158
1689,4159
Whale's Tale Pale Ale,4160
Mikkeller,4161
Sixpoint Craft Ales,4162
Broad Brook Brewing LLC,4163
1321,4164
716,4165
Eagle CO,4166
Big Chuck Barleywine,4167
532,4168
270,4169
Titan IPA,4170
Big Sky IPA (2012),4171
Jai Alai IPA,4172
Cleveland,4173
0.08%,4174
1530,4175
937,4176
Laughing Dog Cream Ale,4177
Minnetonka,4178
Mama's Little Yella Pils,4179
Loki Red Ale,4180
2473,4181
1714,4182
591,4183
2175,4184
879,4185
Saranac Summer Ale (2011),4186
2094,4187
2419,4188
Harpoon IPA,4189
895,4190
Fistful of Hops Green,4191
Rudolph's Red,4192
Invasion Pale Ale,4193
697,4194
2510,4195
Resin,4196
790,4197
2008,4198
1747,4199
0.049,4200
1505,4201
The Crisp (2011),4202
2654,4203
Humpback Blonde Ale,4204
Michelada,4205
2296,4206
1868,4207
0.053,4208
2574,4209
ID,4210
Yellow Wolf Imperial IPA,4211
544,4212
1093,4213
Moo Thunder Stout,4214
Shelburne,4215
2084,4216
New Orleans Lager & Ale Brewing ...,4217
Adam's Stout,4218
Snake Handler Double IPA,4219
1196,4220
64,4221
Mountain Creek (2013),4222
1635,4223
Hurricane Amber Ale (2004),4224
Shipwrecked Double IPA,4225
1817,4226
Voodoo Bengal Pale Ale,4227
Orignal Blend,4228
Christmas Ale,4229
Escape to Colorado,4230
836,4231
Lafayette,4232
Pineland ME,4233
Colorado Red Ale,4234
Helena MT,4235
Southern Cross,4236
Oak Cliff Coffee Ale,4237
1825,4238
777,4239
1307,4240
1484,4241
2098,4242
Royal Brat,4243
800,4244
1043,4245
Huber Bock (2014),4246
Happy Camper IPA,4247
2393,4248
Seventh Son of a Seventh Son,4249
2320,4250
1705,4251
1091,4252
903,4253
Wobble,4254
2070,4255
Czech Pilsener,4256
Dock Street Amber Beer (1992),4257
Plowshare Porter,4258
2233,4259
949,4260
207,4261
614,4262
Taster's Choice,4263
2075,4264
1917,4265
Park,4266
476,4267
1239,4268
Arkansas Red,4269
Next Adventure Black IPA,4270
Juneau,4271
0.099%,4272
987,4273
1837,4274
558,4275
560,4276
2386,4277
Alltech's Lexington Brewing Company,4278
491,4279
Midwest City,4280
Tallgrass Pub Ale,4281
1306,4282
Brooklyn Center MN,4283
Get Together,4284
Oaky's Oatmeal Stout,4285
0.081,4286
Wood Splitter Pilsner,4287
391,4288
1579,4289
Canyon Cream Ale,4290
Wild Trail Pale Ale,4291
Marble Brewery,4292
1729,4293
Baton Rouge,4294
1684,4295
Longhop IPA,4296
1827,4297
Fat Tire Amber Ale,4298
TailGate Saison,4299
224,4300
El Steinber Dark Lager,4301
SD,4302
306,4303
Gore Range Brewery,4304
0.056,4305
750,4306
Norm's Gateway IPA,4307
1304,4308
Insert Hop Reference,4309
Long Hammer IPA,4310
Dam Lager,4311
Wild Onion Pumpkin Ale (2010),4312
Lewiston,4313
1001,4314
San Luis Obispo,4315
447,4316
1624,4317
Munich Helles Lager,4318
Anchor Brewing Company,4319
2261,4320
Cut Throat Pale Ale,4321
Blackmarket Rye IPA,4322
1962,4323
1969,4324
2544,4325
Hopkick Dropkick,4326
New England Brewing Company,4327
Special Edition: Allies Win The War!,4328
423,4329
171,4330
Verdun,4331
Pilzilla,4332
Ann Arbor,4333
Voodoo,4334
Carolina Blonde (2006),4335
1815,4336
1600,4337
Pete's ESP Lager (1998),4338
448,4339
1959,4340
Paso Robles CA,4341
Euro Pale Lager,4342
1107,4343
Beltian White,4344
Astoria Brewing Company,4345
Montauk Light,4346
Tart Side of the Moon,4347
1623,4348
1967,4349
312 Urban Wheat Ale,4350
Against the Grain Brewery,4351
318,4352
Fort Pitt Ale,4353
O'Fallon,4354
NM,4355
Lemon Shandy Tripel,4356
484,4357
1646,4358
Dubbelicious,4359
672,4360
357,4361
Horny Toad Cerveza (2013),4362
2195,4363
Gillespie Brown Ale,4364
1628,4365
466,4366
Boont Amber Ale,4367
1492,4368
Pacific,4369
Triomphe,4370
SC,4371
3:33 Black IPA,4372
Gutch English Style Mild Ale,4373
2193,4374
806,4375
2394,4376
908,4377
0.079%,4378
Veteran’s Pale Ale (VPA),4379
15,4380
1006,4381
Scotch Ale / Wee Heavy,4382
Schwarzbier,4383
2105,4384
1186,4385
Mother's Brewing,4386
1220,4387
Hilliard's Pils,4388
1467,4389
Sky Blue Golden Ale,4390
Red Shedman Farm Brewery and Hop...,4391
366,4392
Danville,4393
Sexy Chaos,4394
College Station,4395
2267,4396
Englishman,4397
454,4398
Na Zdraví Pilsner,4399
422,4400
Springdale,4401
Block Party Robust Porter,4402
Bellingham,4403
783,4404
French Broad Brewery,4405
Frog Level Brewing Company,4406
Altbier,4407
1339,4408
American Pale Ale (APA),4409
Half Court IPA,4410
Old Chub (2003),4411
1406,4412
Fisherman's IPA,4413
Slanted Rock Brewing Company,4414
348,4415
1912,4416
104,4417
623,4418
Four String Vanilla Porter,4419
Leroy (2005),4420
1858,4421
2226,4422
Rocket Bike American Lager,4423
87,4424
535,4425
Speakasy Ales & Lagers,4426
1813,4427
Core Oatmeal Stout,4428
Kolschtal Eddy,4429
1663,4430
The Grand Army,4431
1243,4432
2347,4433
2324,4434
South Bend,4435
1095,4436
Longmont CO,4437
1102,4438
2384,4439
1995,4440
1054,4441
American Double / Imperial Stout,4442
Hardywood Park Craft Brewery,4443
Skilak Scottish Ale (2011),4444
The Just Beer Project,4445
236,4446
1726,4447
2569,4448
0.035%,4449
Pop's Old Fashioned Lager,4450
0.092%,4451
Double Duckpin,4452
1664,4453
Jucundus,4454
546,4455
Vanilla Bean Buffalo Sweat,4456
0.078,4457
1860,4458
Dead Arm,4459
SanTan Brewing Company,4460
DAX Light (1998),4461
Hangar 24 Helles Lager,4462
2445,4463
2443,4464
Autumnal Molé Stout,4465
Thai.p.a,4466
Pernicious Double IPA,4467
756,4468
Northern Lights India Pale Ale,4469
167,4470
Hilliard's Amber Ale,4471
1615,4472
2087,4473
Ninja Porter,4474
Mirror Pond Pale Ale,4475
Galaxyfest,4476
Modus Hoperandi,4477
Tallgrass Brewing Company,4478
Wingman Brewers,4479
Great Crescent IPA,4480
2685,4481
"the Kimmie, the Yink and the Holy Gose",4482
Deschutes Brewery,4483
Woodbridge,4484
Plow Horse Belgian Style Imperial Stout,4485
1939,4486
617,4487
House Lager,4488
Independence Brewing Company,4489
2649,4490
Naked Pig Pale Ale,4491
1571,4492
2252,4493
2052,4494
St Mary's,4495
2457,4496
Blood Orange Saison,4497
1519,4498
27,4499
1244,4500
Bat Outta Helles,4501
Demshitz Brown Ale,4502
40,4503
757,4504
361,4505
1064,4506
Hopitoulas IPA,4507
877,4508
30,4509
2520,4510
1703,4511
Joey Wheat,4512
1012,4513
2406,4514
Coq de la Marche,4515
Good People American Brown Ale,4516
1266,4517
CANfusion Rye Bock,4518
Sky-Five,4519
111,4520
190,4521
Undun Blonde Ale,4522
U. P. Witbier,4523
St. John's,4524
Sanitas Black IPA,4525
616,4526
1099,4527
Sanitas Saison Ale,4528
1324,4529
HGH (Home Grown Hops): Part Duh,4530
Rye Porter,4531
Upslope Foreign Style Stout,4532
Great Crescent Brewery,4533
Lucette Brewing Company,4534
2537,4535
Orange Wheat,4536
2204,4537
Big Muddy Brewing,4538
Seventh Son Brewing Company,4539
58,4540
Base Camp Brewing Co.,4541
#001 Golden Amber Lager,4542
774,4543
Claritas,4544
A Capella Gluten Free Pale Ale,4545
St. Paul MN,4546
Telluride,4547
2546,4548
178,4549
2529,4550
River North White Ale,4551
782,4552
Lily Flagg Milk Stout,4553
244,4554
Half Acre Beer Company,4555
Palate Mallet,4556
1438,4557
199,4558
Mammoth Lakes,4559
Marble India Pale Ale,4560
2505,4561
Elmira,4562
Stillmank Beer Company,4563
German Pilsener,4564
316,4565
Miami,4566
Awry Rye Pale Ale,4567
Station 33 Firehouse Red,4568
1548,4569
Two Brothers Brewing Company,4570
Waterbury VT,4571
Platform Beer Company,4572
Dolores River Dry Stout,4573
1490,4574
1125,4575
Green Collar,4576
636,4577
Blueberry Berliner Weisse,4578
1691,4579
Montauk,4580
Anchorage,4581
2439,4582
2444,4583
1984,4584
1734,4585
1739,4586
Denver Pale Ale (Artist Series No. 1),4587
American Brown Ale,4588
Midwest Charm Farmhouse Ale,4589
Fiddlehead Brewing Company,4590
2659,4591
Old Chub NITRO,4592
Volcano Red Ale,4593
Back Bay IPA,4594
Autocrat Coffee Milk Stout,4595
1925,4596
1606,4597
IPA #11,4598
MA,4599
1229,4600
Chatham,4601
In-Tents India Pale Lager,4602
BRIPA,4603
1285,4604
1232,4605
474,4606
1736,4607
1456,4608
2672,4609
527,4610
Springfield,4611
Strawberry Blonde,4612
752,4613
Kulshan Brewery,4614
Sunlight Cream Ale,4615
283,4616
Geneva Lake Brewing Company,4617
Barn Yeti,4618
Flagstaff,4619
Bomber Mountain Amber Ale (2013),4620
Chuli Stout,4621
1722,4622
Revolution Brewing,4623
1327,4624
NV,4625
Steam Engine Lager,4626
Drop Kick Ale,4627
Atom Splitter Pale Ale,4628
311,4629
2653,4630
2009,4631
St. Benedict's Winter Ale,4632
991,4633
1355,4634
0.077%,4635
North Woodstock,4636
Lazy Monk Bohemian Pilsner,4637
Tribute,4638
Verona,4639
13,4640
Monk from the 'Yunk,4641
1483,4642
Pink-I Raspberry IPA,4643
2341,4644
Hop in the ‘Pool Helles,4645
Conroe,4646
Evil Twin Brewing,4647
401,4648
Big Bend Hefeweizen,4649
2200,4650
Apricot Blonde,4651
2154,4652
2683,4653
2622,4654
2090,4655
Turnrow Harvest Ale,4656
Double Brown Stout,4657
1399,4658
Sly Fox Christmas Ale 2012 (2012),4659
Hell,4660
605,4661
Great River Golden Ale,4662
Wood Splitter Pilsner (2012),4663
2422,4664
3,4665
2624,4666
London Homesick Ale,4667
Waterkeeper,4668
2426,4669
Utah Brewers Cooperative,4670
Keebarlin' Pale Ale,4671
413 Farmhouse Ale,4672
796,4673
2666,4674
Missoula,4675
271,4676
Devil's Cup,4677
Resolution Rye Stout,4678
213,4679
Liquid Hero Brewery,4680
Bock,4681
144,4682
San Diego CA,4683
Douglas,4684
Tin Roof Blonde Ale,4685
1048,4686
Hefe Black,4687
Pittsburgh,4688
Sietsema Red Label,4689
0.09,4690
Mutton Buster,4691
WY,4692
309,4693
1608,4694
Kaua'i Golden Ale,4695
2197,4696
Tsunami IPA,4697
Firemans #4 Blonde Ale (2015),4698
880,4699
1803,4700
1380,4701
Vivant Belgian Style Imperial Stout (2012),4702
All Day IPA,4703
894,4704
1081,4705
Red Water Irish Style Red,4706
Silverback Pale Ale,4707
1475,4708
402,4709
Aurora,4710
834 Happy As Ale,4711
Heliocentric Hefeweizen,4712
273,4713
80,4714
English Pale Mild Ale,4715
Tampa Pale Ale,4716
Lake Monster,4717
Oktoberfest,4718
854,4719
Wormtown Brewery,4720
2358,4721
Northampton Brewery,4722
Loafin Bräu,4723
695,4724
1811,4725
548,4726
Mjöllnir,4727
Cigar City Brewing Company,4728
G'KNIGHT (16 oz.),4729
Croydon,4730
Davy Jones Lager,4731
Gordon Ale (2009),4732
2500,4733
Hoperation Overload,4734
Citra Faced,4735
Marlborough,4736
Patrick's Poison,4737
1795,4738
846,4739
Frederick,4740
Pump House IPA,4741
175,4742
Big Nose,4743
1477,4744
2100,4745
RecreationAle,4746
1381,4747
2517,4748
Big Storm Brewing Company,4749
Fortunate Islands,4750
Sun King Brewing Company,4751
Durango,4752
Northern Hawk Owl Amber,4753
2525,4754
992,4755
2664,4756
Babbling Blonde,4757
Saison Pamplemousse,4758
Blacktop Blonde,4759
Hop Abomination,4760
Point Special (2012),4761
1953,4762
Destihl Brewery,4763
300,4764
696,4765
Quaff India Style Session Ale,4766
363,4767
1391,4768
1990,4769
In the Weeds,4770
Dottie Seattle Lager,4771
1625,4772
0.032,4773
2351,4774
1779,4775
2643,4776
Phantom Punch Winter Stout,4777
Sunken City Brewing Company,4778
501,4779
Deadeye Jack,4780
Bridgewater Corners,4781
Dead Armadillo Amber Ale,4782
Sierra Nevada Brewing Company,4783
1218,4784
Abbey's Single Ale (Current),4785
Dry Dock Amber Ale,4786
1435,4787
1836,4788
2040,4789
Reactor,4790
Arcadia Brewing Company,4791
2395,4792
2206,4793
White (2015),4794
Shotgun Betty,4795
112,4796
2639,4797
Notch Session Pils,4798
2579,4799
Manhattan,4800
Cut Throat Pale Ale (2011),4801
24.0 oz.,4802
Slippery Rock,4803
0.035,4804
Two-One Niner,4805
1429,4806
Conroe TX,4807
1340,4808
Wizard Burial Ground,4809
Breakside Brewery,4810
Groupe G,4811
1482,4812
2440,4813
1512,4814
2176,4815
Menominee,4816
1661,4817
SanTan HefeWeizen,4818
Catawba Valley Brewing Company,4819
643,4820
Mango Ginger,4821
Mystical Stout,4822
Cold Smoke Scotch Ale (2007),4823
2255,4824
Cabrillo Kölsch,4825
1117,4826
2420,4827
Milkshake Stout,4828
1766,4829
333,4830
Norfolk,4831
1193,4832
Firestone Walker Brewing Company,4833
1309,4834
P-51 Porter,4835
Thunder Snow,4836
1797,4837
1507,4838
Ballz Deep Double IPA,4839
Santa Cruz CA,4840
Aurora Lager (2011),4841
Aslan IPA,4842
Red Cockaded Ale (2013),4843
Three Pints Brewing,4844
1765,4845
1271,4846
1179,4847
1080,4848
Sidekick Extra Pale Ale,4849
1148,4850
2447,4851
Petit Mutant,4852
81,4853
1806,4854
Point Nude Beach Summer Wheat (2011),4855
Curious Traveler Shandy,4856
Big Lake Brewing,4857
1227,4858
Mammoth Brewing Company,4859
Smoked Beer,4860
KS,4861
Belgian Strong Dark Ale,4862
1783,4863
Right Brain Brewery,4864
2067,4865
441,4866
290,4867
1590,4868
New York,4869
Afton VA,4870
830,4871
River Runners Pale Ale,4872
Aslan Kölsch,4873
Ellie’s Brown Ale,4874
2484,4875
1313,4876
White Flame Brewing Company,4877
1052,4878
2166,4879
Lasso,4880
1556,4881
2655,4882
1647,4883
Troegenator,4884
Chico CA,4885
Porch Rocker,4886
American Double / Imperial IPA,4887
2240,4888
Portland,4889
Butternuts Beer and Ale,4890
Hop Notch IPA (2013),4891
Seabright Brewery,4892
Shipyard Export,4893
Rogue Ales,4894
2383,4895
Lucky Dog,4896
0.066%,4897
Oberon,4898
Big Wood Brewery,4899
Hop Lace,4900
Bitter Biker Double IPA,4901
Black House,4902
Swamp Head Brewery,4903
523,4904
Carlsbad,4905
984,4906
2183,4907
1013,4908
1782,4909
1893,4910
206,4911
Westminster MA,4912
1892,4913
True Blonde Ale,4914
Jacaranada Rye IPA,4915
Pamola Xtra Pale Ale,4916
0.085,4917
White Magick of the Sun,4918
968,4919
1410,4920
Soldotna AK,4921
1296,4922
Michigan City,4923
632,4924
771,4925
1679,4926
Atwater's Lager,4927
0.063,4928
Point Nude Beach Summer Wheat,4929
Ozark Beer Company,4930
1715,4931
Spirit Lake,4932
Face Plant IPA,4933
1119,4934
915,4935
644,4936
Barney Flats Oatmeal Stout,4937
2263,4938
2446,4939
Arctic Craft Brewery,4940
1923,4941
Rye Pils Session Lager,4942
1789,4943
154,4944
Hop Ottin' IPA,4945
1907,4946
188,4947
0.049%,4948
Defiance Brewing Company,4949
983,4950
Wagon Party,4951
1319,4952
Dick's Brewing Company,4953
Terrapin Brewing Company,4954
The Brown Note,4955
1587,4956
Arrington,4957
Wee-Heavy-Er Scotch Ale,4958
293,4959
2079,4960
Hershey PA,4961
1462,4962
Strawberry White,4963
Griffin Claw Brewing Company,4964
Seven Points,4965
2615,4966
2057,4967
Sunshine Pils,4968
The Alchemist,4969
Soul Doubt,4970
268,4971
707,4972
Leprechaun Lager,4973
1909,4974
1383,4975
297,4976
Dog Days Lager,4977
807,4978
Autumnation (2011-12) (2011),4979
755,4980
1384,4981
222,4982
2592,4983
2504,4984
2558,4985
279,4986
1686,4987
Todd the Axe Man,4988
125,4989
0.048,4990
1955,4991
1377,4992
Sockeye Red IPA,4993
Fire Eagle IPA,4994
Dead Horse Amber,4995
Eddy Out Pale Ale,4996
626,4997
446,4998
1288,4999
1698,5000
18th Anniversary Gose,5001
Original,5002
Avery Joe’s Premium American Pilsner,5003
60,5004
T-6 Red Ale (2004),5005
Export,5006
2006,5007
Abbey's Single (2015- ),5008
2689,5009
Wynkoop Pumpkin Ale,5010
341,5011
2357,5012
Ashland Amber Ale (2009),5013
Buffalo Sweat (2010),5014
Lawnmower Lager,5015
Dry Hard Cider,5016
The Mitten Brewing Company,5017
Flagship Ale,5018
The Optimist,5019
King Coconut,5020
Lucky Day IPA,5021
Thai Style White IPA,5022
1511,5023
1927,5024
Rivertown Brewing Company,5025
Granny Smith Hard Apple Cider,5026
1824,5027
1359,5028
Redband Stout,5029
Day Hike Session,5030
1501,5031
665,5032
SPRYE,5033
498,5034
Grimm Brothers Brewhouse,5035
2260,5036
1023,5037
1469,5038
Angry Orchard Cider Company,5039
924,5040
2153,5041
1807,5042
Barrio Blanco,5043
Wisconsin Amber,5044
1395,5045
2587,5046
1256,5047
543 Skull Creek Fresh Hopped Pale Ale,5048
744,5049
Weisse Versa (2012),5050
Plum Island Belgian White,5051
Brotherhood Steam,5052
Ryeteous Rye IPA (2012),5053
ME,5054
Dirty Bastard,5055
Topcutter India Pale Ale,5056
Boise,5057
1419,5058
1841,5059
Diesel,5060
0.079,5061
Hoppy Bitch IPA,5062
2119,5063
2134,5064
Dolores,5065
Fresh Slice White IPA,5066
1792,5067
Caldera Pale Ale (2011),5068
Fear of a Brett Planet,5069
2149,5070
575,5071
1760,5072
1208,5073
1325,5074
259,5075
Rad,5076
Damascene Apricot Sour,5077
T-Rail Pale Ale,5078
Lone Tree Brewing Company,5079
1979,5080
480,5081
831,5082
Old Chub (2004),5083
2453,5084
Dallas TX,5085
1575,5086
1960,5087
1902,5088
Firestarter India Pale Ale,5089
1742,5090
Doomtree,5091
Mountain Town Brewing Company,5092
519,5093
1632,5094
1430,5095
Cisco Brewers,5096
General George Patton Pilsner,5097
Doppelbock,5098
324,5099
778,5100
1396,5101
Meridian,5102
Left of the Dial IPA,5103
Sea Dog Brewing Company,5104
1445,5105
Blur India Pale Ale,5106
2617,5107
1773,5108
Dog Days Summer Ale,5109
Missile IPA,5110
1228,5111
Wachusett Brewing Company,5112
16.0 ounce,5113
THP White (2006),5114
32.0 oz.,5115
Gold,5116
Pub Beer,5117
Macon,5118
Köld Lager (2010),5119
Infamous IPA,5120
2164,5121
OK,5122
The Citizen,5123
932,5124
Spring House Brewing Company,5125
1050,5126
1412,5127
Moe Lasses',5128
1057,5129
Marble Pilsner,5130
1610,5131
San Diego,5132
South Austin,5133
905,5134
2128,5135
Country Pale Ale,5136
Beer Works Brewery,5137
Upslope Brewing Company,5138
Kalona Brewing Company,5139
1878,5140
Phat Chance,5141
413,5142
0.096,5143
Big Elm Brewing,5144
Hop Crisis,5145
Lomaland,5146
Dock Street Brewery,5147
Blonde Hunny,5148
592,5149
597,5150
Voodoo Love Child,5151
Winter Solstice,5152
Golden Trout Pilsner,5153
285,5154
1764,5155
Black Market Hefeweizen,5156
117,5157
1007,5158
861,5159
0.063%,5160
1354,5161
Albuquerque NM,5162
2303,5163
1934,5164
Cherny Bock,5165
186,5166
1112,5167
Ruhstaller's Gilt Edge Lager Beer,5168
479,5169
1603,5170
Wild Onion Brewing Company,5171
710,5172
350,5173
Plum St. Porter,5174
972,5175
2096,5176
Nordic Blonde,5177
1577,5178
Polar Night Stout,5179
209,5180
Grapefruit Sculpin,5181
66,5182
Old Grogham Imperial India Pale Ale (2012),5183
NorthGate Brewing,5184
River North Ale,5185
1872,5186
2310,5187
919,5188
Downeast Cider House,5189
Blackbeard,5190
Dolores River Pale Ale,5191
The Imperial Texan,5192
Evil Czech Brewery,5193
Coffee Oatmeal Stout,5194
Harpoon Summer Beer (2012),5195
1794,5196
Crabtree Brewing Company,5197
331,5198
1341,5199
483 Pale Ale,5200
Hula Hoppie Session IPA,5201
893,5202
481,5203
Idaho Springs,5204
Jack's Hard Cider (Hauser Estate...,5205
Evolutionary IPA (2011),5206
Paw Paw,5207
200,5208
Mr. Tea,5209
2637,5210
390,5211
1867,5212
2354,5213
Lancaster Brewing Company,5214
1513,5215
Gadsden,5216
Smoky Wheat,5217
Rise-Up Red (2014),5218
Telluride Brewing Company,5219
1132,5220
Carolina Blonde Light (2005),5221
2281,5222
599,5223
303,5224
Hawai'i Nui Brewing Co.,5225
1829,5226
874,5227
Whitsun,5228
Stevens Point,5229
17,5230
Sugar Plum,5231
Nellysford VA,5232
1905,5233
Laurel,5234
Sky High Rye,5235
Berliner Weissbier,5236
2634,5237
120,5238
Rumspringa Golden Bock,5239
Float Trip Ale,5240
Port Barrel Wee Mac,5241
Irish Channel Stout,5242
1809,5243
566,5244
Saint Archer IPA,5245
Hopalicious,5246
1286,5247
Geary's Pale Ale,5248
1494,5249
Casinos IPA,5250
Upland Brewing Company,5251
Walloon (2014),5252
739,5253
0.062,5254
2037,5255
Little Boss,5256
Spilker Ales,5257
White Rascal,5258
West Sixth IPA,5259
1877,5260
UFO Gingerland,5261
0.067,5262
1489,5263
Upslope Belgian Style Pale Ale,5264
1768,5265
1683,5266
Sunny Haze,5267
SNO White Ale,5268
Desert Magic IPA,5269
COAST Brewing Company,5270
760,5271
2550,5272
Pursuit,5273
1245,5274
1305,5275
1562,5276
Epic Brewing,5277
The Great Return,5278
Northwest Brewing Company,5279
2285,5280
Goose Island Brewing Company,5281
655,5282
Modern Times Beer,5283
Train Wreck,5284
Shiva IPA,5285
North Fork Lager,5286
763,5287
1541,5288
280,5289
Action Man Lager,5290
Boater Beer,5291
478,5292
Red Clay IPA,5293
Charlie in the Rye,5294
1808,5295
Whitecap Wit,5296
Fistful Of Hops Blue,5297
0.073%,5298
Mill Valley CA,5299
495,5300
IN,5301
Great Crescent Mild Ale,5302
Rusty Nail Pale Ale,5303
2613,5304
Black Bay Milk Stout,5305
Schlafly Black Lager,5306
Cream Ale,5307
The Right Brain Brewery,5308
2352,5309
2014,5310
851,5311
Kölsch,5312
23,5313
Mistress Winter Wheat,5314
1770,5315
1818,5316
Manzanita IPA,5317
110,5318
1108,5319
Southern Drawl Pale Lager,5320
Smitten,5321
Cambridge MA,5322
Cant Dog Imperial Pale Ale,5323
2584,5324
147,5325
Happening Now,5326
High Noon Saloon And Brewery,5327
Mac's Highlander Pale Ale (2000),5328
Point Special (Current),5329
CoCoNut Porter,5330
Uncle John's Apricot Apple Cider,5331
793,5332
Great Falls Select Pale Ale,5333
Devils Tramping Ground Tripel,5334
Point Special (2013),5335
631,5336
PRO-AM (2012) (2012),5337
Charlie's Rye IPA,5338
Third Street Brewhouse,5339
Holland,5340
2107,5341
1717,5342
Dillon CO,5343
Akari Shogun American Wheat Ale,5344
461,5345
378,5346
Knotty Pine,5347
Keweenaw Brewing Company,5348
1845,5349
Make It So,5350
Triangle White Ale,5351
430,5352
Lost River Blonde Ale,5353
2638,5354
Homefront IPA,5355
2612,5356
73,5357
10,5358
Habitus,5359
1947,5360
Great Crescent Stout,5361
2512,5362
2375,5363
2539,5364
517,5365
Heavy Lifting,5366
Kearney,5367
1901,5368
113 IPA,5369
Flanders Red Ale,5370
Mt. Airy,5371
Maxwell's Scottish Ale,5372
1958,5373
Redhook Brewery,5374
1834,5375
Huntsville,5376
48,5377
951,5378
Pure Fury,5379
1604,5380
Point Cascade Pale Ale,5381
English Barleywine,5382
RoughTail IPA,5383
2480,5384
Petoskey,5385
256,5386
Booyah Farmhouse Ale,5387
Blackrocks Brewery,5388
Aftermath Pale Ale,5389
2174,5390
2429,5391
Mo's Gose,5392
2156,5393
Pikes Peak Brewing Company,5394
1470,5395
844,5396
1756,5397
White Water Wheat,5398
Pumpion,5399
Imperial Pumpkin Stout,5400
Trailhead India Style Session Ale (2011),5401
Fivepine Chocolate Porter,5402
1769,5403
1720,5404
607,5405
2224,5406
1688,5407
1498,5408
Ginger Peach Saison,5409
29,5410
Daft Funk,5411
Hop Slayer Double IPA,5412
Raja,5413
370,5414
1181,5415
Carton Brewing Company,5416
380,5417
365,5418
2205,5419
528,5420
1199,5421
1528,5422
Torpedo,5423
Big Island Shandy,5424
Get Up Offa That Brown,5425
2030,5426
BrightCider,5427
2027,5428
1360,5429
944,5430
735,5431
Frankenmuth,5432
Mission Brewery,5433
776,5434
334,5435
Banner Beer Company,5436
CuDa Cascadian Dark Ale,5437
1718,5438
Gone A-Rye,5439
677,5440
228,5441
1144,5442
Pile of Face,5443
Sweet Yamma Jamma Ale,5444
Bellingham Beer Week 2013 Collaboration,5445
2120,5446
Vista,5447
Parcae Belgian Style Pale Ale,5448
Black,5449
909,5450
LuckenBock,5451
1439,5452
Fist City,5453
Big Red Coq (2012),5454
654,5455
2490,5456
Santee,5457
604,5458
Maibock / Helles Bock,5459
Noche Dulce,5460
848,5461
Nashville,5462
CuDa Cascadian Dark Ale (2012),5463
660,5464
2561,5465
Psychopomp,5466
414,5467
1358,5468
Edward’s Portly Brown,5469
Summer Solstice,5470
Mustang Sixty-Six,5471
Avery Brewing Company,5472
Pit Stop Chocolate Porter,5473
Blue Dog Mead,5474
Rhubarbarian,5475
Peacemaker Pale Ale,5476
Fuquay-Varina,5477
1972,5478
435,5479
Farmer Ted's Cream Ale,5480
LA,5481
Raleigh,5482
Oklahoma City,5483
Old Wylie's IPA,5484
2690,5485
392,5486
Forgotten Boardwalk,5487
2650,5488
133,5489
1678,5490
2173,5491
2348,5492
Circuit Bohemian Pilsner,5493
96,5494
374,5495
542,5496
Devil’s Ale (2010),5497
274,5498
OktoberBeast,5499
Monarch Classic American Wheat,5500
2104,5501
Rod Bender Red,5502
Asheville NC,5503
2286,5504
Montana Trout Slayer Ale (2012),5505
Survival Stout,5506
1804,5507
1706,5508
White Ale,5509
Narragansett Fest Lager,5510
1532,5511
789,5512
2309,5513
Blanco,5514
1370,5515
Regional Ring Of Fire,5516
216,5517
Boneshaker Brown Ale,5518
0.057,5519
Maduro Brown Ale,5520
759,5521
Humidor Series India Pale Ale,5522
Dunkel Lager,5523
2064,5524
Blue Gold,5525
Solis,5526
Tulsa,5527
Wolf Among Weeds IPA (2012),5528
Rebel IPA,5529
1373,5530
Union Craft Brewing,5531
1998,5532
Pablo Beach Pale Ale,5533
Outlaw IPA,5534
1751,5535
0.041,5536
Remain in Light,5537
2452,5538
Austin Beerworks,5539
1637,5540
Brooklyn Summer Ale (2011),5541
2271,5542
539,5543
Windsor,5544
Saranac Traditional Lager (2000),5545
Kilt Lifter Scottish-Style Ale,5546
1105,5547
628,5548
998,5549
Peak Organic Brewing Company,5550
252,5551
2307,5552
1362,5553
Dale's Pale Ale (2002),5554
Oneida,5555
2360,5556
1154,5557
Savannah,5558
10 Degrees of Separation,5559
Tampa Bay FL,5560
1473,5561
Dirty Blonde Chocolate Ale,5562
Lumberyard Pilsner,5563
1278,5564
Moe's Original Bar B Que 'Bama Brew Golden Ale,5565
Puppy's Breath Porter,5566
967,5567
Salt Lake City,5568
1110,5569
Father's Beer,5570
1982,5571
Mavericks Beer Company,5572
Hotbox Brown,5573
1799,5574
0.075%,5575
Loveland,5576
2110,5577
Hard Cider,5578
South San Francisco,5579
1485,5580
93,5581
Heiner Brau Kölsch,5582
2404,5583
Farmer's Daughter Wheat,5584
Pete's Brewing Company,5585
Lone Tree,5586
2102,5587
KSA,5588
2478,5589
Pottstown,5590
Wilmington,5591
Devils Head Red Ale,5592
Dallas,5593
Hotter Than Helles Lager,5594
Mind's Eye PA,5595
Working for the Weekend,5596
Pale Alement,5597
561,5598
0.059000000000000004%,5599
DC Brau Brewing Company,5600
1682,5601
2431,5602
Lee Hill Series Vol. 2 - Wild Saison,5603
Gran Met,5604
2086,5605
Chin Music Amber Lager,5606
2675,5607
314,5608
Golden Road Hefeweizen,5609
Bitter Brewer,5610
Weisse Versa,5611
Narragansett Summer Ale,5612
1539,5613
339,5614
2538,5615
2573,5616
Rocket Girl,5617
2050,5618
Boji Beach Golden Rye Ale,5619
2317,5620
11th Hour IPA,5621
1392,5622
Worthy Pale,5623
Summer Solstice Cerveza Crema (2009),5624
TX,5625
Jah Mon,5626
0.083%,5627
547,5628
Mexican Logger,5629
Gangway IPA,5630
2297,5631
1251,5632
30 Min Coma,5633
Cardinal Pale Ale,5634
160,5635
205,5636
2661,5637
1480,5638
Athens,5639
Chomolungma Honey Nut Brown Ale,5640
Samuel Adams Summer Ale,5641
PUNK'N,5642
Chester's Beer (2005),5643
1062,5644
WI,5645
581,5646
689,5647
21st Amendment IPA (2006),5648
2275,5649
1376,5650
Four String Brewing Company,5651
Newburyport Pale Ale,5652
1189,5653
Three Way Pale Ale,5654
Dirty Blonde Ale,5655
Radler,5656
Full Moon Belgian White Ale (2007),5657
656,5658
871,5659
Hunny Do Wheat,5660
British Pale Ale (2010),5661
2631,5662
Farm Hand,5663
1205,5664
Howard Brewing Company,5665
Engine House 9,5666
1129,5667
1741,5668
1402,5669
Neato Bandito,5670
1932,5671
O’Malley’s Irish Style Cream Ale,5672
Mustang Golden Ale,5673
Autumnation (2013),5674
Ipswich,5675
All American Blonde Ale,5676
2048,5677
Sanitas Brewing Company,5678
Deep Ellum Pale Ale,5679
804,5680
Hapa Brown Ale,5681
1997,5682
2464,5683
Narragansett Porter,5684
Tonganoxie Honey Wheat,5685
2113,5686
Carolina Beer & Beverage,5687
25,5688
369,5689
1670,5690
2140,5691
235,5692
1014,5693
Golden Frau Honey Wheat,5694
Westbrook Brewing Company,5695
Special Release,5696
River House,5697
Better Half,5698
1042,5699
1840,5700
Penn Quarter Porter,5701
Surfrider,5702
247,5703
2014 IPA Cicada Series,5704
American Red Saison,5705
24.0 oz,5706
Moose Drool Brown Ale (2011),5707
329,5708
Kearney NE,5709
Floppin' Crappie,5710
Morganton,5711
Moab Brewery,5712
356,5713
1515,5714
1699,5715
214,5716
1594,5717
627,5718
426,5719
Dark Voyage Black IPA (2013),5720
131,5721
230,5722
King Street Pilsner,5723
2515,5724
1621,5725
2599,5726
233,5727
Campside Session IPA,5728
Lavery Brewing Company,5729
135,5730
Lake House,5731
Enlighten,5732
1993,5733
0.038,5734
Uinta Brewing Company,5735
Morgan Street Brewery,5736
229,5737
Day Tripper Pale Ale,5738
838,5739
Wick For Brains,5740
2345,5741
292,5742
2047,5743
322,5744
Meat Wave,5745
1162,5746
Dread Brown Ale,5747
1889,5748
798,5749
Montana Trout Slayer Ale (2009),5750
431,5751
2465,5752
Jacksonville Beach,5753
Villager,5754
46,5755
Stevensville MT,5756
1343,5757
Okoboji Brewing Company,5758
Ambitious Lager,5759
1123,5760
Snake Dog IPA,5761
2250,5762
2268,5763
Sea Hag IPA (Current),5764
Double Haul IPA (2006),5765
Harbinger,5766
Freetail Brewing Company,5767
208,5768
728,5769
Brewery Terra Firma,5770
Summer Paradise,5771
Ukiah,5772
1973,5773
CAPT Black IPA,5774
218,5775
El Conquistador Extra Pale Ale,5776
Woodchuck Hard Cider,5777
Pothole Stout,5778
Nugget Nectar,5779
585,5780
Indianapolis Indians Lager,5781
Suicide Squeeze IPA,5782
1090,5783
Toasted Lager,5784
553,5785
2316,5786
1452,5787
1883,5788
507,5789
Blue Point White IPA,5790
2376,5791
1124,5792
2679,5793
2004,5794
2535,5795
Moose Drool Brown Ale (2009),5796
MO,5797
Des Moines IPA,5798
American Hero,5799
Vinyl Frontier,5800
Paonia,5801
59,5802
748,5803
0.08900000000000001%,5804
Wachusett Light IPA,5805
Lemongrass Saison,5806
Wachusett Light IPA (2013),5807
CEO Stout,5808
Indeed Brewing Company,5809
2244,5810
646,5811
Misty Mountain Hop,5812
Tripel,5813
1413,5814
2499,5815
1337,5816
Brevard,5817
1936,5818
Truck Stop Honey Brown Ale,5819
827,5820
Mother Earth Brew Company,5821
AK,5822
Peanut Butter Jelly Time,5823
Sprocket Blonde Ale (2006),5824
Aurora IN,5825
0.12,5826
24.0 ounce,5827
Behemoth,5828
Psychopathy,5829
2046,5830
He Said Baltic-Style Porter,5831
Pollyanna Brewing Company,5832
61,5833
732,5834
Ipswich Ale Brewery,5835
0.055%,5836
East Windsor,5837
Honey Badger Blonde,5838
2636,5839
BuckleDown Brewing,5840
Fistful of Hops Orange,5841
910,5842
Flat 12 Bierwerks,5843
2387,5844
North French,5845
Macon Beer Company,5846
Straight to Ale,5847
There Will Be Stout,5848
Utica,5849
Train Hopper,5850
Chandler AZ,5851
Westminster,5852
2377,5853
Grand Canyon American Pilsner,5854
2065,5855
Monroe WI,5856
1852,5857
Focal Banger,5858
0.076,5859
946,5860
IA,5861
Blue Mountain Classic Lager,5862
975,5863
1039,5864
1639,5865
Greenbrier Valley Brewing Company,5866
530,5867
529,5868
2460,5869
Back in the Saddle Rye Pale Ale,5870
319,5871
Bushwhacker Cider,5872
1662,5873
0.040999999999999995%,5874
Fredericksburg,5875
1254,5876
Occidental Hefeweizen,5877
Martinsville,5878
The Long Thaw White IPA,5879
1648,5880
1805,5881
2012 Black Ale,5882
Kristalweizen,5883
Hop Session,5884
Up River Light,5885
10 Barrel Brewing Company,5886
Westerly,5887
Pumpkan,5888
Keller Bier / Zwickel Bier,5889
Red Cockaded Ale,5890
Upslope Imperial India Pale Ale,5891
Summertime Ale,5892
1327 Pod's ESB,5893
Walloon,5894
Abominable Winter Ale,5895
Bear Butte Nut Brown Ale,5896
308,5897
1535,5898
1983,5899
Magic Apple,5900
674,5901
Texicali,5902
Black Hop IPA,5903
26,5904
2474,5905
Le Mort Vivant,5906
1047,5907
294,5908
Sprecher Brewing Company,5909
Pikeland Pils,5910
2676,5911
2198,5912
Double Haul IPA (2009),5913
TailGate Beer,5914
Summer's Wit,5915
Belmont CA,5916
1745,5917
Conestoga,5918
Winter White,5919
Krebs Brewing Company (Pete's Pl...,5920
12 Man Pale Ale,5921
825,5922
2073,5923
Two Hearted,5924
Frankenmuth Brewery,5925
2237,5926
Dayton,5927
Cornerstone IPA,5928
Lost Nation Brewing,5929
Bourbon Barrel Wee Mac,5930
Amber Road,5931
Lexington,5932
American White IPA,5933
Hinterland Brewery,5934
1398,5935
Golden One,5936
Durango CO,5937
Incredible Pedal IPA,5938
Indie Pale Ale,5939
3-Way IPA (2013),5940
47,5941
1557,5942
183,5943
Brontide,5944
1876,5945
Hodad Porter,5946
Eclipse Black IPA,5947
2603,5948
Beyond The Pale IPA,5949
Becky's Black Cat Porter,5950
Myrtle Beach SC,5951
2147,5952
Wolcott,5953
1238,5954
511,5955
Capital Gold Golden Lager,5956
891,5957
0.057%,5958
56,5959
Joseph James American Lager,5960
Wrath of Pele,5961
Quick WIT,5962
Tractor Brewing Company,5963
Cherry Ale (1),5964
Habitus (2014),5965
Indianapolis IN,5966
Mela,5967
0.062%,5968
Gig Harbor,5969
1514,5970
Johnny's American IPA,5971
Back Forty Beer Company,5972
251,5973
1525,5974
Altus Bohemes Altbier,5975
Farmers Branch,5976
Lemont,5977
1980,5978
Mishawaka,5979
San Antonio,5980
2331,5981
514,5982
1387,5983
Mjolnir Imperial IPA,5984
0.096%,5985
2396,5986
Hamilton,5987
Fresh Cut Pilsner,5988
Catawba Brewing Company,5989
1994,5990
2542,5991
Wood Chipper India Pale Ale,5992
Kreamed Corn,5993
Springdale AR,5994
0.042%,5995
6,5996
Bengali Tiger (2011),5997
Outlaw IPA (2015),5998
2217,5999
Ride Again Pale Ale,6000
Upland Wheat Ale,6001
On the Wings of Armageddon,6002
TN,6003
Easy Day Kolsch,6004
1581,6005
1372,6006
1896,6007
Tonka Beer Company,6008
English Strong Ale,6009
Battle Creek,6010
Atalanta,6011
Golden Road Brewing,6012
Louie's Demise Amber Ale,6013
2514,6014
276,6015
Mooresville,6016
Healani,6017
2192,6018
American Black Ale,6019
1216,6020
1693,6021
102,6022
1261,6023
2642,6024
Ironman,6025
1322,6026
Point the Way IPA,6027
1178,6028
1426,6029
1811 Lager,6030
Tallgrass IPA,6031
Bozone Select Amber Ale,6032
First Press,6033
1509,6034
Java Mac,6035
884,6036
Spin Doctor,6037
Pateros Creek Brewing Company,6038
Stamford,6039
603,6040
0.051%,6041
Flying Mouse 4,6042
2190,6043
703,6044
Temperance Beer Company,6045
Karbachtoberfest,6046
Iron Butt Red Ale,6047
601,6048
1730,6049
Saint Archer Blonde,6050
1869,6051
Jackalope Brewing Company,6052
2044,6053
Lee Hill Series Vol. 3 - Barrel Aged Imperial Stout,6054
Wyoming Pale Ale,6055
2647,6056
587,6057
1434,6058
2521,6059
1642,6060
2361,6061
2402,6062
198,6063
1366,6064
Shift (1),6065
Cherry Hill,6066
On the Count of 3 (2015),6067
Boulevard Brewing Company,6068
Great Crescent Coconut Porter,6069
115,6070
1793,6071
Royal Lager,6072
Trigger Blonde Ale,6073
436,6074
681,6075
Chaka,6076
2235,6077
745,6078
2382,6079
Boont Amber Ale (2010),6080
Grazias,6081
Hilliard's Blonde,6082
1164,6083
0.077,6084
823,6085
Great Crescent Brown Ale,6086
2228,6087
1116,6088
Lakefire Rye Pale Ale,6089
770,6090
Tip Off,6091
1711,6092
Pub Ale,6093
Boston,6094
2066,6095
GUBNA Imperial IPA,6096
James Page Brewing Company,6097
Good People Pale Ale,6098
California Common / Steam Beer,6099
Seiche Scottish Ale,6100
1668,6101
Palisade,6102
2051,6103
Hustle,6104
Northern Lights Amber Ale,6105
Gnarly Brown,6106
2626,6107
Freestyle Pilsner,6108
Hideout Helles,6109
742,6110
2686,6111
2619,6112
Asheville,6113
Shift,6114
400,6115
0,6116
This Season's Blonde,6117
156,6118
Fat Paczki,6119
845,6120
Frankenmuth MI,6121
Peach Pale Ale,6122
Portland ME,6123
Hazed & Infused,6124
Grapefruit Jungle (GFJ) (2011),6125
679,6126
Toughcats IPA,6127
Blue Paddle,6128
2131,6129
907,6130
Half Moon Bay,6131
Dry Heat Hefeweizen (2006),6132
645,6133
5:00 O'Clock Afternoon Ale,6134
Patchogue,6135
Totally Roasted,6136
Sweet As Pacific Ale,6137
Chattanooga,6138
Ponderay,6139
Wooden Rooster,6140
Caldera Pale Ale (2007),6141
North 45 Amber Ale,6142
14° ESB,6143
Ballast Point Brewing Company,6144
2437,6145
Lake Havasu City,6146
Harpoon Octoberfest,6147
1103,6148
Manitou Amber,6149
0.128%,6150
One Claw,6151
Siamese twin,6152
485,6153
572,6154
Aslan Brewing Company,6155
Panther,6156
Crooked Fence Brewing Company,6157
2314,6158
Dry-Hopped On The High Seas Caribbean-Style IPA,6159
Ballast Point Pale Ale,6160
Grand Rapids MI,6161
Cheboygan,6162
2691,6163
573,6164
NoDa Brewing Company,6165
Nice Rack IPA,6166
1028,6167
JP's Ould Sod Irish Red IPA,6168
Occidental Dunkel,6169
443,6170
Northamtpon,6171
Dirty Hippie Dark Wheat,6172
A Little Crazy,6173
1695,6174
345,6175
Stimulator Pale Ale,6176
American Light,6177
287,6178
MS,6179
Lansdale PA,6180
2475,6181
Hi-Res,6182
1846,6183
2493,6184
463,6185
1032,6186
863,6187
Copper Hook (2011),6188
The Gilded Age,6189
Broken Bridge,6190
Single Engine Red,6191
1072,6192
Atlantic Highlands,6193
VA,6194
12,6195
Clan Warrior,6196
Norns Roggenbier,6197
606,6198
847,6199
1300,6200
Foreign / Export Stout,6201
Beach Patrol,6202
128,6203
465,6204
Harpoon Summer Beer,6205
2035,6206
Stickin' In My Rye,6207
1157,6208
Boy King,6209
Tapistry Brewing,6210
Peacemaker Pilsner,6211
Better Weather IPA,6212
Ozark American Pale Ale,6213
NH,6214
Texas Pale Ale (TPA),6215
730,6216
1767,6217
1547,6218
1762,6219
19.2 oz,6220
Against The Grain Brewery,6221
2374,6222
Worthy IPA,6223
Rollin Dirty Red Ale,6224
1079,6225
1252,6226
1949,6227
32.0 OZ.,6228
1226,6229
1593,6230
2601,6231
Brindle Dog Brewing Company,6232
Elephant Rock IPA,6233
FMB 101,6234
San Francisco CA,6235
215,6236
961,6237
Flesk Brewing Company,6238
1136,6239
Barn Burner Saison,6240
892,6241
Snapperhead IPA,6242
Marietta GA,6243
669,6244
Triangle Brewing Company,6245
533,6246
629,6247
Fearless Scottish Ale,6248
2213,6249
Big Blue Van,6250
1816,6251
Country Boy IPA,6252
Big Eye India Pale Ale,6253
Peck's Porter,6254
1968,6255
Mickey Finn's Amber Ale,6256
0.001%,6257
2450,6258
West Sixth Amber Ale,6259
City of the Sun,6260
515,6261
Boston MA,6262
1531,6263
211,6264
1974,6265
Redlands,6266
2472,6267
1585,6268
2159,6269
Saint Archer White Ale,6270
Quest Brewing Company,6271
Schlafly Yakima Wheat Ale,6272
2580,6273
1570,6274
2157,6275
Truth,6276
Mountain Rescue Pale Ale,6277
464,6278
521,6279
Cutters Brewing Company,6280
Pivo Pils,6281
1842,6282
Bohemian Pils,6283
Golden Pilsner,6284
Alphadelic IPA (2011),6285
785,6286
0.064%,6287
2214,6288
Cubano Espresso,6289
424,6290
2177,6291
127,6292
Flyin' Rye,6293
Drop Dead Blonde,6294
Imperial Java Stout,6295
579,6296
Hopped on the High Seas (Calypso),6297
Colorado Native (2011),6298
2236,6299
Worcester,6300
1999,6301
386,6302
1666,6303
1611,6304
938,6305
Lower De Boom,6306
1017,6307
2658,6308
1074,6309
Euro Dark Lager,6310
4,6311
River North Brewery,6312
Spiteful IPA,6313
993,6314
2476,6315
Are Wheat There Yet?,6316
1885,6317
Blueberry Blonde Ale,6318
Backyahd IPA,6319
1336,6320
797,6321
398,6322
Steamworks Brewing Company,6323
Gyptoberfest,6324
Cape Ann Brewing Company,6325
98,6326
West Chester,6327
Fall Hornin',6328
524,6329
1024,6330
Baltimore,6331
1701,6332
Leominster,6333
988,6334
927,6335
76,6336
Cold Smoke Scotch Ale,6337
Broken Tooth Brewing Company,6338
American Lager,6339
2581,6340
1850,6341
Texian Brewing Co.,6342
Ashburn,6343
Des Moines,6344
1236,6345
Freedom Fries,6346
2083,6347
Pale Dog,6348
Our Legacy IPA,6349
Velvet Rooster,6350
I.P. Eh!,6351
Cedar Point,6352
872,6353
Hibernation Ale,6354
Undertaker,6355
2301,6356
0.039,6357
2150,6358
1614,6359
Quarter Mile Double IPA,6360
1201,6361
2152,6362
2158,6363
753,6364
Horny Monk,6365
Dundee Brewing Company,6366
Fate Brewing Company,6367
1331,6368
Viennese Lager,6369
Elevator Brewing Company,6370
477,6371
Churchkey Can Company,6372
38,6373
Newburgh,6374
321,6375
Scape Goat Pale Ale (2010),6376
1441,6377
347,6378
Pilot Rock Porter,6379
Proxima IPA,6380
930,6381
Sunshine Nectar,6382
0.051,6383
Hop Freak,6384
1092,6385
1787,6386
554,6387
Back East Brewing Company,6388
254,6389
51,6390
388,6391
Honey Wheat,6392
Atlantic Amber Ale (2004),6393
713,6394
693,6395
Charlotte,6396
California Route,6397
Bent Brewstillery,6398
231,6399
298,6400
Export PA,6401
1591,6402
Fairweather IPA,6403
2586,6404
2056,6405
Hazy Day Belgian-Style Wit,6406
Wagon Box Wheat Beer,6407
Amnesia Brewing Company,6408
Venture Pils,6409
Yunkin' Punkin',6410
Cortland,6411
Appreciation Ale,6412
Marietta,6413
1987,6414
Hobnob B & B Pale Ale,6415
1961,6416
260,6417
512,6418
1118,6419
0.071,6420
1634,6421
16.9 OZ.,6422
MI,6423
296,6424
462,6425
833,6426
686,6427
Gateway Kolsch Style Ale,6428
Tampa FL,6429
2088,6430
Hopped on the High Seas (Hop #529),6431
Dallas Blonde,6432
Saranac White IPA,6433
2667,6434
Easy Livin' Summer Ale,6435
956,6436
Brooklyn Lager (16 oz.),6437
803,6438
Pako’s EyePA,6439
1270,6440
1273,6441
Shebeen Brewing Company,6442
2029,6443
2496,6444
Ol' Factory Pils,6445
Evansville IN,6446
1487,6447
Casper White Stout,6448
786,6449
85,6450
1522,6451
1478,6452
1928,6453
522,6454
Bale Breaker Brewing Company,6455
Tamarack Brewing Company,6456
Dank IPA (2012),6457
Great River Brewery,6458
220,6459
Lift Bridge Brown Ale,6460
Brew Free! or Die IPA,6461
1027,6462
994,6463
2061,6464
312 Urban Wheat Ale (2012),6465
Caldera IPA (2009),6466
Laka Laka Pineapple,6467
2554,6468
Testudo,6469
3 Scrooges,6470
1034,6471
2362,6472
Three Kings Ale,6473
Nomader Weiss,6474
Super G IPA,6475
Chupahopra,6476
Crank Yanker IPA (2011),6477
2359,6478
1465,6479
NJ,6480
2291,6481
Pearl-Snap,6482
Black Tooth Brewing Company,6483
Denton TX,6484
Hot Rod Red,6485
Charleston,6486
999,6487
Disco Superfly,6488
2680,6489
Pony Pilsner,6490
2123,6491
83,6492
1757,6493
Trolley Stop Stout,6494
633,6495
1895,6496
Arvada,6497
Kenai River Brewing Company,6498
Four Corners Brewing Company,6499
Honey Cider,6500
Fremont Summer Ale,6501
Point Nude Beach Summer Wheat (2010),6502
Colorojo Imperial Red Ale,6503
Point Oktoberfest,6504
157,6505
Perzik Saison,6506
Two Beers Brewing Company,6507
Porter (a/k/a Black Gold Porter),6508
Grand Canyon Sunset Amber Ale,6509
2251,6510
180,6511
Four Fathers Brewing,6512
1427,6513
0.04%,6514
Macon History Ale,6515
0.039%,6516
Firefly Amber Ale,6517
Irish Dry Stout,6518
Chronic Ale,6519
0.087%,6520
Grapefruit IPA,6521
Rhino Chasers Pilsner,6522
Black Rabbit,6523
2532,6524
Wisco Disco,6525
Ghost Ship White IPA,6526
Watermelon Ale,6527
Moat Mountain Smoke House & Brew...,6528
SanTan HefeWeizen (2010),6529
Buena Vista,6530
Twin Lakes Brewing Company,6531
2481,6532
212,6533
Paris,6534
TailGate Hefeweizen,6535
1311,6536
1257,6537
En Parfaite Harmonie,6538
Westfield Octoberfest,6539
885,6540
1114,6541
Stone Coast Brewing Company,6542
Estival Cream Stout,6543
Brooklyn Lager (12 oz.),6544
Gran Sport,6545
Hop Happy,6546
Sensi Harvest,6547
The Farmer's Daughter,6548
158,6549
Richmond,6550
1301,6551
860,6552
1493,6553
12.0 OZ.,6554
Pinedale,6555
2024,6556
Oasis (2010),6557
709,6558
1397,6559
Back East Ale,6560
32.0 oz. Alumi-Tek,6561
1781,6562
881,6563
1237,6564
1574,6565
Monon Wheat,6566
Hot Date Ale,6567
AC Golden Brewing Company,6568
Cal and Co. Black Cherry Porter,6569
Blue Blood Brewing Company,6570
Wild Wolf Brewing Company,6571
1403,6572
Bell's Brewery,6573
Descender IPA,6574
2139,6575
Dolores River Hefeweizen,6576
794,6577
Meckley's Cidery,6578
1937,6579
1887,6580
Squatters Hop Rising Double IPA,6581
Savannah Brown Ale,6582
1011,6583
Hard Apple,6584
Gatecrasher,6585
1474,6586
Java the Hop,6587
Full Nelson Pale Ale,6588
Snake River Lager,6589
2060,6590
English Bitter,6591
1386,6592
0.09300000000000001%,6593
Occidental Brewing Company,6594
Ruhstaller Beer Company,6595
2482,6596
Blue Point Summer Ale,6597
Bloomington,6598
2160,6599
1147,6600
Trader Session IPA,6601
Contemplation,6602
142,6603
Monkadelic,6604
2308,6605
Kalamazoo,6606
1463,6607
1605,6608
2425,6609
Provision,6610
G. B. Russo’s Italian Pistachio Pale Ale,6611
3 Picket Porter,6612
Zombie Monkie,6613
Rhode Island Blueberry,6614
676,6615
Gose,6616
Sheridan,6617
2099,6618
995,6619
Hop Syndrome,6620
Citra Ass Down,6621
520,6622
Sunshine Wheat Beer (2009),6623
Detroit MI,6624
Let It Ride IPA,6625
2181,6626
2319,6627
1914,6628
Washougal,6629
Hoponius Union,6630
2222,6631
Bomber Mountain Amber Ale,6632
Abita Springs,6633
EOS Hefeweizen,6634
438,6635
1094,6636
Gossamer Golden Ale,6637
Weiss Weiss Baby,6638
164,6639
Heady Topper,6640
Golden Fleece,6641
2085,6642
673,6643
Firewater India Pale Ale,6644
Flower Child (2014),6645
Back in Black,6646
1155,6647
Over the Rail Pale Ale,6648
421,6649
Native Amber,6650
Vienna Lager,6651
1554 Black Lager,6652
0.046,6653
0.053%,6654
Ace IPA,6655
Sisters,6656
1163,6657
Hoodoo Voodoo IPA,6658
791,6659
Westfield River Brewing Company,6660
668 Neighbor of the Beast (16 oz.) (2010),6661
567,6662
0.046%,6663
Robert Earl Keen Honey Pils,6664
Perpetual IPA,6665
One Hit Wonder,6666
Elm City Lager (2007),6667
1506,6668
Grand Rabbits,6669
792,6670
Urban Wilderness Pale Ale,6671
2116,6672
1950,6673
Fort Worth TX,6674
Bomb Beer Company,6675
500,6676
Twisted Helles Summer Lager,6677
2266,6678
2610,6679
1150,6680
Westfield,6681
1780,6682
1823,6683
Wildwood Brewing Company,6684
Le Flaneur Ale,6685
2142,6686
Austin,6687
Half Cycle IPA,6688
2097,6689
Brew Free! or Die IPA (2008),6690
0.043,6691
503,6692
2564,6693
960,6694
Vadnais Heights,6695
1935,6696
Grisette,6697
Westbrook IPA,6698
596,6699
Laughing Dog Brewing Company,6700
1697,6701
Night Shift Brewing,6702
165,6703
Gonzo's BiggDogg Brewing,6704
1350,6705
People's Pilsner,6706
Old Soul,6707
675,6708
608,6709
2489,6710
Reno NV,6711
Seattle,6712
Pale,6713
1168,6714
506,6715
420,6716
Tart Side of the Barrel,6717
1555,6718
2279,6719
Smoking Mirror,6720
Stillwater Artisanal Ales,6721
504,6722
928,6723
Lyric Ale,6724
Fistful Of Hops Red,6725
South Ridge Amber Ale,6726
Beaver Logger,6727
Sockeye Brewing Company,6728
1654,6729
Brass Knuckle Pale Ale,6730
2388,6731
Wasatch Ghostrider White IPA (2014),6732
Corvallis,6733
Reprise Centennial Red,6734
Watershed IPA,6735
417,6736
0.085%,6737
1911,6738
Miami Brewing Company,6739
Double D Blonde (2013),6740
1645,6741
Little Red Cap,6742
American IPA,6743
468,6744
2016,6745
0.05%,6746
Mickey Finn's Brewery,6747
1016,6748
63,6749
202,6750
St. Paul,6751
Fistmas Ale,6752
The Sword Iron Swan Ale,6753
Indians Victory Lager (2012),6754
1468,6755
Persnickety Pale,6756
1303,6757
922,6758
G'KNIGHT (12 oz.),6759
Hemlock Double IPA,6760
657,6761
119,6762
Monkey Fist IPA,6763
2577,6764
470,6765
Weim-R-Iner,6766
488,6767
Farm Girl Saison,6768
1481,6769
Lahaina Town Brown,6770
620,6771
Fargo,6772
1540,6773
Great Crescent Coconut Porter (2012),6774
Flying Jenny Extra Pale Ale (2012),6775
Caldera Pale Ale (2005),6776
RT Lager,6777
684,6778
Galaxy IPA,6779
2209,6780
Immersion Amber Ale (2011),6781
1576,6782
Heyoka IPA,6783
PA,6784
Smithton,6785
Longboard Island Lager,6786
Woodchuck Amber Hard Cider,6787
Capital Trail Pale Ale,6788
American Malt Liquor,6789
Duluth,6790
1298,6791
195,6792
578,6793
1187,6794
Narragansett Bohemian Pilsner,6795
Point Amber Classic,6796
Black Noddy Lager (Current),6797
873,6798
12.0 oz. Alumi-Tek,6799
Summer Solstice (2011),6800
Roseville,6801
Brooklyn NY,6802
Unchained #18 Hop Silo,6803
Happy Amber,6804
Nebraska India Pale Ale,6805
1219,6806
Threadless IPA,6807
Sprocket Pale Ale (2006),6808
2648,6809
0.088,6810
9,6811
Mudshark Brewing Company,6812
77 Fremont Select Spring Session IPA,6813
Independence Pass Ale,6814
Ex Umbris Rye Imperial Stout,6815
Lazy Monk Brewing,6816
Hopworks IPA (2012),6817
250,6818
736,6819
1088,6820
Driftwood Ale,6821
Mustang,6822
2398,6823
Chickawawa Lemonale,6824
Garden City,6825
19.2 oz. Alumi-Tek,6826
Hipster Breakfast,6827
King Street Brewing Company,6828
Lumberyard Brewing Company,6829
Blood Orange Honey,6830
AZ,6831
2494,6832
2526,6833
Hop Nosh IPA,6834
Ska Brewing Company,6835
Hell or High Watermelon Wheat,6836
O'Fallon Brewery,6837
Krebs,6838
Tommyknocker Brewery,6839
Dunedin,6840
1408,6841
1545,6842
2522,6843
8 Barrel,6844
Falling Down Brown Ale,6845
1002,6846
Leavenworth,6847
Bonfire Brewing Company,6848
2576,6849
148,6850
Haywire Hefeweizen (2010),6851
966,6852
2411,6853
Good Vibes IPA,6854
Armadillo Ale Works,6855
1195,6856
Kettle House Brewing Company,6857
BRIK Irish Red Ale,6858
969,6859
Point Cascade Pale Ale (2013),6860
Bridal Veil Rye Pale Ale,6861
1588,6862
Providence,6863
1037,6864
Hop Stalker Fresh Hop IPA,6865
2326,6866
Medford,6867
0.055999999999999994%,6868
Centralia,6869
1394,6870
Cherried Away,6871
2463,6872
Miner's Gold,6873
2415,6874
Wachusett IPA,6875
1393,6876
Pilsner Ukiah,6877
483 Pale Ale (2010),6878
2321,6879
1368,6880
Smittytown,6881
1009,6882
Dusty Trail Pale Ale,6883
1696,6884
437,6885
Uber Lupin Schwarz IPA,6886
2055,6887
Tucson,6888
820,6889
Ciderboys,6890
0.034,6891
Juke Joint IPA,6892
648,6893
Farmhouse Wit,6894
2270,6895
Mauna Kea Pale Ale,6896
American Pilsner,6897
Midnight Oil,6898
La Frontera Premium IPA,6899
Will Power Pale Ale,6900
Gansett Light,6901
2124,6902
Boohai Red Ale,6903
132,6904
Wisconsin Amber (1998),6905
2122,6906
1673,6907
Myrtle Beach,6908
2589,6909
384,6910
Farmer John's Multi-Grain Ale,6911
1567,6912
Southampton Publick House,6913
Zonker Stout,6914
Yabba Dhaba Chai Tea Porter,6915
White Reaper,6916
Cider,6917
Be Hoppy IPA,6918
Hopped on the High Seas (Ahtanum),6919
Braggot,6920
19.2 OZ.,6921
Four Squared (2015),6922
814,6923
2524,6924
Russian Imperial Stout,6925
Big Cock IPA,6926
Tug Pale Ale,6927
Escoffier Bretta Ale,6928
Pisgah Brewing Company,6929
Double Dagger Imperial IPA,6930
33,6931
Chai Ale,6932
886,6933
2427,6934
925,6935
Wild Wolf Wee Heavy Scottish Style Ale,6936
103,6937
O’Malley’s Stout,6938
Rise to the Top,6939
Bière de Garde,6940
Lava Lake Wit,6941
Southern Prohibition Brewing Com...,6942
Hess Brewing Company,6943
Sea Hag IPA,6944
Rude Parrot IPA,6945
2243,6946
0.065%,6947
Birdsong Brewing Company,6948
1240,6949
Lobo Lito,6950
GA,6951
Hill 88 Double IPA,6952
Indian Paintbrush IPA,6953
1035,6954
Killer Kolsch,6955
92,6956
2212,6957
Whitewater,6958
Miami Vice IPA,6959
54,6960
1333,6961
Catch 23,6962
Saranac Pale Ale (12 oz.),6963
1752,6964
1003,6965
Comstock Park,6966
Mucho Aloha Hawaiian Pale Ale,6967
Czech Yo Self,6968
Williams,6969
Real McCoy Amber Ale (Current),6970
Epic IPA,6971
Port Clinton,6972
Portside Brewery,6973
Brewerhood Brown Ale,6974
2323,6975
2424,6976
Lombard,6977
906,6978
Tampa,6979
310,6980
586,6981
Hayride Autumn Ale,6982
2188,6983
Florida Cracker Belgian Wit,6984
Midvale,6985
AARGHtoberfest!,6986
2498,6987
1503,6988
2080,6989
Euphoria Pale Ale,6990
537,6991
Cotton Mouth,6992
Abbey Single Ale,6993
Hop Ottin' IPA (2011),6994
Boulder,6995
670,6996
Hoptopus Double IPA,6997
Kentucky Kölsch,6998
1641,6999
A Slice of Hefen,7000
THP Amber (2006),7001
1171,7002
622,7003
West Sixth Brewing,7004
Tampa Bay,7005
Saranac Pale Ale (16 oz.),7006
Osiris Pale Ale,7007
Rhinegeist Brewery,7008
955,7009
Phoenixville,7010
Greeley,7011
1665,7012
2528,7013
Oasis Texas Brewing Company,7014
1744,7015
Vertex IPA,7016
Murphy's Law,7017
English India Pale Ale (IPA),7018
2585,7019
1619,7020
708,7021
Spiteful Brewing Company,7022
Nut Sack Imperial Brown Ale,7023
2211,7024
Two Roads Brewing Company,7025
Borderlands Brewing Company,7026
1988,7027
1649,7028
805,7029
429,7030
982,7031
2356,7032
Hop Slayer Double IPA (2011),7033
Full Boar Scotch Ale,7034
1879,7035
Endless Sun Ale,7036
Black Market Brewing Company,7037
Mystic Mama IPA,7038
Ethos IPA,7039
Fremont Organic Pale Ale,7040
1866,7041
304,7042
Long Trail IPA,7043
Royal Weisse Ale,7044
945,7045
UFO Pumpkin,7046
Upslope Pale Ale,7047
Flying Jenny Extra Pale Ale,7048
Sun King Oktoberfest (2011),7049
SlapShot Brewing Company,7050
Vermont Pilsner,7051
Virginia Beach,7052
HI,7053
Breckenridge Brewery,7054
1005,7055
Broad Brook Ale,7056
282,7057
Washington,7058
2479,7059
Farmer's Daughter Blonde,7060
White Birch Brewing,7061
1732,7062
1894,7063
1214,7064
1964,7065
Category 3 IPA,7066
704,7067
1415,7068
179,7069
Four Peaks Brewing Company,7070
2299,7071
1996,7072
36,7073
San Luis Obispo CA,7074
977,7075
2335,7076
45,7077
2219,7078
Sand Island Lighthouse,7079
Panorama Wheat Ale,7080
2413,7081
0.059,7082
113,7083
192,7084
764,7085
Ukiah Brewing Company,7086
1390,7087
551,7088
Infamous Brewing Company,7089
English Dark Mild Ale,7090
Banner American Rye,7091
1342,7092
Watershed IPA (2013),7093
Tarnation California-Style Lager,7094
1479,7095
1453,7096
1788,7097
2668,7098
Burnside Brewing Co.,7099
0.074,7100
Dave's Brewfarm,7101
234,7102
1543,7103
1281,7104
KelSo India Pale Ale,7105
2435,7106
American Amber,7107
KelSo Beer Company,7108
Pigwar White India Pale Ale,7109
Greenville Pale Ale,7110
Double Bag,7111
Big Elm IPA,7112
Mana Wheat,7113
315,7114
Plainfield IN,7115
1192,7116
Lights Out Vanilla Cream Extra Stout,7117
1975,7118
Intuition Ale Works,7119
Cortez Gold,7120
14,7121
2178,7122
1040,7123
Weston Brewing Company,7124
Creature Comforts,7125
Pole Barn Stout,7126
Mission IPA,7127
2560,7128
1152,7129
Oasis,7130
Glendale,7131
0.045,7132
SunSpot Golden Ale,7133
453,7134
964,7135
Pizza Port Brewing Company,7136
407,7137
1677,7138
159,7139
2332,7140
2315,7141
0.07400000000000001%,7142
Pug Ryan's Brewery,7143
0.044,7144
Hop A Potamus Double Dark Rye Pale Ale,7145
Boxer Light,7146
Madison WI,7147
0.07200000000000001%,7148
Caldera Pale Ale (2009),7149
River House Saison,7150
1690,7151
1785,7152
2072,7153
Brewery Vivant,7154
582,7155
1436,7156
Bring Back the Beach Blonde Ale,7157
Baltic Porter,7158
North Country Brewing Company,7159
Cougar,7160
Mike Hess Brewing Company,7161
1329,7162
1,7163
Tin Man Brewing Company,7164
Klickitat Pale Ale,7165
805 Blonde Ale,7166
2132,7167
2133,7168
1279,7169
2001,7170
Berkshire Brewing Company,7171
1200,7172
2366,7173
Baxter Brewing Company,7174
Minneapolis,7175
Thrasher Session India Pale Ale,7176
Oakshire Amber Ale,7177
1131,7178
Gloucester,7179
Schuylkill Punch,7180
Colorado Kölsch,7181
2258,7182
1719,7183
939,7184
Morning Wood,7185
360,7186
Contemplation (2012),7187
Ginger Peach,7188
141,7189
265,7190
986,7191
1763,7192
1287,7193
Caldera Pale Ale (2010),7194
Popcorn Pilsner,7195
0.05,7196
965,7197
Sunshine Wheat Beer,7198
Dark Star,7199
2207,7200
Hawaiian Crow Porter,7201
Evanston,7202
985,7203
1871,7204
1616,7205
0.06%,7206
Brooklyn Brewery,7207
Caldera IPA (2007),7208
Alpha Blackback,7209
2434,7210
Heal the Bay IPA,7211
856,7212
393,7213
Low Alcohol Beer,7214
Roanoke,7215
Mac's Scottish Style Amber Ale (2000),7216
Denton,7217
Clem's Gold,7218
Jai Alai IPA Aged on White Oak,7219
368,7220
359,7221
Weissenheimer,7222
137,7223
Cherry Doppelbock,7224
Porter Culture,7225
Wiseacre Brewing Company,7226
1046,7227
Schlafly American Brown Ale,7228
Dragonfly IPA,7229
1367,7230
475,7231
Double Play Pilsner,7232
2486,7233
869,7234
1810,7235
Hammer & Sickle,7236
4 Hands Brewing Company,7237
WYLD Extra Pale Ale,7238
Bender,7239
Tarasque,7240
70,7241
31,7242
Pride of Texas Pale Ale,7243
Eugene,7244
2469,7245
Upstate Brewing Company,7246
855,7247
7,7248
2304,7249
Milwaukee,7250
2555,7251
Knoxville,7252
2074,7253
1786,7254
588,7255
0.086%,7256
0.044000000000000004%,7257
Honey Rye,7258
Nut Brown Ale,7259
AR,7260
351,7261
223,7262
612,7263
Bold City Brewery,7264
Hale's Ales,7265
12th Round,7266
2145,7267
Westbrook Gose,7268
Sex and Candy,7269
Miner's Gold Hefeweizen,7270
1018,7271
2543,7272
1369,7273
2370,7274
Payette Pale Ale,7275
2300,7276
Liberty Ale,7277
Rivet Irish Red Ale,7278
1280,7279
Montauk Brewing Company,7280
1058,7281
155,7282
Devil’s Ale,7283
51K IPA,7284
3 Daughters Brewing,7285
Bent Paddle Brewing Company,7286
Yonder Bock,7287
57,7288
1864,7289
MacTarnahans Brewing Company,7290
Squatters Hop Rising Double IPA (2014),7291
1563,7292
809,7293
Piney River Brewing Company,7294
Undertaker (2014),7295
Fremont Brewing Company,7296
1583,7297
952,7298
Rumble,7299
2071,7300
Squeaky Bike Nut Brown Ale,7301
Valkyrie Double IPA,7302
Flat Rock Brewing Company,7303
Bozone HopZone IPA,7304
I-10 IPA,7305
866,7306
35,7307
1315,7308
Live Local Golden Ale,7309
Harpoon Summer Beer (2010),7310
Hops & Grains Brewing Company,7311
683,7312
River Pig Pale Ale,7313
Bozeman,7314
Franz,7315
497,7316
734,7317
0.043%,7318
God Damn Pigeon Porter,7319
Troll Destroyer,7320
1700,7321
1986,7322
Sex Panther (2014),7323
SurlyFest,7324
821,7325
Csar,7326
427,7327
Petoskey Brewing,7328
1888,7329
2093,7330
Bourbon Barrel Johan,7331
Lake Barrington,7332
Third Eye Pale Ale,7333
Cottrell Brewing,7334
British Pale Ale,7335
Crystal Springs Brewing Company,7336
865,7337
WV,7338
Cache La Porter,7339
Saugatuck Brewing Company,7340
South Bay Session IPA,7341
Sierra Nevada Pale Ale,7342
Upslope Christmas Ale,7343
1299,7344
Chatham Brewing,7345
Belgian IPA,7346
Blonde Czich,7347
Yellowstone Golden Ale,7348
337,7349
Big Sky IPA,7350
Three Notch'd Brewing Company,7351
2367,7352
Perrin Brewing Company,7353
Roanoke Railhouse Brewery,7354
Caldera Brewing Company,7355
PONTO S.I.P.A.,7356
Fisherman's Brew,7357
Belt,7358
1735,7359
Tejas Lager,7360
Colette,7361
226,7362
1020,7363
Kludde,7364
Twister Creek India Pale Ale,7365
389,7366
Narragansett Brewing Company,7367
Orabelle,7368
140,7369
Chile Beer,7370
1371,7371
2202,7372
1212,7373
Lost Rhino Brewing Company,7374
1759,7375
Overcast Espresso Stout,7376
639,7377
62,7378
2492,7379
1651,7380
1169,7381
55,7382
1977,7383
Grandma's Pecan,7384
Porkslap Pale Ale,7385
Black Bear Dark Lager,7386
1830,7387
Mothman Black IPA,7388
1667,7389
2461,7390
2604,7391
Boulder Beer Company,7392
American Wild Ale,7393
1078,7394
Mosaic Single Hop IPA,7395
Sho'nuff,7396
2669,7397
Charlottesville,7398
18,7399
630,7400
89,7401
Dolores River ESB,7402
1420,7403
Jade,7404
Swami's India Pale Ale,7405
502,7406
2231,7407
1109,7408
Blazing World,7409
1630,7410
Elliott's Phoned Home Pale Ale,7411
Wolverine Premium Lager,7412
1289,7413
2409,7414
Double D Blonde (2011),7415
2025,7416
1019,7417
1061,7418
York PA,7419
2533,7420
445,7421
Old Tom Porter,7422
1650,7423
Worthy IPA (2013),7424
2565,7425
888,7426
Field 41 Pale Ale,7427
375,7428
Festie,7429
Celestial Blonde Ale,7430
Soldotna,7431
Liquid Breadfruit,7432
Special Amber,7433
Fort Collins,7434
Emerald City Beer Company,7435
1916 Shore Shiver,7436
G'KNIGHT,7437
Evanston IL,7438
0.069%,7439
Klingon Warnog Roggen Dunkel,7440
Larry Imperial IPA,7441
Deduction,7442
Kansas City,7443
Macon Progress Ale,7444
Schlafly Brewing Company,7445
8-Bit Pale Ale,7446
Coconut Brown Ale,7447
Ace Hole American Pale Ale,7448
Sly Fox Christmas Ale 2013,7449
1204,7450
2017,7451
Old Potentate,7452
Bozeman Brewing Company,7453
Snake River Pale Ale,7454
Stir Crazy Winter Ale,7455
Biglerville,7456
2372,7457
O-Gii,7458
1558,7459
Kirkwood,7460
Mind Games,7461
Buffalo Bayou Brewing Company,7462
Deep Ellum IPA,7463
Weekend Warrior Pale Ale,7464
493,7465
780,7466
Cheboygan Brewing Company,7467
556,7468
2171,7469
1063,7470
Wind River Brewing Company,7471
1000,7472
Lake Barrington IL,7473
Blood Orange Gose,7474
Hayward,7475
Dale's Pale Ale (2008),7476
Valparaiso,7477
Witbier,7478
225,7479
2556,7480
2559,7481
Aviator Raspberry Blonde,7482
Rochester Mills Brewing Company,7483
Tender Loving Empire NWPA,7484
Tempe,7485
2013,7486
Orpheus Brewing,7487
Graham Cracker Porter,7488
65,7489
173,7490
Hydraulion Red,7491
Heavy Machinery IPA Series #1: Heavy Fist,7492
Mother in Lager,7493
Alteration,7494
Summerfest,7495
1282,7496
Santa Cruz Mountain Brewing,7497
562,7498
Cow Creek,7499
668,7500
Heinnieweisse Weissebier,7501
Occidental Altbier,7502
2210,7503
Slow Hand Stout,7504
459,7505
918,7506
Eugene Porter,7507
Duluchan India Pale Ale,7508
1122,7509
Sinister,7510
Longfin Lager,7511
Lift Bridge Brewing Company,7512
Shenanigans Summer Ale,7513
2591,7514
Hopsmith Pale Lager,7515
2276,7516
Latrobe PA,7517
El Chingon IPA,7518
Ornery Amber Lager (2003),7519
Tiny Bomb,7520
Wild Night,7521
1580,7522
973,7523
980,7524
Belgian Wit,7525
2081,7526
758,7527
Joseph James Brewing Company,7528
Liquid Amber Ale,7529
2596,7530
Schweet Ale,7531
100,7532
Boxer Ice,7533
Wisconsin Brewing Company,7534
95,7535
2203,7536
91,7537
Garce Selé,7538
1276,7539
1754,7540
1796,7541
Twisted X Brewing Company,7542
Summer Session Ale,7543
1328,7544
272,7545
Roggenbier,7546
2629,7547
Leaning Chimney Smoked Porter,7548
Celestial Meridian Cascadian Dark Lager,7549
12.0 oz. Silo Can,7550
Avalanche Ale,7551
2218,7552
1400,7553
Monkey Dancing On A Razor Blade,7554
Towhead,7555
Boston Lager,7556
2485,7557
Cold Spring,7558
Reno,7559
1627,7560
2344,7561
Loki Red Ale (2013),7562
1401,7563
2283,7564
Rise of the Phoenix,7565
Black Iron India Pale Ale,7566
Lyons,7567
729,7568
1631,7569
Columbus,7570
Great Crescent Dark Lager,7571
Lost Meridian Wit,7572
W.I.P.A Snappa,7573
RoughTail Brewing Company,7574
Armstrong Brewing Company,7575
718,7576
Green House India Pale Ale,7577
Dale's Pale Ale (2003),7578
2278,7579
2487,7580
0.08,7581
Halethorpe,7582
November Gale Pale Ale,7583
754,7584
Zen,7585
I.W.A. (2011),7586
1922,7587
2670,7588
Rocky Mountain Oyster Stout,7589
Aviator Brewing Company,7590
OH,7591
Heavy Seas Beer,7592
Lucky Town Brewing Company,7593
Summer Brew,7594
12.0 ounce,7595
1569,7596
P-Town Pilsner,7597
Angola IN,7598
902,7599
2607,7600
Denali Brewing Company,7601
1976,7602
35 K,7603
Silverton,7604
IPA & a Half,7605
976,7606
McKinney Eddy Amber Ale,7607
1692,7608
Midnight Sun Brewing Company,7609
1160,7610
Belgorado,7611
Local Buzz,7612
Oatmeal PSA,7613
Festivus (1),7614
Evolutionary IPA (2012),7615
Finch's Beer Company,7616
Dale's Pale Ale (2010),7617
Silverton OR,7618
217,7619
0.097,7620
2677,7621
7 Seas Brewing Company,7622
India Pale Ale,7623
404,7624
1318,7625
Barrel Aged Farmer,7626
Half Full Brewery,7627
Slimy Pebble Pils,7628
Vault Brewing Company,7629
2399,7630
1552,7631
2582,7632
Double Trunk,7633
940,7634
1510,7635
Belgian Style Session Ale,7636
Irish Red Ale,7637
Redstone Meadery,7638
0.078%,7639
Balt Altbier,7640
2455,7641
Second Fiddle,7642
1884,7643
Rip Van Winkle (Current),7644
Notch Brewing Company,7645
Hardcore Chimera,7646
1352,7647
433,7648
Striped Bass Pale Ale,7649
2566,7650
Monkey Paw Oatmeal Pale Ale,7651
Houghton,7652
Brew Link Brewing,7653
Bitter Bitch,7654
635,7655
1612,7656
241,7657
0.073,7658
1363,7659
Pau Hana Pilsner,7660
Garrattsville,7661
Jack the Sipper,7662
Dry Cider,7663
House Brand IPA,7664
1516,7665
12.0 oz.,7666
Lenoir,7667
IPA,7668
Hubris Quadrupel Anniversary Ale,7669
Kentucky IPA,7670
Flaming Damsel Lager (2010),7671
Jack Stout,7672
The Hole in Hadrian's Wall,7673
Odessa,7674
Hopped on the High Seas (Citra),7675
819,7676
1508,7677
Divided Sky,7678
Sly Fox Brewing Company,7679
439,7680
723,7681
Manzanita Brewing Company,7682
2186,7683
Cone Crusher,7684
Beach Cruiser,7685
Wasatch Ghostrider White IPA,7686
Dale's Pale Ale (2011),7687
1066,7688
Aprè Shred,7689
2342,7690
Moirai India Pale Ale,7691
1060,7692
185,7693
Big Rod Coconut Ale,7694
467,7695
1010,7696
824,7697
Rye Beer,7698
Night Cat (2014),7699
Troopers Alley IPA,7700
Red Mountain Ale,7701
2371,7702
American Stout,7703
935,7704
Here Gose Nothin',7705
2640,7706
Pumple Drumkin,7707
1069,7708
Santa Fe Irish Red Ale,7709
Beach Brewing Company,7710
Pete's Wicked Summer Brew (2002),7711
1407,7712
Tropical Heatwave,7713
1771,7714
Wapiti Amber Ale,7715
Long Trail Ale,7716
Cherry Ale,7717
Round Guys Brewing,7718
134,7719
Rich Man's IIPA,7720
2578,7721
2045,7722
1903,7723
Spring Lake,7724
1126,7725
1607,7726
Cavatica Stout,7727
Mountain Livin' Pale Ale,7728
336,7729
Dream Crusher Double IPA,7730
327,7731
Half Full Bright Ale,7732
685,7733
Razz Wheat,7734
2185,7735
Send Help,7736
541,7737
Orange Grove Wheat Ale,7738
2293,7739
Lift Off IPA,7740
Barstool American Golden Ale,7741
Sobek & Set,7742
1262,7743
Tacoma,7744
1874,7745
Thunderhead Brewing Company,7746
2327,7747
1772,7748
2254,7749
149,7750
Hilo,7751
2117,7752
Cali Creamin',7753
Greenwood Beach,7754
326,7755
Sunsplash Golden Ale (2004),7756
107,7757
Montauk Summer Ale,7758
High Hops Brewery,7759
Hips Don't Lie,7760
1004,7761
1361,7762
Revolution Brewing Company,7763
Ice Pick Ale,7764
583,7765
8.4 ounce,7766
Sea Dog Wild Blueberry Wheat Ale,7767
Psycho Penguin Vanilla Porter,7768
354,7769
Hopvale Organic Ale,7770
396,7771
403,7772
1499,7773
Nuclear Winter,7774
Deception,7775
1945,7776
Lyons CO,7777
2239,7778
Centennial State Pale Ale,7779
Old Devil's Tooth,7780
2330,7781
1560,7782
Dodgy Knight Imperial IPA,7783
Osiris Pale Ale (2010),7784
191,7785
1820,7786
2470,7787
Southampton,7788
Dead Armadillo Craft Brewing,7789
550,7790
Galena Golden,7791
1496,7792
Brew Free! or Die IPA (2009),7793
483,7794
2414,7795
2523,7796
Global Warmer,7797
15th Anniversary Abbey Ale (2012),7798
Power & Light,7799
Monk's Blood,7800
Samuel Adams Winter Lager,7801
68,7802
Thanksgiving Ale,7803
Southern Oregon Brewing Company,7804
1731,7805
Last Stop IPA,7806
Killer Whale Cream Ale,7807
2248,7808
Great Divide Brewing Company,7809
English Stout,7810
650,7811
Summer Swelter,7812
275,7813
2407,7814
Atom Smasher,7815
No Wake IPA,7816
Kalona,7817
323,7818
1385,7819
2155,7820
MillKing It Productions,7821
Narragansett Bock,7822
Black Acre Brewing Co.,7823
2567,7824
1457,7825
South Deerfield,7826
109,7827
1310,7828
2078,7829
County Line IPA,7830
299,7831
1320,7832
934,7833
473,7834
1075,7835
1598,7836
Slow & Steady Golden Ale,7837
White Zombie Ale,7838
Bobblehead,7839
2336,7840
Widmer Brothers Hefeweizen,7841
589,7842
1242,7843
71,7844
Ballistic Blonde,7845
Nellysford,7846
Chicago IL,7847
Freeride APA,7848
196,7849
749,7850
1618,7851
Bombshell Blonde,7852
Coffee Bender,7853
0.076%,7854
565,7855
1466,7856
1838,7857
Hipster Ale (Westbrook Brewing),7858
Olde Ore Dock Scottish Ale,7859
242,7860
Rail Yard Ale,7861
#004 Session I.P.A.,7862
360° India Pale Ale,7863
Cascadia Ciderworks United,7864
Summer Honey,7865
671,7866
957,7867
Saranac Shandy,7868
Socktoberfest,7869
Cane and Ebel,7870
1957,7871
442,7872
White Rabbit,7873
1561,7874
Grey Sail Brewing Company,7875
Bikini Beer,7876
Chico,7877
2000,7878
383,7879
1544,7880
Milwaukee Brewing Company,7881
Mustang Brewing Company,7882
Grand Canyon Brewing Company,7883
2059,7884
1405,7885
Cranberry Blend,7886
Chicago,7887
815,7888
Memphis,7889
Cambridge,7890
595,7891
1323,7892
168,7893
1643,7894
Butcher's Brewing,7895
Van Dayum!,7896
457,7897
Bitter American (2011),7898
1365,7899
2215,7900
Booming Rollers,7901
Fat Tire Amber Ale (2011),7902
1774,7903
Newburgh Brewing Company,7904
Undun Blonde Ale (2012),7905
2483,7906
Pumpkin Tart,7907
Sobrehumano Palena'ole,7908
Car 21,7909
1076,7910
La Cumbre Brewing Company,7911
0.058,7912
784,7913
1085,7914
Natian Brewery,7915
1743,7916
Old Detroit,7917
Purple Haze,7918
1523,7919
Dortmunder / Export Lager,7920
Cold Snap,7921
1203,7922
Montana Trout Slayer Ale,7923
0.038%,7924
Sawtooth Ale,7925
Dry Hard Apple Cider,7926
Boulder CO,7927
The Manhattan Brewing Company,7928
Vortex IPA,7929
2137,7930
Albuquerque,7931
2340,7932
Rodeo Clown Double IPA,7933
Sleeping Lady Brewing Company,7934
Isis,7935
1223,7936
1930,7937
340,7938
Wind River Blonde Ale,7939
Mustang '33,7940
Angry Orchard Apple Ginger,7941
Native Amber (2013),7942
16.0 oz,7943
1185,7944
Watership Brown Ale,7945
Cape Cod Red,7946
No Limits Hefeweizen,7947
2148,7948
Straub Brewery,7949
Vanilla Java Porter,7950
Caldera Pale Ale,7951
Durham,7952
1926,7953
263,7954
698,7955
Vivant Tripel (2012),7956
882,7957
The Dudes' Brewing Company,7958
Marquette,7959
338,7960
74,7961
Des Moines IA,7962
Denver,7963
5,7964
834,7965
New South Brewing Company,7966
American Idiot Ale (2012),7967
1159,7968
1601,7969
1656,7970
Lakeside,7971
Arcus IPA,7972
659,7973
Lee Hill Series Vol. 1 - Barrel Aged Brown Ale,7974
Maylani's Coconut Stout,7975
2165,7976
1424,7977
Wavemaker,7978
Big Star White IPA,7979
Wilson,7980
Elevated IPA,7981
Pete's Wicked Pale Ale (1997),7982
Local 5 Pale Ale,7983
Supermonk I.P.A.,7984
Crow Peak Brewing Company,7985
Duke's Cold Nose Brown Ale,7986
Branchline Brewing Company,7987
Greenbelt Farmhouse Ale,7988
717,7989
700,7990
Hop Valley Brewing Company,7991
Passenger,7992
1431,7993
Whip Fight,7994
1231,7995
Frankenlou's IPA,7996
Monument,7997
2311,7998
Lewis and Clark Brewing Company,7999
Seven Brides Brewery,8000
1812,8001
Dolores River Mild,8002
2172,8003
2451,8004
Black Beer'd,8005
1802,8006
2534,8007
Core Brewing & Distilling Company,8008
1277,8009
1029,8010
584,8011
Newport Storm IPA,8012
1053,8013
Keeper (Current),8014
Nonstop Hef Hop,8015
Flying Mouse Brewery,8016
Roller Dam Red Ale (2010),8017
LIFT,8018
CT,8019
467 Ethan's Stout,8020
Edwards,8021
Bourbon's Barrel Stout,8022
SweetWater IPA,8023
802,8024
Copperhead Amber,8025
1433,8026
342,8027
Stargrazer,8028
Ashland Amber Ale,8029
Twisted Pine Brewing Company,8030
Smartmouth Brewing Company,8031
1652,8032
1246,8033
602,8034
492,8035
Lucky U IPA,8036
0.091%,8037
0.045%,8038
1294,8039
0.083,8040
Airway Heights,8041
2245,8042
Bitter Root Brewing,8043
CA,8044
1822,8045
Monkeynaut IPA,8046
Bauhaus Brew Labs,8047
Grand Rapids,8048
2302,8049
526,8050
1041,8051
Shandy,8052
16.0 oz. Alumi-Tek,8053
Libertyville,8054
1235,8055
2449,8056
899,8057
Belfort,8058
Alpine,8059
2021,8060
1113,8061
Twisted X,8062
Centennial IPA,8063
1620,8064
Jackie O's Pub & Brewery,8065
2103,8066
Center of the Universe Brewing C...,8067
1913,8068
Overgrown American Pale Ale,8069
2401,8070
All Aboard! Anniversary Stout,8071
2077,8072
The Green Room,8073
239,8074
812,8075
Overbite IPA,8076
Fascist Pig Ale,8077
Atlantic Highlands NJ,8078
418,8079
2468,8080
Parade Ground Coffee Porter,8081
Mill Valley,8082
1260,8083
Universale Pale Ale,8084
Black Walnut Wheat,8085
2334,8086
The Deuce,8087
Saranac Adirondack Light (2002),8088
Fort Point Beer Company,8089
152,8090
Uncommon Brewers,8091
2545,8092
941,8093
740,8094
699,8095
1549,8096
1224,8097
Harpoon IPA (2012),8098
Furious,8099
Skilak Scottish Ale,8100
Williamsburg,8101
0.047,8102
Newburyport Brewing Company,8103
12.0 oz,8104
Pine Belt Pale Ale,8105
1379,8106
Mead,8107
Stone's Throw IPA,8108
1191,8109
Central Coast Brewing Company,8110
Wonderstuff,8111
Red Jacket Amber Ale,8112
Gordon Beer (2006),8113
Tripel Deke,8114
Apollo,8115
Appalachian Mountain Brewery,8116
Initial Point India Pale Ale,8117
Los Angeles,8118
Grind Line,8119
Pisgah Pale Ale,8120
538,8121
Alley Time,8122
499,8123
Totally Radler,8124
Bomb Lager (Old Recipe),8125
2646,8126
Quadrupel (Quad),8127
Cans Bar and Canteen,8128
0.064,8129
0.07%,8130
362,8131
2042,8132
Blown Out Brown,8133
767,8134
Ghose Drifter Pale Ale,8135
Marblehead,8136
Jammer,8137
835,8138
Lake Geneva,8139
367,8140
Huber,8141
2416,8142
Widow Maker Black Ale,8143
The Crisp,8144
2593,8145
Buellton CA,8146
2011,8147
189,8148
516,8149
911,8150
Light Lager,8151
Consilium,8152
Wisconsin Amber (2013),8153
Oktoberfest Lager,8154
Ginger Cider,8155
Hop A-Peel,8156
Dunkelweizen,8157
1857,8158
Immersion Amber,8159
1897,8160
1151,8161
126,8162
1389,8163
43,8164
Brooklyn Summer Ale,8165
Hoopla Pale Ale,8166
990,8167
0.084,8168
Poop Deck Porter,8169
124,8170
Engine 15 Brewing,8171
Terrace Hill Double IPA,8172
203,8173
Farmer Ted's Farmhouse Cream Ale,8174
Bargersville,8175
2265,8176
Eagle,8177
460,8178
634,8179
1207,8180
1444,8181
286,8182
All American Red Ale,8183
Hop Ryot,8184
Monroe,8185
Snake River Brewing Company,8186
Slow Ride,8187
Deadicated Amber,8188
Forest Fire Imperial Smoked Rye,8189
1657,8190
1021,8191
Overrated! West Coast Style IPA,8192
2196,8193
434,8194
1800 Big Log Wheat (2012),8195
Kadigan,8196
2674,8197
77,8198
Kona Brewing Company,8199
Stone Fort Brown Ale,8200
HUB Lager,8201
39,8202
Black Raspberry Nectar,8203
2602,8204
2438,8205
Trebuchet Double IPA,8206
240,8207
Asheville Brewing Company,8208
Blueberry Blonde,8209
Screamin’ Pumpkin,8210
288,8211
The Power of Zeus,8212
1249,8213
2410,8214
864,8215
Bronx Summer Pale Ale,8216
78,8217
667,8218
Great Raft Brewing Company,8219
1533,8220
Gordon Imperial Red (2010),8221
609,8222
490,8223
Stevens Point Brewery,8224
257,8225
Fort George Brewery,8226
Long Trail Brewing Company,8227
Righteous Ale,8228
Bermuda Triangle Ginger Beer,8229
Brünette,8230
Bozone Hefe Weizen,8231
2292,8232
Snow King Pale Ale,8233
Blood of the Unicorn,8234
0.028,8235
664,8236
1971,8237
Bent Paddle Black Ale,8238
1115,8239
Wee Muckle (2011),8240
897,8241
Ten Fidy Imperial Stout (2007),8242
42,8243
North Conway,8244
Ermal's,8245
1044,8246
Utica NY,8247
Big Bowl Blonde Ale,8248
1188,8249
2459,8250
Horny Toad Cerveza,8251
Vanilla Porter,8252
1230,8253
1292,8254
2036,8255
Toxic Sludge,8256
1221,8257
2274,8258
989,8259
2568,8260
Element 29,8261
Getaway,8262
900,8263
American Amber / Red Lager,8264
Grand Trunk Bohemian Pils,8265
Birth IPA,8266
COOP Ale Works,8267
Temecula,8268
Yellow Collar,8269
0.125%,8270
Tour de Nez Belgian IPA (Current),8271
Preservation IPA,8272
Fireside Chat,8273
Troutville,8274
Summit Brewing Company,8275
313,8276
737,8277
1551,8278
NOLA Blonde Ale,8279
16,8280
Salamander Slam,8281
Triangle India Pale Ale,8282
2632,8283
1459,8284
534,8285
Buck Snort Stout,8286
69,8287
2049,8288
Seattle Cider Company,8289
Capital Brewery,8290
Vander Mill Ciders,8291
958,8292
1135,8293
New Belgium Brewing Company,8294
Wolf Among Weeds IPA,8295
Märzen / Oktoberfest,8296
813,8297
Hopluia (2004),8298
Belgian Dark Ale,8299
2022,8300
NY,8301
Baby Daddy Session IPA,8302
289,8303
Monkey Paw Pub & Brewery,8304
2353,8305
Longmont,8306
Covington Brewhouse,8307
Minhas Craft Brewery,8308
Great Crescent Blonde Ale,8309
Pete's Wicked Summer Brew (1995),8310
Real Ale Brewing Company,8311
75,8312
THP Dark (2006),8313
0.054000000000000006%,8314
576,8315
1033,8316
Chandler,8317
2508,8318
Pay It Forward Cocoa Porter,8319
Hayward WI,8320
379,8321
Trail Head,8322
1542,8323
1602,8324
419,8325
Otter Creek Brewing,8326
Four Peaks Peach Ale,8327
281,8328
1880,8329
Harvest Moon Brewing Company,8330
Oakshire Brewing,8331
2552,8332
Atlanta,8333
Hudsonville,8334
Madra Allta,8335
Suncaster Summer Wheat,8336
Munich Dunkel Lager,8337
Bengali Tiger,8338
1233,8339
Resurrection,8340
Headlands Brewing Company,8341
Dead Eye Dunkel,8342
2614,8343
1440,8344
Rogue American Amber Ale,8345
2189,8346
Scruffy's Smoked Alt,8347
New Republic Brewing Company,8348
1497,8349
996,8350
Bloomington IL,8351
1351,8352
181,8353
Saddle Bronc Brown Ale,8354
Pleasure Town,8355
24.0 oz. Alumi-Tek,8356
Missouri Mule India Pale Ale,8357
2241,8358
204,8359
Oklahoma City OK,8360
Spearfish,8361
1748,8362
2645,8363
1660,8364
840,8365
694,8366
2329,8367
Sinister Minister Black IPA,8368
2630,8369
559,8370
Mt. Pleasant,8371
857,8372
Wild Plum Farmhouse Ale,8373
Yardley,8374
Avery India Pale Ale,8375
450,8376
Shark Tracker Light lager,8377
Halcyon Unfiltered Wheat,8378
Contact High,8379
2408,8380
Mutiny IPA,8381
868,8382
Choc Beer (2003),8383
714,8384
1831,8385
Bengali,8386
1546,8387
1346,8388
1140,8389
Boston Beer Company,8390
0.095%,8391
Cascadian Dark Ale,8392
2294,8393
Tampa Bay Brewing Company,8394
Angry Minnow Brewing Company,8395
344,8396
Mother Earth Brewing Company,8397
98 Problems (Cuz A Hop Ain't One),8398
Flesh Gourd'n,8399
720,8400
Santa Fe Brewing Company,8401
Kodiak Brown Ale,8402
Buckbean Brewing Company,8403
2138,8404
Fireside Chat (2010),8405
1077,8406
Hilliard's Saison,8407
Supper Club Lager,8408
687,8409
489,8410
2146,8411
Old Red Beard Amber Ale,8412
Tempter IPA,8413
2028,8414
611,8415
Tocobaga Red Ale,8416
Herbed / Spiced Beer,8417
1847,8418
2608,8419
1685,8420
1723,8421
Dale's Pale Ale (2004),8422
1025,8423
839,8424
RI,8425
1241,8426
255,8427
1495,8428
1008,8429
959,8430
2020 IPA,8431
Abita Brewing Company,8432
Supergoose IPA,8433
1526,8434
455,8435
First Stand,8436
Hinchtown Hammer Down,8437
2168,8438
Greenville,8439
Brooklyn,8440
The Tradition,8441
Dundee Summer Wheat Beer,8442
301,8443
1638,8444
619,8445
896,8446
Lonerider Brewing Company,8447
Gandhi-Bot Double IPA (12 oz.),8448
2373,8449
1865,8450
2575,8451
Spirit Animal,8452
Gandhi-Bot Double IPA (16 oz.) (2010),8453
Pumpkin Porter,8454
0.066,8455
American India Red Ale,8456
1388,8457
13 Rebels ESB,8458
22,8459
775,8460
Dammit Jim!,8461
2380,8462
Long Trail Ale (1),8463
705,8464
Lost Galaxy,8465
Afton,8466
Pallavicini Pilsner (2009),8467
Eddyline Brewery & Restaurant,8468
1225,8469
Rivertowne Brewing Company,8470
Dad & Dude's Breweria,8471
2405,8472
624,8473
Manhattan Gold Lager (1990),8474
184,8475
751,8476
Alaskan Amber,8477
Pinata Protest,8478
Saint Archer Pale Ale,8479
1553,8480
Blackbeary Wheat,8481
Axe Head Malt Liquor,8482
Claremont,8483
1458,8484
Moose Drool Brown Ale,8485
Kindler Pale Ale,8486
1592,8487
1158,8488
0.068%,8489
Polar Pale Ale,8490
32,8491
37,8492
2063,8493
0.069,8494
Old Pro,8495
St Paul,8496
B3K Black Lager,8497
American Red Porter,8498
721,8499
Westfalia,8500
American Double / Imperial Pilsner,8501
2571,8502
Hala Kahiki Pineapple Beer,8503
What the Butler Saw,8504
2262,8505
Steel Rail Extra Pale Ale,8506
1374,8507
979,8508
1141,8509
Mogollon Brewing Company,8510
Southern Star Brewing Company,8511
Aspen,8512
Crazy Mountain Brewing Company,8513
88,8514
1258,8515
Righteous Ale (2011),8516
Due South Brewing Company,8517
Mooresville NC,8518
1375,8519
2238,8520
1174,8521
1414,8522
2594,8523
0.092,8524
1832,8525
Scottish Ale,8526
Agave Wheat,8527
Operation Homefront,8528
1111,8529
Shipyard Brewing Company,8530
Hyannis,8531
916,8532
883,8533
Murphysboro,8534
1031,8535
Cack-A-Lacky,8536
Blue Mountain Brewery,8537
0.048%,8538
Airways Brewing Company,8539
Gloucester MA,8540
Dos Pistolas,8541
2339,8542
1180,8543
Parapet ESB,8544
Ananda India Pale Ale,8545
Bourbon Barrel Cowbell,8546
Grey Lady,8547
D.L. Geary Brewing Company,8548
Orlison India Pale Lager,8549
F5 IPA,8550
Czech Pilsner,8551
1572,8552
1737,8553
The CROWLER™,8554
724,8555
Papillion,8556
129,8557
Point Special,8558
Snapshot,8559
Amber Ale,8560
540,8561
1202,8562
652,8563
2527,8564
Pepper in the Rye,8565
Leisure Time,8566
1198,8567
2441,8568
2355,8569
Angry Minnow,8570
862,8571
563,8572
Track 1 Amber Lager,8573
Coastal Empire Beer Company,8574
1255,8575
0.052,8576
2136,8577
Middleton,8578
261,8579
Golden Ratio IPA,8580
2289,8581
1826,8582
BrewFarm Select Golden Lager,8583
513,8584
618,8585
Rosa Hibiscus Ale,8586
Ultra Gnar Gnar IPA,8587
Steel Wheels ESB,8588
MD,8589
1145,8590
1790,8591
997,8592
People's Brewing Company,8593
Weston,8594
1334,8595
Summer of Lager,8596
2682,8597
Old Forge Brewing Company,8598
1728,8599
AL,8600
Worthy Brewing Company,8601
781,8602
2623,8603
2170,8604
Quakertown Stout,8605
Hops & Grain Brewery,8606
284,8607
1234,8608
0.068,8609
295,8610
Elder Betty,8611
2002,8612
Might As Well IPL,8613
THP Light (2006),8614
Oval Beach Blonde Ale,8615
Hell or High Watermelon Wheat (2009),8616
1881,8617
Jon Boat Coastal Ale,8618
Inclined Plane Ale,8619
Jackson,8620
Desolation IPA,8621
921,8622
Hipster Ale (Two Roads Brewing),8623
Bitter Bitch Imperial IPA,8624
Thomas Hooker Brewing Company,8625
Big River Brewing Company,8626
El Rojo,8627
Rail Slide Imperial Spiced Ale,8628
Hyzer Flip,8629
Nitro Can Coffee Stout,8630
1943,8631
The Public,8632
Devil's Backbone Brewing Company,8633
2417,8634
Golden,8635
816,8636
L'il Lucy's Hot Pepper Ale,8637
221,8638
258,8639
Coq D'Or,8640
482,8641
Alloy,8642
2628,8643
Marshall Wharf Brewing Company,8644
Old Grogham Imperial India Pale Ale,8645
2390,8646
1708,8647
859,8648
Rodeo Rye Pale Ale,8649
1130,8650
Hop Farm Brewing Company,8651
246,8652
4Beans,8653
1330,8654
Sunrise Oatmeal Pale Ale,8655
Endless Summer Ale (2011),8656
841,8657
16.0 oz.,8658
0.094,8659
662,8660
1153,8661
Woodinville,8662
He Said Belgian-Style Tripel,8663
Saint Louis MO,8664
Bourbon Barrel Batch 666: Sympathy for the Devil,8665
The 26th,8666
Dank IPA,8667
1848,8668
53,8669
346,8670
Nordskye,8671
Winter Warmer (Vault Series),8672
1777,8673
1173,8674
428,8675
Fort Pitt Brewing Company,8676
2606,8677
936,8678
2570,8679
CynicAle,8680
California Lager,8681
795,8682
456,8683
Dreamin' Double IPA,8684
1209,8685
Wachusett Blueberry Ale,8686
761,8687
Hell-Diver Pale Ale,8688
Middlebury,8689
Framingham,8690
1472,8691
Good People IPA,8692
Sucha Much IPA,8693
Old Elephant Foot IPA,8694
Pedernales Brewing Company,8695
Pine Knob Pilsner,8696
2227,8697
Hurricane Amber Ale,8698
David's Ale Works,8699
1529,8700
914,8701
2448,8702
Self Starter,8703
North Third Stout,8704
Covington,8705
948,8706
Mad Manatee IPA,8707
931,8708
Other,8709
2369,8710
912,8711
Wild Onion Summer Wit,8712
Aslan Amber,8713
Sietsema Orchards and Cider Mill,8714
1862,8715
2019,8716
2082,8717
808,8718
1856,8719
Loose Cannon,8720
Big Red Coq,8721
Mountain Fairy Raspberry Wheat,8722
Onyx Black Ale,8723
Meadville,8724
Harvest Ale,8725
2290,8726
2363,8727
Hans' Pils (2015),8728
Sun King Oktoberfest,8729
172,8730
Brush Creek Blonde,8731
1527,8732
Waterbury,8733
2031,8734
Wee Muckle,8735
105,8736
1349,8737
