userId,rating,movieId
0,0.0,7163
0,1.0,7156
0,2.0,5117
0,3.0,2989
0,4.0,8104
0,5.0,7196
0,6.0,2421
0,7.0,3563
0,8.0,5886
0,9.0,3877
0,10.0,3680
1,0.0,4104
1,1.0,8176
1,2.0,4677
1,3.0,4409
1,4.0,7666
1,5.0,8455
1,6.0,2421
1,7.0,2452
1,8.0,3108
1,9.0,3383
1,10.0,5301
2,0.0,4665
2,1.0,2822
2,2.0,7565
2,3.0,6743
2,4.0,7595
2,5.0,6420
2,6.0,2421
2,7.0,2452
2,8.0,3108
2,9.0,3383
2,10.0,5301
3,0.0,6311
3,1.0,4938
3,2.0,7510
3,3.0,4887
3,4.0,8104
3,5.0,3070
3,6.0,2421
3,7.0,2452
3,8.0,3108
3,9.0,3383
3,10.0,5301
4,0.0,7964
4,1.0,8505
4,2.0,7269
4,3.0,6743
4,4.0,6554
4,5.0,2788
4,6.0,2421
4,7.0,2452
4,8.0,3108
4,9.0,3383
4,10.0,5301
5,0.0,5996
5,1.0,4320
5,2.0,3466
5,3.0,3928
5,4.0,8104
5,5.0,6084
5,6.0,2421
5,7.0,2452
5,8.0,3108
5,9.0,3383
5,10.0,5301
6,0.0,7248
6,1.0,5036
6,2.0,3986
6,3.0,4409
6,4.0,7666
6,5.0,8038
6,6.0,2421
6,7.0,2452
6,8.0,3108
6,9.0,3383
6,10.0,5301
7,0.0,3432
7,1.0,3402
7,2.0,2468
7,3.0,3920
7,4.0,7595
7,5.0,2842
7,6.0,2421
7,7.0,2452
7,8.0,3108
7,9.0,3383
7,10.0,5301
8,0.0,6811
8,1.0,7182
8,2.0,7404
8,3.0,4409
8,4.0,7666
8,5.0,3520
8,6.0,2421
8,7.0,2452
8,8.0,3108
8,9.0,3383
8,10.0,5301
9,0.0,5358
9,1.0,6129
9,2.0,7684
9,3.0,4887
9,4.0,7595
9,5.0,3187
9,6.0,2421
9,7.0,2452
9,8.0,3108
9,9.0,3383
9,10.0,5301
10,0.0,3878
10,1.0,6618
10,2.0,3866
10,3.0,3734
10,4.0,7666
10,5.0,3894
10,6.0,2421
10,7.0,2452
10,8.0,3108
10,9.0,3383
10,10.0,5301
11,0.0,6195
11,1.0,4242
11,2.0,5516
11,3.0,3734
11,4.0,7666
11,5.0,7658
11,6.0,2421
11,7.0,2452
11,8.0,3108
11,9.0,3383
11,10.0,5301
12,0.0,4640
12,1.0,6689
12,2.0,7538
12,3.0,3734
12,4.0,6554
12,5.0,7439
12,6.0,2421
12,7.0,2452
12,8.0,3108
12,9.0,3383
12,10.0,5301
13,0.0,7121
13,1.0,5978
13,2.0,7320
13,3.0,7346
13,4.0,7666
13,5.0,4917
13,6.0,2421
13,7.0,2452
13,8.0,3108
13,9.0,3383
13,10.0,5301
14,0.0,4380
14,1.0,5080
14,2.0,7654
14,3.0,4409
14,4.0,7595
14,5.0,2656
14,6.0,5004
14,7.0,2452
14,8.0,3108
14,9.0,3383
14,10.0,5301
15,0.0,8280
15,1.0,3421
15,2.0,3373
15,3.0,6917
15,4.0,7595
15,5.0,3817
15,6.0,2421
15,7.0,4944
15,8.0,3905
15,9.0,6733
15,10.0,3680
16,0.0,5230
16,1.0,8604
16,2.0,6871
16,3.0,6917
16,4.0,7666
16,5.0,3817
16,6.0,2421
16,7.0,4944
16,8.0,3905
16,9.0,6733
16,10.0,3680
17,0.0,7399
17,1.0,2679
17,2.0,5475
17,3.0,6917
17,4.0,6799
17,5.0,3817
17,6.0,2421
17,7.0,4944
17,8.0,3905
17,9.0,6733
17,10.0,3680
18,0.0,3416
18,1.0,3662
18,2.0,5427
18,3.0,6917
18,4.0,7595
18,5.0,3817
18,6.0,2421
18,7.0,4944
18,8.0,3905
18,9.0,6733
18,10.0,3680
19,0.0,3185
19,1.0,6230
19,2.0,5831
19,3.0,7158
19,4.0,7666
19,5.0,2670
19,6.0,2421
19,7.0,7220
19,8.0,2608
19,9.0,3561
19,10.0,8044
20,0.0,2666
20,1.0,8487
20,2.0,8663
20,3.0,5813
20,4.0,7666
20,5.0,2670
20,6.0,2421
20,7.0,7220
20,8.0,2608
20,9.0,6235
20,10.0,2421
21,0.0,8459
21,1.0,2685
21,2.0,6306
21,3.0,3938
21,4.0,7766
21,5.0,3996
21,6.0,6956
21,7.0,7220
21,8.0,2608
21,9.0,3561
21,10.0,8044
22,0.0,5313
22,1.0,6330
22,2.0,8273
22,3.0,3366
22,4.0,6554
22,5.0,5061
22,6.0,7077
22,7.0,7220
22,8.0,2608
22,9.0,3561
22,10.0,8044
23,0.0,3525
23,1.0,7606
23,2.0,2739
23,3.0,7703
23,4.0,7666
23,5.0,5061
23,6.0,2421
23,7.0,7220
23,8.0,2608
23,9.0,3561
23,10.0,8044
24,0.0,5688
24,1.0,3661
24,2.0,3621
24,3.0,4409
24,4.0,8104
24,5.0,7144
24,6.0,8243
24,7.0,7220
24,8.0,2608
24,9.0,3561
24,10.0,8044
25,0.0,5904
25,1.0,8024
25,2.0,8616
25,3.0,3978
25,4.0,7595
25,5.0,4200
25,6.0,5230
25,7.0,7220
25,8.0,2608
25,9.0,3561
25,10.0,8044
26,0.0,4499
26,1.0,2729
26,2.0,8616
26,3.0,3978
26,4.0,7666
26,5.0,4948
26,6.0,5230
26,7.0,7220
26,8.0,2608
26,9.0,3561
26,10.0,8044
27,0.0,3761
27,1.0,4244
27,2.0,4028
27,3.0,3978
27,4.0,7666
27,5.0,4200
27,6.0,5230
27,7.0,7220
27,8.0,2608
27,9.0,3561
27,10.0,8044
28,0.0,5410
28,1.0,3962
28,2.0,5648
28,3.0,6743
28,4.0,7666
28,5.0,2843
28,6.0,7241
28,7.0,7220
28,8.0,2608
28,9.0,3561
28,10.0,8044
29,0.0,4509
29,1.0,6321
29,2.0,6690
29,3.0,6743
29,4.0,6554
29,5.0,8130
29,6.0,7241
29,7.0,7220
29,8.0,2608
29,9.0,3561
29,10.0,8044
30,0.0,7242
30,1.0,4673
30,2.0,7793
30,3.0,6743
30,4.0,7666
30,5.0,8130
30,6.0,7241
30,7.0,7220
30,8.0,2608
30,9.0,3561
30,10.0,8044
31,0.0,8491
31,1.0,2444
31,2.0,4328
31,3.0,6009
31,4.0,7666
31,5.0,4917
31,6.0,2804
31,7.0,7220
31,8.0,2608
31,9.0,3561
31,10.0,8044
32,0.0,6931
32,1.0,3688
32,2.0,5145
32,3.0,4887
32,4.0,7666
32,5.0,7620
32,6.0,3316
32,7.0,7220
32,8.0,2608
32,9.0,3561
32,10.0,8044
33,0.0,3485
33,1.0,2464
33,2.0,7898
33,3.0,4409
33,4.0,8104
33,5.0,7144
33,6.0,8243
33,7.0,7220
33,8.0,2608
33,9.0,3561
33,10.0,8044
34,0.0,7307
34,1.0,6375
34,2.0,8405
34,3.0,3366
34,4.0,7595
34,5.0,4378
34,6.0,7077
34,7.0,7220
34,8.0,2608
34,9.0,3561
34,10.0,8044
35,0.0,7073
35,1.0,7490
35,2.0,6646
35,3.0,6019
35,4.0,7595
35,5.0,8489
35,6.0,7489
35,7.0,7220
35,8.0,2608
35,9.0,3561
35,10.0,8044
36,0.0,8492
36,1.0,3878
36,2.0,7800
36,3.0,8299
36,4.0,6554
36,5.0,8040
36,6.0,7307
36,7.0,7220
36,8.0,2608
36,9.0,3561
36,10.0,8044
37,0.0,6373
37,1.0,5358
37,2.0,6461
37,3.0,6743
37,4.0,7666
37,5.0,2843
37,6.0,7489
37,7.0,7220
37,8.0,2608
37,9.0,3561
37,10.0,8044
38,0.0,8202
38,1.0,6811
38,2.0,6836
38,3.0,3978
38,4.0,7666
38,5.0,4200
38,6.0,5230
38,7.0,7220
38,8.0,2608
38,9.0,3561
38,10.0,8044
39,0.0,4503
39,1.0,2600
39,2.0,4066
39,3.0,6743
39,4.0,7595
39,5.0,2843
39,6.0,4120
39,7.0,3930
39,8.0,7285
39,9.0,3453
39,10.0,2988
40,0.0,3630
40,1.0,2688
40,2.0,2461
40,3.0,3529
40,4.0,7666
40,5.0,7196
40,6.0,2421
40,7.0,3930
40,8.0,7285
40,9.0,3453
40,10.0,2988
41,0.0,8243
41,1.0,4748
41,2.0,5502
41,3.0,2866
41,4.0,7666
41,5.0,7082
41,6.0,2421
41,7.0,3930
41,8.0,7285
41,9.0,3453
41,10.0,2988
42,0.0,8164
42,1.0,8092
42,2.0,2873
42,3.0,5236
42,4.0,8104
42,5.0,4804
42,6.0,3878
42,7.0,5004
42,8.0,7237
42,9.0,3939
42,10.0,5797
43,0.0,2969
43,1.0,4325
43,2.0,7736
43,3.0,3529
43,4.0,8104
43,5.0,8038
43,6.0,7399
43,7.0,5004
43,8.0,7237
43,9.0,3939
43,10.0,5797
44,0.0,7077
44,1.0,4434
44,2.0,3940
44,3.0,4588
44,4.0,8104
44,5.0,5836
44,6.0,2421
44,7.0,5004
44,8.0,7237
44,9.0,3939
44,10.0,5797
45,0.0,5755
45,1.0,2696
45,2.0,6734
45,3.0,2866
45,4.0,7666
45,5.0,3817
45,6.0,2421
45,7.0,5004
45,8.0,7237
45,9.0,3939
45,10.0,5797
46,0.0,5941
46,1.0,3834
46,2.0,3933
46,3.0,6019
46,4.0,7666
46,5.0,5836
46,6.0,2421
46,7.0,5004
46,8.0,7237
46,9.0,3939
46,10.0,5797
47,0.0,5377
47,1.0,5504
47,2.0,7678
47,3.0,6743
47,4.0,8104
47,5.0,2842
47,6.0,2421
47,7.0,5004
47,8.0,7237
47,9.0,8664
47,10.0,2421
48,0.0,3774
48,1.0,5280
48,2.0,2945
48,3.0,6743
48,4.0,7666
48,5.0,2842
48,6.0,2421
48,7.0,5004
48,8.0,7237
48,9.0,3939
48,10.0,5797
49,0.0,3548
49,1.0,2925
49,2.0,8379
49,3.0,3201
49,4.0,7666
49,5.0,7196
49,6.0,3761
49,7.0,5004
49,8.0,7237
49,9.0,3939
49,10.0,5797
50,0.0,6390
50,1.0,5948
50,2.0,4476
50,3.0,6743
50,4.0,5113
50,5.0,2842
50,6.0,2421
50,7.0,4499
50,8.0,3825
50,9.0,7570
50,10.0,5301
51,0.0,2804
51,1.0,8204
51,2.0,3555
51,3.0,6743
51,4.0,5113
51,5.0,7196
51,6.0,7077
51,7.0,4499
51,8.0,3825
51,9.0,7570
51,10.0,5301
52,0.0,8669
52,1.0,3747
52,2.0,4618
52,3.0,4862
52,4.0,8658
52,5.0,4690
52,6.0,2421
52,7.0,4499
52,8.0,3825
52,9.0,7570
52,10.0,5301
53,0.0,6960
53,1.0,7078
53,2.0,2547
53,3.0,6743
53,4.0,8658
53,5.0,8494
53,6.0,7489
53,7.0,4499
53,8.0,3825
53,9.0,7570
53,10.0,5301
54,0.0,7382
54,1.0,7552
54,2.0,6025
54,3.0,6009
54,4.0,8053
54,5.0,3070
54,6.0,3548
54,7.0,4499
54,8.0,3825
54,9.0,7570
54,10.0,5301
55,0.0,5959
55,1.0,5999
55,2.0,3829
55,3.0,5312
55,4.0,5113
55,5.0,6663
55,6.0,4380
55,7.0,4499
55,8.0,3825
55,9.0,7570
55,10.0,5301
56,0.0,7288
56,1.0,3007
56,2.0,8025
56,3.0,8299
56,4.0,7943
56,5.0,3974
56,6.0,7399
56,7.0,4499
56,8.0,3825
56,9.0,7570
56,10.0,5301
57,0.0,4540
57,1.0,5175
57,2.0,6945
57,3.0,6743
57,4.0,7943
57,5.0,7082
57,6.0,8312
57,7.0,5203
57,8.0,7622
57,9.0,5969
57,10.0,3106
58,0.0,5802
58,1.0,7306
58,2.0,5661
58,3.0,2932
58,4.0,7943
58,5.0,3151
58,6.0,4509
58,7.0,5203
58,8.0,7622
58,9.0,5969
58,10.0,3106
59,0.0,5004
59,1.0,5377
59,2.0,7335
59,3.0,2932
59,4.0,5113
59,5.0,3151
59,6.0,4509
59,7.0,5203
59,8.0,7622
59,9.0,5969
59,10.0,3106
60,0.0,5833
60,1.0,5941
60,2.0,4839
60,3.0,4887
60,4.0,8658
60,5.0,8168
60,6.0,4120
60,7.0,5203
60,8.0,7622
60,9.0,5969
60,10.0,3106
61,0.0,7378
61,1.0,7297
61,2.0,3999
61,3.0,5236
61,4.0,7666
61,5.0,5734
61,6.0,2421
61,7.0,2587
61,8.0,2485
61,9.0,6840
61,10.0,2988
62,0.0,6749
62,1.0,3448
62,2.0,2614
62,3.0,8264
62,4.0,8104
62,5.0,3520
62,6.0,5904
62,7.0,6425
62,8.0,6568
62,9.0,8635
62,10.0,4109
63,0.0,4221
63,1.0,5751
63,2.0,6298
63,3.0,8264
63,4.0,7595
63,5.0,3520
63,6.0,5904
63,7.0,6425
63,8.0,6568
63,9.0,8635
63,10.0,4109
64,0.0,7489
64,1.0,8149
64,2.0,3504
64,3.0,6743
64,4.0,7666
64,5.0,2842
64,6.0,2804
64,7.0,6246
64,8.0,8432
64,9.0,6633
64,10.0,5481
65,0.0,5182
65,1.0,6261
65,2.0,7918
65,3.0,3978
65,4.0,8104
65,5.0,2555
65,6.0,4640
65,7.0,6246
65,8.0,8432
65,9.0,6633
65,10.0,5481
66,0.0,3930
66,1.0,5982
66,2.0,3684
66,3.0,8264
66,4.0,7666
66,5.0,7132
66,6.0,5230
66,7.0,6246
66,8.0,8432
66,9.0,6633
66,10.0,5481
67,0.0,7802
67,1.0,3586
67,2.0,6621
67,3.0,6743
67,4.0,5113
67,5.0,2670
67,6.0,7802
67,7.0,7378
67,8.0,6221
67,9.0,3330
67,10.0,3499
68,0.0,8287
68,1.0,5364
68,2.0,4955
68,3.0,4588
68,4.0,5113
68,5.0,7196
68,6.0,3185
68,7.0,7378
68,8.0,6221
68,9.0,3330
68,10.0,3499
69,0.0,7241
69,1.0,6111
69,2.0,6621
69,3.0,4887
69,4.0,5113
69,5.0,7581
69,6.0,7802
69,7.0,7163
69,8.0,4351
69,9.0,3330
69,10.0,3499
70,0.0,7844
70,1.0,4481
70,2.0,2639
70,3.0,5382
70,4.0,8658
70,5.0,8270
70,6.0,4714
70,7.0,7163
70,8.0,4351
70,9.0,3330
70,10.0,3499
71,0.0,2594
71,1.0,3328
71,2.0,7603
71,3.0,3994
71,4.0,3213
71,5.0,6084
71,6.0,5688
71,7.0,7163
71,8.0,4351
71,9.0,3330
71,10.0,3499
72,0.0,5357
72,1.0,4653
72,2.0,3356
72,3.0,4409
72,4.0,8658
72,5.0,2555
72,6.0,8243
72,7.0,7163
72,8.0,4351
72,9.0,3330
72,10.0,3499
73,0.0,7961
73,1.0,8597
73,2.0,2908
73,3.0,4564
73,4.0,7943
73,5.0,7196
73,6.0,5688
73,7.0,7163
73,8.0,4351
73,9.0,3330
73,10.0,3499
74,0.0,8312
74,1.0,2978
74,2.0,8399
74,3.0,3467
74,4.0,5113
74,5.0,8455
74,6.0,2666
74,7.0,7163
74,8.0,4351
74,9.0,3330
74,10.0,3499
75,0.0,6336
75,1.0,6489
75,2.0,7396
75,3.0,3386
75,4.0,7943
75,5.0,2654
75,6.0,4640
75,7.0,7163
75,8.0,4351
75,9.0,3330
75,10.0,3499
76,0.0,8198
76,1.0,5793
76,2.0,3190
76,3.0,6897
76,4.0,8658
76,5.0,3520
76,6.0,5230
76,7.0,7163
76,8.0,4351
76,9.0,3330
76,10.0,3499
77,0.0,8217
77,1.0,3482
77,2.0,2798
77,3.0,4887
77,4.0,5113
77,5.0,5859
77,6.0,7802
77,7.0,7163
77,8.0,4351
77,9.0,3330
77,10.0,3499
78,0.0,3893
78,1.0,7621
78,2.0,4515
78,3.0,3734
78,4.0,3213
78,5.0,6041
78,6.0,6373
78,7.0,7163
78,8.0,4351
78,9.0,3330
78,10.0,3499
79,0.0,4714
79,1.0,5911
79,2.0,2880
79,3.0,7393
79,4.0,5113
79,5.0,6947
79,6.0,2421
79,7.0,7163
79,8.0,4351
79,9.0,3330
79,10.0,3499
80,0.0,4853
80,1.0,5607
80,2.0,5443
80,3.0,6743
80,4.0,8658
80,5.0,3817
80,6.0,7489
80,7.0,7163
80,8.0,4351
80,9.0,3330
80,10.0,3499
81,0.0,4120
81,1.0,8197
81,2.0,4955
81,3.0,3982
81,4.0,7943
81,5.0,7196
81,6.0,3185
81,7.0,7163
81,8.0,4351
81,9.0,3330
81,10.0,3499
82,0.0,6492
82,1.0,5717
82,2.0,7975
82,3.0,7703
82,4.0,5113
82,5.0,4208
82,6.0,7307
82,7.0,8140
82,8.0,8539
82,9.0,2790
82,10.0,3106
83,0.0,2749
83,1.0,5746
83,2.0,7613
83,3.0,4409
83,4.0,3213
83,5.0,7196
83,6.0,7307
83,7.0,8140
83,8.0,8539
83,9.0,2790
83,10.0,3106
84,0.0,6450
84,1.0,2513
84,2.0,2430
84,3.0,6897
84,4.0,8658
84,5.0,8576
84,6.0,6931
84,7.0,8140
84,8.0,8539
84,9.0,2790
84,10.0,3106
85,0.0,3691
85,1.0,3441
85,2.0,7597
85,3.0,6897
85,4.0,6554
85,5.0,2654
85,6.0,3185
85,7.0,5157
85,8.0,2719
85,9.0,4889
85,10.0,3680
86,0.0,4424
86,1.0,6062
86,2.0,7165
86,3.0,4409
86,4.0,6799
86,5.0,4208
86,6.0,7073
86,7.0,5157
86,8.0,2719
86,9.0,4889
86,10.0,3680
87,0.0,8514
87,1.0,8070
87,2.0,4211
87,3.0,4887
87,4.0,8104
87,5.0,2670
87,6.0,6937
87,7.0,5157
87,8.0,2719
87,9.0,4889
87,10.0,3680
88,0.0,7401
88,1.0,3787
88,2.0,7848
88,3.0,4409
88,4.0,7666
88,5.0,4208
88,6.0,4503
88,7.0,4169
88,8.0,3270
88,9.0,4271
88,10.0,5822
89,0.0,3311
89,1.0,2785
89,2.0,8477
89,3.0,4407
89,4.0,6554
89,5.0,4208
89,6.0,7399
89,7.0,4169
89,8.0,3270
89,9.0,4271
89,10.0,5822
90,0.0,7537
90,1.0,2995
90,2.0,5246
90,3.0,4409
90,4.0,6554
90,5.0,5519
90,6.0,2421
90,7.0,5357
90,8.0,2857
90,9.0,7147
90,10.0,2421
91,0.0,6956
91,1.0,5898
91,2.0,6998
91,3.0,5312
91,4.0,7943
91,5.0,6691
91,6.0,2421
91,7.0,6391
91,8.0,4278
91,9.0,5932
91,10.0,3499
92,0.0,5581
92,1.0,3867
92,2.0,7670
92,3.0,6743
92,4.0,3213
92,5.0,2842
92,6.0,2421
92,7.0,6391
92,8.0,4278
92,9.0,5932
92,10.0,3499
93,0.0,3316
93,1.0,6586
93,2.0,6883
93,3.0,4409
93,4.0,8053
93,5.0,3151
93,6.0,2421
93,7.0,4648
93,8.0,6408
93,9.0,6629
93,10.0,3106
94,0.0,7535
94,1.0,5561
94,2.0,3796
94,3.0,6743
94,4.0,7943
94,5.0,5254
94,6.0,2421
94,7.0,4648
94,8.0,6408
94,9.0,6629
94,10.0,3106
95,0.0,5494
95,1.0,3401
95,2.0,8621
95,3.0,6743
95,4.0,5113
95,5.0,5254
95,6.0,8164
95,7.0,4648
95,8.0,6408
95,9.0,6629
95,10.0,3106
96,0.0,2605
96,1.0,4983
96,2.0,7277
96,3.0,6743
96,4.0,6799
96,5.0,5599
96,6.0,2421
96,7.0,7307
96,8.0,4319
96,9.0,3561
96,10.0,8044
97,0.0,6326
97,1.0,7721
97,2.0,7668
97,3.0,6743
97,4.0,7595
97,5.0,6947
97,6.0,2421
97,7.0,7307
97,8.0,4319
97,9.0,3561
97,10.0,8044
98,0.0,3377
98,1.0,6764
98,2.0,2619
98,3.0,3201
98,4.0,8104
98,5.0,8038
98,6.0,2421
98,7.0,7307
98,8.0,4319
98,9.0,3561
98,10.0,8044
99,0.0,7532
99,1.0,8066
99,2.0,8681
99,3.0,8264
99,4.0,7666
99,5.0,4200
99,6.0,2421
99,7.0,7307
99,8.0,4319
99,9.0,3561
99,10.0,8044
100,0.0,3469
100,1.0,5587
100,2.0,5052
100,3.0,6099
100,4.0,7595
100,5.0,6868
100,6.0,2421
100,7.0,7307
100,8.0,4319
100,9.0,3561
100,10.0,8044
101,0.0,6022
101,1.0,6481
101,2.0,7474
101,3.0,6616
101,4.0,7666
101,5.0,2555
101,6.0,2421
101,7.0,4330
101,8.0,3803
101,9.0,4089
101,10.0,8044
102,0.0,6937
102,1.0,5316
102,2.0,4671
102,3.0,4409
102,4.0,8104
102,5.0,2555
102,6.0,2421
102,7.0,4330
102,8.0,3803
102,9.0,4089
102,10.0,8044
103,0.0,4417
103,1.0,4095
103,2.0,4482
103,3.0,6616
103,4.0,7666
103,5.0,8538
103,6.0,2421
103,7.0,4330
103,8.0,3803
103,9.0,4089
103,10.0,8044
104,0.0,8736
104,1.0,7292
104,2.0,6328
104,3.0,3467
104,4.0,8104
104,5.0,3817
104,6.0,2421
104,7.0,4330
104,8.0,3803
104,9.0,4089
104,10.0,8044
105,0.0,4060
105,1.0,2773
105,2.0,4937
105,3.0,3928
105,4.0,7595
105,5.0,5519
105,6.0,4640
105,7.0,4330
105,8.0,3803
105,9.0,4089
105,10.0,8044
106,0.0,7757
106,1.0,6705
106,2.0,5470
106,3.0,5307
106,4.0,7595
106,5.0,4305
106,6.0,6311
106,7.0,4330
106,8.0,3803
106,9.0,4089
106,10.0,8044
107,0.0,2680
107,1.0,4624
107,2.0,4945
107,3.0,6743
107,4.0,8104
107,5.0,2843
107,6.0,4714
107,7.0,4330
107,8.0,3803
107,9.0,4089
107,10.0,8044
108,0.0,7827
108,1.0,4050
108,2.0,4367
108,3.0,2866
108,4.0,7666
108,5.0,2612
108,6.0,4380
108,7.0,4330
108,8.0,3803
108,9.0,4089
108,10.0,8044
109,0.0,5318
109,1.0,8257
109,2.0,4937
109,3.0,3928
109,4.0,6799
109,5.0,5519
109,6.0,4640
109,7.0,4330
109,8.0,3803
109,9.0,4089
109,10.0,8044
110,0.0,4520
110,1.0,2786
110,2.0,4301
110,3.0,6651
110,4.0,7943
110,5.0,3520
110,6.0,5688
110,7.0,4330
110,8.0,3803
110,9.0,4089
110,10.0,8044
111,0.0,4796
111,1.0,3610
111,2.0,6080
111,3.0,2866
111,4.0,7666
111,5.0,2612
111,6.0,4380
111,7.0,4330
111,8.0,3803
111,9.0,4089
111,10.0,8044
112,0.0,7083
112,1.0,6364
112,2.0,5624
112,3.0,5307
112,4.0,8104
112,5.0,4305
112,6.0,6311
112,7.0,4330
112,8.0,3803
112,9.0,4089
112,10.0,8044
113,0.0,3594
113,1.0,6154
113,2.0,4125
113,3.0,3928
113,4.0,8104
113,5.0,5958
113,6.0,4640
113,7.0,4330
113,8.0,3803
113,9.0,4089
113,10.0,8044
114,0.0,6070
114,1.0,4904
114,2.0,5152
114,3.0,3366
114,4.0,7595
114,5.0,7439
114,6.0,5996
114,7.0,4330
114,8.0,3803
114,9.0,4089
114,10.0,8044
115,0.0,2832
115,1.0,8140
115,2.0,6994
115,3.0,6743
115,4.0,7595
115,5.0,2843
115,6.0,4714
115,7.0,4330
115,8.0,3803
115,9.0,4089
115,10.0,8044
116,0.0,5157
116,1.0,8217
116,2.0,4012
116,3.0,2866
116,4.0,7595
116,5.0,7912
116,6.0,4380
116,7.0,4330
116,8.0,3803
116,9.0,4089
116,10.0,8044
117,0.0,3748
117,1.0,8198
117,2.0,6800
117,3.0,5307
117,4.0,7666
117,5.0,4305
117,6.0,6311
117,7.0,4330
117,8.0,3803
117,9.0,4089
117,10.0,8044
118,0.0,6762
118,1.0,6336
118,2.0,2792
118,3.0,4409
118,4.0,7666
118,5.0,3520
118,6.0,3761
118,7.0,4330
118,8.0,3803
118,9.0,4089
118,10.0,8044
119,0.0,5238
119,1.0,4032
119,2.0,5338
119,3.0,6743
119,4.0,5113
119,5.0,3817
119,6.0,2421
119,7.0,3587
119,8.0,8570
119,9.0,7475
119,10.0,5645
120,0.0,2692
120,1.0,2810
120,2.0,7313
120,3.0,4409
120,4.0,7943
120,5.0,8314
120,6.0,2421
120,7.0,5496
120,8.0,8395
120,9.0,7475
120,10.0,5645
121,0.0,3068
121,1.0,3174
121,2.0,4285
121,3.0,3928
121,4.0,8658
121,5.0,3337
121,6.0,2421
121,7.0,5496
121,8.0,8395
121,9.0,8320
121,10.0,2421
122,0.0,2901
122,1.0,8039
122,2.0,7941
122,3.0,6917
122,4.0,8658
122,5.0,7196
122,6.0,2421
122,7.0,8194
122,8.0,5039
122,9.0,4154
122,10.0,7591
123,0.0,8170
123,1.0,4002
123,2.0,2530
123,3.0,6917
123,4.0,8658
123,5.0,6746
123,6.0,2421
123,7.0,8194
123,8.0,5039
123,9.0,4154
123,10.0,7591
124,0.0,4989
124,1.0,8254
124,2.0,2530
124,3.0,6917
124,4.0,6554
124,5.0,7196
124,6.0,2421
124,7.0,8194
124,8.0,5039
124,9.0,4154
124,10.0,7591
125,0.0,8162
125,1.0,7200
125,2.0,5936
125,3.0,3386
125,4.0,7666
125,5.0,8609
125,6.0,2421
125,7.0,2809
125,8.0,2565
125,9.0,5483
125,10.0,5122
126,0.0,6292
126,1.0,4789
126,2.0,3956
126,3.0,7478
126,4.0,7595
126,5.0,3817
126,6.0,2421
126,7.0,2809
126,8.0,2565
126,9.0,5483
126,10.0,5122
127,0.0,6203
127,1.0,2432
127,2.0,3640
127,3.0,7703
127,4.0,6554
127,5.0,6737
127,6.0,2421
127,7.0,2809
127,8.0,2565
127,9.0,5483
127,10.0,5122
128,0.0,8557
128,1.0,2521
128,2.0,4135
128,3.0,6743
128,4.0,8658
128,5.0,6420
128,6.0,8312
128,7.0,8287
128,8.0,8116
128,9.0,3593
128,10.0,3471
129,0.0,2570
129,1.0,4195
129,2.0,5838
129,3.0,3529
129,4.0,8053
129,5.0,8102
129,6.0,3416
129,7.0,8287
129,8.0,8116
129,9.0,3593
129,10.0,3471
130,0.0,5721
130,1.0,2686
130,2.0,6508
130,3.0,3920
130,4.0,5113
130,5.0,3817
130,6.0,5313
130,7.0,8287
130,8.0,8116
130,9.0,3593
130,10.0,3471
131,0.0,6904
131,1.0,5142
131,2.0,5235
131,3.0,4409
131,4.0,7550
131,5.0,7206
131,6.0,7382
131,7.0,7737
131,8.0,4791
131,9.0,6010
131,10.0,6423
132,0.0,5489
132,1.0,5211
132,2.0,5228
132,3.0,3201
132,4.0,7666
132,5.0,5254
132,6.0,5230
132,7.0,7737
132,8.0,4791
132,9.0,6010
132,10.0,6423
133,0.0,7719
133,1.0,5431
133,2.0,3545
133,3.0,4409
133,4.0,8104
133,5.0,8576
133,6.0,2421
133,7.0,8584
133,8.0,4940
133,9.0,2825
133,10.0,4109
134,0.0,5730
134,1.0,6961
134,2.0,8605
134,3.0,4442
134,4.0,7595
134,5.0,8524
134,6.0,3548
134,7.0,5719
134,8.0,6855
134,9.0,6484
134,10.0,2421
135,0.0,3988
135,1.0,3707
135,2.0,7988
135,3.0,3734
135,4.0,7666
135,5.0,6041
135,6.0,3185
135,7.0,5719
135,8.0,6855
135,9.0,7217
135,10.0,5625
136,0.0,7223
136,1.0,3198
136,2.0,5392
136,3.0,6616
136,4.0,7943
136,5.0,8576
136,6.0,5358
136,7.0,5345
136,8.0,7575
136,9.0,5579
136,10.0,8044
137,0.0,3429
137,1.0,6026
137,2.0,3063
137,3.0,6743
137,4.0,8658
137,5.0,2843
137,6.0,7077
137,7.0,7030
137,8.0,3912
137,9.0,6995
137,10.0,4109
138,0.0,2501
138,1.0,7790
138,2.0,5617
138,3.0,5312
138,4.0,8104
138,5.0,4773
138,6.0,4499
138,7.0,5420
138,8.0,8208
138,9.0,6113
138,10.0,3471
139,0.0,7369
139,1.0,7030
139,2.0,4474
139,3.0,3920
139,4.0,8104
139,5.0,4208
139,6.0,5904
139,7.0,5420
139,8.0,8208
139,9.0,5503
139,10.0,2421
140,0.0,7189
140,1.0,8675
140,2.0,5285
140,3.0,6743
140,4.0,7666
140,5.0,3817
140,6.0,8287
140,7.0,5420
140,8.0,8208
140,9.0,6113
140,10.0,3471
141,0.0,6603
141,1.0,2875
141,2.0,4873
141,3.0,5312
141,4.0,5113
141,5.0,4990
141,6.0,2421
141,7.0,2464
141,8.0,6155
141,9.0,4403
141,10.0,3106
142,0.0,2755
142,1.0,5865
142,2.0,4842
142,3.0,6743
142,4.0,8053
142,5.0,6084
142,6.0,2421
142,7.0,2464
142,8.0,6155
142,9.0,4403
142,10.0,3106
143,0.0,4682
143,1.0,8444
143,2.0,8713
143,3.0,2866
143,4.0,3989
143,5.0,6084
143,6.0,2421
143,7.0,2464
143,8.0,6155
143,9.0,4403
143,10.0,3106
144,0.0,3342
144,1.0,5150
144,2.0,6117
144,3.0,3529
144,4.0,7666
144,5.0,4305
144,6.0,4499
144,7.0,4904
144,8.0,3732
144,9.0,8512
144,10.0,4109
145,0.0,3587
145,1.0,6699
145,2.0,6814
145,3.0,6743
145,4.0,8104
145,5.0,8130
145,6.0,3930
145,7.0,4904
145,8.0,3732
145,9.0,8512
145,10.0,4109
146,0.0,5325
146,1.0,7522
146,2.0,6494
146,3.0,7703
146,4.0,7666
146,5.0,5519
146,6.0,4503
146,7.0,5495
146,8.0,4345
146,9.0,3046
146,10.0,3680
147,0.0,6850
147,1.0,7524
147,2.0,8624
147,3.0,4887
147,4.0,7666
147,5.0,3699
147,6.0,3429
147,7.0,5495
147,8.0,4345
147,9.0,3046
147,10.0,3680
148,0.0,7750
148,1.0,8508
148,2.0,8169
148,3.0,3920
148,4.0,7595
148,5.0,5254
148,6.0,7307
148,7.0,5495
148,8.0,4345
148,9.0,3046
148,10.0,3680
149,0.0,4157
149,1.0,3239
149,2.0,8412
149,3.0,2866
149,4.0,6554
149,5.0,3817
149,6.0,7307
149,7.0,5495
149,8.0,4345
149,9.0,3046
149,10.0,3680
150,0.0,2920
150,1.0,2731
150,2.0,8156
150,3.0,4887
150,4.0,5113
150,5.0,2788
150,6.0,6070
150,7.0,2594
150,8.0,3811
150,9.0,2434
150,10.0,6423
151,0.0,8090
151,1.0,2687
151,2.0,7950
151,3.0,3920
151,4.0,8658
151,5.0,5836
151,6.0,6195
151,7.0,2594
151,8.0,3811
151,9.0,2434
151,10.0,6423
152,0.0,2472
152,1.0,3192
152,2.0,4205
152,3.0,3978
152,4.0,7943
152,5.0,8576
152,6.0,2421
152,7.0,2594
152,8.0,3811
152,9.0,2434
152,10.0,6423
153,0.0,4944
153,1.0,8285
153,2.0,5655
153,3.0,3529
153,4.0,7666
153,5.0,7132
153,6.0,3432
153,7.0,2594
153,8.0,3811
153,9.0,2434
153,10.0,6423
154,0.0,7282
154,1.0,5420
154,2.0,3162
154,3.0,6743
154,4.0,8104
154,5.0,6746
154,6.0,7378
154,7.0,2594
154,8.0,3811
154,9.0,2434
154,10.0,6423
155,0.0,6118
155,1.0,4610
155,2.0,4927
155,3.0,4318
155,4.0,7666
155,5.0,7196
155,6.0,6195
155,7.0,2594
155,8.0,3811
155,9.0,6624
155,10.0,2421
156,0.0,6505
156,1.0,3279
156,2.0,7492
156,3.0,6019
156,4.0,7943
156,5.0,2843
156,6.0,2421
156,7.0,5142
156,8.0,5539
156,9.0,6687
156,10.0,5625
157,0.0,6549
157,1.0,3284
157,2.0,4994
157,3.0,6743
157,4.0,6554
157,5.0,5968
157,6.0,2421
157,7.0,5142
157,8.0,5539
157,9.0,6687
157,10.0,5625
158,0.0,7139
158,1.0,8027
158,2.0,3122
158,3.0,4409
158,4.0,8104
158,5.0,6383
158,6.0,2421
158,7.0,5142
158,8.0,5539
158,9.0,6687
158,10.0,5625
159,0.0,5635
159,1.0,5011
159,2.0,6482
159,3.0,4564
159,4.0,7666
159,5.0,4208
159,6.0,2421
159,7.0,5142
159,8.0,5539
159,9.0,6687
159,10.0,5625
160,0.0,3052
160,1.0,7938
160,2.0,3253
160,3.0,4383
160,4.0,7595
160,5.0,8576
160,6.0,2421
160,7.0,5142
160,8.0,5539
160,9.0,6687
160,10.0,5625
161,0.0,4086
161,1.0,6909
161,2.0,5413
161,3.0,4887
161,4.0,7666
161,5.0,4174
161,6.0,2421
161,7.0,8492
161,8.0,5472
161,9.0,6995
161,10.0,4109
162,0.0,2553
162,1.0,4548
162,2.0,6506
162,3.0,3734
162,4.0,7666
162,5.0,8129
162,6.0,2421
162,7.0,8492
162,8.0,5472
162,9.0,6995
162,10.0,4109
163,0.0,6639
163,1.0,3587
163,2.0,5003
163,3.0,4564
163,4.0,7666
163,5.0,8102
163,6.0,8243
163,7.0,8492
163,8.0,5472
163,9.0,6995
163,10.0,4109
164,0.0,6703
164,1.0,2680
164,2.0,5258
164,3.0,7478
164,4.0,7666
164,5.0,4305
164,6.0,5358
164,7.0,8492
164,8.0,5472
164,9.0,6995
164,10.0,4109
165,0.0,3158
165,1.0,7757
165,2.0,8375
165,3.0,6743
165,4.0,8104
165,5.0,4928
165,6.0,8287
165,7.0,8492
165,8.0,5472
165,9.0,6995
165,10.0,4109
166,0.0,4470
166,1.0,4060
166,2.0,4874
166,3.0,4588
166,4.0,7595
166,5.0,3520
166,6.0,5230
166,7.0,8492
166,8.0,5472
166,9.0,6995
166,10.0,4109
167,0.0,7893
167,1.0,8064
167,2.0,3025
167,3.0,3467
167,4.0,6799
167,5.0,5254
167,6.0,5230
167,7.0,7186
167,8.0,7590
167,9.0,5477
167,10.0,3471
168,0.0,3582
168,1.0,4289
168,2.0,5499
168,3.0,8296
168,4.0,7666
168,5.0,3894
168,6.0,8459
168,7.0,7186
168,8.0,7590
168,9.0,5477
168,10.0,3471
169,0.0,2536
169,1.0,5111
169,2.0,3613
169,3.0,3201
169,4.0,7595
169,5.0,8538
169,6.0,5313
169,7.0,7186
169,8.0,7590
169,9.0,5477
169,10.0,3471
170,0.0,4330
170,1.0,8464
170,2.0,2613
170,3.0,6743
170,4.0,7666
170,5.0,5262
170,6.0,2421
170,7.0,7186
170,8.0,7590
170,9.0,5477
170,10.0,3471
171,0.0,8730
171,1.0,7067
171,2.0,5334
171,3.0,5813
171,4.0,7666
171,5.0,8524
171,6.0,7964
171,7.0,7186
171,8.0,7590
171,9.0,5477
171,10.0,3471
172,0.0,7490
172,1.0,2510
172,2.0,6485
172,3.0,2866
172,4.0,7595
172,5.0,3934
172,6.0,3630
172,7.0,7186
172,8.0,7590
172,9.0,5477
172,10.0,3471
173,0.0,3798
173,1.0,3604
173,2.0,4556
173,3.0,4887
173,4.0,7595
173,5.0,3187
173,6.0,2421
173,7.0,5692
173,8.0,6388
173,9.0,3436
173,10.0,8019
174,0.0,4742
174,1.0,4642
174,2.0,3265
174,3.0,3920
174,4.0,7666
174,5.0,3817
174,6.0,2421
174,7.0,5692
174,8.0,6388
174,9.0,3436
174,10.0,8019
175,0.0,4144
175,1.0,6029
175,2.0,2683
175,3.0,3529
175,4.0,6554
175,5.0,4948
175,6.0,2421
175,7.0,5692
175,8.0,6388
175,9.0,3436
175,10.0,8019
176,0.0,2452
176,1.0,5220
176,2.0,2595
176,3.0,6743
176,4.0,7666
176,5.0,2843
176,6.0,2421
176,7.0,5692
176,8.0,6388
176,9.0,3436
176,10.0,8019
177,0.0,4549
177,1.0,7178
177,2.0,6560
177,3.0,2866
177,4.0,7595
177,5.0,7196
177,6.0,2421
177,7.0,5692
177,8.0,6388
177,9.0,3436
177,10.0,8019
178,0.0,7069
178,1.0,5945
178,2.0,5819
178,3.0,3982
178,4.0,7595
178,5.0,7206
178,6.0,2421
178,7.0,8182
178,8.0,5972
178,9.0,5216
178,10.0,8600
179,0.0,6511
179,1.0,3888
179,2.0,4491
179,3.0,4409
179,4.0,8104
179,5.0,7206
179,6.0,8164
179,7.0,8182
179,8.0,5972
179,9.0,5216
179,10.0,8600
180,0.0,8353
180,1.0,6852
180,2.0,5056
180,3.0,6743
180,4.0,7595
180,5.0,8609
180,6.0,7241
180,7.0,7794
180,8.0,6455
180,9.0,2533
180,10.0,3106
181,0.0,3431
181,1.0,7197
181,2.0,7427
181,3.0,4409
181,4.0,7595
181,5.0,7257
181,6.0,6373
181,7.0,7794
181,8.0,6455
181,9.0,2533
181,10.0,3106
182,0.0,5943
182,1.0,8145
182,2.0,5181
182,3.0,6743
182,4.0,7595
182,5.0,8130
182,6.0,2421
182,7.0,3485
182,8.0,6144
182,9.0,5132
182,10.0,8044
183,0.0,8475
183,1.0,4384
183,2.0,2627
183,3.0,6743
183,4.0,7595
183,5.0,7924
183,6.0,4503
183,7.0,3485
183,8.0,6144
183,9.0,4683
183,10.0,2421
184,0.0,7693
184,1.0,7563
184,2.0,6160
184,3.0,5312
184,4.0,6554
184,5.0,3974
184,6.0,5313
184,7.0,3485
184,8.0,6144
184,9.0,5132
184,10.0,8044
185,0.0,5166
185,1.0,7553
185,2.0,6253
185,3.0,6743
185,4.0,6554
185,5.0,2843
185,6.0,8312
185,7.0,3485
185,8.0,6144
185,9.0,5132
185,10.0,8044
186,0.0,3327
186,1.0,7417
186,2.0,7511
186,3.0,4318
186,4.0,8104
186,5.0,6653
186,6.0,2421
186,7.0,3485
186,8.0,6144
186,9.0,5132
186,10.0,8044
187,0.0,4947
187,1.0,7271
187,2.0,3711
187,3.0,6743
187,4.0,7666
187,5.0,2843
187,6.0,7241
187,7.0,3485
187,8.0,6144
187,9.0,5132
187,10.0,8044
188,0.0,8148
188,1.0,3001
188,2.0,3835
188,3.0,3862
188,4.0,6799
188,5.0,7132
188,6.0,2421
188,7.0,4352
188,8.0,5436
188,9.0,8101
188,10.0,4599
189,0.0,4521
189,1.0,2912
189,2.0,7091
189,3.0,7698
189,4.0,8104
189,5.0,8038
189,6.0,3185
189,7.0,4352
189,8.0,5436
189,9.0,8101
189,10.0,4599
190,0.0,7785
190,1.0,7894
190,2.0,3312
190,3.0,2866
190,4.0,7595
190,5.0,4804
190,6.0,7077
190,7.0,4352
190,8.0,5436
190,9.0,8101
190,10.0,4599
191,0.0,7084
191,1.0,3346
191,2.0,4466
191,3.0,6743
191,4.0,7943
191,5.0,2843
191,6.0,5755
191,7.0,3185
191,8.0,3540
191,9.0,2663
191,10.0,5301
192,0.0,2809
192,1.0,3549
192,2.0,5043
192,3.0,6743
192,4.0,7666
192,5.0,3817
192,6.0,5004
192,7.0,5973
192,8.0,3884
192,9.0,6888
192,10.0,6831
193,0.0,3851
193,1.0,5757
193,2.0,2943
193,3.0,3529
193,4.0,8104
193,5.0,7132
193,6.0,2421
193,7.0,5973
193,8.0,3884
193,9.0,6888
193,10.0,6831
194,0.0,6792
194,1.0,5583
194,2.0,4645
194,3.0,6897
194,4.0,6799
194,5.0,4948
194,6.0,8459
194,7.0,2832
194,8.0,4541
194,9.0,4889
194,10.0,3680
195,0.0,7849
195,1.0,6975
195,2.0,8587
195,3.0,6743
195,4.0,7666
195,5.0,5262
195,6.0,5004
195,7.0,2832
195,8.0,4541
195,9.0,4889
195,10.0,3680
196,0.0,2928
196,1.0,8346
196,2.0,4602
196,3.0,2989
196,4.0,7595
196,5.0,8609
196,6.0,7378
196,7.0,2832
196,8.0,4541
196,9.0,4889
196,10.0,3680
197,0.0,6063
197,1.0,6983
197,2.0,7572
197,3.0,7478
197,4.0,7666
197,5.0,7196
197,6.0,3185
197,7.0,2832
197,8.0,4541
197,9.0,4889
197,10.0,3680
198,0.0,4558
198,1.0,2956
198,2.0,7549
198,3.0,6310
198,4.0,8104
198,5.0,6383
198,6.0,7077
198,7.0,2832
198,8.0,4541
198,9.0,4889
198,10.0,3680
199,0.0,5208
199,1.0,2630
199,2.0,4951
199,3.0,6099
199,4.0,7595
199,5.0,3151
199,6.0,7382
199,7.0,8639
199,8.0,8047
199,9.0,7175
199,10.0,4105
200,0.0,3517
200,1.0,3891
200,2.0,4519
200,3.0,6743
200,4.0,7666
200,5.0,3175
200,6.0,7241
200,7.0,8639
200,8.0,8047
200,9.0,7175
200,10.0,4105
201,0.0,6750
201,1.0,7065
201,2.0,8028
201,3.0,4383
201,4.0,7666
201,5.0,7196
201,6.0,3761
201,7.0,8639
201,8.0,8047
201,9.0,7175
201,10.0,4105
202,0.0,8173
202,1.0,3947
202,2.0,8111
202,3.0,4564
202,4.0,7666
202,5.0,3151
202,6.0,5377
202,7.0,8639
202,8.0,8047
202,9.0,7175
202,10.0,4105
203,0.0,8359
203,1.0,3781
203,2.0,7094
203,3.0,6099
203,4.0,8104
203,5.0,4208
203,6.0,2421
203,7.0,5742
203,8.0,7174
203,9.0,4313
203,10.0,5054
204,0.0,5636
204,1.0,2712
204,2.0,6067
204,3.0,3698
204,4.0,7943
204,5.0,8130
204,6.0,8243
204,7.0,5742
204,8.0,7174
204,9.0,4313
204,10.0,5054
205,0.0,4911
205,1.0,8685
205,2.0,7812
205,3.0,3201
205,4.0,8104
205,5.0,8102
205,6.0,2421
205,7.0,5742
205,8.0,7174
205,9.0,4313
205,10.0,5054
206,0.0,4261
206,1.0,2467
206,2.0,4777
206,3.0,6201
206,4.0,7666
206,5.0,8609
206,6.0,2421
206,7.0,5742
206,8.0,7174
206,9.0,4313
206,10.0,5054
207,0.0,5768
207,1.0,5842
207,2.0,6982
207,3.0,7698
207,4.0,7595
207,5.0,8455
207,6.0,2421
207,7.0,5742
207,8.0,7174
207,9.0,4313
207,10.0,5054
208,0.0,5180
208,1.0,4972
208,2.0,4155
208,3.0,3201
208,4.0,7666
208,5.0,8102
208,6.0,2421
208,7.0,5742
208,8.0,7174
208,9.0,4313
208,10.0,5054
209,0.0,2643
209,1.0,6246
209,2.0,5931
209,3.0,2866
209,4.0,7666
209,5.0,3520
209,6.0,7307
209,7.0,5742
209,8.0,7174
209,9.0,4313
209,10.0,5054
210,0.0,6264
210,1.0,5943
210,2.0,4916
210,3.0,4409
210,4.0,6554
210,5.0,4948
210,6.0,3761
210,7.0,5742
210,8.0,7174
210,9.0,4313
210,10.0,5054
211,0.0,6533
211,1.0,3431
211,2.0,3929
211,3.0,6743
211,4.0,8104
211,5.0,8494
211,6.0,8287
211,7.0,5742
211,8.0,7174
211,9.0,4313
211,10.0,5054
212,0.0,4679
212,1.0,4854
212,2.0,6997
212,3.0,4887
212,4.0,5113
212,5.0,6810
212,6.0,2680
212,7.0,4303
212,8.0,7710
212,9.0,7052
212,10.0,6194
213,0.0,5716
213,1.0,7106
213,2.0,6527
213,3.0,3978
213,4.0,6554
213,5.0,7196
213,6.0,5358
213,7.0,6937
213,8.0,5137
213,9.0,3981
213,10.0,4599
214,0.0,6236
214,1.0,3129
214,2.0,3785
214,3.0,4409
214,4.0,6799
214,5.0,2612
214,6.0,7077
214,7.0,6937
214,8.0,5137
214,9.0,3981
214,10.0,4599
215,0.0,5517
215,1.0,4827
215,2.0,4594
215,3.0,6743
215,4.0,7666
215,5.0,8489
215,6.0,6450
215,7.0,6937
215,8.0,5137
215,9.0,3981
215,10.0,4599
216,0.0,7619
216,1.0,4188
216,2.0,3975
216,3.0,8709
216,4.0,7595
216,5.0,4990
216,6.0,8280
216,7.0,6937
216,8.0,5137
216,9.0,3981
216,10.0,4599
217,0.0,5775
217,1.0,6832
217,2.0,4898
217,3.0,3201
217,4.0,8104
217,5.0,2612
217,6.0,2421
217,7.0,6336
217,8.0,6573
217,9.0,6606
217,10.0,6423
218,0.0,3400
218,1.0,3224
218,2.0,5321
218,3.0,7698
218,4.0,8658
218,5.0,7206
218,6.0,2421
218,7.0,6336
218,8.0,6573
218,9.0,6606
218,10.0,6423
219,0.0,6459
219,1.0,8300
219,2.0,5919
219,3.0,7478
219,4.0,8658
219,5.0,7196
219,6.0,2421
219,7.0,6336
219,8.0,6573
219,9.0,6606
219,10.0,6423
220,0.0,8638
220,1.0,2793
220,2.0,4898
220,3.0,3201
220,4.0,8658
220,5.0,7912
220,6.0,2421
220,7.0,6336
220,8.0,6573
220,9.0,6606
220,10.0,6423
221,0.0,4982
221,1.0,7027
221,2.0,5924
221,3.0,6743
221,4.0,3213
221,5.0,2843
221,6.0,2421
221,7.0,6336
221,8.0,6573
221,9.0,6606
221,10.0,6423
222,0.0,7262
222,1.0,4991
222,2.0,2653
222,3.0,4588
222,4.0,8658
222,5.0,7912
222,6.0,2421
222,7.0,6336
222,8.0,6573
222,9.0,6606
222,10.0,6423
223,0.0,4300
223,1.0,4985
223,2.0,3004
223,3.0,7018
223,4.0,7666
223,5.0,7144
223,6.0,2969
223,7.0,8669
223,8.0,6398
223,9.0,6801
223,10.0,4105
224,0.0,7479
224,1.0,3784
224,2.0,6886
224,3.0,4887
224,4.0,5113
224,5.0,8040
224,6.0,2421
224,7.0,8669
224,8.0,6398
224,9.0,6801
224,10.0,4105
225,0.0,7362
225,1.0,7480
225,2.0,5177
225,3.0,3529
225,4.0,7666
225,5.0,5958
225,6.0,4499
225,7.0,8669
225,8.0,6398
225,9.0,6801
225,10.0,4105
226,0.0,3142
226,1.0,6444
226,2.0,2941
226,3.0,6019
226,4.0,6554
226,5.0,3817
226,6.0,2421
226,7.0,8312
226,8.0,7286
226,9.0,6790
226,10.0,4105
227,0.0,5441
227,1.0,8214
227,2.0,3038
227,3.0,6743
227,4.0,7666
227,5.0,3894
227,6.0,4424
227,7.0,8312
227,8.0,7286
227,9.0,6790
227,10.0,4105
228,0.0,5737
228,1.0,5088
228,2.0,6143
228,3.0,3862
228,4.0,7595
228,5.0,4305
228,6.0,8491
228,7.0,8312
228,8.0,7286
228,9.0,6790
228,10.0,4105
229,0.0,5722
229,1.0,5368
229,2.0,3596
229,3.0,6743
229,4.0,7666
229,5.0,5254
229,6.0,7802
229,7.0,8312
229,8.0,7286
229,9.0,6790
229,10.0,4105
230,0.0,6399
230,1.0,6023
230,2.0,8238
230,3.0,6019
230,4.0,7666
230,5.0,7206
230,6.0,3485
230,7.0,8312
230,8.0,7286
230,9.0,2867
230,10.0,2421
231,0.0,2456
231,1.0,3404
231,2.0,6409
231,3.0,4564
231,4.0,7666
231,5.0,7196
231,6.0,6373
231,7.0,8312
231,8.0,7286
231,9.0,6790
231,10.0,4105
232,0.0,5727
232,1.0,3653
232,2.0,3895
232,3.0,7018
232,4.0,7595
232,5.0,3520
232,6.0,4503
232,7.0,2436
232,8.0,7171
232,9.0,7826
232,10.0,4599
233,0.0,7102
233,1.0,3624
233,2.0,8506
233,3.0,4409
233,4.0,8104
233,5.0,4208
233,6.0,3185
233,7.0,2436
233,8.0,7171
233,9.0,7826
233,10.0,4599
234,0.0,5692
234,1.0,8488
234,2.0,6899
234,3.0,6743
234,4.0,7666
234,5.0,7639
234,6.0,2421
234,7.0,6185
234,8.0,3280
234,9.0,8059
234,10.0,5625
235,0.0,4446
235,1.0,6208
235,2.0,7360
235,3.0,4256
235,4.0,7666
235,5.0,3337
235,6.0,2421
235,7.0,6185
235,8.0,3280
235,9.0,8059
235,10.0,5625
236,0.0,3827
236,1.0,3444
236,2.0,3369
236,3.0,3920
236,4.0,8104
236,5.0,8129
236,6.0,2421
236,7.0,6185
236,8.0,3280
236,9.0,8059
236,10.0,5625
237,0.0,3371
237,1.0,6647
237,2.0,4649
237,3.0,3698
237,4.0,8104
237,5.0,6868
237,6.0,2421
237,7.0,6185
237,8.0,3280
237,9.0,8059
237,10.0,5625
238,0.0,8074
238,1.0,5557
238,2.0,3820
238,3.0,3529
238,4.0,6554
238,5.0,3817
238,6.0,2421
238,7.0,6185
238,8.0,3280
238,9.0,8059
238,10.0,5625
239,0.0,8207
239,1.0,5501
239,2.0,7689
239,3.0,2509
239,4.0,8053
239,5.0,4286
239,6.0,5230
239,7.0,6459
239,8.0,3958
239,9.0,3492
239,10.0,4109
240,0.0,7657
240,1.0,6219
240,2.0,6760
240,3.0,4887
240,4.0,7595
240,5.0,8391
240,6.0,4417
240,7.0,6459
240,8.0,3958
240,9.0,3492
240,10.0,4109
241,0.0,7860
241,1.0,3205
241,2.0,3105
241,3.0,6099
241,4.0,8658
241,5.0,5536
241,6.0,2421
241,7.0,6459
241,8.0,3958
241,9.0,3492
241,10.0,4109
242,0.0,3717
242,1.0,2633
242,2.0,2575
242,3.0,2866
242,4.0,7943
242,5.0,5262
242,6.0,6450
242,7.0,6459
242,8.0,3958
242,9.0,3492
242,10.0,4109
243,0.0,4554
243,1.0,6965
243,2.0,7112
243,3.0,6743
243,4.0,7595
243,5.0,8130
243,6.0,2421
243,7.0,6371
243,8.0,5144
243,9.0,3760
243,10.0,4599
244,0.0,3738
244,1.0,6846
244,2.0,3568
244,3.0,7703
244,4.0,6554
244,5.0,2842
244,6.0,2421
244,7.0,6371
244,8.0,5144
244,9.0,3760
244,10.0,4599
245,0.0,8652
245,1.0,4314
245,2.0,4672
245,3.0,3734
245,4.0,7595
245,5.0,3817
245,6.0,2421
245,7.0,6371
245,8.0,5144
245,9.0,3760
245,10.0,4599
246,0.0,5703
246,1.0,4797
246,2.0,7199
246,3.0,7703
246,4.0,8658
246,5.0,7581
246,6.0,6960
246,7.0,3432
246,8.0,4857
246,9.0,5340
246,10.0,6423
247,0.0,3518
247,1.0,7245
247,2.0,2797
247,3.0,6743
247,4.0,5113
247,5.0,5254
247,6.0,2421
247,7.0,3432
247,8.0,4857
247,9.0,5340
247,10.0,6423
248,0.0,3976
248,1.0,6404
248,2.0,8209
248,3.0,3978
248,4.0,7666
248,5.0,3817
248,6.0,2421
248,7.0,4503
248,8.0,4538
248,9.0,8534
248,10.0,3697
249,0.0,6818
249,1.0,7019
249,2.0,6779
249,3.0,6743
249,4.0,8658
249,5.0,2788
249,6.0,5004
249,7.0,4503
249,8.0,4538
249,9.0,8534
249,10.0,3697
250,0.0,5973
250,1.0,4820
250,2.0,2767
250,3.0,4256
250,4.0,7666
250,5.0,7196
250,6.0,8491
250,7.0,5093
250,8.0,8626
250,9.0,6138
250,10.0,6003
251,0.0,5551
251,1.0,4924
251,2.0,7664
251,3.0,6743
251,4.0,7666
251,5.0,3817
251,6.0,7382
251,7.0,5093
251,8.0,8626
251,9.0,6138
251,10.0,6003
252,0.0,2858
252,1.0,4182
252,2.0,7350
252,3.0,6743
252,4.0,7595
252,5.0,5254
252,6.0,7489
252,7.0,7729
252,8.0,3219
252,9.0,4675
252,10.0,4121
253,0.0,6389
253,1.0,2834
253,2.0,3812
253,3.0,2932
253,4.0,8104
253,5.0,6746
253,6.0,4503
253,7.0,7729
253,8.0,3219
253,9.0,4675
253,10.0,4121
254,0.0,8427
254,1.0,3486
254,2.0,7923
254,3.0,3201
254,4.0,8104
254,5.0,7196
254,6.0,7307
254,7.0,7729
254,8.0,3219
254,9.0,4675
254,10.0,4121
255,0.0,5386
255,1.0,6092
255,2.0,8485
255,3.0,4588
255,4.0,7666
255,5.0,6383
255,6.0,5904
255,7.0,7729
255,8.0,3219
255,9.0,4675
255,10.0,4121
256,0.0,8225
256,1.0,4608
256,2.0,2433
256,3.0,6009
256,4.0,7666
256,5.0,3894
256,6.0,5004
256,7.0,7729
256,8.0,3219
256,9.0,4675
256,10.0,4121
257,0.0,8639
257,1.0,8134
257,2.0,5707
257,3.0,4588
257,4.0,7666
257,5.0,6383
257,6.0,5904
257,7.0,7729
257,8.0,3219
257,9.0,4675
257,10.0,4121
258,0.0,5075
258,1.0,3064
258,2.0,5505
258,3.0,3201
258,4.0,8104
258,5.0,7196
258,6.0,7307
258,7.0,7729
258,8.0,3219
258,9.0,4675
258,10.0,4121
259,0.0,6417
259,1.0,6296
259,2.0,4171
259,3.0,6743
259,4.0,6554
259,5.0,5254
259,6.0,7489
259,7.0,7729
259,8.0,3219
259,9.0,4675
259,10.0,4121
260,0.0,8579
260,1.0,7893
260,2.0,7865
260,3.0,3529
260,4.0,7595
260,5.0,8102
260,6.0,2421
260,7.0,7729
260,8.0,3219
260,9.0,4675
260,10.0,4121
261,0.0,4126
261,1.0,7139
261,2.0,6376
261,3.0,2932
261,4.0,8104
261,5.0,7196
261,6.0,4503
261,7.0,7729
261,8.0,3219
261,9.0,4675
261,10.0,4121
262,0.0,7954
262,1.0,7307
262,2.0,5750
262,3.0,3201
262,4.0,8104
262,5.0,7196
262,6.0,7307
262,7.0,7729
262,8.0,3219
262,9.0,4675
262,10.0,4121
263,0.0,3778
263,1.0,3485
263,2.0,5796
263,3.0,4588
263,4.0,7666
263,5.0,6041
263,6.0,5904
263,7.0,7729
263,8.0,3219
263,9.0,4675
263,10.0,4121
264,0.0,7190
264,1.0,5176
264,2.0,7972
264,3.0,6743
264,4.0,7666
264,5.0,8494
264,6.0,4853
264,7.0,8638
264,8.0,4749
264,9.0,7674
264,10.0,2988
265,0.0,3005
265,1.0,2861
265,2.0,7978
265,3.0,2866
265,4.0,7595
265,5.0,2612
265,6.0,6373
265,7.0,8638
265,8.0,4749
265,9.0,7674
265,10.0,2988
266,0.0,3393
266,1.0,6537
266,2.0,3394
266,3.0,4409
266,4.0,7943
266,5.0,4208
266,6.0,8164
266,7.0,2677
266,8.0,4899
266,9.0,6695
266,10.0,4105
267,0.0,4971
267,1.0,5047
267,2.0,8189
267,3.0,7698
267,4.0,5113
267,5.0,4272
267,6.0,6450
267,7.0,2677
267,8.0,4899
267,9.0,6695
267,10.0,4105
268,0.0,3804
268,1.0,8575
268,2.0,2764
268,3.0,4887
268,4.0,3213
268,5.0,3682
268,6.0,6336
268,7.0,2677
268,8.0,4899
268,9.0,6695
268,10.0,4105
269,0.0,4169
269,1.0,7191
269,2.0,7185
269,3.0,3928
269,4.0,8658
269,5.0,3520
269,6.0,7307
269,7.0,2677
269,8.0,4899
269,9.0,6695
269,10.0,4105
270,0.0,4676
270,1.0,7203
270,2.0,3128
270,3.0,6743
270,4.0,8658
270,5.0,8455
270,6.0,3548
270,7.0,2677
270,8.0,4899
270,9.0,6695
270,10.0,4105
271,0.0,7545
271,1.0,8318
271,2.0,3425
271,3.0,4409
271,4.0,5113
271,5.0,3520
271,6.0,7077
271,7.0,7241
271,8.0,6948
271,9.0,6396
271,10.0,3471
272,0.0,4713
272,1.0,6377
272,2.0,8133
272,3.0,4588
272,4.0,8104
272,5.0,8576
272,6.0,2421
272,7.0,7137
272,8.0,8043
272,9.0,5987
272,10.0,4121
273,0.0,5498
273,1.0,5814
273,2.0,3049
273,3.0,4409
273,4.0,8104
273,5.0,4928
273,6.0,2421
273,7.0,7137
273,8.0,8043
273,9.0,5987
273,10.0,4121
274,0.0,7813
274,1.0,3635
274,2.0,7925
274,3.0,3529
274,4.0,7666
274,5.0,3151
274,6.0,2421
274,7.0,7137
274,8.0,8043
274,9.0,5987
274,10.0,4121
275,0.0,6015
275,1.0,4009
275,2.0,3392
275,3.0,7698
275,4.0,7943
275,5.0,3894
275,6.0,8312
275,7.0,7399
275,8.0,7823
275,9.0,3879
275,10.0,5301
276,0.0,3543
276,1.0,2572
276,2.0,7775
276,3.0,3529
276,4.0,8104
276,5.0,8038
276,6.0,8280
276,7.0,4796
276,8.0,7037
276,9.0,8268
276,10.0,8044
277,0.0,2436
277,1.0,2622
277,2.0,4322
277,3.0,6743
277,4.0,7595
277,5.0,2788
277,6.0,7307
277,7.0,4796
277,8.0,7037
277,9.0,8268
277,10.0,8044
278,0.0,4986
278,1.0,8160
278,2.0,5156
278,3.0,3698
278,4.0,7595
278,5.0,7196
278,6.0,3432
278,7.0,4796
278,8.0,7037
278,9.0,8268
278,10.0,8044
279,0.0,5289
279,1.0,6007
279,2.0,5389
279,3.0,4409
279,4.0,7595
279,5.0,7912
279,6.0,2969
279,7.0,4796
279,8.0,7037
279,9.0,8268
279,10.0,8044
280,0.0,8328
280,1.0,6341
280,2.0,8456
280,3.0,2509
280,4.0,8104
280,5.0,6420
280,6.0,6492
280,7.0,5908
280,8.0,3585
280,9.0,7963
280,10.0,4109
281,0.0,7057
281,1.0,4080
281,2.0,8498
281,3.0,3920
281,4.0,7595
281,5.0,6420
281,6.0,7077
281,7.0,5908
281,8.0,3585
281,9.0,7963
281,10.0,4109
282,0.0,4616
282,1.0,8668
282,2.0,5705
282,3.0,3734
282,4.0,7666
282,5.0,4457
282,6.0,3485
282,7.0,5908
282,8.0,3585
282,9.0,7963
282,10.0,4109
283,0.0,8607
283,1.0,8418
283,2.0,4234
283,3.0,2866
283,4.0,8104
283,5.0,8455
283,6.0,2969
283,7.0,5908
283,8.0,3585
283,9.0,7963
283,10.0,4109
284,0.0,5154
284,1.0,7557
284,2.0,8354
284,3.0,4588
284,4.0,8104
284,5.0,8538
284,6.0,8280
284,7.0,3893
284,8.0,6483
284,9.0,6617
284,10.0,4692
285,0.0,8182
285,1.0,4875
285,2.0,6632
285,3.0,2866
285,4.0,8104
285,5.0,6653
285,6.0,3185
285,7.0,3893
285,8.0,6483
285,9.0,6617
285,10.0,4692
286,0.0,6178
286,1.0,8056
286,2.0,3783
286,3.0,7698
286,4.0,7595
286,5.0,5298
286,6.0,2421
286,7.0,7535
286,8.0,5388
286,9.0,7959
286,10.0,4599
287,0.0,8211
287,1.0,5237
287,2.0,8671
287,3.0,6743
287,4.0,6799
287,5.0,4990
287,6.0,5941
287,7.0,6195
287,8.0,5388
287,9.0,7959
287,10.0,6423
288,0.0,8303
288,1.0,5041
288,2.0,8704
288,3.0,6201
288,4.0,6554
288,5.0,3817
288,6.0,4509
288,7.0,6195
288,8.0,5388
288,9.0,7959
288,10.0,6423
289,0.0,4867
289,1.0,4762
289,2.0,2915
289,3.0,3201
289,4.0,7595
289,5.0,8576
289,6.0,2421
289,7.0,6195
289,8.0,5388
289,9.0,7959
289,10.0,6423
290,0.0,2590
290,1.0,7792
290,2.0,7447
290,3.0,4588
290,4.0,7595
290,5.0,8609
290,6.0,2421
290,7.0,6195
290,8.0,5388
290,9.0,7959
290,10.0,6423
291,0.0,5742
291,1.0,6769
291,2.0,7284
291,3.0,6743
291,4.0,8104
291,5.0,2843
291,6.0,6390
291,7.0,6195
291,8.0,5388
291,9.0,7959
291,10.0,6423
292,0.0,4959
292,1.0,5638
292,2.0,6669
292,3.0,5307
292,4.0,7595
292,5.0,3520
292,6.0,2421
292,7.0,6195
292,8.0,5388
292,9.0,7959
292,10.0,6423
293,0.0,5908
293,1.0,2571
293,2.0,8195
293,3.0,3201
293,4.0,7595
293,5.0,6746
293,6.0,2421
293,7.0,5417
293,8.0,6570
293,9.0,2611
293,10.0,3440
294,0.0,8610
294,1.0,5288
294,2.0,7232
294,3.0,6897
294,4.0,6799
294,5.0,2421
294,6.0,2421
294,7.0,5417
294,8.0,6570
294,9.0,2611
294,10.0,3440
295,0.0,6424
295,1.0,4164
295,2.0,6974
295,3.0,4588
295,4.0,7666
295,5.0,5836
295,6.0,2421
295,7.0,5417
295,8.0,6570
295,9.0,2611
295,10.0,3440
296,0.0,4976
296,1.0,7832
296,2.0,3134
296,3.0,2866
296,4.0,7666
296,5.0,7581
296,6.0,2421
296,7.0,5417
296,8.0,6570
296,9.0,2611
296,10.0,3440
297,0.0,6400
297,1.0,4952
297,2.0,4467
297,3.0,4887
297,4.0,7666
297,5.0,5143
297,6.0,2421
297,7.0,5417
297,8.0,6570
297,9.0,2611
297,10.0,3440
298,0.0,7831
298,1.0,6757
298,2.0,2862
298,3.0,4564
298,4.0,8104
298,5.0,8576
298,6.0,2421
298,7.0,5417
298,8.0,6570
298,9.0,2611
298,10.0,3440
299,0.0,4764
299,1.0,8423
299,2.0,4134
299,3.0,4887
299,4.0,7595
299,5.0,2421
299,6.0,2421
299,7.0,5417
299,8.0,6570
299,9.0,2611
299,10.0,3440
300,0.0,8443
300,1.0,4513
300,2.0,8020
300,3.0,7703
300,4.0,7595
300,5.0,7196
300,6.0,2421
300,7.0,5417
300,8.0,6570
300,9.0,2611
300,10.0,3440
301,0.0,3491
301,1.0,3472
301,2.0,4118
301,3.0,3734
301,4.0,7595
301,5.0,8129
301,6.0,2421
301,7.0,5417
301,8.0,6570
301,9.0,2611
301,10.0,3440
302,0.0,5224
302,1.0,4176
302,2.0,5048
302,3.0,4409
302,4.0,7666
302,5.0,7132
302,6.0,2421
302,7.0,5417
302,8.0,6570
302,9.0,2611
302,10.0,3440
303,0.0,7042
303,1.0,7426
303,2.0,5893
303,3.0,3862
303,4.0,7666
303,5.0,4305
303,6.0,8492
303,7.0,5417
303,8.0,6570
303,9.0,2611
303,10.0,3440
304,0.0,2498
304,1.0,6933
304,2.0,5893
304,3.0,3862
304,4.0,7595
304,5.0,6868
304,6.0,8492
304,7.0,5417
304,8.0,6570
304,9.0,2611
304,10.0,3440
305,0.0,4303
305,1.0,7263
305,2.0,5893
305,3.0,3862
305,4.0,7595
305,5.0,6868
305,6.0,8492
305,7.0,5417
305,8.0,6570
305,9.0,2611
305,10.0,3440
306,0.0,4096
306,1.0,8415
306,2.0,4711
306,3.0,4409
306,4.0,7666
306,5.0,6653
306,6.0,7307
306,7.0,5417
306,8.0,6570
306,9.0,2611
306,10.0,3440
307,0.0,5897
307,1.0,6006
307,2.0,8269
307,3.0,8107
307,4.0,7666
307,5.0,7082
307,6.0,2421
307,7.0,4400
307,8.0,5474
307,9.0,7244
307,10.0,3680
308,0.0,4693
308,1.0,7371
308,2.0,4576
308,3.0,8107
308,4.0,8104
308,5.0,5599
308,6.0,2421
308,7.0,4400
308,8.0,5474
308,9.0,7244
308,10.0,3680
309,0.0,6980
309,1.0,8001
309,2.0,6360
309,3.0,4887
309,4.0,8104
309,5.0,4174
309,6.0,4714
309,7.0,7042
309,8.0,2534
309,9.0,3577
309,10.0,2421
310,0.0,4629
310,1.0,6218
310,2.0,6588
310,3.0,4409
310,4.0,7595
310,5.0,7082
310,6.0,5004
310,7.0,3961
310,8.0,8537
310,9.0,4870
310,10.0,2421
311,0.0,3965
311,1.0,8387
311,2.0,8588
311,3.0,3862
311,4.0,7666
311,5.0,2842
311,6.0,4509
311,7.0,3961
311,8.0,8537
311,9.0,8466
311,10.0,6194
312,0.0,8276
312,1.0,6842
312,2.0,5862
312,3.0,4342
312,4.0,7666
312,5.0,4208
312,6.0,8459
312,7.0,3961
312,8.0,8537
312,9.0,8466
312,10.0,6194
313,0.0,5608
313,1.0,6762
313,2.0,3985
313,3.0,4409
313,4.0,7595
313,5.0,7082
313,6.0,5004
313,7.0,3961
313,8.0,8537
313,9.0,8466
313,10.0,6194
314,0.0,7114
314,1.0,6841
314,2.0,3736
314,3.0,5312
314,4.0,8104
314,5.0,4200
314,6.0,8280
314,7.0,5467
314,8.0,8537
314,9.0,4957
314,10.0,6194
315,0.0,4565
315,1.0,5456
315,2.0,3673
315,3.0,7703
315,4.0,7666
315,5.0,2421
315,6.0,2421
315,7.0,8198
315,8.0,4124
315,9.0,6687
315,10.0,5625
316,0.0,3143
316,1.0,6710
316,2.0,5256
316,3.0,3201
316,4.0,7666
316,5.0,2421
316,6.0,2421
316,7.0,8198
316,8.0,4124
316,9.0,6687
316,10.0,5625
317,0.0,4352
317,1.0,3319
317,2.0,7896
317,3.0,2866
317,4.0,7666
317,5.0,2421
317,6.0,2421
317,7.0,8198
317,8.0,4124
317,9.0,6687
317,10.0,5625
318,0.0,5871
318,1.0,7580
318,2.0,8452
318,3.0,4409
318,4.0,8104
318,5.0,2421
318,6.0,2421
318,7.0,8198
318,8.0,4124
318,9.0,6687
318,10.0,5625
319,0.0,3595
319,1.0,7184
319,2.0,8256
319,3.0,6019
319,4.0,8053
319,5.0,2843
319,6.0,2421
319,7.0,8410
319,8.0,2885
319,9.0,6135
319,10.0,8301
320,0.0,6375
320,1.0,3657
320,2.0,5790
320,3.0,5933
320,4.0,7666
320,5.0,7206
320,6.0,4503
320,7.0,8410
320,8.0,2885
320,9.0,6135
320,10.0,8301
321,0.0,5744
321,1.0,8218
321,2.0,6597
321,3.0,3529
321,4.0,7595
321,5.0,7144
321,6.0,8280
321,7.0,8410
321,8.0,2885
321,9.0,6135
321,10.0,8301
322,0.0,7818
322,1.0,5032
322,2.0,5784
322,3.0,6651
322,4.0,7595
322,5.0,3520
322,6.0,3761
322,7.0,8410
322,8.0,2885
322,9.0,6135
322,10.0,8301
323,0.0,5099
323,1.0,7726
323,2.0,4022
323,3.0,7920
323,4.0,7666
323,5.0,3817
323,6.0,2421
323,7.0,3794
323,8.0,3655
323,9.0,6985
323,10.0,2568
324,0.0,3860
324,1.0,3040
324,2.0,5975
324,3.0,4407
324,4.0,7666
324,5.0,4208
324,6.0,2421
324,7.0,3794
324,8.0,3655
324,9.0,6985
324,10.0,2568
325,0.0,7755
325,1.0,8396
325,2.0,5165
325,3.0,4383
325,4.0,7666
325,5.0,2654
325,6.0,2421
325,7.0,3794
325,8.0,3655
325,9.0,6985
325,10.0,2568
326,0.0,7731
326,1.0,7401
326,2.0,8551
326,3.0,4256
326,4.0,8104
326,5.0,6746
326,6.0,2421
326,7.0,3794
326,8.0,3655
326,9.0,6985
326,10.0,2568
327,0.0,2474
327,1.0,8514
327,2.0,6369
327,3.0,6651
327,4.0,6799
327,5.0,7196
327,6.0,2421
327,7.0,3794
327,8.0,3655
327,9.0,6985
327,10.0,2568
328,0.0,5708
328,1.0,7596
328,2.0,8707
328,3.0,6743
328,4.0,8104
328,5.0,2842
328,6.0,2421
328,7.0,5346
328,8.0,7264
328,9.0,3949
328,10.0,2988
329,0.0,4130
329,1.0,2889
329,2.0,7807
329,3.0,5307
329,4.0,6799
329,5.0,3520
329,6.0,2421
329,7.0,5346
329,8.0,7264
329,9.0,3949
329,10.0,2988
330,0.0,5198
330,1.0,8249
330,2.0,7986
330,3.0,4588
330,4.0,7666
330,5.0,7206
330,6.0,2421
330,7.0,5346
330,8.0,7264
330,9.0,3949
330,10.0,2988
331,0.0,2769
331,1.0,2597
331,2.0,4296
331,3.0,6743
331,4.0,3213
331,5.0,5995
331,6.0,4509
331,7.0,8328
331,8.0,3919
331,9.0,3932
331,10.0,6480
332,0.0,4830
332,1.0,3539
332,2.0,3713
332,3.0,6518
332,4.0,8658
332,5.0,2654
332,6.0,3485
332,7.0,8328
332,8.0,3919
332,9.0,3932
332,10.0,6480
333,0.0,5435
333,1.0,3405
333,2.0,3359
333,3.0,4318
333,4.0,8104
333,5.0,6383
333,6.0,2421
333,7.0,2850
333,8.0,6675
333,9.0,4869
333,10.0,8301
334,0.0,3771
334,1.0,8584
334,2.0,8125
334,3.0,4318
334,4.0,7666
334,5.0,7132
334,6.0,4499
334,7.0,2850
334,8.0,6675
334,9.0,4869
334,10.0,8301
335,0.0,7729
335,1.0,4664
335,2.0,5089
335,3.0,6743
335,4.0,7595
335,5.0,8455
335,6.0,2594
335,7.0,7757
335,8.0,6848
335,9.0,8177
335,10.0,4109
336,0.0,7349
336,1.0,2874
336,2.0,3859
336,3.0,4382
336,4.0,8658
336,5.0,2788
336,6.0,8459
336,7.0,7757
336,8.0,6848
336,9.0,8177
336,10.0,4109
337,0.0,7960
337,1.0,6359
337,2.0,4287
337,3.0,4256
337,4.0,5113
337,5.0,4990
337,6.0,4509
337,7.0,7757
337,8.0,6848
337,9.0,8177
337,10.0,4109
338,0.0,5614
338,1.0,2870
338,2.0,6324
338,3.0,8296
338,4.0,7666
338,5.0,4305
338,6.0,5904
338,7.0,7757
338,8.0,6848
338,9.0,8177
338,10.0,4109
339,0.0,7938
339,1.0,8096
339,2.0,3533
339,3.0,7018
339,4.0,5113
339,5.0,2843
339,6.0,3316
339,7.0,7757
339,8.0,6848
339,9.0,8177
339,10.0,4109
340,0.0,5011
340,1.0,4569
340,2.0,7837
340,3.0,3529
340,4.0,6799
340,5.0,8102
340,6.0,2421
340,7.0,7757
340,8.0,6848
340,9.0,8177
340,10.0,4109
341,0.0,8027
341,1.0,3814
341,2.0,4643
341,3.0,6743
341,4.0,8053
341,5.0,8609
341,6.0,2421
341,7.0,7757
341,8.0,6848
341,9.0,8177
341,10.0,4109
342,0.0,3284
342,1.0,2959
342,2.0,5565
342,3.0,3529
342,4.0,8104
342,5.0,8102
342,6.0,2421
342,7.0,7757
342,8.0,6848
342,9.0,8177
342,10.0,4109
343,0.0,8396
343,1.0,2559
343,2.0,7309
343,3.0,3529
343,4.0,8104
343,5.0,8102
343,6.0,2421
343,7.0,7757
343,8.0,6848
343,9.0,8177
343,10.0,4109
344,0.0,6175
344,1.0,5429
344,2.0,3090
344,3.0,3862
344,4.0,7666
344,5.0,4990
344,6.0,6373
344,7.0,7757
344,8.0,6848
344,9.0,8177
344,10.0,4109
345,0.0,8670
345,1.0,2955
345,2.0,3618
345,3.0,8337
345,4.0,8658
345,5.0,4948
345,6.0,2421
345,7.0,7757
345,8.0,6848
345,9.0,8177
345,10.0,4109
346,0.0,6378
346,1.0,2927
346,2.0,8486
346,3.0,4409
346,4.0,7666
346,5.0,4208
346,6.0,7077
346,7.0,7757
346,8.0,6848
346,9.0,8177
346,10.0,4109
347,0.0,4415
347,1.0,5037
347,2.0,5314
347,3.0,3366
347,4.0,7666
347,5.0,6287
347,6.0,2421
347,7.0,7757
347,8.0,6848
347,9.0,8177
347,10.0,4109
348,0.0,2487
348,1.0,5549
348,2.0,4077
348,3.0,3920
348,4.0,5113
348,5.0,3934
348,6.0,2421
348,7.0,7757
348,8.0,6848
348,9.0,8177
348,10.0,4109
349,0.0,5173
349,1.0,8592
349,2.0,4567
349,3.0,4409
349,4.0,7595
349,5.0,7912
349,6.0,2421
349,7.0,7757
349,8.0,6848
349,9.0,8177
349,10.0,4109
350,0.0,7261
350,1.0,8350
350,2.0,4502
350,3.0,4588
350,4.0,7666
350,5.0,2612
350,6.0,2421
350,7.0,7757
350,8.0,6848
350,9.0,8177
350,10.0,4109
351,0.0,3079
351,1.0,8708
351,2.0,4663
351,3.0,4256
351,4.0,7595
351,5.0,4990
351,6.0,2421
351,7.0,7757
351,8.0,6848
351,9.0,8177
351,10.0,4109
352,0.0,2464
352,1.0,5749
352,2.0,8731
352,3.0,3529
352,4.0,8658
352,5.0,4990
352,6.0,2421
352,7.0,7757
352,8.0,6848
352,9.0,4166
352,10.0,2421
353,0.0,7769
353,1.0,6495
353,2.0,5089
353,3.0,6743
353,4.0,5113
353,5.0,8455
353,6.0,2594
353,7.0,7757
353,8.0,6848
353,9.0,8177
353,10.0,4109
354,0.0,2984
354,1.0,2897
354,2.0,5460
354,3.0,3920
354,4.0,8053
354,5.0,6420
354,6.0,8280
354,7.0,6399
354,8.0,7026
354,9.0,6888
354,10.0,6831
355,0.0,5713
355,1.0,7387
355,2.0,4886
355,3.0,5656
355,4.0,7595
355,5.0,7132
355,6.0,3432
355,7.0,4764
355,8.0,8390
355,9.0,6094
355,10.0,4599
356,0.0,4361
356,1.0,3409
356,2.0,5529
356,3.0,6743
356,4.0,7943
356,5.0,2842
356,6.0,7077
356,7.0,4764
356,8.0,8390
356,9.0,6094
356,10.0,4599
357,0.0,2478
357,1.0,7969
357,2.0,7921
357,3.0,7478
357,4.0,7595
357,5.0,3520
357,6.0,2421
357,7.0,4764
357,8.0,8390
357,9.0,6094
357,10.0,4599
358,0.0,7221
358,1.0,6513
358,2.0,7801
358,3.0,4681
358,4.0,7666
358,5.0,6868
358,6.0,2421
358,7.0,4764
358,8.0,8390
358,9.0,6094
358,10.0,4599
359,0.0,7186
359,1.0,8737
359,2.0,7556
359,3.0,6651
359,4.0,5113
359,5.0,4200
359,6.0,4509
359,7.0,4764
359,8.0,8390
359,9.0,6094
359,10.0,4599
360,0.0,4505
360,1.0,7828
360,2.0,7556
360,3.0,6651
360,4.0,7666
360,5.0,4200
360,6.0,4509
360,7.0,4764
360,8.0,8390
360,9.0,6094
360,10.0,4599
361,0.0,8131
361,1.0,7104
361,2.0,3746
361,3.0,8296
361,4.0,8104
361,5.0,4208
361,6.0,4380
361,7.0,4764
361,8.0,8390
361,9.0,6094
361,10.0,4599
362,0.0,4767
362,1.0,5442
362,2.0,5641
362,3.0,3201
362,4.0,8104
362,5.0,4208
362,6.0,7248
362,7.0,4764
362,8.0,8390
362,9.0,6094
362,10.0,4599
363,0.0,3794
363,1.0,4149
363,2.0,7556
363,3.0,6651
363,4.0,7666
363,5.0,4200
363,6.0,4509
363,7.0,4764
363,8.0,8390
363,9.0,6094
363,10.0,4599
364,0.0,5418
364,1.0,5045
364,2.0,6124
364,3.0,4409
364,4.0,7666
364,5.0,4200
364,6.0,7307
364,7.0,6736
364,8.0,7392
364,9.0,6995
364,10.0,4109
365,0.0,4392
365,1.0,8718
365,2.0,8166
365,3.0,4409
365,4.0,7595
365,5.0,5519
365,6.0,7307
365,7.0,6736
365,8.0,7392
365,9.0,6995
365,10.0,4109
366,0.0,8140
366,1.0,4853
366,2.0,3899
366,3.0,4409
366,4.0,7666
366,5.0,4200
366,6.0,7307
366,7.0,6736
366,8.0,7392
366,9.0,6995
366,10.0,4109
367,0.0,7220
367,1.0,7530
367,2.0,5366
367,3.0,6743
367,4.0,7666
367,5.0,5254
367,6.0,4714
367,7.0,7242
367,8.0,6068
367,9.0,7443
367,10.0,5797
368,0.0,5689
368,1.0,7276
368,2.0,4368
368,3.0,4409
368,4.0,7666
368,5.0,2842
368,6.0,2421
368,7.0,4470
368,8.0,3910
368,9.0,6327
368,10.0,6784
369,0.0,5414
369,1.0,7071
369,2.0,4821
369,3.0,6743
369,4.0,8104
369,5.0,7912
369,6.0,2421
369,7.0,4470
369,8.0,3910
369,9.0,6327
369,10.0,6784
370,0.0,2946
370,1.0,3376
370,2.0,7992
370,3.0,7090
370,4.0,7595
370,5.0,3337
370,6.0,2421
370,7.0,4470
370,8.0,3910
370,9.0,6327
370,10.0,6784
371,0.0,3700
371,1.0,5341
371,2.0,5174
371,3.0,3920
371,4.0,7666
371,5.0,7206
371,6.0,2804
371,7.0,3400
371,8.0,7453
371,9.0,7314
371,10.0,4121
372,0.0,2587
372,1.0,4094
372,2.0,5174
372,3.0,3920
372,4.0,7595
372,5.0,5519
372,6.0,2804
372,7.0,3400
372,8.0,7453
372,9.0,7314
372,10.0,4121
373,0.0,5495
373,1.0,7413
373,2.0,7304
373,3.0,6743
373,4.0,7595
373,5.0,2843
373,6.0,4714
373,7.0,3400
373,8.0,7453
373,9.0,7314
373,10.0,4121
374,0.0,7428
374,1.0,4999
374,2.0,8231
374,3.0,3698
374,4.0,7666
374,5.0,3817
374,6.0,5688
374,7.0,3400
374,8.0,7453
374,9.0,7314
374,10.0,4121
375,0.0,3220
375,1.0,6765
375,2.0,6032
375,3.0,2866
375,4.0,8104
375,5.0,5836
375,6.0,2421
375,7.0,3400
375,8.0,7453
375,9.0,7314
375,10.0,4121
376,0.0,2938
376,1.0,3830
376,2.0,3581
376,3.0,2866
376,4.0,6799
376,5.0,8576
376,6.0,4503
376,7.0,4261
376,8.0,7987
376,9.0,5980
376,10.0,5625
377,0.0,5346
377,1.0,4537
377,2.0,3669
377,3.0,5312
377,4.0,7943
377,5.0,7196
377,6.0,2421
377,7.0,6792
377,8.0,4810
377,9.0,4889
377,10.0,3680
378,0.0,8321
378,1.0,6451
378,2.0,8527
378,3.0,3201
378,4.0,7666
378,5.0,2555
378,6.0,6811
378,7.0,4288
378,8.0,7054
378,9.0,7963
378,10.0,4109
379,0.0,5417
379,1.0,3384
379,2.0,3335
379,3.0,3201
379,4.0,7595
379,5.0,7132
379,6.0,4380
379,7.0,4288
379,8.0,7054
379,9.0,7963
379,10.0,4109
380,0.0,3171
380,1.0,2809
380,2.0,8036
380,3.0,6743
380,4.0,7595
380,5.0,5968
380,6.0,7802
380,7.0,4288
380,8.0,7054
380,9.0,7963
380,10.0,4109
381,0.0,3961
381,1.0,6492
381,2.0,7551
381,3.0,2866
381,4.0,8104
381,5.0,3151
381,6.0,3416
381,7.0,4288
381,8.0,7054
381,9.0,2813
381,10.0,2421
382,0.0,7879
382,1.0,8006
382,2.0,3274
382,3.0,3978
382,4.0,7666
382,5.0,7196
382,6.0,2421
382,7.0,5897
382,8.0,2659
382,9.0,6979
382,10.0,2988
383,0.0,6910
383,1.0,3266
383,2.0,7806
383,3.0,6743
383,4.0,7666
383,5.0,3894
383,6.0,5004
383,7.0,5897
383,8.0,2659
383,9.0,6979
383,10.0,2988
384,0.0,3605
384,1.0,3209
384,2.0,6224
384,3.0,7637
384,4.0,7666
384,5.0,6746
384,6.0,2666
384,7.0,5897
384,8.0,2659
384,9.0,6979
384,10.0,2988
385,0.0,6302
385,1.0,5574
385,2.0,6316
385,3.0,3201
385,4.0,8104
385,5.0,3520
385,6.0,3761
385,7.0,5897
385,8.0,2659
385,9.0,6979
385,10.0,2988
386,0.0,2671
386,1.0,6112
386,2.0,4309
386,3.0,4409
386,4.0,8658
386,5.0,2612
386,6.0,2421
386,7.0,3416
386,8.0,7653
386,9.0,7115
386,10.0,2421
387,0.0,6391
387,1.0,8080
387,2.0,6149
387,3.0,2866
387,4.0,5113
387,5.0,4208
387,6.0,2421
387,7.0,6450
387,8.0,5770
387,9.0,4114
387,10.0,6423
388,0.0,7366
388,1.0,5210
388,2.0,8058
388,3.0,3734
388,4.0,7943
388,5.0,5262
388,6.0,2421
388,7.0,5358
388,8.0,7154
388,9.0,8048
388,10.0,6423
389,0.0,5211
389,1.0,5839
389,2.0,2814
389,3.0,3386
389,4.0,8658
389,5.0,3817
389,6.0,2421
389,7.0,5358
389,8.0,7154
389,9.0,8048
389,10.0,6423
390,0.0,4288
390,1.0,4115
390,2.0,6717
390,3.0,4442
390,4.0,3213
390,5.0,3682
390,6.0,2421
390,7.0,5358
390,8.0,7154
390,9.0,8048
390,10.0,6423
391,0.0,5486
391,1.0,2738
391,2.0,4073
391,3.0,6743
391,4.0,7943
391,5.0,3817
391,6.0,2421
391,7.0,5358
391,8.0,7154
391,9.0,8048
391,10.0,6423
392,0.0,7213
392,1.0,3468
392,2.0,3258
392,3.0,2998
392,4.0,8658
392,5.0,2843
392,6.0,2421
392,7.0,5358
392,8.0,7154
392,9.0,8048
392,10.0,6423
393,0.0,3793
393,1.0,5991
393,2.0,4331
393,3.0,6940
393,4.0,7943
393,5.0,6084
393,6.0,2421
393,7.0,5358
393,8.0,7154
393,9.0,8048
393,10.0,6423
394,0.0,3047
394,1.0,3854
394,2.0,3664
394,3.0,7346
394,4.0,8658
394,5.0,2842
394,6.0,2421
394,7.0,5358
394,8.0,7154
394,9.0,8048
394,10.0,6423
395,0.0,7771
395,1.0,4984
395,2.0,7224
395,3.0,5098
395,4.0,8053
395,5.0,2842
395,6.0,2421
395,7.0,5358
395,8.0,7154
395,9.0,8048
395,10.0,6423
396,0.0,3384
396,1.0,4733
396,2.0,3968
396,3.0,3734
396,4.0,7943
396,5.0,6947
396,6.0,2421
396,7.0,5358
396,8.0,7154
396,9.0,8048
396,10.0,6423
397,0.0,6322
397,1.0,5815
397,2.0,6202
397,3.0,7478
397,4.0,8658
397,5.0,2842
397,6.0,2421
397,7.0,5358
397,8.0,7154
397,9.0,8048
397,10.0,6423
398,0.0,2516
398,1.0,6987
398,2.0,3015
398,3.0,7346
398,4.0,7943
398,5.0,7196
398,6.0,2421
398,7.0,5358
398,8.0,7154
398,9.0,8048
398,10.0,6423
399,0.0,6115
399,1.0,6532
399,2.0,6534
399,3.0,3734
399,4.0,5113
399,5.0,4690
399,6.0,2421
399,7.0,5358
399,8.0,7154
399,9.0,8048
399,10.0,6423
400,0.0,4648
400,1.0,6315
400,2.0,4431
400,3.0,7346
400,4.0,8658
400,5.0,3520
400,6.0,2421
400,7.0,5358
400,8.0,7154
400,9.0,8048
400,10.0,6423
401,0.0,4709
401,1.0,3740
401,2.0,3086
401,3.0,3734
401,4.0,3213
401,5.0,7082
401,6.0,2421
401,7.0,5358
401,8.0,7154
401,9.0,8048
401,10.0,6423
402,0.0,7772
402,1.0,3647
402,2.0,2667
402,3.0,7698
402,4.0,5113
402,5.0,4897
402,6.0,2421
402,7.0,5358
402,8.0,7154
402,9.0,8048
402,10.0,6423
403,0.0,7624
403,1.0,5752
403,2.0,7461
403,3.0,8157
403,4.0,8658
403,5.0,5874
403,6.0,2421
403,7.0,5358
403,8.0,7154
403,9.0,8048
403,10.0,6423
404,0.0,3458
404,1.0,2470
404,2.0,3623
404,3.0,3114
404,4.0,8658
404,5.0,3699
404,6.0,2421
404,7.0,5358
404,8.0,7154
404,9.0,8048
404,10.0,6423
405,0.0,3325
405,1.0,3254
405,2.0,4359
405,3.0,3390
405,4.0,8658
405,5.0,2842
405,6.0,2421
405,7.0,5358
405,8.0,7154
405,9.0,8048
405,10.0,6423
406,0.0,7137
406,1.0,8142
406,2.0,5466
406,3.0,8299
406,4.0,3989
406,5.0,5968
406,6.0,2421
406,7.0,5358
406,8.0,7154
406,9.0,8048
406,10.0,6423
407,0.0,3563
407,1.0,6079
407,2.0,6119
407,3.0,8299
407,4.0,8658
407,5.0,2421
407,6.0,2421
407,7.0,5358
407,8.0,7154
407,9.0,8048
407,10.0,6423
408,0.0,3174
408,1.0,3181
408,2.0,2475
408,3.0,3386
408,4.0,7943
408,5.0,2421
408,6.0,2421
408,7.0,5358
408,8.0,7154
408,9.0,8048
408,10.0,6423
409,0.0,2810
409,1.0,8726
409,2.0,3272
409,3.0,7478
409,4.0,5113
409,5.0,3934
409,6.0,2421
409,7.0,5358
409,8.0,7154
409,9.0,8048
409,10.0,6423
410,0.0,3791
410,1.0,8358
410,2.0,2660
410,3.0,3928
410,4.0,8658
410,5.0,4928
410,6.0,2421
410,7.0,5358
410,8.0,7154
410,9.0,6161
410,10.0,2421
411,0.0,2552
411,1.0,4888
411,2.0,4531
411,3.0,3920
411,4.0,7943
411,5.0,6868
411,6.0,2421
411,7.0,5358
411,8.0,7154
411,9.0,8048
411,10.0,6423
412,0.0,5142
412,1.0,7930
412,2.0,4809
412,3.0,8127
412,4.0,7943
412,5.0,3996
412,6.0,2421
412,7.0,5358
412,8.0,7154
412,9.0,8048
412,10.0,6423
413,0.0,5467
413,1.0,3795
413,2.0,5217
413,3.0,2998
413,4.0,8658
413,5.0,6383
413,6.0,2421
413,7.0,5358
413,8.0,7154
413,9.0,8048
413,10.0,6423
414,0.0,4085
414,1.0,4136
414,2.0,4603
414,3.0,7346
414,4.0,8658
414,5.0,5254
414,6.0,2421
414,7.0,5358
414,8.0,7154
414,9.0,8048
414,10.0,6423
415,0.0,3777
415,1.0,3850
415,2.0,5967
415,3.0,8299
415,4.0,8658
415,5.0,5254
415,6.0,2421
415,7.0,5358
415,8.0,7154
415,9.0,8048
415,10.0,6423
416,0.0,6736
416,1.0,5605
416,2.0,7573
416,3.0,7346
416,4.0,8658
416,5.0,4208
416,6.0,2421
416,7.0,5358
416,8.0,7154
416,9.0,8048
416,10.0,6423
417,0.0,8079
417,1.0,3892
417,2.0,8565
417,3.0,7698
417,4.0,8658
417,5.0,4928
417,6.0,2421
417,7.0,5358
417,8.0,7154
417,9.0,8048
417,10.0,6423
418,0.0,8325
418,1.0,5007
418,2.0,5128
418,3.0,7703
418,4.0,5113
418,5.0,8129
418,6.0,2421
418,7.0,5358
418,8.0,7154
418,9.0,8048
418,10.0,6423
419,0.0,6716
419,1.0,5682
419,2.0,7907
419,3.0,3978
419,4.0,8658
419,5.0,8130
419,6.0,2421
419,7.0,5358
419,8.0,7154
419,9.0,8048
419,10.0,6423
420,0.0,6649
420,1.0,7383
420,2.0,6355
420,3.0,8299
420,4.0,8658
420,5.0,3175
420,6.0,2421
420,7.0,5358
420,8.0,7154
420,9.0,8048
420,10.0,6423
421,0.0,4400
421,1.0,7602
421,2.0,7295
421,3.0,8299
421,4.0,7943
421,5.0,5262
421,6.0,2421
421,7.0,5358
421,8.0,7154
421,9.0,8048
421,10.0,6423
422,0.0,4329
422,1.0,6265
422,2.0,8640
422,3.0,3386
422,4.0,7943
422,5.0,7196
422,6.0,2421
422,7.0,5358
422,8.0,7154
422,9.0,8048
422,10.0,6423
423,0.0,6290
423,1.0,5773
423,2.0,5845
423,3.0,6940
423,4.0,5113
423,5.0,3817
423,6.0,2421
423,7.0,5358
423,8.0,7154
423,9.0,8048
423,10.0,6423
424,0.0,3856
424,1.0,4340
424,2.0,3626
424,3.0,8299
424,4.0,7943
424,5.0,2842
424,6.0,2421
424,7.0,5358
424,8.0,7154
424,9.0,8048
424,10.0,6423
425,0.0,5719
425,1.0,5373
425,2.0,7525
425,3.0,7478
425,4.0,8658
425,5.0,8038
425,6.0,2421
425,7.0,5358
425,8.0,7154
425,9.0,8048
425,10.0,6423
426,0.0,7327
426,1.0,6227
426,2.0,5778
426,3.0,7703
426,4.0,7943
426,5.0,4928
426,6.0,2421
426,7.0,5358
426,8.0,7154
426,9.0,8048
426,10.0,6423
427,0.0,8675
427,1.0,5360
427,2.0,3775
427,3.0,7346
427,4.0,8053
427,5.0,3524
427,6.0,2421
427,7.0,5358
427,8.0,7154
427,9.0,8048
427,10.0,6423
428,0.0,7030
428,1.0,7152
428,2.0,6685
428,3.0,7393
428,4.0,5113
428,5.0,7658
428,6.0,2421
428,7.0,5358
428,8.0,7154
428,9.0,8048
428,10.0,6423
429,0.0,5352
429,1.0,7380
429,2.0,3611
429,3.0,3978
429,4.0,8658
429,5.0,6868
429,6.0,2421
429,7.0,5358
429,8.0,7154
429,9.0,8048
429,10.0,6423
430,0.0,5751
430,1.0,4116
430,2.0,8206
430,3.0,4887
430,4.0,7943
430,5.0,3524
430,6.0,2421
430,7.0,5358
430,8.0,7154
430,9.0,8048
430,10.0,6423
431,0.0,3688
431,1.0,7647
431,2.0,6602
431,3.0,6940
431,4.0,5113
431,5.0,2842
431,6.0,2421
431,7.0,5358
431,8.0,7154
431,9.0,8048
431,10.0,6423
432,0.0,7648
432,1.0,3382
432,2.0,6523
432,3.0,6019
432,4.0,5113
432,5.0,6746
432,6.0,2421
432,7.0,5358
432,8.0,7154
432,9.0,8048
432,10.0,6423
433,0.0,8194
433,1.0,4517
433,2.0,3438
433,3.0,3734
433,4.0,7943
433,5.0,3070
433,6.0,2421
433,7.0,5358
433,8.0,7154
433,9.0,8048
433,10.0,6423
434,0.0,5479
434,1.0,6028
434,2.0,3637
434,3.0,5813
434,4.0,8658
434,5.0,2670
434,6.0,2421
434,7.0,5358
434,8.0,7154
434,9.0,8048
434,10.0,6423
435,0.0,6074
435,1.0,6239
435,2.0,4347
435,3.0,8299
435,4.0,5113
435,5.0,3682
435,6.0,2421
435,7.0,5358
435,8.0,7154
435,9.0,8048
435,10.0,6423
436,0.0,6885
436,1.0,8246
436,2.0,8721
436,3.0,2866
436,4.0,8658
436,5.0,7206
436,6.0,2421
436,7.0,5358
436,8.0,7154
436,9.0,8048
436,10.0,6423
437,0.0,6635
437,1.0,8316
437,2.0,7669
437,3.0,8127
437,4.0,3213
437,5.0,4272
437,6.0,2421
437,7.0,5358
437,8.0,7154
437,9.0,8048
437,10.0,6423
438,0.0,7680
438,1.0,8535
438,2.0,4485
438,3.0,4442
438,4.0,7943
438,5.0,2446
438,6.0,2421
438,7.0,5358
438,8.0,7154
438,9.0,8048
438,10.0,6423
439,0.0,3887
439,1.0,5450
439,2.0,6928
439,3.0,7393
439,4.0,8658
439,5.0,4451
439,6.0,2421
439,7.0,5358
439,8.0,7154
439,9.0,8048
439,10.0,6423
440,0.0,4866
440,1.0,6798
440,2.0,7187
440,3.0,6940
440,4.0,7943
440,5.0,2842
440,6.0,2421
440,7.0,5358
440,8.0,7154
440,9.0,8048
440,10.0,6423
441,0.0,7872
441,1.0,6552
441,2.0,4702
441,3.0,6925
441,4.0,5113
441,5.0,3996
441,6.0,2421
441,7.0,5358
441,8.0,7154
441,9.0,8048
441,10.0,6423
442,0.0,6170
442,1.0,5440
442,2.0,5454
442,3.0,2866
442,4.0,8658
442,5.0,5254
442,6.0,2421
442,7.0,5358
442,8.0,7154
442,9.0,8048
442,10.0,6423
443,0.0,2677
443,1.0,7866
443,2.0,3948
443,3.0,3734
443,4.0,8658
443,5.0,4690
443,6.0,2421
443,7.0,5358
443,8.0,7154
443,9.0,8048
443,10.0,6423
444,0.0,7421
444,1.0,6996
444,2.0,7956
444,3.0,5813
444,4.0,7943
444,5.0,8524
444,6.0,2421
444,7.0,5358
444,8.0,7154
444,9.0,8048
444,10.0,6423
445,0.0,4998
445,1.0,6244
445,2.0,2744
445,3.0,7346
445,4.0,7943
445,5.0,7620
445,6.0,2421
445,7.0,5358
445,8.0,7154
445,9.0,8048
445,10.0,6423
446,0.0,4316
446,1.0,5718
446,2.0,7364
446,3.0,4862
446,4.0,8053
446,5.0,4917
446,6.0,2421
446,7.0,5358
446,8.0,7154
446,9.0,8048
446,10.0,6423
447,0.0,4339
447,1.0,2671
447,2.0,5663
447,3.0,3734
447,4.0,8658
447,5.0,5836
447,6.0,2421
447,7.0,5358
447,8.0,7154
447,9.0,8048
447,10.0,6423
448,0.0,2596
448,1.0,3605
448,2.0,2855
448,3.0,3386
448,4.0,8658
448,5.0,7206
448,6.0,2421
448,7.0,5358
448,8.0,7154
448,9.0,8048
448,10.0,6423
449,0.0,8376
449,1.0,6910
449,2.0,4370
449,3.0,7346
449,4.0,7943
449,5.0,2842
449,6.0,2421
449,7.0,5358
449,8.0,7154
449,9.0,8048
449,10.0,6423
450,0.0,3648
450,1.0,4014
450,2.0,4716
450,3.0,4409
450,4.0,7666
450,5.0,2421
450,6.0,2421
450,7.0,7695
450,8.0,6232
450,9.0,7005
450,10.0,2988
451,0.0,3160
451,1.0,4436
451,2.0,7738
451,3.0,3201
451,4.0,7666
451,5.0,2421
451,6.0,2421
451,7.0,7695
451,8.0,6232
451,9.0,5560
451,10.0,2421
452,0.0,7134
452,1.0,3904
452,2.0,7056
452,3.0,2866
452,4.0,7943
452,5.0,3934
452,6.0,2421
452,7.0,7401
452,8.0,4163
452,9.0,5837
452,10.0,8019
453,0.0,4398
453,1.0,8622
453,2.0,6105
453,3.0,2866
453,4.0,7666
453,5.0,7196
453,6.0,4380
453,7.0,7465
453,8.0,6338
453,9.0,4581
453,10.0,5822
454,0.0,8435
454,1.0,4055
454,2.0,8490
454,3.0,4409
454,4.0,6799
454,5.0,8576
454,6.0,5230
454,7.0,7465
454,8.0,6338
454,9.0,4581
454,10.0,5822
455,0.0,8683
455,1.0,5188
455,2.0,2948
455,3.0,5307
455,4.0,7666
455,5.0,8538
455,6.0,2421
455,7.0,7465
455,8.0,6338
455,9.0,4581
455,10.0,5822
456,0.0,7897
456,1.0,6893
456,2.0,6403
456,3.0,6743
456,4.0,7666
456,5.0,3934
456,6.0,4221
456,7.0,7465
456,8.0,6338
456,9.0,4581
456,10.0,5822
457,0.0,2645
457,1.0,7169
457,2.0,2926
457,3.0,7018
457,4.0,7943
457,5.0,8489
457,6.0,5941
457,7.0,6885
457,8.0,7207
457,9.0,8440
457,10.0,8301
458,0.0,7505
458,1.0,4468
458,2.0,8165
458,3.0,4715
458,4.0,7595
458,5.0,7132
458,6.0,2421
458,7.0,6885
458,8.0,7207
458,9.0,8440
458,10.0,8301
459,0.0,8178
459,1.0,5244
459,2.0,2926
459,3.0,7018
459,4.0,7666
459,5.0,8609
459,6.0,5941
459,7.0,6885
459,8.0,7207
459,9.0,8440
459,10.0,8301
460,0.0,5345
460,1.0,2474
460,2.0,5541
460,3.0,4715
460,4.0,6554
460,5.0,7132
460,6.0,2421
460,7.0,6885
460,8.0,7207
460,9.0,8440
460,10.0,8301
461,0.0,6425
461,1.0,5182
461,2.0,6437
461,3.0,8264
461,4.0,8658
461,5.0,8576
461,6.0,2421
461,7.0,6885
461,8.0,7207
461,9.0,6802
461,10.0,2421
462,0.0,6185
462,1.0,7489
462,2.0,6544
462,3.0,8264
462,4.0,6799
462,5.0,3974
462,6.0,2421
462,7.0,6885
462,8.0,7207
462,9.0,8440
462,10.0,8301
463,0.0,6278
463,1.0,8121
463,2.0,8271
463,3.0,7346
463,4.0,7943
463,5.0,4174
463,6.0,2421
463,7.0,5867
463,8.0,8403
463,9.0,7559
463,10.0,4625
464,0.0,6204
464,1.0,6722
464,2.0,3813
464,3.0,5459
464,4.0,8053
464,5.0,2421
464,6.0,2421
464,7.0,5867
464,8.0,8403
464,9.0,7559
464,10.0,4625
465,0.0,4366
465,1.0,7879
465,2.0,4141
465,3.0,6019
465,4.0,8658
465,5.0,7658
465,6.0,6450
465,7.0,5867
465,8.0,8403
465,9.0,7559
465,10.0,4625
466,0.0,7695
466,1.0,5410
466,2.0,3357
466,3.0,4383
466,4.0,7943
466,5.0,3996
466,6.0,2421
466,7.0,5867
466,8.0,8403
466,9.0,6711
466,10.0,2421
467,0.0,6744
467,1.0,3761
467,2.0,3874
467,3.0,2866
467,4.0,7943
467,5.0,5968
467,6.0,8243
467,7.0,5867
467,8.0,8403
467,9.0,7559
467,10.0,4625
468,0.0,3159
468,1.0,4499
468,2.0,3426
468,3.0,8417
468,4.0,8658
468,5.0,2612
468,6.0,7307
468,7.0,5867
468,8.0,8403
468,9.0,7559
468,10.0,4625
469,0.0,6765
469,1.0,5904
469,2.0,6797
469,3.0,4383
469,4.0,8658
469,5.0,8576
469,6.0,4503
469,7.0,5867
469,8.0,8403
469,9.0,7559
469,10.0,4625
470,0.0,3217
470,1.0,7560
470,2.0,2578
470,3.0,4318
470,4.0,5113
470,5.0,6654
470,6.0,2421
470,7.0,4361
470,8.0,3388
470,9.0,4173
470,10.0,7591
471,0.0,3909
471,1.0,8332
471,2.0,3343
471,3.0,4409
471,4.0,7666
471,5.0,8038
471,6.0,2421
471,7.0,5959
471,8.0,5840
471,9.0,7567
471,10.0,3697
472,0.0,7834
472,1.0,3926
472,2.0,4788
472,3.0,3529
472,4.0,7666
472,5.0,3817
472,6.0,4503
472,7.0,5716
472,8.0,7462
472,9.0,3494
472,10.0,2421
473,0.0,4606
473,1.0,6902
473,2.0,5915
473,3.0,7478
473,4.0,8104
473,5.0,3817
473,6.0,3185
473,7.0,5716
473,8.0,7462
473,9.0,3821
473,10.0,5625
474,0.0,7231
474,1.0,6491
474,2.0,2934
474,3.0,4887
474,4.0,5113
474,5.0,4690
474,6.0,3748
474,7.0,5716
474,8.0,7462
474,9.0,3821
474,10.0,5625
475,0.0,4267
475,1.0,8419
475,2.0,5961
475,3.0,4588
475,4.0,3213
475,5.0,6947
475,6.0,2421
475,7.0,3525
475,8.0,3367
475,9.0,4923
475,10.0,5301
476,0.0,6371
476,1.0,7600
476,2.0,8005
476,3.0,6019
476,4.0,7943
476,5.0,8609
476,6.0,2421
476,7.0,3525
476,8.0,3367
476,9.0,4923
476,10.0,5301
477,0.0,5292
477,1.0,8677
477,2.0,5209
477,3.0,3978
477,4.0,4802
477,5.0,4457
477,6.0,2421
477,7.0,3525
477,8.0,3367
477,9.0,4923
477,10.0,5301
478,0.0,5169
478,1.0,5589
478,2.0,5597
478,3.0,4409
478,4.0,8104
478,5.0,3520
478,6.0,4503
478,7.0,3525
478,8.0,3367
478,9.0,4923
478,10.0,5301
479,0.0,5081
479,1.0,2453
479,2.0,4326
479,3.0,4887
479,4.0,7595
479,5.0,3996
479,6.0,6070
479,7.0,3525
479,8.0,3367
479,9.0,4923
479,10.0,5301
480,0.0,5203
480,1.0,7787
480,2.0,5993
480,3.0,5307
480,4.0,7666
480,5.0,3817
480,6.0,2421
480,7.0,3525
480,8.0,3367
480,9.0,4923
480,10.0,5301
481,0.0,8641
481,1.0,5683
481,2.0,4065
481,3.0,3201
481,4.0,8658
481,5.0,2842
481,6.0,2421
481,7.0,3525
481,8.0,3367
481,9.0,4923
481,10.0,5301
482,0.0,7794
482,1.0,6599
482,2.0,4512
482,3.0,3201
482,4.0,5113
482,5.0,8489
482,6.0,8280
482,7.0,3525
482,8.0,3367
482,9.0,4923
482,10.0,5301
483,0.0,4357
483,1.0,6363
483,2.0,4372
483,3.0,6743
483,4.0,7943
483,5.0,3894
483,6.0,3691
483,7.0,3525
483,8.0,3367
483,9.0,4923
483,10.0,5301
484,0.0,6153
484,1.0,7153
484,2.0,3495
484,3.0,6743
484,4.0,7943
484,5.0,8609
484,6.0,2421
484,7.0,3525
484,8.0,3367
484,9.0,4923
484,10.0,5301
485,0.0,3061
485,1.0,3681
485,2.0,5597
485,3.0,4409
485,4.0,7943
485,5.0,3520
485,6.0,4503
485,7.0,3525
485,8.0,3367
485,9.0,4923
485,10.0,5301
486,0.0,3464
486,1.0,8193
486,2.0,2853
486,3.0,2989
486,4.0,8104
486,5.0,7196
486,6.0,7121
486,7.0,2928
486,8.0,7099
486,9.0,4889
486,10.0,3680
487,0.0,6767
487,1.0,7500
487,2.0,6967
487,3.0,4409
487,4.0,7595
487,5.0,4305
487,6.0,7073
487,7.0,5365
487,8.0,7895
487,9.0,4905
487,10.0,8044
488,0.0,8410
488,1.0,2804
488,2.0,7501
488,3.0,3698
488,4.0,7595
488,5.0,4948
488,6.0,2421
488,7.0,7468
488,8.0,4890
488,9.0,7661
488,10.0,8301
489,0.0,8223
489,1.0,6390
489,2.0,6242
489,3.0,6743
489,4.0,7666
489,5.0,8609
489,6.0,2421
489,7.0,7468
489,8.0,4890
489,9.0,7661
489,10.0,8301
490,0.0,4279
490,1.0,3548
490,2.0,4214
490,3.0,3994
490,4.0,8104
490,5.0,4200
490,6.0,2421
490,7.0,7468
490,8.0,4890
490,9.0,7661
490,10.0,8301
491,0.0,8035
491,1.0,3774
491,2.0,7385
491,3.0,4409
491,4.0,7595
491,5.0,7318
491,6.0,2421
491,7.0,7468
491,8.0,4890
491,9.0,7661
491,10.0,8301
492,0.0,7465
492,1.0,2720
492,2.0,5190
492,3.0,4442
492,4.0,7595
492,5.0,3524
492,6.0,2421
492,7.0,7964
492,8.0,5270
492,9.0,6486
492,10.0,4371
493,0.0,2566
493,1.0,3245
493,2.0,3544
493,3.0,4588
493,4.0,6799
493,5.0,5254
493,6.0,2421
493,7.0,7964
493,8.0,5270
493,9.0,6486
493,10.0,4371
494,0.0,5300
494,1.0,4882
494,2.0,4459
494,3.0,4409
494,4.0,7666
494,5.0,3817
494,6.0,2421
494,7.0,7964
494,8.0,5270
494,9.0,6486
494,10.0,4371
495,0.0,3035
495,1.0,4203
495,2.0,3754
495,3.0,5312
495,4.0,8658
495,5.0,4990
495,6.0,2421
495,7.0,7964
495,8.0,5270
495,9.0,6486
495,10.0,4371
496,0.0,7316
496,1.0,4630
496,2.0,3031
496,3.0,6743
496,4.0,8658
496,5.0,6084
496,6.0,2421
496,7.0,7964
496,8.0,5270
496,9.0,6486
496,10.0,4371
497,0.0,5034
497,1.0,2942
497,2.0,6209
497,3.0,4887
497,4.0,8658
497,5.0,7620
497,6.0,2421
497,7.0,7964
497,8.0,5270
497,9.0,6486
497,10.0,4371
498,0.0,8123
498,1.0,4493
498,2.0,6545
498,3.0,3920
498,4.0,5113
498,5.0,8576
498,6.0,2421
498,7.0,3431
498,8.0,8267
498,9.0,5483
498,10.0,5122
499,0.0,6676
499,1.0,6288
499,2.0,8251
499,3.0,3529
499,4.0,7943
499,5.0,4208
499,6.0,5688
499,7.0,3431
499,8.0,8267
499,9.0,5483
499,10.0,5122
500,0.0,4779
500,1.0,6249
500,2.0,6650
500,3.0,2866
500,4.0,8658
500,5.0,4928
500,6.0,7307
500,7.0,3431
500,8.0,8267
500,9.0,8360
500,10.0,2421
501,0.0,7406
501,1.0,2426
501,2.0,8550
501,3.0,6743
501,4.0,7943
501,5.0,8489
501,6.0,7532
501,7.0,3431
501,8.0,8267
501,9.0,5483
501,10.0,5122
502,0.0,6692
502,1.0,2536
502,2.0,7942
502,3.0,2866
502,4.0,3213
502,5.0,4928
502,6.0,7307
502,7.0,3431
502,8.0,8267
502,9.0,5483
502,10.0,5122
503,0.0,6722
503,1.0,3582
503,2.0,4362
503,3.0,3529
503,4.0,5113
503,5.0,4208
503,6.0,5688
503,7.0,3431
503,8.0,8267
503,9.0,5483
503,10.0,5122
504,0.0,3676
504,1.0,7141
504,2.0,3241
504,3.0,6743
504,4.0,7595
504,5.0,8489
504,6.0,7532
504,7.0,7282
504,8.0,7355
504,9.0,3788
504,10.0,3680
505,0.0,6715
505,1.0,5295
505,2.0,6379
505,3.0,3920
505,4.0,7595
505,5.0,3817
505,6.0,2421
505,7.0,7282
505,8.0,7355
505,9.0,3788
505,10.0,3680
506,0.0,5789
506,1.0,5058
506,2.0,7951
506,3.0,4409
506,4.0,7666
506,5.0,6868
506,6.0,7382
506,7.0,7282
506,8.0,7355
506,9.0,3788
506,10.0,3680
507,0.0,2616
507,1.0,3298
507,2.0,5015
507,3.0,2826
507,4.0,8104
507,5.0,6357
507,6.0,8280
507,7.0,7282
507,8.0,7355
507,9.0,3788
507,10.0,3680
508,0.0,3246
508,1.0,6577
508,2.0,5013
508,3.0,2866
508,4.0,7595
508,5.0,3151
508,6.0,3525
508,7.0,7282
508,8.0,7355
508,9.0,2918
508,10.0,2421
509,0.0,3516
509,1.0,5332
509,2.0,6466
509,3.0,6743
509,4.0,8104
509,5.0,3934
509,6.0,3316
509,7.0,7282
509,8.0,7355
509,9.0,3788
509,10.0,3680
510,0.0,5955
510,1.0,6670
510,2.0,7208
510,3.0,6743
510,4.0,6554
510,5.0,2656
510,6.0,3316
510,7.0,7282
510,8.0,7355
510,9.0,3788
510,10.0,3680
511,0.0,6418
511,1.0,6659
511,2.0,7194
511,3.0,4409
511,4.0,8104
511,5.0,6868
511,6.0,7382
511,7.0,7282
511,8.0,7355
511,9.0,3788
511,10.0,3680
512,0.0,8584
512,1.0,4197
512,2.0,7149
512,3.0,4409
512,4.0,7595
512,5.0,4305
512,6.0,7382
512,7.0,7282
512,8.0,7355
512,9.0,3788
512,10.0,3680
513,0.0,5982
513,1.0,5512
513,2.0,6776
513,3.0,4409
513,4.0,7666
513,5.0,4305
513,6.0,7382
513,7.0,7282
513,8.0,7355
513,9.0,3788
513,10.0,3680
514,0.0,6261
514,1.0,2528
514,2.0,6141
514,3.0,4409
514,4.0,7595
514,5.0,4305
514,6.0,7382
514,7.0,7282
514,8.0,7355
514,9.0,3788
514,10.0,3680
515,0.0,8149
515,1.0,6373
515,2.0,5068
515,3.0,4409
515,4.0,7666
515,5.0,4305
515,6.0,7382
515,7.0,7282
515,8.0,7355
515,9.0,3788
515,10.0,3680
516,0.0,5365
516,1.0,8492
516,2.0,8029
516,3.0,2866
516,4.0,6799
516,5.0,3151
516,6.0,3525
516,7.0,7282
516,8.0,7355
516,9.0,3788
516,10.0,3680
517,0.0,3687
517,1.0,7073
517,2.0,3341
517,3.0,6743
517,4.0,8104
517,5.0,3934
517,6.0,3316
517,7.0,7282
517,8.0,7355
517,9.0,3788
517,10.0,3680
518,0.0,5093
518,1.0,2802
518,2.0,5537
518,3.0,6897
518,4.0,7666
518,5.0,7196
518,6.0,2421
518,7.0,4549
518,8.0,3302
518,9.0,5322
518,10.0,2421
519,0.0,6622
519,1.0,2662
519,2.0,6645
519,3.0,6743
519,4.0,7666
519,5.0,6947
519,6.0,2421
519,7.0,4549
519,8.0,3302
519,9.0,7890
519,10.0,4599
520,0.0,6279
520,1.0,3478
520,2.0,5114
520,3.0,7478
520,4.0,8104
520,5.0,2421
520,6.0,2421
520,7.0,7316
520,8.0,8128
520,9.0,6396
520,10.0,3471
521,0.0,6454
521,1.0,7234
521,2.0,7001
521,3.0,2866
521,4.0,7595
521,5.0,2421
521,6.0,2421
521,7.0,7316
521,8.0,8128
521,9.0,6396
521,10.0,3471
522,0.0,4904
522,1.0,8382
522,2.0,8614
522,3.0,3529
522,4.0,6799
522,5.0,2421
522,6.0,2421
522,7.0,7316
522,8.0,8128
522,9.0,6396
522,10.0,3471
523,0.0,6329
523,1.0,2632
523,2.0,8313
523,3.0,7090
523,4.0,7666
523,5.0,2421
523,6.0,2421
523,7.0,7316
523,8.0,8128
523,9.0,6396
523,10.0,3471
524,0.0,2850
524,1.0,3514
524,2.0,5400
524,3.0,3467
524,4.0,8658
524,5.0,3996
524,6.0,8164
524,7.0,5722
524,8.0,6325
524,9.0,7179
524,10.0,4599
525,0.0,8050
525,1.0,4865
525,2.0,2710
525,3.0,4887
525,4.0,8658
525,5.0,4690
525,6.0,2570
525,7.0,5722
525,8.0,6325
525,9.0,7179
525,10.0,4599
526,0.0,4610
526,1.0,6095
526,2.0,4413
526,3.0,6743
526,4.0,8104
526,5.0,5836
526,6.0,4221
526,7.0,5722
526,8.0,6325
526,9.0,7179
526,10.0,4599
527,0.0,5420
527,1.0,5855
527,2.0,3124
527,3.0,4564
527,4.0,7666
527,5.0,3151
527,6.0,7307
527,7.0,5722
527,8.0,6325
527,9.0,7179
527,10.0,4599
528,0.0,5868
528,1.0,5524
528,2.0,7357
528,3.0,2866
528,4.0,7595
528,5.0,5836
528,6.0,4509
528,7.0,5722
528,8.0,6325
528,9.0,8540
528,10.0,2421
529,0.0,5867
529,1.0,6453
529,2.0,7946
529,3.0,2866
529,4.0,8658
529,5.0,3520
529,6.0,7307
529,7.0,3393
529,8.0,3841
529,9.0,8531
529,10.0,4599
530,0.0,2444
530,1.0,5024
530,2.0,2461
530,3.0,3529
530,4.0,8658
530,5.0,4948
530,6.0,5358
530,7.0,3393
530,8.0,3841
530,9.0,8531
530,10.0,4599
531,0.0,4168
531,1.0,8697
531,2.0,5720
531,3.0,6019
531,4.0,8104
531,5.0,2842
531,6.0,4714
531,7.0,7084
531,8.0,8290
531,9.0,8578
531,10.0,5645
532,0.0,6246
532,1.0,4422
532,2.0,5044
532,3.0,6651
532,4.0,7595
532,5.0,8576
532,6.0,3761
532,7.0,7084
532,8.0,8290
532,9.0,8578
532,10.0,5645
533,0.0,8285
533,1.0,2448
533,2.0,5731
533,3.0,4318
533,4.0,7666
533,5.0,6663
533,6.0,7399
533,7.0,7084
533,8.0,8290
533,9.0,8578
533,10.0,5645
534,0.0,4425
534,1.0,2760
534,2.0,6526
534,3.0,6743
534,4.0,7595
534,5.0,4305
534,6.0,7382
534,7.0,7084
534,8.0,8290
534,9.0,8578
534,10.0,5645
535,0.0,3690
535,1.0,3268
535,2.0,5731
535,3.0,4318
535,4.0,3213
535,5.0,6653
535,6.0,7399
535,7.0,7084
535,8.0,8290
535,9.0,8578
535,10.0,5645
536,0.0,6991
536,1.0,3242
536,2.0,8381
536,3.0,6743
536,4.0,7666
536,5.0,5254
536,6.0,7241
536,7.0,7084
536,8.0,8290
536,9.0,8578
536,10.0,5645
537,0.0,8121
537,1.0,8365
537,2.0,6905
537,3.0,6651
537,4.0,7595
537,5.0,3974
537,6.0,2421
537,7.0,7084
537,8.0,8290
537,9.0,8578
537,10.0,5645
538,0.0,5543
538,1.0,6511
538,2.0,3528
538,3.0,3201
538,4.0,7666
538,5.0,5995
538,6.0,2421
538,7.0,7084
538,8.0,8290
538,9.0,8578
538,10.0,5645
539,0.0,8561
539,1.0,6749
539,2.0,8153
539,3.0,6651
539,4.0,7595
539,5.0,8576
539,6.0,2421
539,7.0,7084
539,8.0,8290
539,9.0,8578
539,10.0,5645
540,0.0,7737
540,1.0,7378
540,2.0,2709
540,3.0,4409
540,4.0,7595
540,5.0,7196
540,6.0,2421
540,7.0,7084
540,8.0,8290
540,9.0,8578
540,10.0,5645
541,0.0,5496
541,1.0,5833
541,2.0,8408
541,3.0,2989
541,4.0,7595
541,5.0,2421
541,6.0,2421
541,7.0,7084
541,8.0,8290
541,9.0,8578
541,10.0,5645
542,0.0,3378
542,1.0,7913
542,2.0,3481
542,3.0,3529
542,4.0,7595
542,5.0,2654
542,6.0,2421
542,7.0,6722
542,8.0,5687
542,9.0,8518
542,10.0,2421
543,0.0,4212
543,1.0,4404
543,2.0,4335
543,3.0,3529
543,4.0,7595
543,5.0,6746
543,6.0,2421
543,7.0,6722
543,8.0,5687
543,9.0,8518
543,10.0,2421
544,0.0,2554
544,1.0,4552
544,2.0,5221
544,3.0,3529
544,4.0,8104
544,5.0,4804
544,6.0,2421
544,7.0,6722
544,8.0,5687
544,9.0,6016
544,10.0,3471
545,0.0,4455
545,1.0,4824
545,2.0,3802
545,3.0,3366
545,4.0,7943
545,5.0,7082
545,6.0,8459
545,7.0,7069
545,8.0,3460
545,9.0,4076
545,10.0,3471
546,0.0,5628
546,1.0,5867
546,2.0,2525
546,3.0,7018
546,4.0,7666
546,5.0,5958
546,6.0,2421
546,7.0,7069
546,8.0,3460
546,9.0,4076
546,10.0,3471
547,0.0,4726
547,1.0,7327
547,2.0,4390
547,3.0,5312
547,4.0,7666
547,5.0,6383
547,6.0,2421
547,7.0,7069
547,8.0,3460
547,9.0,4076
547,10.0,3471
548,0.0,2604
548,1.0,4187
548,2.0,2808
548,3.0,6019
548,4.0,8658
548,5.0,3996
548,6.0,7532
548,7.0,4982
548,8.0,5416
548,9.0,6193
548,10.0,6480
549,0.0,7790
549,1.0,3935
549,2.0,3660
549,3.0,5236
549,4.0,5113
549,5.0,6357
549,6.0,6811
549,7.0,4982
549,8.0,5416
549,9.0,6193
549,10.0,6480
550,0.0,7088
550,1.0,3133
550,2.0,3828
550,3.0,4887
550,4.0,7943
550,5.0,4457
550,6.0,4714
550,7.0,4982
550,8.0,5416
550,9.0,8078
550,10.0,2421
551,0.0,2765
551,1.0,5452
551,2.0,3489
551,3.0,6743
551,4.0,7666
551,5.0,2555
551,6.0,7307
551,7.0,4982
551,8.0,5416
551,9.0,6193
551,10.0,6480
552,0.0,5785
552,1.0,6479
552,2.0,5026
552,3.0,6917
552,4.0,8658
552,5.0,8494
552,6.0,2421
552,7.0,7624
552,8.0,7864
552,9.0,4889
552,10.0,3680
553,0.0,6387
553,1.0,3313
553,2.0,7926
553,3.0,6917
553,4.0,7943
553,5.0,8494
553,6.0,2421
553,7.0,7624
553,8.0,7864
553,9.0,4889
553,10.0,3680
554,0.0,3576
554,1.0,7015
554,2.0,5480
554,3.0,5307
554,4.0,8104
554,5.0,4305
554,6.0,2421
554,7.0,5198
554,8.0,5989
554,9.0,5711
554,10.0,3471
555,0.0,7468
555,1.0,7916
555,2.0,6644
555,3.0,6743
555,4.0,7595
555,5.0,8576
555,6.0,2421
555,7.0,5198
555,8.0,5989
555,9.0,5711
555,10.0,3471
556,0.0,3810
556,1.0,5090
556,2.0,7838
556,3.0,7478
556,4.0,7666
556,5.0,8102
556,6.0,2421
556,7.0,5198
556,8.0,5989
556,9.0,5711
556,10.0,3471
557,0.0,4275
557,1.0,7183
557,2.0,2777
557,3.0,3366
557,4.0,6799
557,5.0,2843
557,6.0,2421
557,7.0,5198
557,8.0,5989
557,9.0,5711
557,10.0,3471
558,0.0,8370
558,1.0,2847
558,2.0,7838
558,3.0,7478
558,4.0,6554
558,5.0,8102
558,6.0,2421
558,7.0,5198
558,8.0,5989
558,9.0,5711
558,10.0,3471
559,0.0,4276
559,1.0,5789
559,2.0,6644
559,3.0,6743
559,4.0,7666
559,5.0,8576
559,6.0,2421
559,7.0,5198
559,8.0,5989
559,9.0,5711
559,10.0,3471
560,0.0,5598
560,1.0,5081
560,2.0,8174
560,3.0,5307
560,4.0,7666
560,5.0,4305
560,6.0,2421
560,7.0,5198
560,8.0,5989
560,9.0,5711
560,10.0,3471
561,0.0,7498
561,1.0,2689
561,2.0,5296
561,3.0,7478
561,4.0,5113
561,5.0,4990
561,6.0,8280
561,7.0,5154
561,8.0,3960
561,9.0,6972
561,10.0,7591
562,0.0,8572
562,1.0,8617
562,2.0,6100
562,3.0,8526
562,4.0,3213
562,5.0,4457
562,6.0,8280
562,7.0,5154
562,8.0,3960
562,9.0,6972
562,10.0,7591
563,0.0,3214
563,1.0,4939
563,2.0,5823
563,3.0,4588
563,4.0,8104
563,5.0,2612
563,6.0,2421
563,7.0,5494
563,8.0,4819
563,9.0,5711
563,10.0,3471
564,0.0,7855
564,1.0,3946
564,2.0,5020
564,3.0,3920
564,4.0,8104
564,5.0,3151
564,6.0,2421
564,7.0,5494
564,8.0,4819
564,9.0,5711
564,10.0,3471
565,0.0,5244
565,1.0,2917
565,2.0,5439
565,3.0,4887
565,4.0,8658
565,5.0,4917
565,6.0,3311
565,7.0,5410
565,8.0,3102
565,9.0,4965
565,10.0,5625
566,0.0,6662
566,1.0,7503
566,2.0,5696
566,3.0,2421
566,4.0,8658
566,5.0,2421
566,6.0,2421
566,7.0,5410
566,8.0,3102
566,9.0,4965
566,10.0,5625
567,0.0,2865
567,1.0,4494
567,2.0,2651
567,3.0,6743
567,4.0,7943
567,5.0,8489
567,6.0,7241
567,7.0,5410
567,8.0,3102
567,9.0,4965
567,10.0,5625
568,0.0,2833
568,1.0,4057
568,2.0,8347
568,3.0,4860
568,4.0,8658
568,5.0,6041
568,6.0,7307
568,7.0,5410
568,8.0,3102
568,9.0,4965
568,10.0,5625
569,0.0,3493
569,1.0,4040
569,2.0,7411
569,3.0,4409
569,4.0,7943
569,5.0,6041
569,6.0,7073
569,7.0,5410
569,8.0,3102
569,9.0,4965
569,10.0,5625
570,0.0,2449
570,1.0,5126
570,2.0,3275
570,3.0,5307
570,4.0,8658
570,5.0,7196
570,6.0,7399
570,7.0,5410
570,8.0,3102
570,9.0,4965
570,10.0,5625
571,0.0,6154
571,1.0,6806
571,2.0,5676
571,3.0,3529
571,4.0,7595
571,5.0,6746
571,6.0,2421
571,7.0,3160
571,8.0,2903
571,9.0,8021
571,10.0,4109
572,0.0,6164
572,1.0,4784
572,2.0,8183
572,3.0,2866
572,4.0,8104
572,5.0,7196
572,6.0,2421
572,7.0,3160
572,8.0,2903
572,9.0,2882
572,10.0,2421
573,0.0,3864
573,1.0,5853
573,2.0,3709
573,3.0,4407
573,4.0,7595
573,5.0,7196
573,6.0,4503
573,7.0,3068
573,8.0,8067
573,9.0,3788
573,10.0,6194
574,0.0,5071
574,1.0,3308
574,2.0,5606
574,3.0,8264
574,4.0,6799
574,5.0,7132
574,6.0,3525
574,7.0,3068
574,8.0,8067
574,9.0,3788
574,10.0,6194
575,0.0,8315
575,1.0,2898
575,2.0,3709
575,3.0,4407
575,4.0,7595
575,5.0,7196
575,6.0,4503
575,7.0,3068
575,8.0,8067
575,9.0,3788
575,10.0,6194
576,0.0,3405
576,1.0,3497
576,2.0,3043
576,3.0,4409
576,4.0,6554
576,5.0,8576
576,6.0,8243
576,7.0,3068
576,8.0,8067
576,9.0,3788
576,10.0,6194
577,0.0,6793
577,1.0,7028
577,2.0,6932
577,3.0,8417
577,4.0,7943
577,5.0,6383
577,6.0,4380
577,7.0,5173
577,8.0,8110
577,9.0,4315
577,10.0,8044
578,0.0,6296
578,1.0,5880
578,2.0,5021
578,3.0,6743
578,4.0,8658
578,5.0,3894
578,6.0,6450
578,7.0,5173
578,8.0,8110
578,9.0,7074
578,10.0,2421
579,0.0,3739
579,1.0,4883
579,2.0,8172
579,3.0,4887
579,4.0,8658
579,5.0,2446
579,6.0,3377
579,7.0,5173
579,8.0,8110
579,9.0,4315
579,10.0,8044
580,0.0,5646
580,1.0,4358
580,2.0,6962
580,3.0,6019
580,4.0,7943
580,5.0,2788
580,6.0,8198
580,7.0,5173
580,8.0,8110
580,9.0,4315
580,10.0,8044
581,0.0,7155
581,1.0,4967
581,2.0,6207
581,3.0,7698
581,4.0,5706
581,5.0,2843
581,6.0,2421
581,7.0,4446
581,8.0,4112
581,9.0,7398
581,10.0,6194
582,0.0,7765
582,1.0,6405
582,2.0,3818
582,3.0,7703
582,4.0,6554
582,5.0,3817
582,6.0,7077
582,7.0,4446
582,8.0,4112
582,9.0,7398
582,10.0,6194
583,0.0,8011
583,1.0,6887
583,2.0,6955
583,3.0,5312
583,4.0,8104
583,5.0,7196
583,6.0,8459
583,7.0,4446
583,8.0,4112
583,9.0,7398
583,10.0,6194
584,0.0,5780
584,1.0,2678
584,2.0,5110
584,3.0,6743
584,4.0,8104
584,5.0,8130
584,6.0,7489
584,7.0,4446
584,8.0,4112
584,9.0,4122
584,10.0,2421
585,0.0,6981
585,1.0,8716
585,2.0,5732
585,3.0,5312
585,4.0,8053
585,5.0,7132
585,6.0,2421
585,7.0,6818
585,8.0,2624
585,9.0,4138
585,10.0,5301
586,0.0,6057
586,1.0,4049
586,2.0,2457
586,3.0,3978
586,4.0,8053
586,5.0,2842
586,6.0,3432
586,7.0,6818
586,8.0,2624
586,9.0,4138
586,10.0,5301
587,0.0,7255
587,1.0,7451
587,2.0,3913
587,3.0,4409
587,4.0,8658
587,5.0,3520
587,6.0,4509
587,7.0,6818
587,8.0,2624
587,9.0,4138
587,10.0,5301
588,0.0,7842
588,1.0,6745
588,2.0,4397
588,3.0,3982
588,4.0,8658
588,5.0,8038
588,6.0,2421
588,7.0,6818
588,8.0,2624
588,9.0,7598
588,10.0,2421
589,0.0,3132
589,1.0,6989
589,2.0,6844
589,3.0,2509
589,4.0,5113
589,5.0,4174
589,6.0,8287
589,7.0,7362
589,8.0,7345
589,9.0,4601
589,10.0,8301
590,0.0,4183
590,1.0,4960
590,2.0,4718
590,3.0,8296
590,4.0,5113
590,5.0,3520
590,6.0,4503
590,7.0,7362
590,8.0,7345
590,9.0,4601
590,10.0,8301
591,0.0,5149
591,1.0,8462
591,2.0,4598
591,3.0,6743
591,4.0,7943
591,5.0,5958
591,6.0,4540
591,7.0,2692
591,8.0,7467
591,9.0,6162
591,10.0,6423
592,0.0,3806
592,1.0,3951
592,2.0,6830
592,3.0,3978
592,4.0,8658
592,5.0,5958
592,6.0,5358
592,7.0,2692
592,8.0,7467
592,9.0,6162
592,10.0,6423
593,0.0,3728
593,1.0,5213
593,2.0,2541
593,3.0,4407
593,4.0,5113
593,5.0,8576
593,6.0,2421
593,7.0,2692
593,8.0,7467
593,9.0,6162
593,10.0,6423
594,0.0,7891
594,1.0,4813
594,2.0,2675
594,3.0,4887
594,4.0,7666
594,5.0,2951
594,6.0,8162
594,7.0,3377
594,8.0,4010
594,9.0,4154
594,10.0,7591
595,0.0,6699
595,1.0,6662
595,2.0,2991
595,3.0,6897
595,4.0,8104
595,5.0,4200
595,6.0,5410
595,7.0,8050
595,8.0,6372
595,9.0,6712
595,10.0,3106
596,0.0,5150
596,1.0,7092
596,2.0,6033
596,3.0,6917
596,4.0,7666
596,5.0,7196
596,6.0,2421
596,7.0,3856
596,8.0,6890
596,9.0,5229
596,10.0,5645
597,0.0,2635
597,1.0,5199
597,2.0,5900
597,3.0,6917
597,4.0,7595
597,5.0,6746
597,6.0,2421
597,7.0,3856
597,8.0,6890
597,9.0,5229
597,10.0,5645
598,0.0,5223
598,1.0,3445
598,2.0,6289
598,3.0,4681
598,4.0,7666
598,5.0,3520
598,6.0,5688
598,7.0,7189
598,8.0,4728
598,9.0,6979
598,10.0,2988
599,0.0,3720
599,1.0,5310
599,2.0,8528
599,3.0,6743
599,4.0,8104
599,5.0,5254
599,6.0,7489
599,7.0,7189
599,8.0,4728
599,9.0,6979
599,10.0,2988
600,0.0,6048
600,1.0,7486
600,2.0,3506
600,3.0,6019
600,4.0,7666
600,5.0,2670
600,6.0,7489
600,7.0,7189
600,8.0,4728
600,9.0,6979
600,10.0,2988
601,0.0,8034
601,1.0,3250
601,2.0,5231
601,3.0,4588
601,4.0,8104
601,5.0,3520
601,6.0,2421
601,7.0,7189
601,8.0,4728
601,9.0,6979
601,10.0,2988
602,0.0,6040
602,1.0,8147
602,2.0,4718
602,3.0,8296
602,4.0,7666
602,5.0,3520
602,6.0,2421
602,7.0,7189
602,8.0,4728
602,9.0,6979
602,10.0,2988
603,0.0,5458
603,1.0,2888
603,2.0,5566
603,3.0,3920
603,4.0,7666
603,5.0,3817
603,6.0,2421
603,7.0,7189
603,8.0,4728
603,9.0,6979
603,10.0,2988
604,0.0,4661
604,1.0,4631
604,2.0,5326
604,3.0,6743
604,4.0,6799
604,5.0,7132
604,6.0,2421
604,7.0,7189
604,8.0,4728
604,9.0,6979
604,10.0,2988
605,0.0,6198
605,1.0,4447
605,2.0,6431
605,3.0,6743
605,4.0,7550
605,5.0,2843
605,6.0,5004
605,7.0,7189
605,8.0,4728
605,9.0,6979
605,10.0,2988
606,0.0,5405
606,1.0,3753
606,2.0,6297
606,3.0,6743
606,4.0,7595
606,5.0,2843
606,6.0,5004
606,7.0,7189
606,8.0,4728
606,9.0,6979
606,10.0,2988
607,0.0,6709
607,1.0,6174
607,2.0,4027
607,3.0,4409
607,4.0,6799
607,5.0,4928
607,6.0,2421
607,7.0,7189
607,8.0,4728
607,9.0,6979
607,10.0,2988
608,0.0,8222
608,1.0,3104
608,2.0,6159
608,3.0,6743
608,4.0,7666
608,5.0,8130
608,6.0,5004
608,7.0,7189
608,8.0,4728
608,9.0,6979
608,10.0,2988
609,0.0,2601
609,1.0,6021
609,2.0,7675
609,3.0,6743
609,4.0,7595
609,5.0,2843
609,6.0,5004
609,7.0,7189
609,8.0,4728
609,9.0,6979
609,10.0,2988
610,0.0,8415
610,1.0,7608
610,2.0,6919
610,3.0,6743
610,4.0,7666
610,5.0,2843
610,6.0,5004
610,7.0,7189
610,8.0,4728
610,9.0,6979
610,10.0,2988
611,0.0,7263
611,1.0,7273
611,2.0,3370
611,3.0,4409
611,4.0,7666
611,5.0,3520
611,6.0,2421
611,7.0,7189
611,8.0,4728
611,9.0,6979
611,10.0,2988
612,0.0,3264
612,1.0,4432
612,2.0,7713
612,3.0,3201
612,4.0,7943
612,5.0,8576
612,6.0,2421
612,7.0,7189
612,8.0,4728
612,9.0,6979
612,10.0,2988
613,0.0,4262
613,1.0,3184
613,2.0,5522
613,3.0,6743
613,4.0,8104
613,5.0,2788
613,6.0,7241
613,7.0,7189
613,8.0,4728
613,9.0,6979
613,10.0,2988
614,0.0,2451
614,1.0,8509
614,2.0,7219
614,3.0,6743
614,4.0,7595
614,5.0,2788
614,6.0,7241
614,7.0,7189
614,8.0,4728
614,9.0,6979
614,10.0,2988
615,0.0,4526
615,1.0,8389
615,2.0,3672
615,3.0,3920
615,4.0,8104
615,5.0,7581
615,6.0,7489
615,7.0,7189
615,8.0,4728
615,9.0,6979
615,10.0,2988
616,0.0,4487
616,1.0,3855
616,2.0,4193
616,3.0,4409
616,4.0,8104
616,5.0,6746
616,6.0,2421
616,7.0,7189
616,8.0,4728
616,9.0,6979
616,10.0,2988
617,0.0,8585
617,1.0,4008
617,2.0,5520
617,3.0,3982
617,4.0,7595
617,5.0,3520
617,6.0,5688
617,7.0,7189
617,8.0,4728
617,9.0,6429
617,10.0,2421
618,0.0,8445
618,1.0,2449
618,2.0,5520
618,3.0,4588
618,4.0,8104
618,5.0,5836
618,6.0,5688
618,7.0,7189
618,8.0,4728
618,9.0,6979
618,10.0,2988
619,0.0,6771
619,1.0,3493
619,2.0,5594
619,3.0,4318
619,4.0,7666
619,5.0,6746
619,6.0,2421
619,7.0,7189
619,8.0,4728
619,9.0,6979
619,10.0,2988
620,0.0,2815
620,1.0,2833
620,2.0,8416
620,3.0,2866
620,4.0,8104
620,5.0,7148
620,6.0,8312
620,7.0,7189
620,8.0,4728
620,9.0,6979
620,10.0,2988
621,0.0,7003
621,1.0,4455
621,2.0,4172
621,3.0,6743
621,4.0,8104
621,5.0,2788
621,6.0,7241
621,7.0,7189
621,8.0,4728
621,9.0,6979
621,10.0,2988
622,0.0,4418
622,1.0,2554
622,2.0,6984
622,3.0,7478
622,4.0,6799
622,5.0,6746
622,6.0,7399
622,7.0,7189
622,8.0,4728
622,9.0,6979
622,10.0,2988
623,0.0,8473
623,1.0,3692
623,2.0,8377
623,3.0,8151
623,4.0,7666
623,5.0,4990
623,6.0,2421
623,7.0,3342
623,8.0,5096
623,9.0,4078
623,10.0,4599
624,0.0,2599
624,1.0,7899
624,2.0,7707
624,3.0,3467
624,4.0,8104
624,5.0,3817
624,6.0,2421
624,7.0,3342
624,8.0,5096
624,9.0,4078
624,10.0,4599
625,0.0,4997
625,1.0,6636
625,2.0,8547
625,3.0,7478
625,4.0,7666
625,5.0,7132
625,6.0,2421
625,7.0,3342
625,8.0,5096
625,9.0,4078
625,10.0,4599
626,0.0,5718
626,1.0,6761
626,2.0,8596
626,3.0,4318
626,4.0,7666
626,5.0,5968
626,6.0,2421
626,7.0,3342
626,8.0,5096
626,9.0,4078
626,10.0,4599
627,0.0,5548
627,1.0,5658
627,2.0,5939
627,3.0,6743
627,4.0,8104
627,5.0,2842
627,6.0,2421
627,7.0,3342
627,8.0,5096
627,9.0,4078
627,10.0,4599
628,0.0,6247
628,1.0,7221
628,2.0,3243
628,3.0,8151
628,4.0,7666
628,5.0,7924
628,6.0,2421
628,7.0,3342
628,8.0,5096
628,9.0,4078
628,10.0,4599
629,0.0,7400
629,1.0,5959
629,2.0,4160
629,3.0,2932
629,4.0,7666
629,5.0,6868
629,6.0,2421
629,7.0,3342
629,8.0,5096
629,9.0,4078
629,10.0,4599
630,0.0,5336
630,1.0,7748
630,2.0,4915
630,3.0,6743
630,4.0,8658
630,5.0,5262
630,6.0,5004
630,7.0,3595
630,8.0,4001
630,9.0,8483
630,10.0,8044
631,0.0,4924
631,1.0,6876
631,2.0,8392
631,3.0,6019
631,4.0,8104
631,5.0,7206
631,6.0,8312
631,7.0,8079
631,8.0,2443
631,9.0,4889
631,10.0,3680
632,0.0,6495
632,1.0,5202
632,2.0,3112
632,3.0,3201
632,4.0,7943
632,5.0,7144
632,6.0,4640
632,7.0,8079
632,8.0,2443
632,9.0,4889
632,10.0,3680
633,0.0,8179
633,1.0,7712
633,2.0,2907
633,3.0,3529
633,4.0,8104
633,5.0,8102
633,6.0,5230
633,7.0,4085
633,8.0,8574
633,9.0,5558
633,10.0,6951
634,0.0,7655
634,1.0,4412
634,2.0,6582
634,3.0,4588
634,4.0,7595
634,5.0,5254
634,6.0,7382
634,7.0,4085
634,8.0,8574
634,9.0,5558
634,10.0,6951
635,0.0,4577
635,1.0,8205
635,2.0,6614
635,3.0,5312
635,4.0,7595
635,5.0,6653
635,6.0,3878
635,7.0,3469
635,8.0,2758
635,9.0,3350
635,10.0,8425
636,0.0,2574
636,1.0,6145
636,2.0,8012
636,3.0,6743
636,4.0,7595
636,5.0,2842
636,6.0,8312
636,7.0,3469
636,8.0,2758
636,9.0,3350
636,10.0,8425
637,0.0,2847
637,1.0,8476
637,2.0,4224
637,3.0,2866
637,4.0,7666
637,5.0,8576
637,6.0,3525
637,7.0,3469
637,8.0,2758
637,9.0,3350
637,10.0,8425
638,0.0,7377
638,1.0,5238
638,2.0,8698
638,3.0,2866
638,4.0,8104
638,5.0,8576
638,6.0,3525
638,7.0,3469
638,8.0,2758
638,9.0,3350
638,10.0,8425
639,0.0,3764
639,1.0,6464
639,2.0,6250
639,3.0,3978
639,4.0,3213
639,5.0,7912
639,6.0,2421
639,7.0,2456
639,8.0,2830
639,9.0,6146
639,10.0,6831
640,0.0,4070
640,1.0,2429
640,2.0,5798
640,3.0,6743
640,4.0,5113
640,5.0,8609
640,6.0,8312
640,7.0,8641
640,8.0,3180
640,9.0,6344
640,10.0,5861
641,0.0,2854
641,1.0,6859
641,2.0,5956
641,3.0,4564
641,4.0,5113
641,5.0,4990
641,6.0,8459
641,7.0,8641
641,8.0,3180
641,9.0,6344
641,10.0,5861
642,0.0,4820
642,1.0,4919
642,2.0,6911
642,3.0,3529
642,4.0,8658
642,5.0,4305
642,6.0,2666
642,7.0,8641
642,8.0,3180
642,9.0,7962
642,10.0,2421
643,0.0,4936
643,1.0,4774
643,2.0,5828
643,3.0,6897
643,4.0,7666
643,5.0,7196
643,6.0,2421
643,7.0,2501
643,8.0,8008
643,9.0,4401
643,10.0,7260
644,0.0,6133
644,1.0,7423
644,2.0,4269
644,3.0,2866
644,4.0,8104
644,5.0,8576
644,6.0,2421
644,7.0,2501
644,8.0,8008
644,9.0,4401
644,10.0,7260
645,0.0,5811
645,1.0,5816
645,2.0,4428
645,3.0,3928
645,4.0,7595
645,5.0,5519
645,6.0,2421
645,7.0,2501
645,8.0,8008
645,9.0,4401
645,10.0,7260
646,0.0,3708
646,1.0,6320
646,2.0,2911
646,3.0,3862
646,4.0,7666
646,5.0,3934
646,6.0,2421
646,7.0,2501
646,8.0,8008
646,9.0,5994
646,10.0,2421
647,0.0,6893
647,1.0,8277
647,2.0,5643
647,3.0,2989
647,4.0,8104
647,5.0,5734
647,6.0,2421
647,7.0,6418
647,8.0,7334
647,9.0,3443
647,10.0,8019
648,0.0,3353
648,1.0,8557
648,2.0,5582
648,3.0,5312
648,4.0,7595
648,5.0,6746
648,6.0,2421
648,7.0,5785
648,8.0,8307
648,9.0,8705
648,10.0,5481
649,0.0,7811
649,1.0,4165
649,2.0,6073
649,3.0,3529
649,4.0,8658
649,5.0,8538
649,6.0,2421
649,7.0,6261
649,8.0,5197
649,9.0,7011
649,10.0,4109
650,0.0,3072
650,1.0,7973
650,2.0,3289
650,3.0,3928
650,4.0,7943
650,5.0,5575
650,6.0,5410
650,7.0,6261
650,8.0,5197
650,9.0,7011
650,10.0,4109
651,0.0,8563
651,1.0,7468
651,2.0,5947
651,3.0,6019
651,4.0,8658
651,5.0,6084
651,6.0,7844
651,7.0,6261
651,8.0,5197
651,9.0,7011
651,10.0,4109
652,0.0,4061
652,1.0,5615
652,2.0,3973
652,3.0,4409
652,4.0,6554
652,5.0,3817
652,6.0,5755
652,7.0,6749
652,8.0,8513
652,9.0,8021
652,10.0,4109
653,0.0,5455
653,1.0,8569
653,2.0,6707
653,3.0,3114
653,4.0,8104
653,5.0,5575
653,6.0,5688
653,7.0,6749
653,8.0,8513
653,9.0,8021
653,10.0,4109
654,0.0,5282
654,1.0,4159
654,2.0,2728
654,3.0,7703
654,4.0,6799
654,5.0,7082
654,6.0,2421
654,7.0,6749
654,8.0,8513
654,9.0,8021
654,10.0,4109
655,0.0,5658
655,1.0,6657
655,2.0,3115
655,3.0,2866
655,4.0,7666
655,5.0,2421
655,6.0,2421
655,7.0,6749
655,8.0,8513
655,9.0,8021
655,10.0,4109
656,0.0,6761
656,1.0,7634
656,2.0,6903
656,3.0,2866
656,4.0,7595
656,5.0,2421
656,6.0,2421
656,7.0,6749
656,8.0,8513
656,9.0,8021
656,10.0,4109
657,0.0,3296
657,1.0,7733
657,2.0,6941
657,3.0,7478
657,4.0,7666
657,5.0,8576
657,6.0,4380
657,7.0,6749
657,8.0,8513
657,9.0,8021
657,10.0,4109
658,0.0,7973
658,1.0,3264
658,2.0,7728
658,3.0,4409
658,4.0,7595
658,5.0,3817
658,6.0,2421
658,7.0,6749
658,8.0,8513
658,9.0,8021
658,10.0,4109
659,0.0,5464
659,1.0,5713
659,2.0,3339
659,3.0,2866
659,4.0,7595
659,5.0,8576
659,6.0,5688
659,7.0,6749
659,8.0,8513
659,9.0,8021
659,10.0,4109
660,0.0,2960
660,1.0,6443
660,2.0,3412
660,3.0,6743
660,4.0,7666
660,5.0,2842
660,6.0,7489
660,7.0,5703
660,8.0,7125
660,9.0,5639
660,10.0,6951
661,0.0,8660
661,1.0,8414
661,2.0,4030
661,3.0,5236
661,4.0,7595
661,5.0,8038
661,6.0,2421
661,7.0,5703
661,8.0,7125
661,9.0,5639
661,10.0,6951
662,0.0,2423
662,1.0,7739
662,2.0,7482
662,3.0,3529
662,4.0,7666
662,5.0,4948
662,6.0,5688
662,7.0,3582
662,8.0,6157
662,9.0,6825
662,10.0,4210
663,0.0,8236
663,1.0,5547
663,2.0,6612
663,3.0,3920
663,4.0,7666
663,5.0,5836
663,6.0,2421
663,7.0,3582
663,8.0,6157
663,9.0,6825
663,10.0,4210
664,0.0,5032
664,1.0,3454
664,2.0,5303
664,3.0,4409
664,4.0,8104
664,5.0,4305
664,6.0,2421
664,7.0,3582
664,8.0,6157
664,9.0,6825
664,10.0,4210
665,0.0,3993
665,1.0,7267
665,2.0,4706
665,3.0,2866
665,4.0,6554
665,5.0,2842
665,6.0,2421
665,7.0,6533
665,8.0,7985
665,9.0,8361
665,10.0,4302
666,0.0,8218
666,1.0,5507
666,2.0,4727
666,3.0,8417
666,4.0,8104
666,5.0,8455
666,6.0,2421
666,7.0,6533
666,8.0,7985
666,9.0,8361
666,10.0,4302
667,0.0,7500
667,1.0,8324
667,2.0,5896
667,3.0,4588
667,4.0,7666
667,5.0,5836
667,6.0,2421
667,7.0,6533
667,8.0,7985
667,9.0,8361
667,10.0,4302
668,0.0,6244
668,1.0,6551
668,2.0,6435
668,3.0,3529
668,4.0,8104
668,5.0,7132
668,6.0,2421
668,7.0,6533
668,8.0,7985
668,9.0,8361
668,10.0,4302
669,0.0,6996
669,1.0,5496
669,2.0,4290
669,3.0,5307
669,4.0,7595
669,5.0,5836
669,6.0,2421
669,7.0,6533
669,8.0,7985
669,9.0,8361
669,10.0,4302
670,0.0,7866
670,1.0,7545
670,2.0,3360
670,3.0,3920
670,4.0,8104
670,5.0,8494
670,6.0,2421
670,7.0,6533
670,8.0,7985
670,9.0,8361
670,10.0,4302
671,0.0,4360
671,1.0,4676
671,2.0,5621
671,3.0,6743
671,4.0,7666
671,5.0,3817
671,6.0,2421
671,7.0,6533
671,8.0,7985
671,9.0,8361
671,10.0,4302
672,0.0,6643
672,1.0,5129
672,2.0,6726
672,3.0,2866
672,4.0,8658
672,5.0,7206
672,6.0,7242
672,7.0,3909
672,8.0,7336
672,9.0,6995
672,10.0,4109
673,0.0,5901
673,1.0,6075
673,2.0,5892
673,3.0,5312
673,4.0,7943
673,5.0,8576
673,6.0,5313
673,7.0,3909
673,8.0,7336
673,9.0,6995
673,10.0,4109
674,0.0,6708
674,1.0,4943
674,2.0,5353
674,3.0,3529
674,4.0,7943
674,5.0,4948
674,6.0,2421
674,7.0,7114
674,8.0,6280
674,9.0,3033
674,10.0,5301
675,0.0,6615
675,1.0,7097
675,2.0,6566
675,3.0,7478
675,4.0,8658
675,5.0,3151
675,6.0,2421
675,7.0,7114
675,8.0,6280
675,9.0,3033
675,10.0,5301
676,0.0,5440
676,1.0,6386
676,2.0,2610
676,3.0,8526
676,4.0,7943
676,5.0,7581
676,6.0,2421
676,7.0,7114
676,8.0,6280
676,9.0,3033
676,10.0,5301
677,0.0,3381
677,1.0,7254
677,2.0,4410
677,3.0,6743
677,4.0,8658
677,5.0,4928
677,6.0,2421
677,7.0,7114
677,8.0,6280
677,9.0,3033
677,10.0,5301
678,0.0,6126
678,1.0,7192
678,2.0,5248
678,3.0,2932
678,4.0,8104
678,5.0,8038
678,6.0,2421
678,7.0,7818
678,8.0,8548
678,9.0,4889
678,10.0,5054
679,0.0,3742
679,1.0,6536
679,2.0,3666
679,3.0,5312
679,4.0,6799
679,5.0,7206
679,6.0,2421
679,7.0,7818
679,8.0,8548
679,9.0,4889
679,10.0,5054
680,0.0,6075
680,1.0,7829
680,2.0,2756
680,3.0,4382
680,4.0,8104
680,5.0,7581
680,6.0,2421
680,7.0,3142
680,8.0,5600
680,9.0,7058
680,10.0,3016
681,0.0,2584
681,1.0,5243
681,2.0,8441
681,3.0,3529
681,4.0,8104
681,5.0,6746
681,6.0,4380
681,7.0,3142
681,8.0,5600
681,9.0,7058
681,10.0,3016
682,0.0,7312
682,1.0,3261
682,2.0,2784
682,3.0,3698
682,4.0,8104
682,5.0,4208
682,6.0,3878
682,7.0,3142
682,8.0,5600
682,9.0,7058
682,10.0,3016
683,0.0,6778
683,1.0,6385
683,2.0,5701
683,3.0,3920
683,4.0,7666
683,5.0,3520
683,6.0,2421
683,7.0,3142
683,8.0,5600
683,9.0,7058
683,10.0,3016
684,0.0,7733
684,1.0,5311
684,2.0,6002
684,3.0,4887
684,4.0,7666
684,5.0,8524
684,6.0,6070
684,7.0,3142
684,8.0,5600
684,9.0,7058
684,10.0,3016
685,0.0,6427
685,1.0,5166
685,2.0,2522
685,3.0,6743
685,4.0,7666
685,5.0,6947
685,6.0,4714
685,7.0,3142
685,8.0,5600
685,9.0,7058
685,10.0,3016
686,0.0,8409
686,1.0,7693
686,2.0,5123
686,3.0,3386
686,4.0,7595
686,5.0,2843
686,6.0,2421
686,7.0,3142
686,8.0,5600
686,9.0,7058
686,10.0,3016
687,0.0,2863
687,1.0,8475
687,2.0,8632
687,3.0,4409
687,4.0,8104
687,5.0,3817
687,6.0,2421
687,7.0,3142
687,8.0,5600
687,9.0,7058
687,10.0,3016
688,0.0,5647
688,1.0,8097
688,2.0,8667
688,3.0,6743
688,4.0,8658
688,5.0,6947
688,6.0,2421
688,7.0,3648
688,8.0,8471
688,9.0,4710
688,10.0,4109
689,0.0,3204
689,1.0,7135
689,2.0,6457
689,3.0,6743
689,4.0,5113
689,5.0,6947
689,6.0,2421
689,7.0,3648
689,8.0,8471
689,9.0,4710
689,10.0,4109
690,0.0,2965
690,1.0,4348
690,2.0,7740
690,3.0,6743
690,4.0,5113
690,5.0,7148
690,6.0,2421
690,7.0,2478
690,8.0,3936
690,9.0,2768
690,10.0,5301
691,0.0,3657
691,1.0,5318
691,2.0,8583
691,3.0,2989
691,4.0,7666
691,5.0,3520
691,6.0,2421
691,7.0,6387
691,8.0,7101
691,9.0,7980
691,10.0,5645
692,0.0,6395
692,1.0,7359
692,2.0,5824
692,3.0,3529
692,4.0,8104
692,5.0,7196
692,6.0,2421
692,7.0,4830
692,8.0,8699
692,9.0,2868
692,10.0,8044
693,0.0,8366
693,1.0,4585
693,2.0,6808
693,3.0,4409
693,4.0,8104
693,5.0,7196
693,6.0,2421
693,7.0,4830
693,8.0,8699
693,9.0,2868
693,10.0,8044
694,0.0,4724
694,1.0,3792
694,2.0,4782
694,3.0,2866
694,4.0,7595
694,5.0,5160
694,6.0,8492
694,7.0,4130
694,8.0,7789
694,9.0,5527
694,10.0,5122
695,0.0,4765
695,1.0,7702
695,2.0,5670
695,3.0,4342
695,4.0,7595
695,5.0,7206
695,6.0,2421
695,7.0,6292
695,8.0,2512
695,9.0,5593
695,10.0,5625
696,0.0,4194
696,1.0,6510
696,2.0,4237
696,3.0,4588
696,4.0,7666
696,5.0,5575
696,6.0,6931
696,7.0,6292
696,8.0,2512
696,9.0,5593
696,10.0,5625
697,0.0,7955
697,1.0,4879
697,2.0,7730
697,3.0,4887
697,4.0,8104
697,5.0,4917
697,6.0,7532
697,7.0,6292
697,8.0,2512
697,9.0,5593
697,10.0,5625
698,0.0,8095
698,1.0,4297
698,2.0,5679
698,3.0,4409
698,4.0,8104
698,5.0,7206
698,6.0,2421
698,7.0,6292
698,8.0,2512
698,9.0,5593
698,10.0,5625
699,0.0,7990
699,1.0,7922
699,2.0,4657
699,3.0,7158
699,4.0,7666
699,5.0,2843
699,6.0,2421
699,7.0,6292
699,8.0,2512
699,9.0,5593
699,10.0,5625
700,0.0,2732
700,1.0,8562
700,2.0,6894
700,3.0,3734
700,4.0,7943
700,5.0,4990
700,6.0,5688
700,7.0,6292
700,8.0,2512
700,9.0,5593
700,10.0,5625
701,0.0,2510
701,1.0,3331
701,2.0,4942
701,3.0,4564
701,4.0,7666
701,5.0,6653
701,6.0,2421
701,7.0,6292
701,8.0,2512
701,9.0,5593
701,10.0,5625
702,0.0,6044
702,1.0,5860
702,2.0,6432
702,3.0,3529
702,4.0,7666
702,5.0,3974
702,6.0,5313
702,7.0,6292
702,8.0,2512
702,9.0,5593
702,10.0,5625
703,0.0,7067
703,1.0,2976
703,2.0,7463
703,3.0,6743
703,4.0,8104
703,5.0,2843
703,6.0,7241
703,7.0,6292
703,8.0,2512
703,9.0,5593
703,10.0,5625
704,0.0,8464
704,1.0,4158
704,2.0,7176
704,3.0,6743
704,4.0,8104
704,5.0,7132
704,6.0,2969
704,7.0,4616
704,8.0,4949
704,9.0,3306
704,10.0,4861
705,0.0,3406
705,1.0,6317
705,2.0,4373
705,3.0,4715
705,4.0,8104
705,5.0,7196
705,6.0,8280
705,7.0,4616
705,8.0,4949
705,9.0,3306
705,10.0,4861
706,0.0,4972
706,1.0,3230
706,2.0,4621
706,3.0,6518
706,4.0,7595
706,5.0,7082
706,6.0,7382
706,7.0,7134
706,8.0,7601
706,9.0,3044
706,10.0,5822
707,0.0,7021
707,1.0,7968
707,2.0,3502
707,3.0,3529
707,4.0,7666
707,5.0,4305
707,6.0,5755
707,7.0,7134
707,8.0,7601
707,9.0,3044
707,10.0,5822
708,0.0,6558
708,1.0,3667
708,2.0,7365
708,3.0,6743
708,4.0,8104
708,5.0,2842
708,6.0,7844
708,7.0,7134
708,8.0,7601
708,9.0,3044
708,10.0,5822
709,0.0,5172
709,1.0,3515
709,2.0,6191
709,3.0,7637
709,4.0,8104
709,5.0,7912
709,6.0,5755
709,7.0,7134
709,8.0,7601
709,9.0,3044
709,10.0,5822
710,0.0,3449
710,1.0,3606
710,2.0,5938
710,3.0,6743
710,4.0,8104
710,5.0,2843
710,6.0,2421
710,7.0,7954
710,8.0,3881
710,9.0,7963
710,10.0,4109
711,0.0,2722
711,1.0,8631
711,2.0,7488
711,3.0,3920
711,4.0,7666
711,5.0,6746
711,6.0,2421
711,7.0,7954
711,8.0,3881
711,9.0,7963
711,10.0,4109
712,0.0,6394
712,1.0,3719
712,2.0,4475
712,3.0,4409
712,4.0,7666
712,5.0,6746
712,6.0,4503
712,7.0,4398
712,8.0,4483
712,9.0,3877
712,10.0,3680
713,0.0,8384
713,1.0,5272
713,2.0,7222
713,3.0,3698
713,4.0,8104
713,5.0,3974
713,6.0,8280
713,7.0,7288
713,8.0,4763
713,9.0,6598
713,10.0,3697
714,0.0,3762
714,1.0,4561
714,2.0,5008
714,3.0,6993
714,4.0,6554
714,5.0,4948
714,6.0,8459
714,7.0,7288
714,8.0,4763
714,9.0,6598
714,10.0,3697
715,0.0,4165
715,1.0,7416
715,2.0,7016
715,3.0,6743
715,4.0,7595
715,5.0,5160
715,6.0,6336
715,7.0,7288
715,8.0,4763
715,9.0,8351
715,10.0,2421
716,0.0,7989
716,1.0,8060
716,2.0,7705
716,3.0,6616
716,4.0,6554
716,5.0,7196
716,6.0,6195
716,7.0,7288
716,8.0,4763
716,9.0,8351
716,10.0,2421
717,0.0,7576
717,1.0,2531
717,2.0,4612
717,3.0,3978
717,4.0,7666
717,5.0,6746
717,6.0,2421
717,7.0,7288
717,8.0,4763
717,9.0,6598
717,10.0,3697
718,0.0,3969
718,1.0,7329
718,2.0,4734
718,3.0,4887
718,4.0,7666
718,5.0,5143
718,6.0,6450
718,7.0,7288
718,8.0,4763
718,9.0,6598
718,10.0,3697
719,0.0,8400
719,1.0,6580
719,2.0,4785
719,3.0,6993
719,4.0,7595
719,5.0,4948
719,6.0,8459
719,7.0,7288
719,8.0,4763
719,9.0,6598
719,10.0,3697
720,0.0,8499
720,1.0,6103
720,2.0,2787
720,3.0,4409
720,4.0,7666
720,5.0,7257
720,6.0,7077
720,7.0,3827
720,8.0,8633
720,9.0,5932
720,10.0,6194
721,0.0,2714
721,1.0,6361
721,2.0,7649
721,3.0,4409
721,4.0,6554
721,5.0,8576
721,6.0,5904
721,7.0,3827
721,8.0,8633
721,9.0,5932
721,10.0,6194
722,0.0,7681
722,1.0,5040
722,2.0,8188
722,3.0,2866
722,4.0,8658
722,5.0,8314
722,6.0,4499
722,7.0,4279
722,8.0,4036
722,9.0,3599
722,10.0,8044
723,0.0,8555
723,1.0,3971
723,2.0,3091
723,3.0,6019
723,4.0,3213
723,5.0,2421
723,6.0,2421
723,7.0,4279
723,8.0,4036
723,9.0,5916
723,10.0,2421
724,0.0,3571
724,1.0,6216
724,2.0,3890
724,3.0,6743
724,4.0,7943
724,5.0,6420
724,6.0,6450
724,7.0,4279
724,8.0,4036
724,9.0,3599
724,10.0,8044
725,0.0,3858
725,1.0,3708
725,2.0,7034
725,3.0,4382
725,4.0,7943
725,5.0,7100
725,6.0,6195
725,7.0,4279
725,8.0,4036
725,9.0,3599
725,10.0,8044
726,0.0,3140
726,1.0,5108
726,2.0,5921
726,3.0,4409
726,4.0,7666
726,5.0,8038
726,6.0,2421
726,7.0,5871
726,8.0,4953
726,9.0,6869
726,10.0,3106
727,0.0,5769
727,1.0,4738
727,2.0,4099
727,3.0,6743
727,4.0,5113
727,5.0,6947
727,6.0,2594
727,7.0,4629
727,8.0,3578
727,9.0,8662
727,10.0,3106
728,0.0,7568
728,1.0,5430
728,2.0,4257
728,3.0,2866
728,4.0,6554
728,5.0,2421
728,6.0,2421
728,7.0,6767
728,8.0,5147
728,9.0,4111
728,10.0,6784
729,0.0,6216
729,1.0,6329
729,2.0,6576
729,3.0,3698
729,4.0,8053
729,5.0,2421
729,6.0,2421
729,7.0,2444
729,8.0,3487
729,9.0,5065
729,10.0,4109
730,0.0,3971
730,1.0,8376
730,2.0,7402
730,3.0,3862
730,4.0,8658
730,5.0,2421
730,6.0,2421
730,7.0,2444
730,8.0,3487
730,9.0,5065
730,10.0,4109
731,0.0,5834
731,1.0,2596
731,2.0,2529
731,3.0,4887
731,4.0,5113
731,5.0,2421
731,6.0,2421
731,7.0,2444
731,8.0,3487
731,9.0,5065
731,10.0,4109
732,0.0,3113
732,1.0,4339
732,2.0,5191
732,3.0,4409
732,4.0,7943
732,5.0,2421
732,6.0,2421
732,7.0,2444
732,8.0,3487
732,9.0,5065
732,10.0,4109
733,0.0,7317
733,1.0,4316
733,2.0,4573
733,3.0,6518
733,4.0,5113
733,5.0,2421
733,6.0,2421
733,7.0,2444
733,8.0,3487
733,9.0,5065
733,10.0,4109
734,0.0,5431
734,1.0,4998
734,2.0,8002
734,3.0,7090
734,4.0,7943
734,5.0,2421
734,6.0,2421
734,7.0,2444
734,8.0,3487
734,9.0,5065
734,10.0,4109
735,0.0,6819
735,1.0,8033
735,2.0,7886
735,3.0,6917
735,4.0,8104
735,5.0,4200
735,6.0,2421
735,7.0,4998
735,8.0,5189
735,9.0,6333
735,10.0,4599
736,0.0,8277
736,1.0,7075
736,2.0,4228
736,3.0,6917
736,4.0,8104
736,5.0,6383
736,6.0,2421
736,7.0,4998
736,8.0,5189
736,9.0,6333
736,10.0,4599
737,0.0,3008
737,1.0,6563
737,2.0,4760
737,3.0,6743
737,4.0,6554
737,5.0,4897
737,6.0,7532
737,7.0,3035
737,8.0,3550
737,9.0,4710
737,10.0,4109
738,0.0,5253
738,1.0,4699
738,2.0,4651
738,3.0,3978
738,4.0,7595
738,5.0,6383
738,6.0,5230
738,7.0,3035
738,8.0,3550
738,9.0,4710
738,10.0,4109
739,0.0,8094
739,1.0,6353
739,2.0,3235
739,3.0,3698
739,4.0,8104
739,5.0,6691
739,6.0,6195
739,7.0,3035
739,8.0,3550
739,9.0,4710
739,10.0,4109
740,0.0,2736
740,1.0,5659
740,2.0,4786
740,3.0,2866
740,4.0,7595
740,5.0,2612
740,6.0,3774
740,7.0,3035
740,8.0,3550
740,9.0,4710
740,10.0,4109
741,0.0,6110
741,1.0,8420
741,2.0,7066
741,3.0,6743
741,4.0,7595
741,5.0,2656
741,6.0,4221
741,7.0,7938
741,8.0,8517
741,9.0,3530
741,10.0,2988
742,0.0,3628
742,1.0,7897
742,2.0,8442
742,3.0,3201
742,4.0,7666
742,5.0,8038
742,6.0,7399
742,7.0,8121
742,8.0,6366
742,9.0,3417
742,10.0,8301
743,0.0,5049
743,1.0,4868
743,2.0,3776
743,3.0,3467
743,4.0,5113
743,5.0,7196
743,6.0,2421
743,7.0,5689
743,8.0,8468
743,9.0,6530
743,10.0,4109
744,0.0,6078
744,1.0,2997
744,2.0,2621
744,3.0,6743
744,4.0,5113
744,5.0,4457
744,6.0,7961
744,7.0,5689
744,8.0,8468
744,9.0,6530
744,10.0,4109
745,0.0,2895
745,1.0,5569
745,2.0,4872
745,3.0,4409
745,4.0,3213
745,5.0,3817
745,6.0,2421
745,7.0,5689
745,8.0,8468
745,9.0,6530
745,10.0,4109
746,0.0,2569
746,1.0,5693
746,2.0,2741
746,3.0,3467
746,4.0,8658
746,5.0,7196
746,6.0,2421
746,7.0,5689
746,8.0,8468
746,9.0,6530
746,10.0,4109
747,0.0,5803
747,1.0,8150
747,2.0,8722
747,3.0,3978
747,4.0,5113
747,5.0,3520
747,6.0,2421
747,7.0,5689
747,8.0,8468
747,9.0,6530
747,10.0,4109
748,0.0,7850
748,1.0,3742
748,2.0,5291
748,3.0,4564
748,4.0,5113
748,5.0,7132
748,6.0,2421
748,7.0,5689
748,8.0,8468
748,9.0,6530
748,10.0,4109
749,0.0,4306
749,1.0,3047
749,2.0,6477
749,3.0,6743
749,4.0,7943
749,5.0,4457
749,6.0,7961
749,7.0,5689
749,8.0,8468
749,9.0,6530
749,10.0,4109
750,0.0,8476
750,1.0,6060
750,2.0,2715
750,3.0,3862
750,4.0,8658
750,5.0,5958
750,6.0,2421
750,7.0,3079
750,8.0,6370
750,9.0,7570
750,10.0,7591
751,0.0,4613
751,1.0,6643
751,2.0,4771
751,3.0,8264
751,4.0,3989
751,5.0,4200
751,6.0,5688
751,7.0,8149
751,8.0,7435
751,9.0,6712
751,10.0,3106
752,0.0,6364
752,1.0,4343
752,2.0,7023
752,3.0,4588
752,4.0,7595
752,5.0,2843
752,6.0,2421
752,7.0,6204
752,8.0,8171
752,9.0,5753
752,10.0,2988
753,0.0,7584
753,1.0,5864
753,2.0,2435
753,3.0,2826
753,4.0,5113
753,5.0,6746
753,6.0,2421
753,7.0,7834
753,8.0,5666
753,9.0,7744
753,10.0,3106
754,0.0,4980
754,1.0,3097
754,2.0,3172
754,3.0,3978
754,4.0,6799
754,5.0,8576
754,6.0,2421
754,7.0,4853
754,8.0,5277
754,9.0,7963
754,10.0,4109
755,0.0,4468
755,1.0,4198
755,2.0,8261
755,3.0,4409
755,4.0,8104
755,5.0,8576
755,6.0,2421
755,7.0,4853
755,8.0,5277
755,9.0,7963
755,10.0,4109
756,0.0,4504
756,1.0,5794
756,2.0,6620
756,3.0,2989
756,4.0,7666
756,5.0,6746
756,6.0,2421
756,7.0,4853
756,8.0,5277
756,9.0,7963
756,10.0,4109
757,0.0,7527
757,1.0,3249
757,2.0,4230
757,3.0,6743
757,4.0,7666
757,5.0,5254
757,6.0,2421
757,7.0,4853
757,8.0,5277
757,9.0,7963
757,10.0,4109
758,0.0,5521
758,1.0,8232
758,2.0,3654
758,3.0,6743
758,4.0,7595
758,5.0,7318
758,6.0,5004
758,7.0,2536
758,8.0,3701
758,9.0,3768
758,10.0,3106
759,0.0,5271
759,1.0,3706
759,2.0,6252
759,3.0,6743
759,4.0,7666
759,5.0,5254
759,6.0,4714
759,7.0,2536
759,8.0,3701
759,9.0,3768
759,10.0,3106
760,0.0,8687
760,1.0,7391
760,2.0,7347
760,3.0,3529
760,4.0,5113
760,5.0,4948
760,6.0,5313
760,7.0,5904
760,8.0,5193
760,9.0,5979
760,10.0,5301
761,0.0,3439
761,1.0,3027
761,2.0,6916
761,3.0,7346
761,4.0,5113
761,5.0,8130
761,6.0,5833
761,7.0,5904
761,8.0,5193
761,9.0,5979
761,10.0,5301
762,0.0,5287
762,1.0,5602
762,2.0,7839
762,3.0,3201
762,4.0,8658
762,5.0,6383
762,6.0,2421
762,7.0,5904
762,8.0,5193
762,9.0,5979
762,10.0,5301
763,0.0,7085
763,1.0,3352
763,2.0,4896
763,3.0,4409
763,4.0,8658
763,5.0,8576
763,6.0,2421
763,7.0,5904
763,8.0,5193
763,9.0,5979
763,10.0,5301
764,0.0,3883
764,1.0,5391
764,2.0,4334
764,3.0,3920
764,4.0,7943
764,5.0,4990
764,6.0,2421
764,7.0,5904
764,8.0,5193
764,9.0,5979
764,10.0,5301
765,0.0,3064
765,1.0,4349
765,2.0,5097
765,3.0,4256
765,4.0,7943
765,5.0,3151
765,6.0,5377
765,7.0,5904
765,8.0,5193
765,9.0,5979
765,10.0,5301
766,0.0,8134
766,1.0,7564
766,2.0,6474
766,3.0,5236
766,4.0,8104
766,5.0,6514
766,6.0,2421
766,7.0,7490
766,8.0,4647
766,9.0,8440
766,10.0,8301
767,0.0,3847
767,1.0,7808
767,2.0,2902
767,3.0,4887
767,4.0,8658
767,5.0,4917
767,6.0,2421
767,7.0,7490
767,8.0,4647
767,9.0,8440
767,10.0,8301
768,0.0,3819
768,1.0,7193
768,2.0,8623
768,3.0,4409
768,4.0,7666
768,5.0,3520
768,6.0,2421
768,7.0,7490
768,8.0,4647
768,9.0,8440
768,10.0,8301
769,0.0,6090
769,1.0,5247
769,2.0,7876
769,3.0,6743
769,4.0,8104
769,5.0,3051
769,6.0,2421
769,7.0,7490
769,8.0,4647
769,9.0,8440
769,10.0,8301
770,0.0,4925
770,1.0,3764
770,2.0,7858
770,3.0,4409
770,4.0,7666
770,5.0,5836
770,6.0,2421
770,7.0,7490
770,8.0,4647
770,9.0,8440
770,10.0,8301
771,0.0,2929
771,1.0,4622
771,2.0,3755
771,3.0,4409
771,4.0,7666
771,5.0,7196
771,6.0,8491
771,7.0,3771
771,8.0,2791
771,9.0,6772
771,10.0,2492
772,0.0,2923
772,1.0,4787
772,2.0,8108
772,3.0,8526
772,4.0,7666
772,5.0,7132
772,6.0,3416
772,7.0,3771
772,8.0,2791
772,9.0,6772
772,10.0,2492
773,0.0,4543
773,1.0,6058
773,2.0,5992
773,3.0,6743
773,4.0,8104
773,5.0,5262
773,6.0,7241
773,7.0,3771
773,8.0,2791
773,9.0,6772
773,10.0,2492
774,0.0,8460
774,1.0,4000
774,2.0,8322
774,3.0,4409
774,4.0,8104
774,5.0,5160
774,6.0,7382
774,7.0,4300
774,8.0,3838
774,9.0,3173
774,10.0,7591
775,0.0,5434
775,1.0,6430
775,2.0,6865
775,3.0,6743
775,4.0,8658
775,5.0,2843
775,6.0,4714
775,7.0,4300
775,8.0,3838
775,9.0,3173
775,10.0,7591
776,0.0,4239
776,1.0,3147
776,2.0,3649
776,3.0,7703
776,4.0,7943
776,5.0,2843
776,6.0,4540
776,7.0,3458
776,8.0,6367
776,9.0,6995
776,10.0,4109
777,0.0,5100
777,1.0,3980
777,2.0,5448
777,3.0,3386
777,4.0,8658
777,5.0,6746
777,6.0,3185
777,7.0,3458
777,8.0,6367
777,9.0,6995
777,10.0,4109
778,0.0,2650
778,1.0,7096
778,2.0,6197
778,3.0,7546
778,4.0,8658
778,5.0,7196
778,6.0,3185
778,7.0,3458
778,8.0,6367
778,9.0,6995
778,10.0,4109
779,0.0,7466
779,1.0,5787
779,2.0,2657
779,3.0,5312
779,4.0,7943
779,5.0,7196
779,6.0,3185
779,7.0,3458
779,8.0,6367
779,9.0,7927
779,10.0,2421
780,0.0,8602
780,1.0,3164
780,2.0,7691
780,3.0,6743
780,4.0,5113
780,5.0,8130
780,6.0,7241
780,7.0,3458
780,8.0,6367
780,9.0,6995
780,10.0,4109
781,0.0,4552
781,1.0,3704
781,2.0,4180
781,3.0,2866
781,4.0,5113
781,5.0,5575
781,6.0,8669
781,7.0,3517
781,8.0,3321
781,9.0,3120
781,10.0,3680
782,0.0,4404
782,1.0,7805
782,2.0,2914
782,3.0,3978
782,4.0,8658
782,5.0,6653
782,6.0,2421
782,7.0,3517
782,8.0,3321
782,9.0,3120
782,10.0,3680
783,0.0,7913
783,1.0,4015
783,2.0,4766
783,3.0,6743
783,4.0,3213
783,5.0,6383
783,6.0,2421
783,7.0,3517
783,8.0,3321
783,9.0,3120
783,10.0,3680
784,0.0,6286
784,1.0,4190
784,2.0,7562
784,3.0,2866
784,4.0,3213
784,5.0,2788
784,6.0,8669
784,7.0,3517
784,8.0,3321
784,9.0,3120
784,10.0,3680
785,0.0,6449
785,1.0,2584
785,2.0,5984
785,3.0,4887
785,4.0,7943
785,5.0,8494
785,6.0,2421
785,7.0,3517
785,8.0,3321
785,9.0,3120
785,10.0,3680
786,0.0,2724
786,1.0,4796
786,2.0,6248
786,3.0,8526
786,4.0,5113
786,5.0,7196
786,6.0,2421
786,7.0,3517
786,8.0,3321
786,9.0,3120
786,10.0,3680
787,0.0,2528
787,1.0,8581
787,2.0,3710
787,3.0,4887
787,4.0,7666
787,5.0,4286
787,6.0,2421
787,7.0,8730
787,8.0,4590
787,9.0,4215
787,10.0,2939
788,0.0,5512
788,1.0,5428
788,2.0,8629
788,3.0,4887
788,4.0,8658
788,5.0,3699
788,6.0,2421
788,7.0,8730
788,8.0,4590
788,9.0,4215
788,10.0,2939
789,0.0,4197
789,1.0,2937
789,2.0,7642
789,3.0,4887
789,4.0,8658
789,5.0,2670
789,6.0,4714
789,7.0,8730
789,8.0,4590
789,9.0,4215
789,10.0,2939
790,0.0,6659
790,1.0,4421
790,2.0,5946
790,3.0,3920
790,4.0,8658
790,5.0,5836
790,6.0,4509
790,7.0,8730
790,8.0,4590
790,9.0,4215
790,10.0,2939
791,0.0,6670
791,1.0,7514
791,2.0,6638
791,3.0,5883
791,4.0,7666
791,5.0,7132
791,6.0,2421
791,7.0,7073
791,8.0,2524
791,9.0,4016
791,10.0,8044
792,0.0,5332
792,1.0,3782
792,2.0,6968
792,3.0,4256
792,4.0,7666
792,5.0,5836
792,6.0,7077
792,7.0,7073
792,8.0,2524
792,9.0,4016
792,10.0,8044
793,0.0,6577
793,1.0,6255
793,2.0,6234
793,3.0,5312
793,4.0,7666
793,5.0,4990
793,6.0,3185
793,7.0,7073
793,8.0,2524
793,9.0,8146
793,10.0,2421
794,0.0,8682
794,1.0,2431
794,2.0,7646
794,3.0,4887
794,4.0,8658
794,5.0,3070
794,6.0,2421
794,7.0,5386
794,8.0,7616
794,9.0,7887
794,10.0,3697
795,0.0,4673
795,1.0,4453
795,2.0,7742
795,3.0,6019
795,4.0,5113
795,5.0,7581
795,6.0,4714
795,7.0,5386
795,8.0,7616
795,9.0,7887
795,10.0,3697
796,0.0,6321
796,1.0,4430
796,2.0,7774
796,3.0,4862
796,4.0,8658
796,5.0,3187
796,6.0,2421
796,7.0,5386
796,8.0,7616
796,9.0,7887
796,10.0,3697
797,0.0,5749
797,1.0,5873
797,2.0,2727
797,3.0,3201
797,4.0,5113
797,5.0,7196
797,6.0,8459
797,7.0,5386
797,8.0,7616
797,9.0,7887
797,10.0,3697
798,0.0,3962
798,1.0,8093
798,2.0,3598
798,3.0,7703
798,4.0,8658
798,5.0,6654
798,6.0,2421
798,7.0,5386
798,8.0,7616
798,9.0,7887
798,10.0,3697
799,0.0,4244
799,1.0,7704
799,2.0,8077
799,3.0,2866
799,4.0,8053
799,5.0,4174
799,6.0,2594
799,7.0,5386
799,8.0,7616
799,9.0,7887
799,10.0,3697
800,0.0,2729
800,1.0,7293
800,2.0,4321
800,3.0,4409
800,4.0,5113
800,5.0,3520
800,6.0,2421
800,7.0,5386
800,8.0,7616
800,9.0,7887
800,10.0,3697
801,0.0,8024
801,1.0,5203
801,2.0,6807
801,3.0,6743
801,4.0,5113
801,5.0,2788
801,6.0,2421
801,7.0,5386
801,8.0,7616
801,9.0,7887
801,10.0,3697
802,0.0,6438
802,1.0,7261
802,2.0,4801
802,3.0,4409
802,4.0,7943
802,5.0,3520
802,6.0,2421
802,7.0,5386
802,8.0,7616
802,9.0,7887
802,10.0,3697
803,0.0,5680
803,1.0,5173
803,2.0,4133
803,3.0,3529
803,4.0,7943
803,5.0,3337
803,6.0,2421
803,7.0,5386
803,8.0,7616
803,9.0,7887
803,10.0,3697
804,0.0,7029
804,1.0,4448
804,2.0,3627
804,3.0,6743
804,4.0,8104
804,5.0,7132
804,6.0,5941
804,7.0,5377
804,8.0,4833
804,9.0,2567
804,10.0,8044
805,0.0,4375
805,1.0,6872
805,2.0,3144
805,3.0,6743
805,4.0,7666
805,5.0,2788
805,6.0,8312
805,7.0,5377
805,8.0,4833
805,9.0,4341
805,10.0,2421
806,0.0,4978
806,1.0,4020
806,2.0,6281
806,3.0,4564
806,4.0,7666
806,5.0,4208
806,6.0,2421
806,7.0,5377
806,8.0,4833
806,9.0,2567
806,10.0,8044
807,0.0,8718
807,1.0,7871
807,2.0,7166
807,3.0,3529
807,4.0,8104
807,5.0,8102
807,6.0,2421
807,7.0,5377
807,8.0,4833
807,9.0,2567
807,10.0,8044
808,0.0,7293
808,1.0,2702
808,2.0,7029
808,3.0,3529
808,4.0,8104
808,5.0,8102
808,6.0,3185
808,7.0,5377
808,8.0,4833
808,9.0,2567
808,10.0,8044
809,0.0,2838
809,1.0,4666
809,2.0,3084
809,3.0,5098
809,4.0,8658
809,5.0,2842
809,6.0,2421
809,7.0,8280
809,8.0,5843
809,9.0,3879
809,10.0,5301
810,0.0,3610
810,1.0,2723
810,2.0,8437
810,3.0,3529
810,4.0,5113
810,5.0,7196
810,6.0,4499
810,7.0,8280
810,8.0,5843
810,9.0,3879
810,10.0,5301
811,0.0,8075
811,1.0,5131
811,2.0,6688
811,3.0,6743
811,4.0,5113
811,5.0,3817
811,6.0,4417
811,7.0,8280
811,8.0,5843
811,9.0,3879
811,10.0,5301
812,0.0,8297
812,1.0,6622
812,2.0,8619
812,3.0,6743
812,4.0,7595
812,5.0,2421
812,6.0,2421
812,7.0,4168
812,8.0,7303
812,9.0,6785
812,10.0,6784
813,0.0,6923
813,1.0,6468
813,2.0,4129
813,3.0,4409
813,4.0,7943
813,5.0,5836
813,6.0,2421
813,7.0,6960
813,8.0,6238
813,9.0,6977
813,10.0,3697
814,0.0,7888
814,1.0,6709
814,2.0,5761
814,3.0,6743
814,4.0,7595
814,5.0,3396
814,6.0,5004
814,7.0,6279
814,8.0,3479
814,9.0,4740
814,10.0,8589
815,0.0,8636
815,1.0,5405
815,2.0,3071
815,3.0,2989
815,4.0,7666
815,5.0,8102
815,6.0,3761
815,7.0,6279
815,8.0,3479
815,9.0,4740
815,10.0,8589
816,0.0,2664
816,1.0,7824
816,2.0,2603
816,3.0,3920
816,4.0,7666
816,5.0,2654
816,6.0,2421
816,7.0,3548
816,8.0,8016
816,9.0,8274
816,10.0,6194
817,0.0,3238
817,1.0,7650
817,2.0,6042
817,3.0,6743
817,4.0,7595
817,5.0,2843
817,6.0,7241
817,7.0,3548
817,8.0,8016
817,9.0,8274
817,10.0,6194
818,0.0,7676
818,1.0,3252
818,2.0,3155
818,3.0,3734
818,4.0,6799
818,5.0,4457
818,6.0,2421
818,7.0,4986
818,8.0,4072
818,9.0,2493
818,10.0,8425
819,0.0,6889
819,1.0,4950
819,2.0,6319
819,3.0,6743
819,4.0,8104
819,5.0,7206
819,6.0,2421
819,7.0,4986
819,8.0,4072
819,9.0,2493
819,10.0,8425
820,0.0,7325
820,1.0,7031
820,2.0,3997
820,3.0,3920
820,4.0,7595
820,5.0,6947
820,6.0,2421
820,7.0,4986
820,8.0,4072
820,9.0,2493
820,10.0,8425
821,0.0,2878
821,1.0,3531
821,2.0,7741
821,3.0,3529
821,4.0,8104
821,5.0,7132
821,6.0,2421
821,7.0,4986
821,8.0,4072
821,9.0,2493
821,10.0,8425
822,0.0,6085
822,1.0,4146
822,2.0,8504
822,3.0,7478
822,4.0,7666
822,5.0,7196
822,6.0,7399
822,7.0,7619
822,8.0,5487
822,9.0,6066
822,10.0,6480
823,0.0,7697
823,1.0,5577
823,2.0,7436
823,3.0,6743
823,4.0,7666
823,5.0,8494
823,6.0,7489
823,7.0,7619
823,8.0,5487
823,9.0,6066
823,10.0,6480
824,0.0,5922
824,1.0,8003
824,2.0,5962
824,3.0,3386
824,4.0,7666
824,5.0,3974
824,6.0,2421
824,7.0,4911
824,8.0,8226
824,9.0,3046
824,10.0,3680
825,0.0,2490
825,1.0,7469
825,2.0,5019
825,3.0,6743
825,4.0,7595
825,5.0,5968
825,6.0,2421
825,7.0,4911
825,8.0,8226
825,9.0,3046
825,10.0,3680
826,0.0,5820
826,1.0,6738
826,2.0,5782
826,3.0,6743
826,4.0,8658
826,5.0,7132
826,6.0,2421
826,7.0,4911
826,8.0,8226
826,9.0,3046
826,10.0,3680
827,0.0,3297
827,1.0,4700
827,2.0,6587
827,3.0,6743
827,4.0,8658
827,5.0,2842
827,6.0,2421
827,7.0,4911
827,8.0,8226
827,9.0,3046
827,10.0,3680
828,0.0,2891
828,1.0,2588
828,2.0,4270
828,3.0,6019
828,4.0,8658
828,5.0,5254
828,6.0,2421
828,7.0,4911
828,8.0,8226
828,9.0,3046
828,10.0,3680
829,0.0,4871
829,1.0,5714
829,2.0,5940
829,3.0,6743
829,4.0,5113
829,5.0,5262
829,6.0,2421
829,7.0,4911
829,8.0,8226
829,9.0,3046
829,10.0,3680
830,0.0,5082
830,1.0,7064
830,2.0,7484
830,3.0,4409
830,4.0,8658
830,5.0,7912
830,6.0,2421
830,7.0,4911
830,8.0,8226
830,9.0,3046
830,10.0,3680
831,0.0,2747
831,1.0,5901
831,2.0,3067
831,3.0,7478
831,4.0,8658
831,5.0,8576
831,6.0,2421
831,7.0,4911
831,8.0,8226
831,9.0,3046
831,10.0,3680
832,0.0,6426
832,1.0,7498
832,2.0,8655
832,3.0,4409
832,4.0,7943
832,5.0,3520
832,6.0,2421
832,7.0,4911
832,8.0,8226
832,9.0,3046
832,10.0,3680
833,0.0,7965
833,1.0,2765
833,2.0,7727
833,3.0,4442
833,4.0,5113
833,5.0,6810
833,6.0,2421
833,7.0,4911
833,8.0,8226
833,9.0,3046
833,10.0,3680
834,0.0,8138
834,1.0,5871
834,2.0,6030
834,3.0,8264
834,4.0,7943
834,5.0,6383
834,6.0,2421
834,7.0,4911
834,8.0,8226
834,9.0,3046
834,10.0,3680
835,0.0,4231
835,1.0,4352
835,2.0,7929
835,3.0,6743
835,4.0,5113
835,5.0,7142
835,6.0,2605
835,7.0,4911
835,8.0,8226
835,9.0,3046
835,10.0,3680
836,0.0,3401
836,1.0,2450
836,2.0,4353
836,3.0,2866
836,4.0,7666
836,5.0,2421
836,6.0,2421
836,7.0,2920
836,8.0,8676
836,9.0,7517
836,10.0,2421
837,0.0,5739
837,1.0,5637
837,2.0,4266
837,3.0,3201
837,4.0,7666
837,5.0,3337
837,6.0,3416
837,7.0,6311
837,8.0,8089
837,9.0,3561
837,10.0,8044
838,0.0,8424
838,1.0,3197
838,2.0,8500
838,3.0,2866
838,4.0,7595
838,5.0,4305
838,6.0,8280
838,7.0,6311
838,8.0,8089
838,9.0,3561
838,10.0,8044
839,0.0,8365
839,1.0,4591
839,2.0,5588
839,3.0,5312
839,4.0,8104
839,5.0,6653
839,6.0,5230
839,7.0,6311
839,8.0,8089
839,9.0,3561
839,10.0,8044
840,0.0,8657
840,1.0,6308
840,2.0,5754
840,3.0,6743
840,4.0,8104
840,5.0,4928
840,6.0,8243
840,7.0,6311
840,8.0,8089
840,9.0,3561
840,10.0,8044
841,0.0,2886
841,1.0,3911
841,2.0,5055
841,3.0,4382
841,4.0,7595
841,5.0,4917
841,6.0,3548
841,7.0,4380
841,8.0,4132
841,9.0,8048
841,10.0,6423
842,0.0,2766
842,1.0,3109
842,2.0,8063
842,3.0,6743
842,4.0,7666
842,5.0,3894
842,6.0,7489
842,7.0,4380
842,8.0,4132
842,9.0,8048
842,10.0,6423
843,0.0,5396
843,1.0,7936
843,2.0,4703
843,3.0,6743
843,4.0,7666
843,5.0,8102
843,6.0,8243
843,7.0,4380
843,8.0,4132
843,9.0,8048
843,10.0,6423
844,0.0,6120
844,1.0,7745
844,2.0,7518
844,3.0,6743
844,4.0,8104
844,5.0,7854
844,6.0,5357
844,7.0,6178
844,8.0,6499
844,9.0,5593
844,10.0,5625
845,0.0,4739
845,1.0,2550
845,2.0,4402
845,3.0,3920
845,4.0,7595
845,5.0,5519
845,6.0,4503
845,7.0,6178
845,8.0,6499
845,9.0,5593
845,10.0,5625
846,0.0,6199
846,1.0,5186
846,2.0,7612
846,3.0,3529
846,4.0,8104
846,5.0,8576
846,6.0,3185
846,7.0,6178
846,8.0,6499
846,9.0,5085
846,10.0,2421
847,0.0,5461
847,1.0,5304
847,2.0,3702
847,3.0,3928
847,4.0,7943
847,5.0,3520
847,6.0,2421
847,7.0,8459
847,8.0,6512
847,9.0,7477
847,10.0,5301
848,0.0,4082
848,1.0,5356
848,2.0,5570
848,3.0,3386
848,4.0,5113
848,5.0,7196
848,6.0,2421
848,7.0,8459
848,8.0,6512
848,9.0,7477
848,10.0,5301
849,0.0,3137
849,1.0,3287
849,2.0,8666
849,3.0,6743
849,4.0,8658
849,5.0,3817
849,6.0,2421
849,7.0,8459
849,8.0,6512
849,9.0,7477
849,10.0,5301
850,0.0,5311
850,1.0,6679
850,2.0,3558
850,3.0,6743
850,4.0,8053
850,5.0,8129
850,6.0,3311
850,7.0,8459
850,8.0,6512
850,9.0,7477
850,10.0,5301
851,0.0,2625
851,1.0,8190
851,2.0,4973
851,3.0,2989
851,4.0,6799
851,5.0,6514
851,6.0,2421
851,7.0,4415
851,8.0,3226
851,9.0,4435
851,10.0,5301
852,0.0,3987
852,1.0,5513
852,2.0,3111
852,3.0,5312
852,4.0,8104
852,5.0,8576
852,6.0,5230
852,7.0,5635
852,8.0,7070
852,9.0,7485
852,10.0,6831
853,0.0,4719
853,1.0,4223
853,2.0,5546
853,3.0,2421
853,4.0,8104
853,5.0,3817
853,6.0,2666
853,7.0,5635
853,8.0,7070
853,9.0,7485
853,10.0,6831
854,0.0,7247
854,1.0,7205
854,2.0,8454
854,3.0,3920
854,4.0,7666
854,5.0,6383
854,6.0,2421
854,7.0,5635
854,8.0,7070
854,9.0,7485
854,10.0,6831
855,0.0,7212
855,1.0,6268
855,2.0,8327
855,3.0,3978
855,4.0,7666
855,5.0,2555
855,6.0,6811
855,7.0,5635
855,8.0,7070
855,9.0,7485
855,10.0,6831
856,0.0,8372
856,1.0,2478
856,2.0,2776
856,3.0,6743
856,4.0,8104
856,5.0,5262
856,6.0,5941
856,7.0,5635
856,8.0,7070
856,9.0,7485
856,10.0,6831
857,0.0,4031
857,1.0,7069
857,2.0,3227
857,3.0,8526
857,4.0,7666
857,5.0,3817
857,6.0,2666
857,7.0,5635
857,8.0,7070
857,9.0,7485
857,10.0,6831
858,0.0,8648
858,1.0,4549
858,2.0,3111
858,3.0,5312
858,4.0,8104
858,5.0,8576
858,6.0,2421
858,7.0,5635
858,8.0,7070
858,9.0,7485
858,10.0,6831
859,0.0,6552
859,1.0,3964
859,2.0,4419
859,3.0,3920
859,4.0,7595
859,5.0,3817
859,6.0,2421
859,7.0,8736
859,8.0,5651
859,9.0,7570
859,10.0,7591
860,0.0,5159
860,1.0,6934
860,2.0,8336
860,3.0,3201
860,4.0,7666
860,5.0,6746
860,6.0,3761
860,7.0,8736
860,8.0,5651
860,9.0,7570
860,10.0,7591
861,0.0,8571
861,1.0,6609
861,2.0,6730
861,3.0,4409
861,4.0,6799
861,5.0,5519
861,6.0,7073
861,7.0,8736
861,8.0,5651
861,9.0,7570
861,10.0,7591
862,0.0,6187
862,1.0,6976
862,2.0,7979
862,3.0,5933
862,4.0,7595
862,5.0,2843
862,6.0,7241
862,7.0,8736
862,8.0,5651
862,9.0,7570
862,10.0,7591
863,0.0,8215
863,1.0,5532
863,2.0,7917
863,3.0,2866
863,4.0,7666
863,5.0,6868
863,6.0,2421
863,7.0,2858
863,8.0,5925
863,9.0,5432
863,10.0,6423
864,0.0,7337
864,1.0,4881
864,2.0,3535
864,3.0,6743
864,4.0,6799
864,5.0,8494
864,6.0,8287
864,7.0,2858
864,8.0,5925
864,9.0,6121
864,10.0,2421
865,0.0,7306
865,1.0,5073
865,2.0,6677
865,3.0,4318
865,4.0,7595
865,5.0,3520
865,6.0,7399
865,7.0,2858
865,8.0,5925
865,9.0,5432
865,10.0,6423
866,0.0,2632
866,1.0,8564
866,2.0,3730
866,3.0,2421
866,4.0,6799
866,5.0,4208
866,6.0,4499
866,7.0,5182
866,8.0,5767
866,9.0,5980
866,10.0,5625
867,0.0,8382
867,1.0,6833
867,2.0,5902
867,3.0,4588
867,4.0,7666
867,5.0,6947
867,6.0,6931
867,7.0,5182
867,8.0,5767
867,9.0,5980
867,10.0,5625
868,0.0,7234
868,1.0,4754
868,2.0,8478
868,3.0,7478
868,4.0,7666
868,5.0,3817
868,6.0,2421
868,7.0,5182
868,8.0,5767
868,9.0,5980
868,10.0,5625
869,0.0,3478
869,1.0,6924
869,2.0,4501
869,3.0,4318
869,4.0,7666
869,5.0,2555
869,6.0,3185
869,7.0,5182
869,8.0,5767
869,9.0,5980
869,10.0,5625
870,0.0,5659
870,1.0,7796
870,2.0,5002
870,3.0,2866
870,4.0,7666
870,5.0,8609
870,6.0,2421
870,7.0,5182
870,8.0,5767
870,9.0,5980
870,10.0,5625
871,0.0,6353
871,1.0,6843
871,2.0,3022
871,3.0,7478
871,4.0,7595
871,5.0,2555
871,6.0,5358
871,7.0,5182
871,8.0,5767
871,9.0,5980
871,10.0,5625
872,0.0,6798
872,1.0,6059
872,2.0,4970
872,3.0,6743
872,4.0,8104
872,5.0,7082
872,6.0,7241
872,7.0,5182
872,8.0,5767
872,9.0,5980
872,10.0,5625
873,0.0,5227
873,1.0,4510
873,2.0,2640
873,3.0,5236
873,4.0,7595
873,5.0,7144
873,6.0,7964
873,7.0,5182
873,8.0,5767
873,9.0,5980
873,10.0,5625
874,0.0,2674
874,1.0,8521
874,2.0,6813
874,3.0,6743
874,4.0,7595
874,5.0,2654
874,6.0,2421
874,7.0,8178
874,8.0,7296
874,9.0,6712
874,10.0,3106
875,0.0,3661
875,1.0,6088
875,2.0,7040
875,3.0,4409
875,4.0,8104
875,5.0,7132
875,6.0,2421
875,7.0,8178
875,8.0,7296
875,9.0,6712
875,10.0,3106
876,0.0,4508
876,1.0,6463
876,2.0,2681
876,3.0,6009
876,4.0,7595
876,5.0,7581
876,6.0,2421
876,7.0,8178
876,8.0,7296
876,9.0,6712
876,10.0,3106
877,0.0,3298
877,1.0,3569
877,2.0,8725
877,3.0,3734
877,4.0,8104
877,5.0,6947
877,6.0,7307
877,7.0,8178
877,8.0,7296
877,9.0,6712
877,10.0,3106
878,0.0,4185
878,1.0,2674
878,2.0,6501
878,3.0,4409
878,4.0,8104
878,5.0,2842
878,6.0,7077
878,7.0,8178
878,8.0,7296
878,9.0,6712
878,10.0,3106
879,0.0,4699
879,1.0,4031
879,2.0,8084
879,3.0,4409
879,4.0,7666
879,5.0,6868
879,6.0,4509
879,7.0,8178
879,8.0,7296
879,9.0,6712
879,10.0,3106
880,0.0,6563
880,1.0,8372
880,2.0,4123
880,3.0,6743
880,4.0,8104
880,5.0,6947
880,6.0,4714
880,7.0,8178
880,8.0,7296
880,9.0,6712
880,10.0,3106
881,0.0,7957
881,1.0,6200
881,2.0,6428
881,3.0,5312
881,4.0,7666
881,5.0,6654
881,6.0,8491
881,7.0,7648
881,8.0,4405
881,9.0,6113
881,10.0,3471
882,0.0,8533
882,1.0,8083
882,2.0,4958
882,3.0,4382
882,4.0,8104
882,5.0,8130
882,6.0,3525
882,7.0,7648
882,8.0,4405
882,9.0,6113
882,10.0,3471
883,0.0,6036
883,1.0,3522
883,2.0,8458
883,3.0,3862
883,4.0,7666
883,5.0,3974
883,6.0,8243
883,7.0,7648
883,8.0,4405
883,9.0,6113
883,10.0,3471
884,0.0,6540
884,1.0,7749
884,2.0,8281
884,3.0,6743
884,4.0,8053
884,5.0,8130
884,6.0,5357
884,7.0,6511
884,8.0,4406
884,9.0,3601
884,10.0,3471
885,0.0,6933
885,1.0,3537
885,2.0,8536
885,3.0,4409
885,4.0,6554
885,5.0,6746
885,6.0,2421
885,7.0,6378
885,8.0,3236
885,9.0,7952
885,10.0,3471
886,0.0,3073
886,1.0,8072
886,2.0,7816
886,3.0,6743
886,4.0,7666
886,5.0,3894
886,6.0,3548
886,7.0,5441
886,8.0,4617
886,9.0,3315
886,10.0,2421
887,0.0,7426
887,1.0,3622
887,2.0,3269
887,3.0,3529
887,4.0,7595
887,5.0,4200
887,6.0,4380
887,7.0,5441
887,8.0,4617
887,9.0,8139
887,10.0,5645
888,0.0,3679
888,1.0,4264
888,2.0,6352
888,3.0,2866
888,4.0,7595
888,5.0,7196
888,6.0,5904
888,7.0,5441
888,8.0,4617
888,9.0,8139
888,10.0,5645
889,0.0,3983
889,1.0,4669
889,2.0,2892
889,3.0,6743
889,4.0,8104
889,5.0,5262
889,6.0,7241
889,7.0,4060
889,8.0,3564
889,9.0,4233
889,10.0,2421
890,0.0,5957
890,1.0,7722
890,2.0,8613
890,3.0,2989
890,4.0,7943
890,5.0,3894
890,6.0,8312
890,7.0,8207
890,8.0,6012
890,9.0,3580
890,10.0,2421
891,0.0,6241
891,1.0,5087
891,2.0,4758
891,3.0,3734
891,4.0,6554
891,5.0,2612
891,6.0,7307
891,7.0,8207
891,8.0,6012
891,9.0,8118
891,10.0,8044
892,0.0,5202
892,1.0,8673
892,2.0,8431
892,3.0,6743
892,4.0,8658
892,5.0,7100
892,6.0,7961
892,7.0,8207
892,8.0,6012
892,9.0,8118
892,10.0,8044
893,0.0,4704
893,1.0,5000
893,2.0,8295
893,3.0,6743
893,4.0,8658
893,5.0,7581
893,6.0,7241
893,7.0,8207
893,8.0,6012
893,9.0,8118
893,10.0,8044
894,0.0,4190
894,1.0,6999
894,2.0,6212
894,3.0,6743
894,4.0,7943
894,5.0,8659
894,6.0,6956
894,7.0,8207
894,8.0,6012
894,9.0,8118
894,10.0,8044
895,0.0,8446
895,1.0,4574
895,2.0,6027
895,3.0,6743
895,4.0,8658
895,5.0,5599
895,6.0,5004
895,7.0,8207
895,8.0,6012
895,9.0,8118
895,10.0,8044
896,0.0,8241
896,1.0,5263
896,2.0,5609
896,3.0,3698
896,4.0,5113
896,5.0,6653
896,6.0,4380
896,7.0,8207
896,8.0,6012
896,9.0,8118
896,10.0,8044
897,0.0,3183
897,1.0,4658
897,2.0,7211
897,3.0,6743
897,4.0,7943
897,5.0,8609
897,6.0,7489
897,7.0,8207
897,8.0,6012
897,9.0,3580
897,10.0,2421
898,0.0,8057
898,1.0,4922
898,2.0,6027
898,3.0,6743
898,4.0,8104
898,5.0,5599
898,6.0,5004
898,7.0,8207
898,8.0,6012
898,9.0,8118
898,10.0,8044
899,0.0,8263
899,1.0,6471
899,2.0,4825
899,3.0,5312
899,4.0,7943
899,5.0,7196
899,6.0,2421
899,7.0,8207
899,8.0,6012
899,9.0,8118
899,10.0,8044
900,0.0,3569
900,1.0,4633
900,2.0,5425
900,3.0,4588
900,4.0,8658
900,5.0,3520
900,6.0,3185
900,7.0,8207
900,8.0,6012
900,9.0,8118
900,10.0,8044
901,0.0,7599
901,1.0,4306
901,2.0,3751
901,3.0,6743
901,4.0,8658
901,5.0,7581
901,6.0,7241
901,7.0,8207
901,8.0,6012
901,9.0,8118
901,10.0,8044
902,0.0,4253
902,1.0,7850
902,2.0,5528
902,3.0,6743
902,4.0,8658
902,5.0,7581
902,6.0,7241
902,7.0,8207
902,8.0,6012
902,9.0,8118
902,10.0,8044
903,0.0,4046
903,1.0,2604
903,2.0,3496
903,3.0,6743
903,4.0,8658
903,5.0,7082
903,6.0,5004
903,7.0,8207
903,8.0,6012
903,9.0,8118
903,10.0,8044
904,0.0,5134
904,1.0,4726
904,2.0,3283
904,3.0,3698
904,4.0,5113
904,5.0,6663
904,6.0,4380
904,7.0,8207
904,8.0,6012
904,9.0,8118
904,10.0,8044
905,0.0,6978
905,1.0,5046
905,2.0,8252
905,3.0,3920
905,4.0,5113
905,5.0,2843
905,6.0,3878
905,7.0,8202
905,8.0,6704
905,9.0,6606
905,10.0,6423
906,0.0,6130
906,1.0,7408
906,2.0,6574
906,3.0,6743
906,4.0,7595
906,5.0,2843
906,6.0,7241
906,7.0,6278
906,8.0,3340
906,9.0,3877
906,10.0,3680
907,0.0,4377
907,1.0,5319
907,2.0,6137
907,3.0,3201
907,4.0,7666
907,5.0,3817
907,6.0,7399
907,7.0,6278
907,8.0,3340
907,9.0,3877
907,10.0,3680
908,0.0,5450
908,1.0,7472
908,2.0,6098
908,3.0,4409
908,4.0,7666
908,5.0,6868
908,6.0,7073
908,7.0,5292
908,8.0,2994
908,9.0,2904
908,10.0,8600
909,0.0,5842
909,1.0,3965
909,2.0,4219
909,3.0,4887
909,4.0,8104
909,5.0,3524
909,6.0,6937
909,7.0,5292
909,8.0,2994
909,9.0,2904
909,10.0,8600
910,0.0,8150
910,1.0,4629
910,2.0,5194
910,3.0,3928
910,4.0,7666
910,5.0,3817
910,6.0,6960
910,7.0,5292
910,8.0,2994
910,9.0,2904
910,10.0,8600
911,0.0,8711
911,1.0,4693
911,2.0,8692
911,3.0,6743
911,4.0,7595
911,5.0,3817
911,6.0,4221
911,7.0,5292
911,8.0,2994
911,9.0,2904
911,10.0,8600
912,0.0,4052
912,1.0,5897
912,2.0,4516
912,3.0,4588
912,4.0,7595
912,5.0,2612
912,6.0,7073
912,7.0,5292
912,8.0,2994
912,9.0,2904
912,10.0,8600
913,0.0,8701
913,1.0,5419
913,2.0,6277
913,3.0,4409
913,4.0,6554
913,5.0,3520
913,6.0,4503
913,7.0,3851
913,8.0,2935
913,9.0,3877
913,10.0,3680
914,0.0,4935
914,1.0,5912
914,2.0,4019
914,3.0,6743
914,4.0,7666
914,5.0,7082
914,6.0,7382
914,7.0,7849
914,8.0,4107
914,9.0,7887
914,10.0,3697
915,0.0,8532
915,1.0,4496
915,2.0,3845
915,3.0,4409
915,4.0,8658
915,5.0,3151
915,6.0,4509
915,7.0,8514
915,8.0,5281
915,9.0,7887
915,10.0,3697
916,0.0,3118
916,1.0,7372
916,2.0,3845
916,3.0,4409
916,4.0,7666
916,5.0,8314
916,6.0,4509
916,7.0,8514
916,8.0,5281
916,9.0,7887
916,10.0,3697
917,0.0,7506
917,1.0,2655
917,2.0,4350
917,3.0,3201
917,4.0,7943
917,5.0,5995
917,6.0,7399
917,7.0,8514
917,8.0,5281
917,9.0,7887
917,10.0,3697
918,0.0,5188
918,1.0,5226
918,2.0,4350
918,3.0,3201
918,4.0,7595
918,5.0,5995
918,6.0,7399
918,7.0,8514
918,8.0,5281
918,9.0,7847
918,10.0,2421
919,0.0,4055
919,1.0,5646
919,2.0,6465
919,3.0,3201
919,4.0,7666
919,5.0,5995
919,6.0,3185
919,7.0,8514
919,8.0,5281
919,9.0,7887
919,10.0,3697
920,0.0,8622
920,1.0,4975
920,2.0,6727
920,3.0,2989
920,4.0,7595
920,5.0,3974
920,6.0,3416
920,7.0,6716
920,8.0,4304
920,9.0,8021
920,10.0,4109
921,0.0,6758
921,1.0,6371
921,2.0,5398
921,3.0,3201
921,4.0,7666
921,5.0,7196
921,6.0,2421
921,7.0,3690
921,8.0,7883
921,9.0,6969
921,10.0,6831
922,0.0,3228
922,1.0,4267
922,2.0,5854
922,3.0,6897
922,4.0,7666
922,5.0,3974
922,6.0,2421
922,7.0,3690
922,8.0,7883
922,9.0,6969
922,10.0,6831
923,0.0,5040
923,1.0,2755
923,2.0,6509
923,3.0,2866
923,4.0,7550
923,5.0,3151
923,6.0,2421
923,7.0,3690
923,8.0,7883
923,9.0,6969
923,10.0,6831
924,0.0,6935
924,1.0,6603
924,2.0,7566
924,3.0,6743
924,4.0,7666
924,5.0,2421
924,6.0,2421
924,7.0,3690
924,8.0,7883
924,9.0,6969
924,10.0,6831
925,0.0,4021
925,1.0,3293
925,2.0,5500
925,3.0,3201
925,4.0,7666
925,5.0,6691
925,6.0,2666
925,7.0,4679
925,8.0,2980
925,9.0,5976
925,10.0,5625
926,0.0,6335
926,1.0,2428
926,2.0,3020
926,3.0,3982
926,4.0,7666
926,5.0,4200
926,6.0,2666
926,7.0,4679
926,8.0,2980
926,9.0,5976
926,10.0,5625
927,0.0,6723
927,1.0,4103
927,2.0,6089
927,3.0,4409
927,4.0,7666
927,5.0,3520
927,6.0,7307
927,7.0,4679
927,8.0,2980
927,9.0,5976
927,10.0,5625
928,0.0,3515
928,1.0,5163
928,2.0,2607
928,3.0,3529
928,4.0,8658
928,5.0,4208
928,6.0,8459
928,7.0,6703
928,8.0,4533
928,9.0,4710
928,10.0,5301
929,0.0,6381
929,1.0,4769
929,2.0,7717
929,3.0,3978
929,4.0,3213
929,5.0,5519
929,6.0,7399
929,7.0,6703
929,8.0,4533
929,9.0,4710
929,10.0,5301
930,0.0,8708
930,1.0,3053
930,2.0,3045
930,3.0,3920
930,4.0,7943
930,5.0,4305
930,6.0,6931
930,7.0,6703
930,8.0,4533
930,9.0,4710
930,10.0,5301
931,0.0,5124
931,1.0,6332
931,2.0,4480
931,3.0,6743
931,4.0,8658
931,5.0,5254
931,6.0,5004
931,7.0,6703
931,8.0,4533
931,9.0,4710
931,10.0,5301
932,0.0,3541
932,1.0,7321
932,2.0,3752
932,3.0,7920
932,4.0,7943
932,5.0,5519
932,6.0,4499
932,7.0,6703
932,8.0,4533
932,9.0,4710
932,10.0,5301
933,0.0,7833
933,1.0,5715
933,2.0,8309
933,3.0,3529
933,4.0,8658
933,5.0,4208
933,6.0,8459
933,7.0,6703
933,8.0,4533
933,9.0,4710
933,10.0,5301
934,0.0,7704
934,1.0,2987
934,2.0,6069
934,3.0,3920
934,4.0,8658
934,5.0,4305
934,6.0,6931
934,7.0,6703
934,8.0,4533
934,9.0,4710
934,10.0,5301
935,0.0,8678
935,1.0,6381
935,2.0,2954
935,3.0,8296
935,4.0,8658
935,5.0,5958
935,6.0,5688
935,7.0,6703
935,8.0,4533
935,9.0,4710
935,10.0,5301
936,0.0,4176
936,1.0,3353
936,2.0,6086
936,3.0,4588
936,4.0,3213
936,5.0,7132
936,6.0,7073
936,7.0,6703
936,8.0,4533
936,9.0,4710
936,10.0,5301
937,0.0,6305
937,1.0,7377
937,2.0,5964
937,3.0,3978
937,4.0,8658
937,5.0,5519
937,6.0,7399
937,7.0,6703
937,8.0,4533
937,9.0,4710
937,10.0,5301
938,0.0,7184
938,1.0,4997
938,2.0,4841
938,3.0,7920
938,4.0,8658
938,5.0,5958
938,6.0,4499
938,7.0,6703
938,8.0,4533
938,9.0,4710
938,10.0,5301
939,0.0,7634
939,1.0,2451
939,2.0,2561
939,3.0,3477
939,4.0,8658
939,5.0,7206
939,6.0,5688
939,7.0,6703
939,8.0,4533
939,9.0,4710
939,10.0,5301
940,0.0,8093
940,1.0,5292
940,2.0,2606
940,3.0,7478
940,4.0,7943
940,5.0,6383
940,6.0,4640
940,7.0,6703
940,8.0,4533
940,9.0,5825
940,10.0,2421
941,0.0,3472
941,1.0,8435
941,2.0,8022
941,3.0,7703
941,4.0,7943
941,5.0,2788
941,6.0,7489
941,7.0,6703
941,8.0,4533
941,9.0,4710
941,10.0,5301
942,0.0,2976
942,1.0,7872
942,2.0,5361
942,3.0,7810
942,4.0,7943
942,5.0,7581
942,6.0,5182
942,7.0,6703
942,8.0,4533
942,9.0,4710
942,10.0,5301
943,0.0,5430
943,1.0,4866
943,2.0,6774
943,3.0,3920
943,4.0,8658
943,5.0,6868
943,6.0,6931
943,7.0,6703
943,8.0,4533
943,9.0,4710
943,10.0,5301
944,0.0,7045
944,1.0,3887
944,2.0,7571
944,3.0,6310
944,4.0,7943
944,5.0,5519
944,6.0,5313
944,7.0,6703
944,8.0,4533
944,9.0,4710
944,10.0,5301
945,0.0,5860
945,1.0,7680
945,2.0,5302
945,3.0,7090
945,4.0,8658
945,5.0,2555
945,6.0,5904
945,7.0,6703
945,8.0,4533
945,9.0,4710
945,10.0,5301
946,0.0,3667
946,1.0,6074
946,2.0,3462
946,3.0,6743
946,4.0,8658
946,5.0,5968
946,6.0,5004
946,7.0,6703
946,8.0,4533
946,9.0,4710
946,10.0,5301
947,0.0,8706
947,1.0,7366
947,2.0,3019
947,3.0,3529
947,4.0,7943
947,5.0,6654
947,6.0,8459
947,7.0,6703
947,8.0,4533
947,9.0,4710
947,10.0,5301
948,0.0,4260
948,1.0,5488
948,2.0,4587
948,3.0,4409
948,4.0,8104
948,5.0,7196
948,6.0,2421
948,7.0,5996
948,8.0,7809
948,9.0,7963
948,10.0,4109
949,0.0,3408
949,1.0,4490
949,2.0,6354
949,3.0,3309
949,4.0,8104
949,5.0,2816
949,6.0,2421
949,7.0,5996
949,8.0,7809
949,9.0,7963
949,10.0,4109
950,0.0,5378
950,1.0,6809
950,2.0,6958
950,3.0,3201
950,4.0,7666
950,5.0,2656
950,6.0,2421
950,7.0,5996
950,8.0,7809
950,9.0,7963
950,10.0,4109
951,0.0,7298
951,1.0,6056
951,2.0,7299
951,3.0,6743
951,4.0,7595
951,5.0,6420
951,6.0,2421
951,7.0,5996
951,8.0,7809
951,9.0,7963
951,10.0,4109
952,0.0,3221
952,1.0,8126
952,2.0,7368
952,3.0,5813
952,4.0,8104
952,5.0,5627
952,6.0,2421
952,7.0,5996
952,8.0,7809
952,9.0,2813
952,10.0,2421
953,0.0,2467
953,1.0,8363
953,2.0,4880
953,3.0,6743
953,4.0,7666
953,5.0,7196
953,6.0,2421
953,7.0,5996
953,8.0,7809
953,9.0,7963
953,10.0,4109
954,0.0,7009
954,1.0,3970
954,2.0,2717
954,3.0,6925
954,4.0,7595
954,5.0,8391
954,6.0,8312
954,7.0,5996
954,8.0,7809
954,9.0,7963
954,10.0,4109
955,0.0,6436
955,1.0,4776
955,2.0,7361
955,3.0,3734
955,4.0,6554
955,5.0,5298
955,6.0,2421
955,7.0,5996
955,8.0,7809
955,9.0,7963
955,10.0,4109
956,0.0,7867
956,1.0,6024
956,2.0,4170
956,3.0,6743
956,4.0,7666
956,5.0,6420
956,6.0,2421
956,7.0,5996
956,8.0,7809
956,9.0,7963
956,10.0,4109
957,0.0,8292
957,1.0,7624
957,2.0,2805
957,3.0,2989
957,4.0,4802
957,5.0,8038
957,6.0,4380
957,7.0,3378
957,8.0,2497
957,9.0,3779
957,10.0,4121
958,0.0,8430
958,1.0,6639
958,2.0,2957
958,3.0,2989
958,4.0,7595
958,5.0,7132
958,6.0,4380
958,7.0,3378
958,8.0,2497
958,9.0,3779
958,10.0,4121
959,0.0,6694
959,1.0,4941
959,2.0,3154
959,3.0,4409
959,4.0,7595
959,5.0,8576
959,6.0,3774
959,7.0,3804
959,8.0,8219
959,9.0,3119
959,10.0,5481
960,0.0,6237
960,1.0,7587
960,2.0,5320
960,3.0,2989
960,4.0,8104
960,5.0,8576
960,6.0,2421
960,7.0,3804
960,8.0,8219
960,9.0,3119
960,10.0,5481
961,0.0,3332
961,1.0,5380
961,2.0,6824
961,3.0,3978
961,4.0,8104
961,5.0,7196
961,6.0,7964
961,7.0,5418
961,8.0,6458
961,9.0,3882
961,10.0,5861
962,0.0,2496
962,1.0,6565
962,2.0,7626
962,3.0,4588
962,4.0,5113
962,5.0,8130
962,6.0,8459
962,7.0,5418
962,8.0,6458
962,9.0,3882
962,10.0,5861
963,0.0,7135
963,1.0,3749
963,2.0,4662
963,3.0,3529
963,4.0,7595
963,5.0,4990
963,6.0,2421
963,7.0,5418
963,8.0,6458
963,9.0,3882
963,10.0,5861
964,0.0,7197
964,1.0,3906
964,2.0,5562
964,3.0,3529
964,4.0,7666
964,5.0,4990
964,6.0,2421
964,7.0,5418
964,8.0,6458
964,9.0,3882
964,10.0,5861
965,0.0,6852
965,1.0,4500
965,2.0,8541
965,3.0,6651
965,4.0,7666
965,5.0,8538
965,6.0,3185
965,7.0,5418
965,8.0,6458
965,9.0,3882
965,10.0,5861
966,0.0,5567
966,1.0,4506
966,2.0,3372
966,3.0,7637
966,4.0,5113
966,5.0,7196
966,6.0,4509
966,7.0,5418
966,8.0,6458
966,9.0,3882
966,10.0,5861
967,0.0,4919
967,1.0,6167
967,2.0,2742
967,3.0,6651
967,4.0,3213
967,5.0,7206
967,6.0,2421
967,7.0,5418
967,8.0,6458
967,9.0,3882
967,10.0,5861
968,0.0,6859
968,1.0,7337
968,2.0,3107
968,3.0,7478
968,4.0,8658
968,5.0,3520
968,6.0,5358
968,7.0,5418
968,8.0,6458
968,9.0,3882
968,10.0,5861
969,0.0,2429
969,1.0,8215
969,2.0,4035
969,3.0,7637
969,4.0,8053
969,5.0,8314
969,6.0,4509
969,7.0,5418
969,8.0,6458
969,9.0,3882
969,10.0,5861
970,0.0,3592
970,1.0,6187
970,2.0,5200
970,3.0,4409
970,4.0,8658
970,5.0,4208
970,6.0,5377
970,7.0,5418
970,8.0,6458
970,9.0,3882
970,10.0,5861
971,0.0,5175
971,1.0,4360
971,2.0,7145
971,3.0,7698
971,4.0,8658
971,5.0,3070
971,6.0,3377
971,7.0,5418
971,8.0,6458
971,9.0,3882
971,10.0,5861
972,0.0,7523
972,1.0,5282
972,2.0,3156
972,3.0,4588
972,4.0,5113
972,5.0,2843
972,6.0,8459
972,7.0,5418
972,8.0,6458
972,9.0,3882
972,10.0,5861
973,0.0,3509
973,1.0,8561
973,2.0,6926
973,3.0,6743
973,4.0,7943
973,5.0,8130
973,6.0,7241
973,7.0,5418
973,8.0,6458
973,9.0,3882
973,10.0,5861
974,0.0,5863
974,1.0,5543
974,2.0,4718
974,3.0,8296
974,4.0,8658
974,5.0,5599
974,6.0,5688
974,7.0,5418
974,8.0,6458
974,9.0,3882
974,10.0,5861
975,0.0,7606
975,1.0,5365
975,2.0,3741
975,3.0,2866
975,4.0,8658
975,5.0,4990
975,6.0,5688
975,7.0,5418
975,8.0,6458
975,9.0,3882
975,10.0,5861
976,0.0,7075
976,1.0,2946
976,2.0,5029
976,3.0,7703
976,4.0,8658
976,5.0,7206
976,6.0,7073
976,7.0,5418
976,8.0,6458
976,9.0,3882
976,10.0,5861
977,0.0,3239
977,1.0,4521
977,2.0,6878
977,3.0,4409
977,4.0,7943
977,5.0,6654
977,6.0,5377
977,7.0,5418
977,8.0,6458
977,9.0,3882
977,10.0,5861
978,0.0,8508
978,1.0,8148
978,2.0,8017
978,3.0,7637
978,4.0,7943
978,5.0,3151
978,6.0,4509
978,7.0,5418
978,8.0,6458
978,9.0,3882
978,10.0,5861
979,0.0,7524
979,1.0,3718
979,2.0,5533
979,3.0,4409
979,4.0,7666
979,5.0,6746
979,6.0,4509
979,7.0,4366
979,8.0,2949
979,9.0,3949
979,10.0,2988
980,0.0,3531
980,1.0,6158
980,2.0,4291
980,3.0,4409
980,4.0,7595
980,5.0,5519
980,6.0,2969
980,7.0,6118
980,8.0,5866
980,9.0,3780
980,10.0,7338
981,0.0,7031
981,1.0,3418
981,2.0,7388
981,3.0,6019
981,4.0,7595
981,5.0,5262
981,6.0,7844
981,7.0,6118
981,8.0,5866
981,9.0,3780
981,10.0,7338
982,0.0,4950
982,1.0,7390
982,2.0,3636
982,3.0,8296
982,4.0,5113
982,5.0,7912
982,6.0,2421
982,7.0,3691
982,8.0,7875
982,9.0,5887
982,10.0,8425
983,0.0,4906
983,1.0,6053
983,2.0,2864
983,3.0,4887
983,4.0,8104
983,5.0,4917
983,6.0,8287
983,7.0,3691
983,8.0,7875
983,9.0,5887
983,10.0,8425
984,0.0,7203
984,1.0,6912
984,2.0,3196
984,3.0,8296
984,4.0,8053
984,5.0,7912
984,6.0,2421
984,7.0,8321
984,8.0,3032
984,9.0,5887
984,10.0,8425
985,0.0,7191
985,1.0,4201
985,2.0,7048
985,3.0,4409
985,4.0,7666
985,5.0,7206
985,6.0,6960
985,7.0,8321
985,8.0,3032
985,9.0,5887
985,10.0,8425
986,0.0,4273
986,1.0,4385
986,2.0,6406
986,3.0,7478
986,4.0,5113
986,5.0,2654
986,6.0,3185
986,7.0,8321
986,8.0,3032
986,9.0,5887
986,10.0,8425
987,0.0,6334
987,1.0,7944
987,2.0,7157
987,3.0,3529
987,4.0,5113
987,5.0,3520
987,6.0,2421
987,7.0,8321
987,8.0,3032
987,9.0,5887
987,10.0,8425
988,0.0,8259
988,1.0,4906
988,2.0,7548
988,3.0,3920
988,4.0,3213
988,5.0,3817
988,6.0,3485
988,7.0,8321
988,8.0,3032
988,9.0,5887
988,10.0,8425
989,0.0,8167
989,1.0,6395
989,2.0,6775
989,3.0,4409
989,4.0,7666
989,5.0,7206
989,6.0,6960
989,7.0,8321
989,8.0,3032
989,9.0,5887
989,10.0,8425
990,0.0,4633
990,1.0,5336
990,2.0,5018
990,3.0,5307
990,4.0,7666
990,5.0,4948
990,6.0,8459
990,7.0,8321
990,8.0,3032
990,9.0,5887
990,10.0,8425
991,0.0,4755
991,1.0,5363
991,2.0,3442
991,3.0,3201
991,4.0,8658
991,5.0,7132
991,6.0,5996
991,7.0,8170
991,8.0,4964
991,9.0,2904
991,10.0,6423
992,0.0,6314
992,1.0,3727
992,2.0,6470
992,3.0,3366
992,4.0,5113
992,5.0,6947
992,6.0,2421
992,7.0,8170
992,8.0,4964
992,9.0,2904
992,10.0,6423
993,0.0,6463
993,1.0,6686
993,2.0,8210
993,3.0,3467
993,4.0,5113
993,5.0,7196
993,6.0,5688
993,7.0,8170
993,8.0,4964
993,9.0,2904
993,10.0,6423
994,0.0,6619
994,1.0,3614
994,2.0,8265
994,3.0,4256
994,4.0,5113
994,5.0,6746
994,6.0,7307
994,7.0,8170
994,8.0,4964
994,9.0,2904
994,10.0,6423
995,0.0,8350
995,1.0,5691
995,2.0,8627
995,3.0,2866
995,4.0,5113
995,5.0,2842
995,6.0,5688
995,7.0,8170
995,8.0,4964
995,9.0,2904
995,10.0,6423
996,0.0,8592
996,1.0,6575
996,2.0,3597
996,3.0,6743
996,4.0,3213
996,5.0,2788
996,6.0,2421
996,7.0,8170
996,8.0,4964
996,9.0,2904
996,10.0,6423
997,0.0,5549
997,1.0,8404
997,2.0,8119
997,3.0,4409
997,4.0,5113
997,5.0,6746
997,6.0,7307
997,7.0,8170
997,8.0,4964
997,9.0,2904
997,10.0,6423
998,0.0,6487
998,1.0,3826
998,2.0,4307
998,3.0,6743
998,4.0,8104
998,5.0,2654
998,6.0,7382
998,7.0,8170
998,8.0,4964
998,9.0,2904
998,10.0,6423
999,0.0,7472
999,1.0,6274
999,2.0,4356
999,3.0,5813
999,4.0,7943
999,5.0,4690
999,6.0,2421
999,7.0,8170
999,8.0,4964
999,9.0,2904
999,10.0,6423
1000,0.0,4314
1000,1.0,8542
1000,2.0,6742
1000,3.0,4407
1000,4.0,7666
1000,5.0,4928
1000,6.0,8164
1000,7.0,4682
1000,8.0,5035
1000,9.0,5576
1000,10.0,4109
1001,0.0,6846
1001,1.0,8158
1001,2.0,8433
1001,3.0,6743
1001,4.0,8104
1001,5.0,8494
1001,6.0,3930
1001,7.0,4867
1001,8.0,7265
1001,9.0,6712
1001,10.0,3106
1002,0.0,6965
1002,1.0,8344
1002,2.0,3223
1002,3.0,4409
1002,4.0,7595
1002,5.0,8102
1002,6.0,2421
1002,7.0,4867
1002,8.0,7265
1002,9.0,6712
1002,10.0,3106
1003,0.0,7761
1003,1.0,2962
1003,2.0,6783
1003,3.0,6743
1003,4.0,8658
1003,5.0,2843
1003,6.0,2421
1003,7.0,7731
1003,8.0,4555
1003,9.0,7887
1003,10.0,3697
1004,0.0,7055
1004,1.0,3763
1004,2.0,3552
1004,3.0,8501
1004,4.0,8658
1004,5.0,7581
1004,6.0,2421
1004,7.0,7731
1004,8.0,4555
1004,9.0,7887
1004,10.0,3697
1005,0.0,4381
1005,1.0,3139
1005,2.0,6490
1005,3.0,4564
1005,4.0,8658
1005,5.0,5958
1005,6.0,2421
1005,7.0,7731
1005,8.0,4555
1005,9.0,7887
1005,10.0,3697
1006,0.0,5158
1006,1.0,7688
1006,2.0,5344
1006,3.0,3201
1006,4.0,7943
1006,5.0,3520
1006,6.0,2421
1006,7.0,7731
1006,8.0,4555
1006,9.0,7887
1006,10.0,3697
1007,0.0,8429
1007,1.0,4082
1007,2.0,5745
1007,3.0,7018
1007,4.0,7943
1007,5.0,3817
1007,6.0,2421
1007,7.0,7731
1007,8.0,4555
1007,9.0,7887
1007,10.0,3697
1008,0.0,6882
1008,1.0,3079
1008,2.0,3060
1008,3.0,4588
1008,4.0,8658
1008,5.0,3817
1008,6.0,2421
1008,7.0,7731
1008,8.0,4555
1008,9.0,7887
1008,10.0,3697
1009,0.0,7696
1009,1.0,7750
1009,2.0,6637
1009,3.0,3529
1009,4.0,7943
1009,5.0,2555
1009,6.0,2421
1009,7.0,7731
1009,8.0,4555
1009,9.0,7887
1009,10.0,3697
1010,0.0,6583
1010,1.0,6850
1010,2.0,3387
1010,3.0,4409
1010,4.0,7943
1010,5.0,8576
1010,6.0,2421
1010,7.0,7731
1010,8.0,4555
1010,9.0,7887
1010,10.0,3697
1011,0.0,4513
1011,1.0,2944
1011,2.0,5273
1011,3.0,6743
1011,4.0,6799
1011,5.0,2843
1011,6.0,4503
1011,7.0,3518
1011,8.0,7627
1011,9.0,6039
1011,10.0,8019
1012,0.0,4908
1012,1.0,7762
1012,2.0,7732
1012,3.0,3529
1012,4.0,8104
1012,5.0,8576
1012,6.0,7399
1012,7.0,3518
1012,8.0,7627
1012,9.0,6039
1012,10.0,8019
1013,0.0,5693
1013,1.0,6748
1013,2.0,4536
1013,3.0,3978
1013,4.0,6799
1013,5.0,6653
1013,6.0,5230
1013,7.0,4267
1013,8.0,2952
1013,9.0,6266
1013,10.0,8044
1014,0.0,3080
1014,1.0,3080
1014,2.0,4462
1014,3.0,4318
1014,4.0,8104
1014,5.0,6691
1014,6.0,7121
1014,7.0,4267
1014,8.0,2952
1014,9.0,6266
1014,10.0,8044
1015,0.0,6748
1015,1.0,7138
1015,2.0,5278
1015,3.0,6743
1015,4.0,8658
1015,5.0,2788
1015,6.0,7241
1015,7.0,3284
1015,8.0,4443
1015,9.0,6550
1015,10.0,6194
1016,0.0,6307
1016,1.0,6368
1016,2.0,3422
1016,3.0,5307
1016,4.0,8104
1016,5.0,7144
1016,6.0,7399
1016,7.0,3284
1016,8.0,4443
1016,9.0,6550
1016,10.0,6194
1017,0.0,7271
1017,1.0,6440
1017,2.0,6788
1017,3.0,4409
1017,4.0,7595
1017,5.0,4305
1017,6.0,7382
1017,7.0,3284
1017,8.0,4443
1017,9.0,6550
1017,10.0,6194
1018,0.0,7417
1018,1.0,7884
1018,2.0,5261
1018,3.0,8417
1018,4.0,8104
1018,5.0,8576
1018,6.0,4380
1018,7.0,7102
1018,8.0,3338
1018,9.0,6094
1018,10.0,4599
1019,0.0,7363
1019,1.0,3368
1019,2.0,5879
1019,3.0,5933
1019,4.0,7595
1019,5.0,5254
1019,6.0,7077
1019,7.0,7102
1019,8.0,3338
1019,9.0,6094
1019,10.0,4599
1020,0.0,8191
1020,1.0,7459
1020,2.0,6500
1020,3.0,6917
1020,4.0,7666
1020,5.0,4990
1020,6.0,2421
1020,7.0,7102
1020,8.0,3338
1020,9.0,6094
1020,10.0,4599
1021,0.0,4015
1021,1.0,4701
1021,2.0,6205
1021,3.0,5312
1021,4.0,7666
1021,5.0,6746
1021,6.0,3761
1021,7.0,7102
1021,8.0,3338
1021,9.0,6094
1021,10.0,4599
1022,0.0,5037
1022,1.0,8106
1022,2.0,4189
1022,3.0,6743
1022,4.0,7595
1022,5.0,7082
1022,6.0,8243
1022,7.0,7102
1022,8.0,3338
1022,9.0,6094
1022,10.0,4599
1023,0.0,6330
1023,1.0,4808
1023,2.0,7046
1023,3.0,3467
1023,4.0,7666
1023,5.0,5599
1023,6.0,3185
1023,7.0,7102
1023,8.0,3338
1023,9.0,6094
1023,10.0,4599
1024,0.0,8423
1024,1.0,4876
1024,2.0,6147
1024,3.0,8296
1024,4.0,7666
1024,5.0,3520
1024,6.0,4509
1024,7.0,7102
1024,8.0,3338
1024,9.0,6094
1024,10.0,4599
1025,0.0,4043
1025,1.0,6090
1025,2.0,8098
1025,3.0,6743
1025,4.0,7595
1025,5.0,5599
1025,6.0,8243
1025,7.0,7102
1025,8.0,3338
1025,9.0,6094
1025,10.0,4599
1026,0.0,6462
1026,1.0,3819
1026,2.0,5195
1026,3.0,5312
1026,4.0,8104
1026,5.0,6746
1026,6.0,3761
1026,7.0,7102
1026,8.0,3338
1026,9.0,6094
1026,10.0,4599
1027,0.0,6167
1027,1.0,2601
1027,2.0,2442
1027,3.0,3201
1027,4.0,7666
1027,5.0,4990
1027,6.0,5358
1027,7.0,7102
1027,8.0,3338
1027,9.0,6094
1027,10.0,4599
1028,0.0,8010
1028,1.0,7084
1028,2.0,7310
1028,3.0,5312
1028,4.0,6554
1028,5.0,7196
1028,6.0,3761
1028,7.0,7102
1028,8.0,3338
1028,9.0,6262
1028,10.0,2421
1029,0.0,3170
1029,1.0,8162
1029,2.0,2950
1029,3.0,6743
1029,4.0,8104
1029,5.0,5599
1029,6.0,8243
1029,7.0,7102
1029,8.0,3338
1029,9.0,6094
1029,10.0,4599
1030,0.0,8535
1030,1.0,6715
1030,2.0,5333
1030,3.0,3529
1030,4.0,7666
1030,5.0,2421
1030,6.0,2421
1030,7.0,4425
1030,8.0,8330
1030,9.0,7358
1030,10.0,4121
1031,0.0,6186
1031,1.0,8353
1031,2.0,4344
1031,3.0,7478
1031,4.0,7666
1031,5.0,8538
1031,6.0,2421
1031,7.0,4425
1031,8.0,8330
1031,9.0,7358
1031,10.0,4121
1032,0.0,8316
1032,1.0,4907
1032,2.0,4695
1032,3.0,3529
1032,4.0,7595
1032,5.0,4200
1032,6.0,2421
1032,7.0,8359
1032,8.0,5225
1032,9.0,7751
1032,10.0,7053
1033,0.0,6471
1033,1.0,4053
1033,2.0,4102
1033,3.0,4409
1033,4.0,8104
1033,5.0,8314
1033,6.0,2421
1033,7.0,8359
1033,8.0,5225
1033,9.0,7751
1033,10.0,7053
1034,0.0,6954
1034,1.0,6626
1034,2.0,5681
1034,3.0,4588
1034,4.0,2556
1034,5.0,6287
1034,6.0,2421
1034,7.0,8359
1034,8.0,5225
1034,9.0,7751
1034,10.0,7053
1035,0.0,2685
1035,1.0,3615
1035,2.0,5681
1035,3.0,4588
1035,4.0,7595
1035,5.0,8129
1035,6.0,2421
1035,7.0,8359
1035,8.0,5225
1035,9.0,7751
1035,10.0,7053
1036,0.0,6864
1036,1.0,3602
1036,2.0,4236
1036,3.0,5370
1036,4.0,6220
1036,5.0,8040
1036,6.0,2421
1036,7.0,8359
1036,8.0,5225
1036,9.0,7751
1036,10.0,7053
1037,0.0,2963
1037,1.0,6496
1037,2.0,4811
1037,3.0,7346
1037,4.0,8658
1037,5.0,5859
1037,6.0,7489
1037,7.0,5289
1037,8.0,8341
1037,9.0,8082
1037,10.0,8044
1038,0.0,5864
1038,1.0,7063
1038,2.0,2748
1038,3.0,2989
1038,4.0,7943
1038,5.0,5968
1038,6.0,4503
1038,7.0,5289
1038,8.0,8341
1038,9.0,8082
1038,10.0,8044
1039,0.0,7123
1039,1.0,4910
1039,2.0,6952
1039,3.0,4887
1039,4.0,5113
1039,5.0,6810
1039,6.0,8198
1039,7.0,5289
1039,8.0,8341
1039,9.0,5299
1039,10.0,2421
1040,0.0,8051
1040,1.0,8167
1040,2.0,8720
1040,3.0,6743
1040,4.0,8104
1040,5.0,3894
1040,6.0,7077
1040,7.0,5169
1040,8.0,7592
1040,9.0,7582
1040,10.0,8589
1041,0.0,5699
1041,1.0,8259
1041,2.0,6986
1041,3.0,8296
1041,4.0,8104
1041,5.0,7206
1041,6.0,4509
1041,7.0,5169
1041,8.0,7592
1041,9.0,7582
1041,10.0,8589
1042,0.0,4245
1042,1.0,6334
1042,2.0,4731
1042,3.0,5307
1042,4.0,6554
1042,5.0,3817
1042,6.0,2421
1042,7.0,5169
1042,8.0,7592
1042,9.0,7582
1042,10.0,8589
1043,0.0,8246
1043,1.0,8352
1043,2.0,6081
1043,3.0,5307
1043,4.0,3213
1043,5.0,5160
1043,6.0,4509
1043,7.0,4329
1043,8.0,6943
1043,9.0,5132
1043,10.0,8044
1044,0.0,3178
1044,1.0,8388
1044,2.0,2704
1044,3.0,6743
1044,4.0,7943
1044,5.0,4174
1044,6.0,3691
1044,7.0,4329
1044,8.0,6943
1044,9.0,5132
1044,10.0,8044
1045,0.0,7227
1045,1.0,4046
1045,2.0,6815
1045,3.0,4442
1045,4.0,7943
1045,5.0,3996
1045,6.0,6450
1045,7.0,4329
1045,8.0,6943
1045,9.0,5132
1045,10.0,8044
1046,0.0,5907
1046,1.0,3094
1046,2.0,3323
1046,3.0,6897
1046,4.0,7595
1046,5.0,4928
1046,6.0,2666
1046,7.0,7893
1046,8.0,7759
1046,9.0,5544
1046,10.0,4109
1047,0.0,4686
1047,1.0,8393
1047,2.0,8212
1047,3.0,4409
1047,4.0,6799
1047,5.0,2843
1047,6.0,7802
1047,7.0,7893
1047,8.0,7759
1047,9.0,5544
1047,10.0,4109
1048,0.0,2761
1048,1.0,7697
1048,2.0,5685
1048,3.0,3201
1048,4.0,8104
1048,5.0,7144
1048,6.0,8459
1048,7.0,6676
1048,8.0,5327
1048,9.0,6847
1048,10.0,4861
1049,0.0,5126
1049,1.0,4526
1049,2.0,2523
1049,3.0,3978
1049,4.0,7666
1049,5.0,8038
1049,6.0,2421
1049,7.0,6676
1049,8.0,5327
1049,9.0,6847
1049,10.0,4861
1050,0.0,3291
1050,1.0,5494
1050,2.0,3848
1050,3.0,2866
1050,4.0,7595
1050,5.0,3520
1050,6.0,2421
1050,7.0,6676
1050,8.0,5327
1050,9.0,6847
1050,10.0,4861
1051,0.0,4878
1051,1.0,4472
1051,2.0,3256
1051,3.0,4409
1051,4.0,8053
1051,5.0,8038
1051,6.0,8491
1051,7.0,8131
1051,8.0,3009
1051,9.0,6712
1051,10.0,3106
1052,0.0,8013
1052,1.0,3679
1052,2.0,4388
1052,3.0,4256
1052,4.0,8658
1052,5.0,5836
1052,6.0,3485
1052,7.0,8131
1052,8.0,3009
1052,9.0,6712
1052,10.0,3106
1053,0.0,4441
1053,1.0,8555
1053,2.0,6082
1053,3.0,3529
1053,4.0,8658
1053,5.0,4200
1053,6.0,3185
1053,7.0,8131
1053,8.0,3009
1053,9.0,6712
1053,10.0,3106
1054,0.0,2502
1054,1.0,7316
1054,2.0,4471
1054,3.0,2866
1054,4.0,8658
1054,5.0,3520
1054,6.0,5004
1054,7.0,8131
1054,8.0,3009
1054,9.0,6712
1054,10.0,3106
1055,0.0,3616
1055,1.0,3035
1055,2.0,8407
1055,3.0,3734
1055,4.0,7943
1055,5.0,4897
1055,6.0,4509
1055,7.0,8131
1055,8.0,3009
1055,9.0,6712
1055,10.0,3106
1056,0.0,5129
1056,1.0,8032
1056,2.0,3880
1056,3.0,5933
1056,4.0,8658
1056,5.0,2555
1056,6.0,2421
1056,7.0,2487
1056,8.0,5934
1056,9.0,3677
1056,10.0,5645
1057,0.0,7281
1057,1.0,2817
1057,2.0,6610
1057,3.0,3734
1057,4.0,7666
1057,5.0,2555
1057,6.0,5688
1057,7.0,4976
1057,8.0,8651
1057,9.0,4688
1057,10.0,6784
1058,0.0,3488
1058,1.0,5375
1058,2.0,4042
1058,3.0,4588
1058,4.0,7595
1058,5.0,3337
1058,6.0,3761
1058,7.0,4976
1058,8.0,8651
1058,9.0,4688
1058,10.0,6784
1059,0.0,7692
1059,1.0,2548
1059,2.0,3480
1059,3.0,6743
1059,4.0,8104
1059,5.0,2612
1059,6.0,7077
1059,7.0,4976
1059,8.0,8651
1059,9.0,2759
1059,10.0,2421
1060,0.0,7418
1060,1.0,4363
1060,2.0,3786
1060,3.0,3529
1060,4.0,8104
1060,5.0,4200
1060,6.0,3185
1060,7.0,6063
1060,8.0,7991
1060,9.0,4611
1060,10.0,3680
1061,0.0,5644
1061,1.0,6608
1061,2.0,2693
1061,3.0,2509
1061,4.0,7666
1061,5.0,7639
1061,6.0,5004
1061,7.0,6063
1061,8.0,7991
1061,9.0,4611
1061,10.0,3680
1062,0.0,7470
1062,1.0,7103
1062,2.0,6380
1062,3.0,6743
1062,4.0,7666
1062,5.0,4928
1062,6.0,7241
1062,7.0,6063
1062,8.0,7991
1062,9.0,4611
1062,10.0,3680
1063,0.0,4506
1063,1.0,7087
1063,2.0,6740
1063,3.0,3529
1063,4.0,7666
1063,5.0,4200
1063,6.0,3185
1063,7.0,6063
1063,8.0,7991
1063,9.0,4611
1063,10.0,3680
1064,0.0,2972
1064,1.0,5161
1064,2.0,4074
1064,3.0,2989
1064,4.0,7595
1064,5.0,4990
1064,6.0,4640
1064,7.0,6063
1064,8.0,7991
1064,9.0,4611
1064,10.0,3680
1065,0.0,7688
1065,1.0,3271
1065,2.0,3766
1065,3.0,6743
1065,4.0,7666
1065,5.0,2842
1065,6.0,3311
1065,7.0,6063
1065,8.0,7991
1065,9.0,4611
1065,10.0,3680
1066,0.0,2633
1066,1.0,8123
1066,2.0,6285
1066,3.0,6743
1066,4.0,7666
1066,5.0,2842
1066,6.0,3311
1066,7.0,6063
1066,8.0,7991
1066,9.0,4611
1066,10.0,3680
1067,0.0,3145
1067,1.0,5034
1067,2.0,7415
1067,3.0,3529
1067,4.0,7666
1067,5.0,4200
1067,6.0,3185
1067,7.0,6063
1067,8.0,7991
1067,9.0,4611
1067,10.0,3680
1068,0.0,7708
1068,1.0,5031
1068,2.0,7577
1068,3.0,6743
1068,4.0,8104
1068,5.0,2843
1068,6.0,2421
1068,7.0,3047
1068,8.0,8606
1068,9.0,6687
1068,10.0,5625
1069,0.0,2527
1069,1.0,7761
1069,2.0,3872
1069,3.0,2989
1069,4.0,7666
1069,5.0,6383
1069,6.0,2421
1069,7.0,3047
1069,8.0,8606
1069,9.0,6687
1069,10.0,5625
1070,0.0,2564
1070,1.0,7406
1070,2.0,7494
1070,3.0,4407
1070,4.0,7666
1070,5.0,6383
1070,6.0,4503
1070,7.0,3047
1070,8.0,8606
1070,9.0,6687
1070,10.0,5625
1071,0.0,6192
1071,1.0,4779
1071,2.0,6348
1071,3.0,4409
1071,4.0,7595
1071,5.0,3817
1071,6.0,3548
1071,7.0,3047
1071,8.0,8606
1071,9.0,6687
1071,10.0,5625
1072,0.0,3546
1072,1.0,5012
1072,2.0,7225
1072,3.0,3920
1072,4.0,7666
1072,5.0,2842
1072,6.0,2421
1072,7.0,3988
1072,8.0,7311
1072,9.0,6687
1072,10.0,5625
1073,0.0,6309
1073,1.0,7906
1073,2.0,5578
1073,3.0,6917
1073,4.0,7943
1073,5.0,8609
1073,6.0,2421
1073,7.0,4714
1073,8.0,3957
1073,9.0,4889
1073,10.0,3680
1074,0.0,7835
1074,1.0,6596
1074,2.0,8124
1074,3.0,5656
1074,4.0,7943
1074,5.0,3051
1074,6.0,2666
1074,7.0,4714
1074,8.0,3957
1074,9.0,4889
1074,10.0,3680
1075,0.0,7910
1075,1.0,3078
1075,2.0,8015
1075,3.0,3201
1075,4.0,5113
1075,5.0,6357
1075,6.0,3185
1075,7.0,4714
1075,8.0,3957
1075,9.0,4093
1075,10.0,2421
1076,0.0,8406
1076,1.0,7630
1076,2.0,8015
1076,3.0,3201
1076,4.0,8658
1076,5.0,6357
1076,6.0,3185
1076,7.0,4714
1076,8.0,3957
1076,9.0,4889
1076,10.0,3680
1077,0.0,7394
1077,1.0,6823
1077,2.0,8015
1077,3.0,3201
1077,4.0,5113
1077,5.0,6357
1077,6.0,3185
1077,7.0,4714
1077,8.0,3957
1077,9.0,4093
1077,10.0,2421
1078,0.0,6225
1078,1.0,4075
1078,2.0,8015
1078,3.0,3201
1078,4.0,5113
1078,5.0,6516
1078,6.0,3185
1078,7.0,4714
1078,8.0,3957
1078,9.0,4889
1078,10.0,3680
1079,0.0,4848
1079,1.0,5986
1079,2.0,8015
1079,3.0,3201
1079,4.0,5113
1079,5.0,6516
1079,6.0,3185
1079,7.0,4714
1079,8.0,3957
1079,9.0,4889
1079,10.0,3680
1080,0.0,4705
1080,1.0,4792
1080,2.0,8015
1080,3.0,3201
1080,4.0,7943
1080,5.0,6357
1080,6.0,3185
1080,7.0,4714
1080,8.0,3957
1080,9.0,4889
1080,10.0,3680
1081,0.0,2682
1081,1.0,4376
1081,2.0,8015
1081,3.0,3201
1081,4.0,5113
1081,5.0,6516
1081,6.0,3185
1081,7.0,4714
1081,8.0,3957
1081,9.0,4889
1081,10.0,3680
1082,0.0,4029
1082,1.0,4248
1082,2.0,8015
1082,3.0,3201
1082,4.0,7943
1082,5.0,6516
1082,6.0,3185
1082,7.0,4714
1082,8.0,3957
1082,9.0,4889
1082,10.0,3680
1083,0.0,3876
1083,1.0,3565
1083,2.0,8015
1083,3.0,3201
1083,4.0,8053
1083,5.0,6357
1083,6.0,3185
1083,7.0,4714
1083,8.0,3957
1083,9.0,4889
1083,10.0,3680
1084,0.0,7914
1084,1.0,2716
1084,2.0,8015
1084,3.0,3201
1084,4.0,7943
1084,5.0,6516
1084,6.0,3185
1084,7.0,4714
1084,8.0,3957
1084,9.0,4889
1084,10.0,3680
1085,0.0,2916
1085,1.0,8646
1085,2.0,8015
1085,3.0,3201
1085,4.0,7943
1085,5.0,6357
1085,6.0,3185
1085,7.0,4714
1085,8.0,3957
1085,9.0,4889
1085,10.0,3680
1086,0.0,3907
1086,1.0,3225
1086,2.0,8015
1086,3.0,3201
1086,4.0,7943
1086,5.0,6516
1086,6.0,3185
1086,7.0,4714
1086,8.0,3957
1086,9.0,4889
1086,10.0,3680
1087,0.0,6820
1087,1.0,6731
1087,2.0,2711
1087,3.0,2866
1087,4.0,7943
1087,5.0,7912
1087,6.0,5004
1087,7.0,4714
1087,8.0,3957
1087,9.0,4889
1087,10.0,3680
1088,0.0,3138
1088,1.0,4650
1088,2.0,5506
1088,3.0,7703
1088,4.0,8658
1088,5.0,2612
1088,6.0,7307
1088,7.0,4714
1088,8.0,3957
1088,9.0,4093
1088,10.0,2421
1089,0.0,5783
1089,1.0,2424
1089,2.0,3153
1089,3.0,6743
1089,4.0,8658
1089,5.0,4897
1089,6.0,8312
1089,7.0,4714
1089,8.0,3957
1089,9.0,4889
1089,10.0,3680
1090,0.0,4252
1090,1.0,4374
1090,2.0,5895
1090,3.0,2509
1090,4.0,8658
1090,5.0,5298
1090,6.0,7241
1090,7.0,4714
1090,8.0,3957
1090,9.0,4889
1090,10.0,3680
1091,0.0,6385
1091,1.0,5935
1091,2.0,7109
1091,3.0,5933
1091,4.0,7943
1091,5.0,3817
1091,6.0,5004
1091,7.0,4714
1091,8.0,3957
1091,9.0,4889
1091,10.0,3680
1092,0.0,4213
1092,1.0,7914
1092,2.0,5218
1092,3.0,2866
1092,4.0,5113
1092,5.0,7912
1092,6.0,5004
1092,7.0,4714
1092,8.0,3957
1092,9.0,4889
1092,10.0,3680
1093,0.0,6636
1093,1.0,8532
1093,2.0,3041
1093,3.0,2509
1093,4.0,7943
1093,5.0,7658
1093,6.0,7241
1093,7.0,4714
1093,8.0,3957
1093,9.0,4889
1093,10.0,3680
1094,0.0,4436
1094,1.0,3296
1094,2.0,8201
1094,3.0,4256
1094,4.0,7943
1094,5.0,6383
1094,6.0,8491
1094,7.0,4714
1094,8.0,3957
1094,9.0,4889
1094,10.0,3680
1095,0.0,4014
1095,1.0,4061
1095,2.0,6817
1095,3.0,6743
1095,4.0,8658
1095,5.0,8455
1095,6.0,8312
1095,7.0,4714
1095,8.0,3957
1095,9.0,4889
1095,10.0,3680
1096,0.0,3839
1096,1.0,4069
1096,2.0,3526
1096,3.0,3201
1096,4.0,7666
1096,5.0,6868
1096,6.0,2421
1096,7.0,5238
1096,8.0,3799
1096,9.0,7250
1096,10.0,5645
1097,0.0,2631
1097,1.0,4439
1097,2.0,6467
1097,3.0,3698
1097,4.0,7666
1097,5.0,6383
1097,6.0,5230
1097,7.0,5238
1097,8.0,3799
1097,9.0,7250
1097,10.0,5645
1098,0.0,4527
1098,1.0,4895
1098,2.0,4718
1098,3.0,8296
1098,4.0,8658
1098,5.0,3817
1098,6.0,2421
1098,7.0,5238
1098,8.0,3799
1098,9.0,7250
1098,10.0,5645
1099,0.0,3861
1099,1.0,5632
1099,2.0,3237
1099,3.0,4409
1099,4.0,7666
1099,5.0,6947
1099,6.0,2421
1099,7.0,7421
1099,8.0,5665
1099,9.0,7667
1099,10.0,3471
1100,0.0,2859
1100,1.0,2996
1100,2.0,5290
1100,3.0,6651
1100,4.0,7666
1100,5.0,3520
1100,6.0,2421
1100,7.0,7421
1100,8.0,5665
1100,9.0,7667
1100,10.0,3471
1101,0.0,4438
1101,1.0,7723
1101,2.0,6625
1101,3.0,6743
1101,4.0,8104
1101,5.0,8489
1101,6.0,3311
1101,7.0,3543
1101,8.0,5809
1101,9.0,7175
1101,10.0,4105
1102,0.0,6148
1102,1.0,4579
1102,2.0,7455
1102,3.0,3366
1102,4.0,7595
1102,5.0,2842
1102,6.0,8459
1102,7.0,3543
1102,8.0,5809
1102,9.0,7175
1102,10.0,4105
1103,0.0,3454
1103,1.0,6718
1103,2.0,5444
1103,3.0,3978
1103,4.0,7595
1103,5.0,7196
1103,6.0,5358
1103,7.0,3543
1103,8.0,5809
1103,9.0,7175
1103,10.0,4105
1104,0.0,5547
1104,1.0,8239
1104,2.0,7513
1104,3.0,3201
1104,4.0,7666
1104,5.0,6653
1104,6.0,4499
1104,7.0,3543
1104,8.0,5809
1104,9.0,7175
1104,10.0,4105
1105,0.0,3718
1105,1.0,7568
1105,2.0,4062
1105,3.0,6019
1105,4.0,7595
1105,5.0,2842
1105,6.0,4714
1105,7.0,3543
1105,8.0,5809
1105,9.0,7175
1105,10.0,4105
1106,0.0,4343
1106,1.0,5769
1106,2.0,5738
1106,3.0,4409
1106,4.0,8104
1106,5.0,8314
1106,6.0,7077
1106,7.0,3543
1106,8.0,5809
1106,9.0,7175
1106,10.0,4105
1107,0.0,5319
1107,1.0,3273
1107,2.0,2900
1107,3.0,2866
1107,4.0,8104
1107,5.0,4990
1107,6.0,8491
1107,7.0,7369
1107,8.0,4489
1107,9.0,6687
1107,10.0,5625
1108,0.0,7408
1108,1.0,6356
1108,2.0,7799
1108,3.0,4409
1108,4.0,7666
1108,5.0,3520
1108,6.0,8243
1108,7.0,7369
1108,8.0,4489
1108,9.0,6687
1108,10.0,5625
1109,0.0,5569
1109,1.0,3869
1109,2.0,7873
1109,3.0,7478
1109,4.0,6799
1109,5.0,7082
1109,6.0,4499
1109,7.0,7369
1109,8.0,4489
1109,9.0,6687
1109,10.0,5625
1110,0.0,8529
1110,1.0,3277
1110,2.0,4638
1110,3.0,4409
1110,4.0,8104
1110,5.0,2612
1110,6.0,4540
1110,7.0,5313
1110,8.0,2637
1110,9.0,3879
1110,10.0,5301
1111,0.0,5167
1111,1.0,3348
1111,2.0,5120
1111,3.0,6743
1111,4.0,7666
1111,5.0,2843
1111,6.0,8312
1111,7.0,7860
1111,8.0,7089
1111,9.0,6687
1111,10.0,5625
1112,0.0,8061
1112,1.0,7903
1112,2.0,3769
1112,3.0,5307
1112,4.0,7666
1112,5.0,5836
1112,6.0,3185
1112,7.0,7860
1112,8.0,7089
1112,9.0,6687
1112,10.0,5625
1113,0.0,6541
1113,1.0,8370
1113,2.0,8618
1113,3.0,3529
1113,4.0,7666
1113,5.0,8038
1113,6.0,3185
1113,7.0,4610
1113,8.0,7119
1113,9.0,3949
1113,10.0,2988
1114,0.0,8239
1114,1.0,4275
1114,2.0,7305
1114,3.0,6743
1114,4.0,8104
1114,5.0,8609
1114,6.0,7382
1114,7.0,4610
1114,8.0,7119
1114,9.0,3949
1114,10.0,2988
1115,0.0,6088
1115,1.0,5785
1115,2.0,3696
1115,3.0,4409
1115,4.0,8104
1115,5.0,4208
1115,6.0,3761
1115,7.0,4610
1115,8.0,7119
1115,9.0,3949
1115,10.0,2988
1116,0.0,4826
1116,1.0,5791
1116,2.0,3125
1116,3.0,3529
1116,4.0,8104
1116,5.0,4200
1116,6.0,2421
1116,7.0,2901
1116,8.0,5835
1116,9.0,5675
1116,10.0,4599
1117,0.0,6419
1117,1.0,3423
1117,2.0,6412
1117,3.0,6743
1117,4.0,8658
1117,5.0,2421
1117,6.0,2421
1117,7.0,4565
1117,8.0,4143
1117,9.0,5591
1117,10.0,2504
1118,0.0,4934
1118,1.0,2573
1118,2.0,4488
1118,3.0,5889
1118,4.0,7943
1118,5.0,8576
1118,6.0,7399
1118,7.0,4104
1118,8.0,2583
1118,9.0,8690
1118,10.0,4599
1119,0.0,3141
1119,1.0,4609
1119,2.0,8566
1119,3.0,2989
1119,4.0,6554
1119,5.0,4990
1119,6.0,4380
1119,7.0,4104
1119,8.0,2583
1119,9.0,8690
1119,10.0,4599
1120,0.0,2975
1120,1.0,4101
1120,2.0,3188
1120,3.0,2483
1120,4.0,8658
1120,5.0,3894
1120,6.0,4714
1120,7.0,4104
1120,8.0,2583
1120,9.0,2505
1120,10.0,2421
1121,0.0,7509
1121,1.0,7588
1121,2.0,6630
1121,3.0,2483
1121,4.0,7595
1121,5.0,3175
1121,6.0,7489
1121,7.0,4104
1121,8.0,2583
1121,9.0,8690
1121,10.0,4599
1122,0.0,5760
1122,1.0,7397
1122,2.0,3347
1122,3.0,2483
1122,4.0,6799
1122,5.0,4948
1122,6.0,7077
1122,7.0,4104
1122,8.0,2583
1122,9.0,8690
1122,10.0,4599
1123,0.0,5792
1123,1.0,7885
1123,2.0,2519
1123,3.0,6917
1123,4.0,6554
1123,5.0,7196
1123,6.0,2421
1123,7.0,3777
1123,8.0,5205
1123,9.0,7456
1123,10.0,6784
1124,0.0,4575
1124,1.0,6085
1124,2.0,2542
1124,3.0,6917
1124,4.0,7666
1124,5.0,6383
1124,6.0,2421
1124,7.0,3777
1124,8.0,5205
1124,9.0,7456
1124,10.0,6784
1125,0.0,7725
1125,1.0,6071
1125,2.0,4145
1125,3.0,4409
1125,4.0,7666
1125,5.0,5836
1125,6.0,8492
1125,7.0,3965
1125,8.0,6052
1125,9.0,5462
1125,10.0,6003
1126,0.0,3772
1126,1.0,5084
1126,2.0,7734
1126,3.0,3978
1126,4.0,7595
1126,5.0,3520
1126,6.0,2421
1126,7.0,6956
1126,8.0,8065
1126,9.0,5639
1126,10.0,7591
1127,0.0,2781
1127,1.0,8727
1127,2.0,8184
1127,3.0,6743
1127,4.0,7595
1127,5.0,2842
1127,6.0,2421
1127,7.0,6956
1127,8.0,8065
1127,9.0,5639
1127,10.0,7591
1128,0.0,5667
1128,1.0,5647
1128,2.0,7038
1128,3.0,6743
1128,4.0,7666
1128,5.0,8130
1128,6.0,2421
1128,7.0,6956
1128,8.0,8065
1128,9.0,5639
1128,10.0,7591
1129,0.0,8650
1129,1.0,2863
1129,2.0,6517
1129,3.0,2866
1129,4.0,8104
1129,5.0,7196
1129,6.0,2421
1129,7.0,6956
1129,8.0,8065
1129,9.0,5639
1129,10.0,7591
1130,0.0,7178
1130,1.0,8409
1130,2.0,5640
1130,3.0,3982
1130,4.0,7595
1130,5.0,5262
1130,6.0,2421
1130,7.0,6956
1130,8.0,8065
1130,9.0,5639
1130,10.0,7591
1131,0.0,5220
1131,1.0,8380
1131,2.0,2893
1131,3.0,6743
1131,4.0,7666
1131,5.0,7439
1131,6.0,2421
1131,7.0,3594
1131,8.0,3583
1131,9.0,5234
1131,10.0,8589
1132,0.0,2922
1132,1.0,3457
1132,2.0,2762
1132,3.0,2509
1132,4.0,7595
1132,5.0,2421
1132,6.0,2421
1132,7.0,8491
1132,8.0,6097
1132,9.0,5229
1132,10.0,5645
1133,0.0,3139
1133,1.0,5384
1133,2.0,6017
1133,3.0,3698
1133,4.0,7666
1133,5.0,7132
1133,6.0,2421
1133,7.0,8491
1133,8.0,6097
1133,9.0,5229
1133,10.0,5645
1134,0.0,8293
1134,1.0,5974
1134,2.0,6915
1134,3.0,3920
1134,4.0,8104
1134,5.0,3520
1134,6.0,2421
1134,7.0,8491
1134,8.0,6097
1134,9.0,5229
1134,10.0,5645
1135,0.0,6239
1135,1.0,3896
1135,2.0,4545
1135,3.0,4409
1135,4.0,6554
1135,5.0,3520
1135,6.0,2421
1135,7.0,8491
1135,8.0,6097
1135,9.0,5229
1135,10.0,5645
1136,0.0,2513
1136,1.0,7919
1136,2.0,6448
1136,3.0,3529
1136,4.0,7666
1136,5.0,3817
1136,6.0,2421
1136,7.0,8491
1136,8.0,6097
1136,9.0,5229
1136,10.0,5645
1137,0.0,4008
1137,1.0,5876
1137,2.0,6168
1137,3.0,6743
1137,4.0,8104
1137,5.0,7206
1137,6.0,2421
1137,7.0,8491
1137,8.0,6097
1137,9.0,2668
1137,10.0,2421
1138,0.0,3855
1138,1.0,6590
1138,2.0,3355
1138,3.0,3698
1138,4.0,7595
1138,5.0,6746
1138,6.0,4380
1138,7.0,5727
1138,8.0,7528
1138,9.0,2806
1138,10.0,4625
1139,0.0,8389
1139,1.0,3159
1139,2.0,4025
1139,3.0,4409
1139,4.0,8104
1139,5.0,6746
1139,6.0,3548
1139,7.0,5727
1139,8.0,7528
1139,9.0,2806
1139,10.0,4625
1140,0.0,8509
1140,1.0,6744
1140,2.0,3503
1140,3.0,4887
1140,4.0,8104
1140,5.0,6593
1140,6.0,3311
1140,7.0,5727
1140,8.0,7528
1140,9.0,2806
1140,10.0,4625
1141,0.0,3184
1141,1.0,7695
1141,2.0,5960
1141,3.0,2826
1141,4.0,8104
1141,5.0,8576
1141,6.0,4380
1141,7.0,5727
1141,8.0,7528
1141,9.0,2806
1141,10.0,4625
1142,0.0,4149
1142,1.0,3924
1142,2.0,8693
1142,3.0,6743
1142,4.0,6799
1142,5.0,6420
1142,6.0,2421
1142,7.0,5768
1142,8.0,5139
1142,9.0,7817
1142,10.0,5861
1143,0.0,5442
1143,1.0,3584
1143,2.0,3607
1143,3.0,5098
1143,4.0,7666
1143,5.0,2788
1143,6.0,3525
1143,7.0,5768
1143,8.0,5139
1143,9.0,7817
1143,10.0,5861
1144,0.0,8590
1144,1.0,6222
1144,2.0,5050
1144,3.0,3698
1144,4.0,7666
1144,5.0,3974
1144,6.0,8280
1144,7.0,4989
1144,8.0,2705
1144,9.0,3821
1144,10.0,5625
1145,0.0,3631
1145,1.0,7782
1145,2.0,7493
1145,3.0,8337
1145,4.0,7666
1145,5.0,2612
1145,6.0,5688
1145,7.0,4989
1145,8.0,2705
1145,9.0,3821
1145,10.0,5625
1146,0.0,6600
1146,1.0,5942
1146,2.0,7464
1146,3.0,4409
1146,4.0,7666
1146,5.0,3520
1146,6.0,4503
1146,7.0,4989
1146,8.0,2705
1146,9.0,3821
1146,10.0,5625
1147,0.0,4850
1147,1.0,8484
1147,2.0,6046
1147,3.0,8296
1147,4.0,7595
1147,5.0,3520
1147,6.0,5688
1147,7.0,4989
1147,8.0,2705
1147,9.0,3821
1147,10.0,5625
1148,0.0,3867
1148,1.0,8055
1148,2.0,2462
1148,3.0,5312
1148,4.0,7595
1148,5.0,3337
1148,6.0,3185
1148,7.0,4989
1148,8.0,2705
1148,9.0,3494
1148,10.0,2421
1149,0.0,6680
1149,1.0,3145
1149,2.0,6240
1149,3.0,3734
1149,4.0,6799
1149,5.0,4897
1149,6.0,3185
1149,7.0,4989
1149,8.0,2705
1149,9.0,3821
1149,10.0,5625
1150,0.0,8161
1150,1.0,3993
1150,2.0,7933
1150,3.0,4887
1150,4.0,6554
1150,5.0,8391
1150,6.0,6450
1150,7.0,4989
1150,8.0,2705
1150,9.0,3821
1150,10.0,5625
1151,0.0,7129
1151,1.0,6204
1151,2.0,4100
1151,3.0,8264
1151,4.0,7666
1151,5.0,4948
1151,6.0,7077
1151,7.0,4989
1151,8.0,2705
1151,9.0,3821
1151,10.0,5625
1152,0.0,8661
1152,1.0,6278
1152,2.0,5611
1152,3.0,3698
1152,4.0,7666
1152,5.0,8576
1152,6.0,4380
1152,7.0,4989
1152,8.0,2705
1152,9.0,3821
1152,10.0,5625
1153,0.0,5557
1153,1.0,6185
1153,2.0,3148
1153,3.0,6743
1153,4.0,8104
1153,5.0,4897
1153,6.0,7241
1153,7.0,4989
1153,8.0,2705
1153,9.0,3821
1153,10.0,5625
1154,0.0,6647
1154,1.0,5490
1154,2.0,3299
1154,3.0,6310
1154,4.0,7666
1154,5.0,5519
1154,6.0,3416
1154,7.0,8027
1154,8.0,7108
1154,9.0,8440
1154,10.0,8301
1155,0.0,3444
1155,1.0,8552
1155,2.0,7105
1155,3.0,6743
1155,4.0,8104
1155,5.0,3817
1155,6.0,4221
1155,7.0,8027
1155,8.0,7108
1155,9.0,8440
1155,10.0,8301
1156,0.0,6208
1156,1.0,2695
1156,2.0,2636
1156,3.0,4256
1156,4.0,7595
1156,5.0,3520
1156,6.0,5313
1156,7.0,8027
1156,8.0,7108
1156,9.0,6802
1156,10.0,2421
1157,0.0,8488
1157,1.0,4832
1157,2.0,8100
1157,3.0,8526
1157,4.0,8104
1157,5.0,2612
1157,6.0,2421
1157,7.0,2645
1157,8.0,6498
1157,9.0,7431
1157,10.0,5822
1158,0.0,7968
1158,1.0,6794
1158,2.0,3511
1158,3.0,3529
1158,4.0,7595
1158,5.0,7196
1158,6.0,4380
1158,7.0,2645
1158,8.0,6498
1158,9.0,4921
1158,10.0,2421
1159,0.0,7610
1159,1.0,2487
1159,2.0,3117
1159,3.0,6743
1159,4.0,6799
1159,5.0,8609
1159,6.0,2421
1159,7.0,2645
1159,8.0,6498
1159,9.0,7431
1159,10.0,5822
1160,0.0,3331
1160,1.0,4415
1160,2.0,4444
1160,3.0,8526
1160,4.0,8104
1160,5.0,7912
1160,6.0,2421
1160,7.0,2645
1160,8.0,6498
1160,9.0,7431
1160,10.0,5822
1161,0.0,5746
1161,1.0,5271
1161,2.0,4823
1161,3.0,4382
1161,4.0,8658
1161,5.0,6947
1161,6.0,3878
1161,7.0,3516
1161,8.0,6857
1161,9.0,4675
1161,10.0,4121
1162,0.0,6657
1162,1.0,5521
1162,2.0,5913
1162,3.0,6743
1162,4.0,5113
1162,5.0,6947
1162,6.0,7489
1162,7.0,3516
1162,8.0,6857
1162,9.0,4675
1162,10.0,4121
1163,0.0,6083
1163,1.0,7527
1163,2.0,5765
1163,3.0,6743
1163,4.0,8658
1163,5.0,2842
1163,6.0,7489
1163,7.0,3516
1163,8.0,6857
1163,9.0,4675
1163,10.0,4121
1164,0.0,3448
1164,1.0,4424
1164,2.0,4996
1164,3.0,4409
1164,4.0,8658
1164,5.0,3520
1164,6.0,3548
1164,7.0,3516
1164,8.0,6857
1164,9.0,4675
1164,10.0,4121
1165,0.0,2676
1165,1.0,3691
1165,2.0,4119
1165,3.0,6743
1165,4.0,5113
1165,5.0,6947
1165,6.0,7489
1165,7.0,3516
1165,8.0,6857
1165,9.0,4675
1165,10.0,4121
1166,0.0,3285
1166,1.0,6450
1166,2.0,6337
1166,3.0,4382
1166,4.0,8658
1166,5.0,2842
1166,6.0,3878
1166,7.0,3516
1166,8.0,6857
1166,9.0,4675
1166,10.0,4121
1167,0.0,6714
1167,1.0,6267
1167,2.0,4523
1167,3.0,7478
1167,4.0,7666
1167,5.0,2421
1167,6.0,2421
1167,7.0,2749
1167,8.0,5348
1167,9.0,7652
1167,10.0,6423
1168,0.0,7381
1168,1.0,2650
1168,2.0,7583
1168,3.0,4409
1168,4.0,7666
1168,5.0,2421
1168,6.0,2421
1168,7.0,2749
1168,8.0,5348
1168,9.0,7652
1168,10.0,6423
1169,0.0,2721
1169,1.0,3794
1169,2.0,7859
1169,3.0,8526
1169,4.0,7666
1169,5.0,2421
1169,6.0,2421
1169,7.0,2749
1169,8.0,5348
1169,9.0,7652
1169,10.0,6423
1170,0.0,7002
1170,1.0,5004
1170,2.0,8143
1170,3.0,4588
1170,4.0,8104
1170,5.0,2421
1170,6.0,2421
1170,7.0,2749
1170,8.0,5348
1170,9.0,7652
1170,10.0,6423
1171,0.0,3198
1171,1.0,5802
1171,2.0,6460
1171,3.0,4588
1171,4.0,6799
1171,5.0,2421
1171,6.0,2421
1171,7.0,2749
1171,8.0,5348
1171,9.0,7652
1171,10.0,6423
1172,0.0,8674
1172,1.0,4540
1172,2.0,2827
1172,3.0,3529
1172,4.0,8104
1172,5.0,2421
1172,6.0,2421
1172,7.0,2749
1172,8.0,5348
1172,9.0,7652
1172,10.0,6423
1173,0.0,8521
1173,1.0,7288
1173,2.0,8112
1173,3.0,2866
1173,4.0,8104
1173,5.0,2421
1173,6.0,2421
1173,7.0,2749
1173,8.0,5348
1173,9.0,7652
1173,10.0,6423
1174,0.0,3398
1174,1.0,2515
1174,2.0,8560
1174,3.0,2866
1174,4.0,7666
1174,5.0,6383
1174,6.0,2421
1174,7.0,6022
1174,8.0,6828
1174,9.0,4581
1174,10.0,5822
1175,0.0,4004
1175,1.0,5508
1175,2.0,5723
1175,3.0,4256
1175,4.0,7666
1175,5.0,3520
1175,6.0,2421
1175,7.0,6022
1175,8.0,6828
1175,9.0,4581
1175,10.0,5822
1176,0.0,3242
1176,1.0,7389
1176,2.0,3950
1176,3.0,6743
1176,4.0,6554
1176,5.0,3817
1176,6.0,7241
1176,7.0,6022
1176,8.0,6828
1176,9.0,4581
1176,10.0,5822
1177,0.0,6028
1177,1.0,6303
1177,2.0,3722
1177,3.0,3698
1177,4.0,6799
1177,5.0,5958
1177,6.0,5358
1177,7.0,6022
1177,8.0,6828
1177,9.0,4581
1177,10.0,5822
1178,0.0,4847
1178,1.0,7012
1178,2.0,3065
1178,3.0,3529
1178,4.0,7666
1178,5.0,4200
1178,6.0,2421
1178,7.0,6022
1178,8.0,6828
1178,9.0,4581
1178,10.0,5822
1179,0.0,8543
1179,1.0,5869
1179,2.0,7623
1179,3.0,6743
1179,4.0,5113
1179,5.0,4928
1179,6.0,7489
1179,7.0,4424
1179,8.0,3163
1179,9.0,7460
1179,10.0,5797
1180,0.0,5415
1180,1.0,8250
1180,2.0,3006
1180,3.0,3201
1180,4.0,8658
1180,5.0,4990
1180,6.0,3878
1180,7.0,4424
1180,8.0,3163
1180,9.0,7460
1180,10.0,5797
1181,0.0,4040
1181,1.0,2794
1181,2.0,6786
1181,3.0,8264
1181,4.0,4802
1181,5.0,6663
1181,6.0,7399
1181,7.0,7680
1181,8.0,8199
1181,9.0,2881
1181,10.0,7053
1182,0.0,2927
1182,1.0,4387
1182,2.0,6786
1182,3.0,8264
1182,4.0,7943
1182,5.0,6663
1182,6.0,7399
1182,7.0,7680
1182,8.0,8199
1182,9.0,2881
1182,10.0,7053
1183,0.0,2955
1183,1.0,2527
1183,2.0,6786
1183,3.0,8264
1183,4.0,7666
1183,5.0,6653
1183,6.0,7399
1183,7.0,7680
1183,8.0,8199
1183,9.0,2881
1183,10.0,7053
1184,0.0,7944
1184,1.0,3132
1184,2.0,6786
1184,3.0,8264
1184,4.0,8104
1184,5.0,6653
1184,6.0,7399
1184,7.0,7680
1184,8.0,8199
1184,9.0,2881
1184,10.0,7053
1185,0.0,4385
1185,1.0,8602
1185,2.0,8383
1185,3.0,3477
1185,4.0,7666
1185,5.0,6514
1185,6.0,6811
1185,7.0,3676
1185,8.0,5920
1185,9.0,6838
1185,10.0,5122
1186,0.0,6794
1186,1.0,5540
1186,2.0,5445
1186,3.0,4862
1186,4.0,8658
1186,5.0,7581
1186,6.0,2421
1186,7.0,7769
1186,8.0,4614
1186,9.0,4403
1186,10.0,3106
1187,0.0,8249
1187,1.0,5668
1187,2.0,7000
1187,3.0,3698
1187,4.0,8658
1187,5.0,3151
1187,6.0,4380
1187,7.0,2769
1187,8.0,7911
1187,9.0,5162
1187,10.0,2421
1188,0.0,5653
1188,1.0,8236
1188,2.0,7981
1188,3.0,6743
1188,4.0,5113
1188,5.0,7148
1188,6.0,7532
1188,7.0,2769
1188,8.0,7911
1188,9.0,7931
1188,10.0,4355
1189,0.0,3194
1189,1.0,5486
1189,2.0,5239
1189,3.0,5459
1189,4.0,7666
1189,5.0,4897
1189,6.0,4509
1189,7.0,2554
1189,8.0,5214
1189,9.0,3039
1189,10.0,6784
1190,0.0,8109
1190,1.0,6792
1190,2.0,3062
1190,3.0,5312
1190,4.0,7666
1190,5.0,4990
1190,6.0,3761
1190,7.0,2554
1190,8.0,5214
1190,9.0,3039
1190,10.0,6784
1191,0.0,7116
1191,1.0,2463
1191,2.0,7685
1191,3.0,3698
1191,4.0,7595
1191,5.0,7132
1191,6.0,2421
1191,7.0,5802
1191,8.0,3573
1191,9.0,3733
1191,10.0,6423
1192,0.0,4832
1192,1.0,6184
1192,2.0,6351
1192,3.0,6743
1192,4.0,7595
1192,5.0,8489
1192,6.0,2421
1192,7.0,5802
1192,8.0,3573
1192,9.0,3733
1192,10.0,6423
1193,0.0,3157
1193,1.0,7379
1193,2.0,2427
1193,3.0,2866
1193,4.0,8104
1193,5.0,6746
1193,6.0,2421
1193,7.0,5802
1193,8.0,3573
1193,9.0,3733
1193,10.0,6423
1194,0.0,6856
1194,1.0,2422
1194,2.0,5559
1194,3.0,3982
1194,4.0,7595
1194,5.0,3520
1194,6.0,2421
1194,7.0,5802
1194,8.0,3573
1194,9.0,3733
1194,10.0,6423
1195,0.0,4220
1195,1.0,2979
1195,2.0,4177
1195,3.0,5307
1195,4.0,8104
1195,5.0,7196
1195,6.0,6195
1195,7.0,5775
1195,8.0,6700
1195,9.0,6139
1195,10.0,4210
1196,0.0,3490
1196,1.0,6559
1196,2.0,4805
1196,3.0,6897
1196,4.0,7595
1196,5.0,4990
1196,6.0,6811
1196,7.0,5775
1196,8.0,6700
1196,9.0,6139
1196,10.0,4210
1197,0.0,8567
1197,1.0,5101
1197,2.0,3208
1197,3.0,6743
1197,4.0,8104
1197,5.0,8129
1197,6.0,5182
1197,7.0,5775
1197,8.0,6700
1197,9.0,6139
1197,10.0,4210
1198,0.0,5421
1198,1.0,3873
1198,2.0,8335
1198,3.0,6743
1198,4.0,6799
1198,5.0,8129
1198,6.0,7535
1198,7.0,6175
1198,8.0,5729
1198,9.0,3329
1198,10.0,6784
1199,0.0,7172
1199,1.0,8213
1199,2.0,7508
1199,3.0,6743
1199,4.0,7666
1199,5.0,4305
1199,6.0,7241
1199,7.0,6175
1199,8.0,5729
1199,9.0,3329
1199,10.0,6784
1200,0.0,6361
1200,1.0,5105
1200,2.0,4637
1200,3.0,4256
1200,4.0,7943
1200,5.0,7196
1200,6.0,2421
1200,7.0,3325
1200,8.0,6816
1200,9.0,3017
1200,10.0,5645
1201,0.0,8562
1201,1.0,7231
1201,2.0,7348
1201,3.0,5312
1201,4.0,7666
1201,5.0,6383
1201,6.0,2421
1201,7.0,6991
1201,8.0,7999
1201,9.0,2958
1201,10.0,4121
1202,0.0,7922
1202,1.0,4606
1202,2.0,3385
1202,3.0,6743
1202,4.0,7666
1202,5.0,5519
1202,6.0,2421
1202,7.0,6991
1202,8.0,7999
1202,9.0,2958
1202,10.0,4121
1203,0.0,7450
1203,1.0,7834
1203,2.0,2469
1203,3.0,2866
1203,4.0,8104
1203,5.0,6746
1203,6.0,2421
1203,7.0,6991
1203,8.0,7999
1203,9.0,4235
1203,10.0,2421
1204,0.0,5664
1204,1.0,3909
1204,2.0,7270
1204,3.0,3698
1204,4.0,7666
1204,5.0,7196
1204,6.0,2421
1204,7.0,6991
1204,8.0,7999
1204,9.0,2958
1204,10.0,4121
1205,0.0,2700
1205,1.0,3217
1205,2.0,4017
1205,3.0,8526
1205,4.0,6554
1205,5.0,5519
1205,6.0,2421
1205,7.0,6991
1205,8.0,7999
1205,9.0,2958
1205,10.0,4121
1206,0.0,8180
1206,1.0,8255
1206,2.0,8262
1206,3.0,4564
1206,4.0,5113
1206,5.0,8576
1206,6.0,4509
1206,7.0,4554
1206,8.0,7512
1206,9.0,2910
1206,10.0,4105
1207,0.0,5073
1207,1.0,6714
1207,2.0,6768
1207,3.0,3734
1207,4.0,8658
1207,5.0,3817
1207,6.0,4509
1207,7.0,4554
1207,8.0,7512
1207,9.0,2910
1207,10.0,4105
1208,0.0,8685
1208,1.0,8525
1208,2.0,4218
1208,3.0,7703
1208,4.0,8104
1208,5.0,7912
1208,6.0,4503
1208,7.0,6400
1208,8.0,4680
1208,9.0,3726
1208,10.0,6784
1209,0.0,3719
1209,1.0,5407
1209,2.0,5799
1209,3.0,2866
1209,4.0,8104
1209,5.0,5519
1209,6.0,8243
1209,7.0,6400
1209,8.0,4680
1209,9.0,3726
1209,10.0,6784
1210,0.0,4059
1210,1.0,3364
1210,2.0,7531
1210,3.0,3978
1210,4.0,7666
1210,5.0,8576
1210,6.0,3185
1210,7.0,6400
1210,8.0,4680
1210,9.0,3726
1210,10.0,6784
1211,0.0,7373
1211,1.0,4987
1211,2.0,3842
1211,3.0,6743
1211,4.0,7666
1211,5.0,2842
1211,6.0,8312
1211,7.0,6400
1211,8.0,4680
1211,9.0,7419
1211,10.0,2421
1212,0.0,3230
1212,1.0,7210
1212,2.0,6122
1212,3.0,4409
1212,4.0,7666
1212,5.0,5519
1212,6.0,4503
1212,7.0,4417
1212,8.0,5079
1212,9.0,5586
1212,10.0,4109
1213,0.0,7064
1213,1.0,7140
1213,2.0,4780
1213,3.0,3920
1213,4.0,8104
1213,5.0,7206
1213,6.0,2421
1213,7.0,7750
1213,8.0,8447
1213,9.0,5482
1213,10.0,3471
1214,0.0,3023
1214,1.0,7781
1214,2.0,2589
1214,3.0,7703
1214,4.0,7943
1214,5.0,5575
1214,6.0,2421
1214,7.0,7750
1214,8.0,8447
1214,9.0,5482
1214,10.0,3471
1215,0.0,6020
1215,1.0,8367
1215,2.0,5476
1215,3.0,4409
1215,4.0,7666
1215,5.0,5519
1215,6.0,5941
1215,7.0,7750
1215,8.0,8447
1215,9.0,5482
1215,10.0,3471
1216,0.0,2786
1216,1.0,7747
1216,2.0,4795
1216,3.0,3698
1216,4.0,7595
1216,5.0,7912
1216,6.0,3878
1216,7.0,7750
1216,8.0,8447
1216,9.0,5482
1216,10.0,3471
1217,0.0,4784
1217,1.0,6866
1217,2.0,2495
1217,3.0,4588
1217,4.0,7595
1217,5.0,3934
1217,6.0,4509
1217,7.0,7750
1217,8.0,8447
1217,9.0,5482
1217,10.0,3471
1218,0.0,6806
1218,1.0,7953
1218,2.0,7043
1218,3.0,7018
1218,4.0,8104
1218,5.0,7082
1218,6.0,8243
1218,7.0,4971
1218,8.0,8227
1218,9.0,4781
1218,10.0,2939
1219,0.0,4387
1219,1.0,2899
1219,2.0,7716
1219,3.0,2866
1219,4.0,7666
1219,5.0,6653
1219,6.0,4509
1219,7.0,4971
1219,8.0,8227
1219,9.0,4781
1219,10.0,2939
1220,0.0,8257
1220,1.0,5783
1220,2.0,7111
1220,3.0,4407
1220,4.0,5113
1220,5.0,3894
1220,6.0,6931
1220,7.0,4971
1220,8.0,8227
1220,9.0,4781
1220,10.0,2939
1221,0.0,3990
1221,1.0,3864
1221,2.0,8481
1221,3.0,3978
1221,4.0,6554
1221,5.0,2654
1221,6.0,3432
1221,7.0,4971
1221,8.0,8227
1221,9.0,4781
1221,10.0,2939
1222,0.0,7936
1222,1.0,6164
1222,2.0,8463
1222,3.0,4407
1222,4.0,7595
1222,5.0,6653
1222,6.0,4509
1222,7.0,4971
1222,8.0,8227
1222,9.0,4781
1222,10.0,2939
1223,0.0,8097
1223,1.0,5324
1223,2.0,6616
1223,3.0,6616
1223,4.0,7943
1223,5.0,6663
1223,6.0,3432
1223,7.0,3630
1223,8.0,5929
1223,9.0,3603
1223,10.0,2939
1224,0.0,8469
1224,1.0,3161
1224,2.0,7051
1224,3.0,4564
1224,4.0,7943
1224,5.0,4990
1224,6.0,3185
1224,7.0,3630
1224,8.0,5929
1224,9.0,3603
1224,10.0,2939
1225,0.0,6229
1225,1.0,7632
1225,2.0,7395
1225,3.0,6743
1225,4.0,3213
1225,5.0,3520
1225,6.0,2421
1225,7.0,3630
1225,8.0,5929
1225,9.0,3603
1225,10.0,2939
1226,0.0,4858
1226,1.0,6340
1226,2.0,8465
1226,3.0,6743
1226,4.0,8658
1226,5.0,8038
1226,6.0,2421
1226,7.0,3630
1226,8.0,5929
1226,9.0,3603
1226,10.0,2939
1227,0.0,5111
1227,1.0,4834
1227,2.0,4933
1227,3.0,6743
1227,4.0,8104
1227,5.0,5254
1227,6.0,7489
1227,7.0,5352
1227,8.0,7374
1227,9.0,6343
1227,10.0,6194
1228,0.0,4600
1228,1.0,3671
1228,2.0,6522
1228,3.0,4256
1228,4.0,7666
1228,5.0,4305
1228,6.0,7382
1228,7.0,5352
1228,8.0,7374
1228,9.0,6343
1228,10.0,6194
1229,0.0,8253
1229,1.0,4492
1229,2.0,7504
1229,3.0,7703
1229,4.0,8658
1229,5.0,8576
1229,6.0,5410
1229,7.0,2938
1229,8.0,4534
1229,9.0,4816
1229,10.0,5645
1230,0.0,7995
1230,1.0,7450
1230,2.0,7760
1230,3.0,3698
1230,4.0,5113
1230,5.0,5254
1230,6.0,2421
1230,7.0,8683
1230,8.0,4534
1230,9.0,2591
1230,10.0,5645
1231,0.0,4605
1231,1.0,7509
1231,2.0,6000
1231,3.0,4409
1231,4.0,8658
1231,5.0,8576
1231,6.0,2421
1231,7.0,8683
1231,8.0,4534
1231,9.0,2591
1231,10.0,5645
1232,0.0,8339
1232,1.0,7990
1232,2.0,6548
1232,3.0,3529
1232,4.0,5113
1232,5.0,8538
1232,6.0,2421
1232,7.0,8683
1232,8.0,4534
1232,9.0,2591
1232,10.0,5645
1233,0.0,8608
1233,1.0,3519
1233,2.0,6093
1233,3.0,7090
1233,4.0,7550
1233,5.0,7924
1233,6.0,7399
1233,7.0,3738
1233,8.0,7593
1233,9.0,8620
1233,10.0,6179
1234,0.0,8055
1234,1.0,2753
1234,2.0,7845
1234,3.0,3386
1234,4.0,7666
1234,5.0,6383
1234,6.0,7242
1234,7.0,3738
1234,8.0,7593
1234,9.0,8620
1234,10.0,6179
1235,0.0,6345
1235,1.0,7998
1235,2.0,5347
1235,3.0,4409
1235,4.0,6799
1235,5.0,8314
1235,6.0,2421
1235,7.0,6549
1235,8.0,6829
1235,9.0,4619
1235,10.0,6831
1236,0.0,6564
1236,1.0,8661
1236,2.0,5563
1236,3.0,6897
1236,4.0,7666
1236,5.0,4208
1236,6.0,3185
1236,7.0,6549
1236,8.0,6829
1236,9.0,4619
1236,10.0,6831
1237,0.0,5954
1237,1.0,2984
1237,2.0,4033
1237,3.0,6743
1237,4.0,7595
1237,5.0,3934
1237,6.0,2421
1237,7.0,6549
1237,8.0,6829
1237,9.0,4619
1237,10.0,6831
1238,0.0,4268
1238,1.0,4989
1238,2.0,2706
1238,3.0,2866
1238,4.0,7550
1238,5.0,2612
1238,6.0,2421
1238,7.0,6549
1238,8.0,6829
1238,9.0,4619
1238,10.0,6831
1239,0.0,6949
1239,1.0,3332
1239,2.0,5328
1239,3.0,4409
1239,4.0,8104
1239,5.0,7196
1239,6.0,2421
1239,7.0,6153
1239,8.0,7290
1239,9.0,4093
1239,10.0,2421
1240,0.0,8426
1240,1.0,6237
1240,2.0,7216
1240,3.0,2866
1240,4.0,8104
1240,5.0,6383
1240,6.0,8491
1240,7.0,6153
1240,8.0,7290
1240,9.0,4889
1240,10.0,3680
1241,0.0,7843
1241,1.0,4708
1241,2.0,7444
1241,3.0,4409
1241,4.0,7595
1241,5.0,7196
1241,6.0,2421
1241,7.0,6115
1241,8.0,5846
1241,9.0,5118
1241,10.0,6951
1242,0.0,4432
1242,1.0,8429
1242,2.0,6515
1242,3.0,4588
1242,4.0,8104
1242,5.0,3520
1242,6.0,2421
1242,7.0,6115
1242,8.0,5846
1242,9.0,5118
1242,10.0,6951
1243,0.0,4500
1243,1.0,2977
1243,2.0,2818
1243,3.0,4887
1243,4.0,7666
1243,5.0,3996
1243,6.0,2421
1243,7.0,7537
1243,8.0,3498
1243,9.0,4154
1243,10.0,7591
1244,0.0,5274
1244,1.0,6780
1244,2.0,2871
1244,3.0,3529
1244,4.0,8104
1244,5.0,6691
1244,6.0,7399
1244,7.0,7537
1244,8.0,3498
1244,9.0,4154
1244,10.0,7591
1245,0.0,8033
1245,1.0,7168
1245,2.0,4836
1245,3.0,3366
1245,4.0,7595
1245,5.0,4917
1245,6.0,2421
1245,7.0,7537
1245,8.0,3498
1245,9.0,4154
1245,10.0,7591
1246,0.0,3497
1246,1.0,5990
1246,2.0,3959
1246,3.0,3978
1246,4.0,3213
1246,5.0,5061
1246,6.0,7399
1246,7.0,7537
1246,8.0,3498
1246,9.0,3815
1246,10.0,2421
1247,0.0,2898
1247,1.0,6251
1247,2.0,8018
1247,3.0,5312
1247,4.0,7666
1247,5.0,8102
1247,6.0,3878
1247,7.0,7537
1247,8.0,3498
1247,9.0,4154
1247,10.0,7591
1248,0.0,8213
1248,1.0,4336
1248,2.0,5033
1248,3.0,4409
1248,4.0,7666
1248,5.0,6746
1248,6.0,4503
1248,7.0,7537
1248,8.0,3498
1248,9.0,4154
1248,10.0,7591
1249,0.0,2996
1249,1.0,7725
1249,2.0,5829
1249,3.0,6743
1249,4.0,7595
1249,5.0,8494
1249,6.0,7241
1249,7.0,7537
1249,8.0,3498
1249,9.0,4154
1249,10.0,7591
1250,0.0,5632
1250,1.0,4575
1250,2.0,6106
1250,3.0,4588
1250,4.0,7595
1250,5.0,2843
1250,6.0,8491
1250,7.0,7537
1250,8.0,3498
1250,9.0,4154
1250,10.0,7591
1251,0.0,6226
1251,1.0,5792
1251,2.0,6804
1251,3.0,2866
1251,4.0,7666
1251,5.0,3817
1251,6.0,4509
1251,7.0,7537
1251,8.0,3498
1251,9.0,4154
1251,10.0,7591
1252,0.0,3404
1252,1.0,4427
1252,2.0,3218
1252,3.0,3978
1252,4.0,3213
1252,5.0,6383
1252,6.0,3185
1252,7.0,5224
1252,8.0,3735
1252,9.0,3349
1252,10.0,2939
1253,0.0,5876
1253,1.0,8061
1253,2.0,8611
1253,3.0,3698
1253,4.0,7666
1253,5.0,3520
1253,6.0,4640
1253,7.0,5224
1253,8.0,3735
1253,9.0,3349
1253,10.0,2939
1254,0.0,8575
1254,1.0,7186
1254,2.0,3218
1254,3.0,3978
1254,4.0,7595
1254,5.0,6041
1254,6.0,3185
1254,7.0,5224
1254,8.0,3735
1254,9.0,3349
1254,10.0,2939
1255,0.0,5047
1255,1.0,5955
1255,2.0,3556
1255,3.0,4564
1255,4.0,7666
1255,5.0,2555
1255,6.0,2421
1255,7.0,8285
1255,8.0,4859
1255,9.0,4559
1255,10.0,8044
1256,0.0,6537
1256,1.0,8312
1256,2.0,6971
1256,3.0,6743
1256,4.0,7666
1256,5.0,6947
1256,6.0,2421
1256,7.0,8285
1256,8.0,4859
1256,9.0,4559
1256,10.0,8044
1257,0.0,8515
1257,1.0,7961
1257,2.0,5153
1257,3.0,4564
1257,4.0,7595
1257,5.0,2555
1257,6.0,2421
1257,7.0,8285
1257,8.0,4859
1257,9.0,4559
1257,10.0,8044
1258,0.0,3522
1258,1.0,5357
1258,2.0,6970
1258,3.0,2866
1258,4.0,7595
1258,5.0,7132
1258,6.0,2421
1258,7.0,8285
1258,8.0,4859
1258,9.0,4559
1258,10.0,8044
1259,0.0,8083
1259,1.0,4365
1259,2.0,7614
1259,3.0,3366
1259,4.0,7666
1259,5.0,7148
1259,6.0,2421
1259,7.0,5713
1259,8.0,3857
1259,9.0,4111
1259,10.0,6784
1260,0.0,6023
1260,1.0,2486
1260,2.0,3127
1260,3.0,8296
1260,4.0,7666
1260,5.0,5262
1260,6.0,2421
1260,7.0,5713
1260,8.0,3857
1260,9.0,4111
1260,10.0,6784
1261,0.0,7743
1261,1.0,4772
1261,2.0,7636
1261,3.0,3386
1261,4.0,7666
1261,5.0,7132
1261,6.0,2666
1261,7.0,5713
1261,8.0,3857
1261,9.0,4111
1261,10.0,6784
1262,0.0,3261
1262,1.0,4317
1262,2.0,4006
1262,3.0,6743
1262,4.0,7595
1262,5.0,3520
1262,6.0,2421
1262,7.0,5713
1262,8.0,3857
1262,9.0,4111
1262,10.0,6784
1263,0.0,3300
1263,1.0,4337
1263,2.0,6410
1263,3.0,3467
1263,4.0,7595
1263,5.0,3520
1263,6.0,2421
1263,7.0,5713
1263,8.0,3857
1263,9.0,4111
1263,10.0,6784
1264,0.0,3943
1264,1.0,4241
1264,2.0,5771
1264,3.0,3201
1264,4.0,8104
1264,5.0,6746
1264,6.0,7399
1264,7.0,5713
1264,8.0,3857
1264,9.0,4111
1264,10.0,6784
1265,0.0,4517
1265,1.0,3305
1265,2.0,4641
1265,3.0,5813
1265,4.0,8104
1265,5.0,4690
1265,6.0,4509
1265,7.0,5713
1265,8.0,3857
1265,9.0,4111
1265,10.0,6784
1266,0.0,3382
1266,1.0,4634
1266,2.0,7180
1266,3.0,3978
1266,4.0,8104
1266,5.0,3817
1266,6.0,7121
1266,7.0,5713
1266,8.0,3857
1266,9.0,4111
1266,10.0,6784
1267,0.0,3307
1267,1.0,8595
1267,2.0,8684
1267,3.0,4887
1267,4.0,7595
1267,5.0,4917
1267,6.0,6450
1267,7.0,5713
1267,8.0,3857
1267,9.0,4111
1267,10.0,6784
1268,0.0,2987
1268,1.0,3437
1268,2.0,3451
1268,3.0,4887
1268,4.0,7595
1268,5.0,3996
1268,6.0,5581
1268,7.0,8670
1268,8.0,7682
1268,9.0,5457
1268,10.0,8044
1269,0.0,6440
1269,1.0,6907
1269,2.0,5317
1269,3.0,6743
1269,4.0,7595
1269,5.0,7581
1269,6.0,8514
1269,7.0,8670
1269,8.0,7682
1269,9.0,5457
1269,10.0,8044
1270,0.0,4846
1270,1.0,3750
1270,2.0,2848
1270,3.0,3529
1270,4.0,7595
1270,5.0,7206
1270,6.0,5688
1270,7.0,8670
1270,8.0,7682
1270,9.0,5457
1270,10.0,8044
1271,0.0,2974
1271,1.0,3450
1271,2.0,4364
1271,3.0,4588
1271,4.0,8104
1271,5.0,2446
1271,6.0,3774
1271,7.0,8670
1271,8.0,7682
1271,9.0,5457
1271,10.0,8044
1272,0.0,6441
1272,1.0,5690
1272,2.0,4007
1272,3.0,4409
1272,4.0,6554
1272,5.0,8455
1272,6.0,2969
1272,7.0,8670
1272,8.0,7682
1272,9.0,5457
1272,10.0,8044
1273,0.0,2794
1273,1.0,7743
1273,2.0,5130
1273,3.0,4564
1273,4.0,8104
1273,5.0,3337
1273,6.0,2421
1273,7.0,6170
1273,8.0,4292
1273,9.0,7931
1273,10.0,4355
1274,0.0,3906
1274,1.0,6120
1274,2.0,4560
1274,3.0,6743
1274,4.0,7666
1274,5.0,5254
1274,6.0,2421
1274,7.0,6170
1274,8.0,4292
1274,9.0,7931
1274,10.0,4355
1275,0.0,7539
1275,1.0,4863
1275,2.0,6127
1275,3.0,6743
1275,4.0,7943
1275,5.0,7148
1275,6.0,2421
1275,7.0,3143
1275,8.0,8644
1275,9.0,3026
1275,10.0,5054
1276,0.0,8009
1276,1.0,5342
1276,2.0,6927
1276,3.0,4409
1276,4.0,5113
1276,5.0,7196
1276,6.0,2421
1276,7.0,3143
1276,8.0,8644
1276,9.0,3026
1276,10.0,5054
1277,0.0,5564
1277,1.0,3199
1277,2.0,4394
1277,3.0,6925
1277,4.0,7943
1277,5.0,3996
1277,6.0,2421
1277,7.0,3143
1277,8.0,8644
1277,9.0,3026
1277,10.0,5054
1278,0.0,7169
1278,1.0,7665
1278,2.0,7448
1278,3.0,4409
1278,4.0,8658
1278,5.0,4928
1278,6.0,2421
1278,7.0,3143
1278,8.0,8644
1278,9.0,3026
1278,10.0,5054
1279,0.0,7279
1279,1.0,3571
1279,2.0,5323
1279,3.0,4887
1279,4.0,8658
1279,5.0,3326
1279,6.0,2421
1279,7.0,3143
1279,8.0,8644
1279,9.0,3026
1279,10.0,5054
1280,0.0,7104
1280,1.0,6605
1280,2.0,5697
1280,3.0,3734
1280,4.0,7943
1280,5.0,7196
1280,6.0,3185
1280,7.0,3052
1280,8.0,3725
1280,9.0,3670
1280,10.0,5625
1281,0.0,7496
1281,1.0,5763
1281,2.0,2440
1281,3.0,7703
1281,4.0,3213
1281,5.0,2842
1281,6.0,5941
1281,7.0,3052
1281,8.0,3725
1281,9.0,3670
1281,10.0,5625
1282,0.0,2883
1282,1.0,4696
1282,2.0,2648
1282,3.0,2866
1282,4.0,8658
1282,5.0,7196
1282,6.0,7307
1282,7.0,3052
1282,8.0,3725
1282,9.0,3670
1282,10.0,5625
1283,0.0,3824
1283,1.0,5446
1283,2.0,5192
1283,3.0,4887
1283,4.0,3213
1283,5.0,4174
1283,6.0,2421
1283,7.0,3052
1283,8.0,3725
1283,9.0,3670
1283,10.0,5625
1284,0.0,4604
1284,1.0,8608
1284,2.0,5192
1284,3.0,4887
1284,4.0,8104
1284,5.0,7581
1284,6.0,2421
1284,7.0,3052
1284,8.0,3725
1284,9.0,6674
1284,10.0,2421
1285,0.0,5247
1285,1.0,8339
1285,2.0,3608
1285,3.0,7698
1285,4.0,8658
1285,5.0,7196
1285,6.0,2421
1285,7.0,3052
1285,8.0,3725
1285,9.0,3670
1285,10.0,5625
1286,0.0,7193
1286,1.0,4605
1286,2.0,7150
1286,3.0,3734
1286,4.0,7595
1286,5.0,7196
1286,6.0,2421
1286,7.0,3052
1286,8.0,3725
1286,9.0,3670
1286,10.0,5625
1287,0.0,4999
1287,1.0,7995
1287,2.0,5848
1287,3.0,7703
1287,4.0,7666
1287,5.0,6947
1287,6.0,2421
1287,7.0,3052
1287,8.0,3725
1287,9.0,6674
1287,10.0,2421
1288,0.0,7413
1288,1.0,8385
1288,2.0,6349
1288,3.0,6743
1288,4.0,7666
1288,5.0,6947
1288,6.0,5004
1288,7.0,7831
1288,8.0,3344
1288,9.0,8247
1288,10.0,2421
1289,0.0,2961
1289,1.0,5028
1289,2.0,7868
1289,3.0,8052
1289,4.0,7595
1289,5.0,2555
1289,6.0,2421
1289,7.0,7831
1289,8.0,3344
1289,9.0,5849
1289,10.0,8301
1290,0.0,4117
1290,1.0,8293
1290,2.0,6349
1290,3.0,6743
1290,4.0,5113
1290,5.0,2842
1290,6.0,5004
1290,7.0,7831
1290,8.0,3344
1290,9.0,5849
1290,10.0,8301
1291,0.0,8254
1291,1.0,6694
1291,2.0,2795
1291,3.0,4564
1291,4.0,6554
1291,5.0,6383
1291,6.0,2421
1291,7.0,7831
1291,8.0,3344
1291,9.0,5849
1291,10.0,8301
1292,0.0,4002
1292,1.0,8430
1292,2.0,8088
1292,3.0,8151
1292,4.0,8104
1292,5.0,7132
1292,6.0,2421
1292,7.0,7831
1292,8.0,3344
1292,9.0,5849
1292,10.0,8301
1293,0.0,8039
1293,1.0,8292
1293,2.0,4461
1293,3.0,8151
1293,4.0,7666
1293,5.0,8038
1293,6.0,2421
1293,7.0,7831
1293,8.0,3344
1293,9.0,5849
1293,10.0,8301
1294,0.0,2752
1294,1.0,7867
1294,2.0,5545
1294,3.0,2989
1294,4.0,7595
1294,5.0,4990
1294,6.0,2421
1294,7.0,7831
1294,8.0,3344
1294,9.0,8247
1294,10.0,2421
1295,0.0,4922
1295,1.0,6436
1295,2.0,3395
1295,3.0,3978
1295,4.0,8104
1295,5.0,3337
1295,6.0,2421
1295,7.0,7831
1295,8.0,3344
1295,9.0,5849
1295,10.0,8301
1296,0.0,3588
1296,1.0,2923
1296,2.0,6318
1296,3.0,3529
1296,4.0,8104
1296,5.0,7196
1296,6.0,6195
1296,7.0,7831
1296,8.0,3344
1296,9.0,5849
1296,10.0,8301
1297,0.0,6791
1297,1.0,6427
1297,2.0,6433
1297,3.0,6743
1297,4.0,6799
1297,5.0,7206
1297,6.0,2421
1297,7.0,7831
1297,8.0,3344
1297,9.0,5849
1297,10.0,8301
1298,0.0,7344
1298,1.0,7134
1298,2.0,4186
1298,3.0,3201
1298,4.0,8104
1298,5.0,8102
1298,6.0,2421
1298,7.0,7831
1298,8.0,3344
1298,9.0,5849
1298,10.0,8301
1299,0.0,6200
1299,1.0,4157
1299,2.0,6963
1299,3.0,2932
1299,4.0,7666
1299,5.0,3520
1299,6.0,2421
1299,7.0,7831
1299,8.0,3344
1299,9.0,5849
1299,10.0,8301
1300,0.0,6551
1300,1.0,5489
1300,2.0,7006
1300,3.0,2932
1300,4.0,7943
1300,5.0,3520
1300,6.0,2421
1300,7.0,7831
1300,8.0,3344
1300,9.0,5849
1300,10.0,8301
1301,0.0,2940
1301,1.0,3473
1301,2.0,6770
1301,3.0,4588
1301,4.0,8104
1301,5.0,6383
1301,6.0,3185
1301,7.0,7428
1301,8.0,3663
1301,9.0,3455
1301,10.0,7053
1302,0.0,6757
1302,1.0,4806
1302,2.0,7660
1302,3.0,4256
1302,4.0,6799
1302,5.0,5836
1302,6.0,2421
1302,7.0,7428
1302,8.0,3663
1302,9.0,3455
1302,10.0,7053
1303,0.0,4308
1303,1.0,4846
1303,2.0,5806
1303,3.0,3734
1303,4.0,6799
1303,5.0,6746
1303,6.0,2421
1303,7.0,7428
1303,8.0,3663
1303,9.0,3455
1303,10.0,7053
1304,0.0,5275
1304,1.0,6394
1304,2.0,2966
1304,3.0,4862
1304,4.0,7666
1304,5.0,2843
1304,6.0,2421
1304,7.0,7428
1304,8.0,3663
1304,9.0,3455
1304,10.0,7053
1305,0.0,4282
1305,1.0,2722
1305,2.0,7432
1305,3.0,3978
1305,4.0,8104
1305,5.0,2670
1305,6.0,2421
1305,7.0,7428
1305,8.0,3663
1305,9.0,3455
1305,10.0,7053
1306,0.0,4240
1306,1.0,3204
1306,2.0,7908
1306,3.0,2866
1306,4.0,7666
1306,5.0,7206
1306,6.0,3525
1306,7.0,7428
1306,8.0,3663
1306,9.0,3455
1306,10.0,7053
1307,0.0,3671
1307,1.0,5628
1307,2.0,3447
1307,3.0,7478
1307,4.0,8104
1307,5.0,6746
1307,6.0,6195
1307,7.0,7428
1307,8.0,3663
1307,9.0,3455
1307,10.0,7053
1308,0.0,4834
1308,1.0,5479
1308,2.0,3729
1308,3.0,6743
1308,4.0,6554
1308,5.0,8609
1308,6.0,7802
1308,7.0,7428
1308,8.0,3663
1308,9.0,3455
1308,10.0,7053
1309,0.0,7828
1309,1.0,8276
1309,2.0,7113
1309,3.0,3201
1309,4.0,7595
1309,5.0,3520
1309,6.0,4380
1309,7.0,7428
1309,8.0,3663
1309,9.0,3455
1309,10.0,7053
1310,0.0,6536
1310,1.0,6931
1310,2.0,2990
1310,3.0,4318
1310,4.0,8104
1310,5.0,7132
1310,6.0,7399
1310,7.0,7428
1310,8.0,3663
1310,9.0,3455
1310,10.0,7053
1311,0.0,3634
1311,1.0,8491
1311,2.0,5330
1311,3.0,3920
1311,4.0,7666
1311,5.0,5519
1311,6.0,4509
1311,7.0,7428
1311,8.0,3663
1311,9.0,3455
1311,10.0,7053
1312,0.0,4876
1312,1.0,7242
1312,2.0,3110
1312,3.0,6743
1312,4.0,8104
1312,5.0,5254
1312,6.0,7489
1312,7.0,7428
1312,8.0,3663
1312,9.0,3455
1312,10.0,7053
1313,0.0,2771
1313,1.0,6564
1313,2.0,5473
1313,3.0,3920
1313,4.0,7595
1313,5.0,2812
1313,6.0,3485
1313,7.0,4339
1313,8.0,5572
1313,9.0,6131
1313,10.0,8044
1314,0.0,7308
1314,1.0,6345
1314,2.0,4056
1314,3.0,7478
1314,4.0,7666
1314,5.0,2812
1314,6.0,2666
1314,7.0,4339
1314,8.0,5572
1314,9.0,6131
1314,10.0,8044
1315,0.0,2672
1315,1.0,5907
1315,2.0,5870
1315,3.0,4409
1315,4.0,7666
1315,5.0,2812
1315,6.0,8669
1315,7.0,4339
1315,8.0,5572
1315,9.0,6131
1315,10.0,8044
1316,0.0,3624
1316,1.0,7322
1316,2.0,5872
1316,3.0,6917
1316,4.0,3213
1316,5.0,7439
1316,6.0,2421
1316,7.0,6389
1316,8.0,6578
1316,9.0,2489
1316,10.0,6423
1317,0.0,7625
1317,1.0,3345
1317,2.0,6766
1317,3.0,6917
1317,4.0,8658
1317,5.0,8494
1317,6.0,2421
1317,7.0,6389
1317,8.0,6578
1317,9.0,2489
1317,10.0,6423
1318,0.0,4952
1318,1.0,4584
1318,2.0,2856
1318,3.0,6917
1318,4.0,5113
1318,5.0,8494
1318,6.0,2421
1318,7.0,6389
1318,8.0,6578
1318,9.0,2489
1318,10.0,6423
1319,0.0,7832
1319,1.0,7683
1319,2.0,4697
1319,3.0,6743
1319,4.0,6220
1319,5.0,3894
1319,6.0,8312
1319,7.0,8173
1319,8.0,3088
1319,9.0,7751
1319,10.0,7053
1320,0.0,4164
1320,1.0,7735
1320,2.0,4697
1320,3.0,6743
1320,4.0,6554
1320,5.0,3894
1320,6.0,8312
1320,7.0,8173
1320,8.0,3088
1320,9.0,7751
1320,10.0,7053
1321,0.0,6026
1321,1.0,3333
1321,2.0,4204
1321,3.0,3529
1321,4.0,7666
1321,5.0,5995
1321,6.0,8459
1321,7.0,8173
1321,8.0,3088
1321,9.0,7751
1321,10.0,7053
1322,0.0,7892
1322,1.0,7122
1322,2.0,7201
1322,3.0,3920
1322,4.0,7666
1322,5.0,8576
1322,6.0,4499
1322,7.0,8173
1322,8.0,3088
1322,9.0,7751
1322,10.0,7053
1323,0.0,4529
1323,1.0,6291
1323,2.0,4593
1323,3.0,2866
1323,4.0,8104
1323,5.0,8576
1323,6.0,5313
1323,7.0,8173
1323,8.0,3088
1323,9.0,7751
1323,10.0,7053
1324,0.0,5074
1324,1.0,4815
1324,2.0,6896
1324,3.0,4409
1324,4.0,7595
1324,5.0,3151
1324,6.0,8243
1324,7.0,8173
1324,8.0,3088
1324,9.0,7751
1324,10.0,7053
1325,0.0,4050
1325,1.0,7677
1325,2.0,2437
1325,3.0,3978
1325,4.0,8104
1325,5.0,6654
1325,6.0,3878
1325,7.0,7213
1325,8.0,6739
1325,9.0,4566
1325,10.0,2988
1326,0.0,4624
1326,1.0,4838
1326,2.0,3475
1326,3.0,4588
1326,4.0,7595
1326,5.0,4208
1326,6.0,4509
1326,7.0,7213
1326,8.0,6739
1326,9.0,4566
1326,10.0,2988
1327,0.0,7544
1327,1.0,6668
1327,2.0,6959
1327,3.0,6743
1327,4.0,7666
1327,5.0,6420
1327,6.0,7378
1327,7.0,7213
1327,8.0,6739
1327,9.0,4566
1327,10.0,2988
1328,0.0,7162
1328,1.0,5074
1328,2.0,7694
1328,3.0,3529
1328,4.0,8104
1328,5.0,4208
1328,6.0,8280
1328,7.0,7213
1328,8.0,6739
1328,9.0,4566
1328,10.0,2988
1329,0.0,8654
1329,1.0,3798
1329,2.0,6256
1329,3.0,2866
1329,4.0,7666
1329,5.0,4305
1329,6.0,2421
1329,7.0,2765
1329,8.0,6747
1329,9.0,8054
1329,10.0,3697
1330,0.0,6368
1330,1.0,7330
1330,2.0,8355
1330,3.0,6743
1330,4.0,7666
1330,5.0,4928
1330,6.0,5833
1330,7.0,7262
1330,8.0,7609
1330,9.0,4581
1330,10.0,5822
1331,0.0,3707
1331,1.0,2480
1331,2.0,2537
1331,3.0,6743
1331,4.0,7666
1331,5.0,4928
1331,6.0,5833
1331,7.0,7262
1331,8.0,7609
1331,9.0,4581
1331,10.0,5822
1332,0.0,6961
1332,1.0,6057
1332,2.0,4097
1332,3.0,7478
1332,4.0,7666
1332,5.0,4990
1332,6.0,6195
1332,7.0,7262
1332,8.0,7609
1332,9.0,4581
1332,10.0,5822
1333,0.0,8595
1333,1.0,6981
1333,2.0,8402
1333,3.0,4588
1333,4.0,7595
1333,5.0,6746
1333,6.0,3525
1333,7.0,7262
1333,8.0,7609
1333,9.0,4581
1333,10.0,5822
1334,0.0,3643
1334,1.0,8194
1334,2.0,4993
1334,3.0,6743
1334,4.0,7666
1334,5.0,5958
1334,6.0,7241
1334,7.0,7262
1334,8.0,7609
1334,9.0,4581
1334,10.0,5822
1335,0.0,6320
1335,1.0,7098
1335,2.0,5965
1335,3.0,4887
1335,4.0,8658
1335,5.0,4174
1335,6.0,7532
1335,7.0,4665
1335,8.0,7161
1335,9.0,5132
1335,10.0,8044
1336,0.0,5816
1336,1.0,6434
1336,2.0,5526
1336,3.0,6743
1336,4.0,8658
1336,5.0,2788
1336,6.0,6450
1336,7.0,4665
1336,8.0,7161
1336,9.0,5132
1336,10.0,8044
1337,0.0,2517
1337,1.0,4674
1337,2.0,4454
1337,3.0,2503
1337,4.0,5113
1337,5.0,3817
1337,6.0,3525
1337,7.0,4665
1337,8.0,7161
1337,9.0,5132
1337,10.0,8044
1338,0.0,4408
1338,1.0,4756
1338,2.0,5359
1338,3.0,4887
1338,4.0,8658
1338,5.0,7581
1338,6.0,7532
1338,7.0,4665
1338,8.0,7161
1338,9.0,5132
1338,10.0,8044
1339,0.0,4808
1339,1.0,2807
1339,2.0,6081
1339,3.0,5307
1339,4.0,7943
1339,5.0,4928
1339,6.0,4509
1339,7.0,4665
1339,8.0,7161
1339,9.0,5132
1339,10.0,8044
1340,0.0,5199
1340,1.0,3083
1340,2.0,4544
1340,3.0,5312
1340,4.0,3213
1340,5.0,7912
1340,6.0,3761
1340,7.0,4665
1340,8.0,7161
1340,9.0,5132
1340,10.0,8044
1341,0.0,7092
1341,1.0,5795
1341,2.0,5800
1341,3.0,4887
1341,4.0,5827
1341,5.0,8040
1341,6.0,2421
1341,7.0,7489
1341,8.0,3714
1341,9.0,7887
1341,10.0,3697
1342,0.0,5757
1342,1.0,8007
1342,2.0,6488
1342,3.0,6743
1342,4.0,5706
1342,5.0,7581
1342,6.0,2421
1342,7.0,7489
1342,8.0,3714
1342,9.0,7847
1342,10.0,2421
1343,0.0,2879
1343,1.0,7420
1343,2.0,5812
1343,3.0,6743
1343,4.0,5827
1343,5.0,5575
1343,6.0,2421
1343,7.0,7489
1343,8.0,3714
1343,9.0,7887
1343,10.0,3697
1344,0.0,3642
1344,1.0,6524
1344,2.0,4041
1344,3.0,7346
1344,4.0,5706
1344,5.0,5575
1344,6.0,2421
1344,7.0,7489
1344,8.0,3714
1344,9.0,7887
1344,10.0,3697
1345,0.0,8388
1345,1.0,2471
1345,2.0,6538
1345,3.0,3734
1345,4.0,4802
1345,5.0,2842
1345,6.0,2421
1345,7.0,7489
1345,8.0,3714
1345,9.0,7887
1345,10.0,3697
1346,0.0,2801
1346,1.0,2828
1346,2.0,5411
1346,3.0,5236
1346,4.0,8356
1346,5.0,6691
1346,6.0,3432
1346,7.0,7489
1346,8.0,3714
1346,9.0,7887
1346,10.0,3697
1347,0.0,2695
1347,1.0,4550
1347,2.0,4051
1347,3.0,6743
1347,4.0,5706
1347,5.0,2788
1347,6.0,2421
1347,7.0,7489
1347,8.0,3714
1347,9.0,7887
1347,10.0,3697
1348,0.0,8737
1348,1.0,7013
1348,2.0,6037
1348,3.0,4409
1348,4.0,5827
1348,5.0,4208
1348,6.0,2421
1348,7.0,7489
1348,8.0,3714
1348,9.0,7887
1348,10.0,3697
1349,0.0,6705
1349,1.0,7656
1349,2.0,8014
1349,3.0,6897
1349,4.0,7595
1349,5.0,7196
1349,6.0,2421
1349,7.0,4767
1349,8.0,4161
1349,9.0,5590
1349,10.0,6784
1350,0.0,8352
1350,1.0,6304
1350,2.0,5698
1350,3.0,6743
1350,4.0,6799
1350,5.0,8609
1350,6.0,2421
1350,7.0,4767
1350,8.0,4161
1350,9.0,5590
1350,10.0,6784
1351,0.0,7647
1351,1.0,6441
1351,2.0,5268
1351,3.0,7478
1351,4.0,8658
1351,5.0,4990
1351,6.0,2421
1351,7.0,3887
1351,8.0,7821
1351,9.0,3992
1351,10.0,6423
1352,0.0,3271
1352,1.0,5418
1352,2.0,6858
1352,3.0,7637
1352,4.0,8658
1352,5.0,4990
1352,6.0,2421
1352,7.0,3887
1352,8.0,7821
1352,9.0,3992
1352,10.0,6423
1353,0.0,5161
1353,1.0,4713
1353,2.0,2707
1353,3.0,4409
1353,4.0,3213
1353,5.0,2421
1353,6.0,2421
1353,7.0,3887
1353,8.0,7821
1353,9.0,3992
1353,10.0,6423
1354,0.0,4634
1354,1.0,7643
1354,2.0,6384
1354,3.0,4887
1354,4.0,5113
1354,5.0,2816
1354,6.0,4714
1354,7.0,8607
1354,8.0,7881
1354,9.0,7250
1354,10.0,5645
1355,0.0,3305
1355,1.0,2974
1355,2.0,6013
1355,3.0,2866
1355,4.0,8658
1355,5.0,6383
1355,6.0,3525
1355,7.0,8607
1355,8.0,7881
1355,9.0,7250
1355,10.0,5645
1356,0.0,2508
1356,1.0,4848
1356,2.0,6546
1356,3.0,6743
1356,4.0,8658
1356,5.0,5575
1356,6.0,6390
1356,7.0,8607
1356,8.0,7881
1356,9.0,7250
1356,10.0,5645
1357,0.0,5468
1357,1.0,5124
1357,2.0,5387
1357,3.0,3734
1357,4.0,7943
1357,5.0,6947
1357,6.0,3185
1357,7.0,8607
1357,8.0,7881
1357,9.0,7250
1357,10.0,5645
1358,0.0,5028
1358,1.0,5434
1358,2.0,7458
1358,3.0,7478
1358,4.0,5113
1358,5.0,8524
1358,6.0,2421
1358,7.0,8607
1358,8.0,7881
1358,9.0,7250
1358,10.0,5645
1359,0.0,5429
1359,1.0,8730
1359,2.0,7671
1359,3.0,6651
1359,4.0,8658
1359,5.0,8538
1359,6.0,7399
1359,7.0,8607
1359,8.0,7881
1359,9.0,7250
1359,10.0,5645
1360,0.0,7762
1360,1.0,4330
1360,2.0,2669
1360,3.0,2866
1360,4.0,7943
1360,5.0,6383
1360,6.0,3525
1360,7.0,8607
1360,8.0,7881
1360,9.0,7250
1360,10.0,5645
1361,0.0,5553
1361,1.0,6061
1361,2.0,8482
1361,3.0,6789
1361,4.0,4802
1361,5.0,3996
1361,6.0,2421
1361,7.0,7719
1361,8.0,8308
1361,9.0,8185
1361,10.0,5645
1362,0.0,7659
1362,1.0,6478
1362,2.0,4246
1362,3.0,4681
1362,4.0,5113
1362,5.0,8314
1362,6.0,2421
1362,7.0,7719
1362,8.0,8308
1362,9.0,8185
1362,10.0,5645
1363,0.0,4039
1363,1.0,4721
1363,2.0,2982
1363,3.0,8151
1363,4.0,7666
1363,5.0,2654
1363,6.0,2421
1363,7.0,7719
1363,8.0,8308
1363,9.0,8185
1363,10.0,5645
1364,0.0,7899
1364,1.0,2964
1364,2.0,8141
1364,3.0,2989
1364,4.0,7595
1364,5.0,6746
1364,6.0,2421
1364,7.0,7719
1364,8.0,8308
1364,9.0,8185
1364,10.0,5645
1365,0.0,6064
1365,1.0,5222
1365,2.0,2494
1365,3.0,2989
1365,4.0,8658
1365,5.0,5254
1365,6.0,2421
1365,7.0,7719
1365,8.0,8308
1365,9.0,8185
1365,10.0,5645
1366,0.0,7230
1366,1.0,2518
1366,2.0,2494
1366,3.0,2989
1366,4.0,7666
1366,5.0,5254
1366,6.0,2421
1366,7.0,7719
1366,8.0,8308
1366,9.0,8185
1366,10.0,5645
1367,0.0,6880
1367,1.0,6719
1367,2.0,2466
1367,3.0,2989
1367,4.0,8658
1367,5.0,3520
1367,6.0,2421
1367,7.0,7719
1367,8.0,8308
1367,9.0,5856
1367,10.0,2421
1368,0.0,7273
1368,1.0,7579
1368,2.0,2466
1368,3.0,2989
1368,4.0,6799
1368,5.0,5836
1368,6.0,2421
1368,7.0,7719
1368,8.0,8308
1368,9.0,8185
1368,10.0,5645
1369,0.0,5515
1369,1.0,3500
1369,2.0,4222
1369,3.0,2989
1369,4.0,7666
1369,5.0,3520
1369,6.0,2421
1369,7.0,7719
1369,8.0,8308
1369,9.0,8185
1369,10.0,5645
1370,0.0,7371
1370,1.0,7516
1370,2.0,2730
1370,3.0,2826
1370,4.0,4802
1370,5.0,7196
1370,6.0,2421
1370,7.0,7719
1370,8.0,8308
1370,9.0,8185
1370,10.0,5645
1371,0.0,6006
1371,1.0,5649
1371,2.0,7146
1371,3.0,8151
1371,4.0,7666
1371,5.0,2555
1371,6.0,2421
1371,7.0,7719
1371,8.0,8308
1371,9.0,8185
1371,10.0,5645
1372,0.0,5530
1372,1.0,8258
1372,2.0,7533
1372,3.0,2826
1372,4.0,6554
1372,5.0,3520
1372,6.0,2421
1372,7.0,7719
1372,8.0,8308
1372,9.0,8185
1372,10.0,5645
1373,0.0,8507
1373,1.0,3389
1373,2.0,2730
1373,3.0,2826
1373,4.0,6554
1373,5.0,7196
1373,6.0,2421
1373,7.0,7719
1373,8.0,8308
1373,9.0,8185
1373,10.0,5645
1374,0.0,8519
1374,1.0,3452
1374,2.0,7120
1374,3.0,3386
1374,4.0,6561
1374,5.0,7196
1374,6.0,2421
1374,7.0,6326
1374,8.0,5433
1374,9.0,4683
1374,10.0,2421
1375,0.0,5650
1375,1.0,8568
1375,2.0,7127
1375,3.0,6743
1375,4.0,6228
1375,5.0,8609
1375,6.0,5182
1375,7.0,6326
1375,8.0,5433
1375,9.0,5132
1375,10.0,8044
1376,0.0,4992
1376,1.0,3743
1376,2.0,5776
1376,3.0,4409
1376,4.0,5115
1376,5.0,4990
1376,6.0,2969
1376,7.0,6326
1376,8.0,5433
1376,9.0,4683
1376,10.0,2421
1377,0.0,3908
1377,1.0,8284
1377,2.0,4225
1377,3.0,4887
1377,4.0,5115
1377,5.0,8524
1377,6.0,8312
1377,7.0,6326
1377,8.0,5433
1377,9.0,5132
1377,10.0,8044
1378,0.0,8106
1378,1.0,2592
1378,2.0,7301
1378,3.0,4588
1378,4.0,3213
1378,5.0,2654
1378,6.0,2421
1378,7.0,2516
1378,8.0,5712
1378,9.0,2890
1378,10.0,2568
1379,0.0,4701
1379,1.0,7599
1379,2.0,4995
1379,3.0,3201
1379,4.0,8658
1379,5.0,2654
1379,6.0,2421
1379,7.0,2516
1379,8.0,5712
1379,9.0,2890
1379,10.0,2568
1380,0.0,4747
1380,1.0,6133
1380,2.0,4423
1380,3.0,6099
1380,4.0,5113
1380,5.0,2654
1380,6.0,2421
1380,7.0,2516
1380,8.0,5712
1380,9.0,2890
1380,10.0,2568
1381,0.0,2997
1381,1.0,4936
1381,2.0,5971
1381,3.0,6743
1381,4.0,8658
1381,5.0,2654
1381,6.0,2421
1381,7.0,2516
1381,8.0,5712
1381,9.0,2890
1381,10.0,2568
1382,0.0,4975
1382,1.0,7349
1382,2.0,5518
1382,3.0,3982
1382,4.0,5827
1382,5.0,5836
1382,6.0,2421
1382,7.0,5628
1382,8.0,6528
1382,9.0,8244
1382,10.0,6214
1383,0.0,4981
1383,1.0,7729
1383,2.0,3231
1383,3.0,4409
1383,4.0,8356
1383,5.0,4305
1383,6.0,2421
1383,7.0,5628
1383,8.0,6528
1383,9.0,8244
1383,10.0,6214
1384,0.0,7819
1384,1.0,6299
1384,2.0,6604
1384,3.0,4409
1384,4.0,7666
1384,5.0,2555
1384,6.0,2421
1384,7.0,8148
1384,8.0,3844
1384,9.0,2611
1384,10.0,3440
1385,0.0,6592
1385,1.0,6269
1385,2.0,6260
1385,3.0,6743
1385,4.0,8658
1385,5.0,2788
1385,6.0,6450
1385,7.0,5180
1385,8.0,5283
1385,9.0,5132
1385,10.0,8044
1386,0.0,5983
1386,1.0,6275
1386,2.0,7901
1386,3.0,6743
1386,4.0,8658
1386,5.0,8609
1386,6.0,8312
1386,7.0,5180
1386,8.0,5283
1386,9.0,5132
1386,10.0,8044
1387,0.0,8457
1387,1.0,5393
1387,2.0,5555
1387,3.0,4409
1387,4.0,5113
1387,5.0,8576
1387,6.0,3548
1387,7.0,5180
1387,8.0,5283
1387,9.0,5132
1387,10.0,8044
1388,0.0,8163
1388,1.0,4652
1388,2.0,4710
1388,3.0,2866
1388,4.0,5113
1388,5.0,5262
1388,6.0,8312
1388,7.0,5180
1388,8.0,5283
1388,9.0,5132
1388,10.0,8044
1389,0.0,7087
1389,1.0,8428
1389,2.0,5146
1389,3.0,3734
1389,4.0,8658
1389,5.0,5836
1389,6.0,4509
1389,7.0,5180
1389,8.0,5283
1389,9.0,5132
1389,10.0,8044
1390,0.0,4768
1390,1.0,5249
1390,2.0,4750
1390,3.0,3201
1390,4.0,5113
1390,5.0,8102
1390,6.0,5755
1390,7.0,5180
1390,8.0,5283
1390,9.0,5132
1390,10.0,8044
1391,0.0,5622
1391,1.0,6553
1391,2.0,4902
1391,3.0,7703
1391,4.0,8658
1391,5.0,7912
1391,6.0,4503
1391,7.0,5180
1391,8.0,5283
1391,9.0,5132
1391,10.0,8044
1392,0.0,6876
1392,1.0,4368
1392,2.0,7409
1392,3.0,2866
1392,4.0,5113
1392,5.0,2842
1392,6.0,6070
1392,7.0,5180
1392,8.0,5283
1392,9.0,5132
1392,10.0,8044
1393,0.0,6870
1393,1.0,7731
1393,2.0,7715
1393,3.0,2866
1393,4.0,8104
1393,5.0,7196
1393,6.0,2421
1393,7.0,2604
1393,8.0,8510
1393,9.0,4619
1393,10.0,6831
1394,0.0,5045
1394,1.0,3969
1394,2.0,3683
1394,3.0,4588
1394,4.0,3213
1394,5.0,8314
1394,6.0,2421
1394,7.0,5982
1394,8.0,8304
1394,9.0,5132
1394,10.0,8044
1395,0.0,5101
1395,1.0,7576
1395,2.0,7720
1395,3.0,4887
1395,4.0,5113
1395,5.0,2816
1395,6.0,2421
1395,7.0,5982
1395,8.0,8304
1395,9.0,5132
1395,10.0,8044
1396,0.0,6559
1396,1.0,7989
1396,2.0,7651
1396,3.0,4409
1396,4.0,7943
1396,5.0,7912
1396,6.0,2421
1396,7.0,5982
1396,8.0,8304
1396,9.0,5132
1396,10.0,8044
1397,0.0,5935
1397,1.0,4946
1397,2.0,7758
1397,3.0,3529
1397,4.0,7666
1397,5.0,6868
1397,6.0,3761
1397,7.0,6015
1397,8.0,7280
1397,9.0,4580
1397,10.0,8301
1398,0.0,4658
1398,1.0,3081
1398,2.0,6821
1398,3.0,3862
1398,4.0,7595
1398,5.0,3817
1398,6.0,3774
1398,7.0,6015
1398,8.0,7280
1398,9.0,4580
1398,10.0,8301
1399,0.0,7553
1399,1.0,5397
1399,2.0,3131
1399,3.0,4318
1399,4.0,7595
1399,5.0,4305
1399,6.0,7399
1399,7.0,7755
1399,8.0,5736
1399,9.0,3939
1399,10.0,5797
1400,0.0,7563
1400,1.0,3941
1400,2.0,3150
1400,3.0,8296
1400,4.0,7666
1400,5.0,4200
1400,6.0,3525
1400,7.0,7755
1400,8.0,5736
1400,9.0,3939
1400,10.0,5797
1401,0.0,5669
1401,1.0,4878
1401,2.0,6392
1401,3.0,3201
1401,4.0,8104
1401,5.0,8102
1401,6.0,7121
1401,7.0,7755
1401,8.0,5736
1401,9.0,3939
1401,10.0,5797
1402,0.0,6572
1402,1.0,3291
1402,2.0,7386
1402,3.0,4383
1402,4.0,7666
1402,5.0,6663
1402,6.0,3525
1402,7.0,7755
1402,8.0,5736
1402,9.0,3939
1402,10.0,5797
1403,0.0,4018
1403,1.0,7227
1403,2.0,6284
1403,3.0,4564
1403,4.0,8104
1403,5.0,6746
1403,6.0,7307
1403,7.0,7755
1403,8.0,5736
1403,9.0,3939
1403,10.0,5797
1404,0.0,7885
1404,1.0,7081
1404,2.0,7753
1404,3.0,5307
1404,4.0,8104
1404,5.0,8576
1404,6.0,2666
1404,7.0,4520
1404,8.0,5821
1404,9.0,5447
1404,10.0,8044
1405,0.0,4412
1405,1.0,8325
1405,2.0,3318
1405,3.0,4409
1405,4.0,8104
1405,5.0,7196
1405,6.0,2421
1405,7.0,8561
1405,8.0,8397
1405,9.0,2577
1405,10.0,3471
1406,0.0,7712
1406,1.0,3563
1406,2.0,5267
1406,3.0,3698
1406,4.0,7666
1406,5.0,6746
1406,6.0,2421
1406,7.0,8561
1406,8.0,8397
1406,9.0,2577
1406,10.0,3471
1407,0.0,6841
1407,1.0,5926
1407,2.0,7555
1407,3.0,3529
1407,4.0,8104
1407,5.0,8576
1407,6.0,2666
1407,7.0,4947
1407,8.0,4386
1407,9.0,4611
1407,10.0,5797
1408,0.0,3279
1408,1.0,3056
1408,2.0,2538
1408,3.0,6743
1408,4.0,7595
1408,5.0,2843
1408,6.0,7241
1408,7.0,4947
1408,8.0,4386
1408,9.0,4611
1408,10.0,5797
1409,0.0,4920
1409,1.0,3391
1409,2.0,5284
1409,3.0,2866
1409,4.0,8658
1409,5.0,2670
1409,6.0,2421
1409,7.0,6417
1409,8.0,5092
1409,9.0,3244
1409,10.0,6423
1410,0.0,3635
1410,1.0,3847
1410,2.0,2539
1410,3.0,7478
1410,4.0,7595
1410,5.0,4917
1410,6.0,2421
1410,7.0,5789
1410,8.0,6812
1410,9.0,6146
1410,10.0,6831
1411,0.0,5127
1411,1.0,2599
1411,2.0,5269
1411,3.0,6743
1411,4.0,7666
1411,5.0,3894
1411,6.0,2421
1411,7.0,5789
1411,8.0,6812
1411,9.0,6146
1411,10.0,6831
1412,0.0,5814
1412,1.0,7755
1412,2.0,5885
1412,3.0,8151
1412,4.0,7595
1412,5.0,2555
1412,6.0,2421
1412,7.0,5789
1412,8.0,6812
1412,9.0,6146
1412,10.0,6831
1413,0.0,8522
1413,1.0,6904
1413,2.0,5657
1413,3.0,7478
1413,4.0,7666
1413,5.0,4917
1413,6.0,2421
1413,7.0,5789
1413,8.0,6812
1413,9.0,6146
1413,10.0,6831
1414,0.0,7068
1414,1.0,5721
1414,2.0,6132
1414,3.0,3698
1414,4.0,6554
1414,5.0,3520
1414,6.0,2421
1414,7.0,5789
1414,8.0,6812
1414,9.0,6146
1414,10.0,6831
1415,0.0,2526
1415,1.0,7836
1415,2.0,5471
1415,3.0,8264
1415,4.0,7595
1415,5.0,7196
1415,6.0,2421
1415,7.0,4392
1415,8.0,7882
1415,9.0,6822
1415,10.0,5122
1416,0.0,3374
1416,1.0,8571
1416,2.0,7940
1416,3.0,2989
1416,4.0,7595
1416,5.0,2654
1416,6.0,2421
1416,7.0,4392
1416,8.0,7882
1416,9.0,6822
1416,10.0,5122
1417,0.0,3077
1417,1.0,8095
1417,2.0,3898
1417,3.0,2989
1417,4.0,7666
1417,5.0,2654
1417,6.0,2421
1417,7.0,4392
1417,8.0,7882
1417,9.0,6822
1417,10.0,5122
1418,0.0,5058
1418,1.0,6649
1418,2.0,5673
1418,3.0,3529
1418,4.0,8104
1418,5.0,4208
1418,6.0,5358
1418,7.0,4392
1418,8.0,7882
1418,9.0,6822
1418,10.0,5122
1419,0.0,7403
1419,1.0,6716
1419,2.0,3731
1419,3.0,3201
1419,4.0,6554
1419,5.0,4208
1419,6.0,7121
1419,7.0,4392
1419,8.0,7882
1419,9.0,6822
1419,10.0,5122
1420,0.0,2559
1420,1.0,5741
1420,2.0,6901
1420,3.0,8151
1420,4.0,7943
1420,5.0,2812
1420,6.0,5358
1420,7.0,2755
1420,8.0,7367
1420,9.0,6863
1420,10.0,8425
1421,0.0,3205
1421,1.0,5406
1421,2.0,6283
1421,3.0,6897
1421,4.0,8658
1421,5.0,3974
1421,6.0,4509
1421,7.0,2755
1421,8.0,7367
1421,9.0,6863
1421,10.0,8425
1422,0.0,3527
1422,1.0,3095
1422,2.0,4595
1422,3.0,3994
1422,4.0,8658
1422,5.0,4208
1422,6.0,4509
1422,7.0,2755
1422,8.0,7367
1422,9.0,6863
1422,10.0,8425
1423,0.0,7977
1423,1.0,4117
1423,2.0,6795
1423,3.0,4564
1423,4.0,5113
1423,5.0,7256
1423,6.0,7307
1423,7.0,2755
1423,8.0,7367
1423,9.0,6863
1423,10.0,8425
1424,0.0,4092
1424,1.0,4213
1424,2.0,5612
1424,3.0,3201
1424,4.0,7666
1424,5.0,2555
1424,6.0,3525
1424,7.0,2755
1424,8.0,7367
1424,9.0,6863
1424,10.0,8425
1425,0.0,6029
1425,1.0,3739
1425,2.0,2909
1425,3.0,5307
1425,4.0,5113
1425,5.0,7196
1425,6.0,8459
1425,7.0,2755
1425,8.0,7367
1425,9.0,6863
1425,10.0,8425
1426,0.0,6513
1426,1.0,7772
1426,2.0,5612
1426,3.0,3201
1426,4.0,8658
1426,5.0,5995
1426,6.0,3525
1426,7.0,2755
1426,8.0,7367
1426,9.0,6863
1426,10.0,8425
1427,0.0,4068
1427,1.0,4565
1427,2.0,5684
1427,3.0,3920
1427,4.0,7943
1427,5.0,2843
1427,6.0,8459
1427,7.0,2755
1427,8.0,7367
1427,9.0,6863
1427,10.0,8425
1428,0.0,4806
1428,1.0,7114
1428,2.0,7822
1428,3.0,4681
1428,4.0,8658
1428,5.0,2842
1428,6.0,8491
1428,7.0,2755
1428,8.0,7367
1428,9.0,6863
1428,10.0,8425
1429,0.0,5095
1429,1.0,5608
1429,2.0,5510
1429,3.0,8296
1429,4.0,8053
1429,5.0,3520
1429,6.0,4380
1429,7.0,2755
1429,8.0,7367
1429,9.0,6863
1429,10.0,8425
1430,0.0,7993
1430,1.0,2745
1430,2.0,4522
1430,3.0,3529
1430,4.0,8658
1430,5.0,6654
1430,6.0,2421
1430,7.0,2671
1430,8.0,7915
1430,9.0,4093
1430,10.0,2421
1431,0.0,3523
1431,1.0,3656
1431,2.0,5437
1431,3.0,6019
1431,4.0,7943
1431,5.0,7142
1431,6.0,2421
1431,7.0,2671
1431,8.0,7915
1431,9.0,4889
1431,10.0,3680
1432,0.0,8026
1432,1.0,3943
1432,2.0,8645
1432,3.0,4887
1432,4.0,7943
1432,5.0,4917
1432,6.0,3691
1432,7.0,2671
1432,8.0,7915
1432,9.0,4889
1432,10.0,3680
1433,0.0,6058
1433,1.0,2569
1433,2.0,5183
1433,3.0,4887
1433,4.0,5113
1433,5.0,4917
1433,6.0,3691
1433,7.0,2671
1433,8.0,7915
1433,9.0,4889
1433,10.0,3680
1434,0.0,4787
1434,1.0,2895
1434,2.0,5463
1434,3.0,6019
1434,4.0,8658
1434,5.0,7142
1434,6.0,2421
1434,7.0,2671
1434,8.0,7915
1434,9.0,4889
1434,10.0,3680
1435,0.0,7156
1435,1.0,5455
1435,2.0,7905
1435,3.0,3529
1435,4.0,8658
1435,5.0,4208
1435,6.0,2421
1435,7.0,2671
1435,8.0,7915
1435,9.0,4889
1435,10.0,3680
1436,0.0,3130
1436,1.0,4251
1436,2.0,5740
1436,3.0,3467
1436,4.0,8104
1436,5.0,3934
1436,6.0,3878
1436,7.0,7349
1436,8.0,3248
1436,9.0,8556
1436,10.0,3440
1437,0.0,4557
1437,1.0,4850
1437,2.0,6805
1437,3.0,6743
1437,4.0,7595
1437,5.0,2842
1437,6.0,7489
1437,7.0,7349
1437,8.0,3248
1437,9.0,8556
1437,10.0,3440
1438,0.0,5452
1438,1.0,6600
1438,2.0,6634
1438,3.0,3698
1438,4.0,7595
1438,5.0,4990
1438,6.0,5358
1438,7.0,7349
1438,8.0,3248
1438,9.0,8556
1438,10.0,3440
1439,0.0,8344
1439,1.0,3631
1439,2.0,3770
1439,3.0,3982
1439,4.0,8104
1439,5.0,4990
1439,6.0,4380
1439,7.0,7349
1439,8.0,3248
1439,9.0,8556
1439,10.0,3440
1440,0.0,6377
1440,1.0,8590
1440,2.0,5634
1440,3.0,4409
1440,4.0,6799
1440,5.0,5519
1440,6.0,5410
1440,7.0,7349
1440,8.0,3248
1440,9.0,8556
1440,10.0,3440
1441,0.0,2426
1441,1.0,3082
1441,2.0,7830
1441,3.0,6743
1441,4.0,7595
1441,5.0,4897
1441,6.0,2421
1441,7.0,3860
1441,8.0,2499
1441,9.0,4730
1441,10.0,6784
1442,0.0,4116
1442,1.0,6493
1442,2.0,3146
1442,3.0,4564
1442,4.0,7666
1442,5.0,4990
1442,6.0,2421
1442,7.0,3860
1442,8.0,2499
1442,9.0,4730
1442,10.0,6784
1443,0.0,8181
1443,1.0,6181
1443,2.0,8187
1443,3.0,6743
1443,4.0,7666
1443,5.0,7132
1443,6.0,4503
1443,7.0,4120
1443,8.0,8294
1443,9.0,7434
1443,10.0,4109
1444,0.0,5105
1444,1.0,2646
1444,2.0,3953
1444,3.0,6743
1444,4.0,7595
1444,5.0,2842
1444,6.0,7241
1444,7.0,4120
1444,8.0,8294
1444,9.0,7434
1444,10.0,4109
1445,0.0,3749
1445,1.0,6414
1445,2.0,6114
1445,3.0,2989
1445,4.0,8104
1445,5.0,6746
1445,6.0,5410
1445,7.0,4120
1445,8.0,8294
1445,9.0,7434
1445,10.0,4109
1446,0.0,3853
1446,1.0,3900
1446,2.0,6652
1446,3.0,6310
1446,4.0,7666
1446,5.0,6868
1446,6.0,2666
1446,7.0,4120
1446,8.0,8294
1446,9.0,7434
1446,10.0,4109
1447,0.0,3763
1447,1.0,7118
1447,2.0,6128
1447,3.0,4256
1447,4.0,7666
1447,5.0,4990
1447,6.0,2421
1447,7.0,4120
1447,8.0,8294
1447,9.0,7434
1447,10.0,4109
1448,0.0,2579
1448,1.0,8553
1448,2.0,6397
1448,3.0,8264
1448,4.0,7666
1448,5.0,5836
1448,6.0,2421
1448,7.0,4120
1448,8.0,8294
1448,9.0,7434
1448,10.0,4109
1449,0.0,2511
1449,1.0,3915
1449,2.0,8559
1449,3.0,3201
1449,4.0,5113
1449,5.0,8576
1449,6.0,2421
1449,7.0,4120
1449,8.0,8294
1449,9.0,7434
1449,10.0,4109
1450,0.0,3164
1450,1.0,7151
1450,2.0,7198
1450,3.0,3201
1450,4.0,7666
1450,5.0,8538
1450,6.0,2421
1450,7.0,4120
1450,8.0,8294
1450,9.0,7434
1450,10.0,4109
1451,0.0,5787
1451,1.0,3765
1451,2.0,4298
1451,3.0,2866
1451,4.0,7666
1451,5.0,3974
1451,6.0,7399
1451,7.0,4120
1451,8.0,8294
1451,9.0,7434
1451,10.0,4109
1452,0.0,7096
1452,1.0,7298
1452,2.0,6065
1452,3.0,2989
1452,4.0,7666
1452,5.0,7196
1452,6.0,5410
1452,7.0,4120
1452,8.0,8294
1452,9.0,7434
1452,10.0,4109
1453,0.0,3980
1453,1.0,5803
1453,2.0,7902
1453,3.0,2866
1453,4.0,7666
1453,5.0,8576
1453,6.0,7399
1453,7.0,4120
1453,8.0,8294
1453,9.0,7434
1453,10.0,4109
1454,0.0,3147
1454,1.0,6793
1454,2.0,6114
1454,3.0,2989
1454,4.0,7943
1454,5.0,7196
1454,6.0,5410
1454,7.0,4120
1454,8.0,8294
1454,9.0,7434
1454,10.0,4109
1455,0.0,4608
1455,1.0,3214
1455,2.0,3953
1455,3.0,6743
1455,4.0,8658
1455,5.0,6947
1455,6.0,7241
1455,7.0,4120
1455,8.0,8294
1455,9.0,7434
1455,10.0,4109
1456,0.0,7825
1456,1.0,8572
1456,2.0,4298
1456,3.0,2866
1456,4.0,8658
1456,5.0,8576
1456,6.0,7399
1456,7.0,4120
1456,8.0,8294
1456,9.0,7434
1456,10.0,4109
1457,0.0,8484
1457,1.0,6070
1457,2.0,4064
1457,3.0,6743
1457,4.0,7666
1457,5.0,2842
1457,6.0,7241
1457,7.0,4120
1457,8.0,8294
1457,9.0,7434
1457,10.0,4109
1458,0.0,8284
1458,1.0,2594
1458,2.0,6623
1458,3.0,3201
1458,4.0,7595
1458,5.0,4990
1458,6.0,2421
1458,7.0,4120
1458,8.0,8294
1458,9.0,7434
1458,10.0,4109
1459,0.0,3743
1459,1.0,7844
1459,2.0,4083
1459,3.0,2866
1459,4.0,7595
1459,5.0,3974
1459,6.0,7399
1459,7.0,4120
1459,8.0,8294
1459,9.0,7434
1459,10.0,4109
1460,0.0,2558
1460,1.0,3374
1460,2.0,2819
1460,3.0,5236
1460,4.0,7666
1460,5.0,6891
1460,6.0,5996
1460,7.0,2810
1460,8.0,4327
1460,9.0,4484
1460,10.0,8019
1461,0.0,4962
1461,1.0,6540
1461,2.0,6944
1461,3.0,6743
1461,4.0,7666
1461,5.0,5968
1461,6.0,2421
1461,7.0,2810
1461,8.0,4327
1461,9.0,4484
1461,10.0,8019
1462,0.0,6607
1462,1.0,6036
1462,2.0,2441
1462,3.0,6897
1462,4.0,7595
1462,5.0,7196
1462,6.0,2421
1462,7.0,2810
1462,8.0,4327
1462,9.0,4484
1462,10.0,8019
1463,0.0,3313
1463,1.0,4504
1463,2.0,6393
1463,3.0,2866
1463,4.0,6554
1463,5.0,7196
1463,6.0,2421
1463,7.0,2810
1463,8.0,4327
1463,9.0,4484
1463,10.0,8019
1464,0.0,6479
1464,1.0,2865
1464,2.0,4011
1464,3.0,3386
1464,4.0,7666
1464,5.0,4690
1464,6.0,2421
1464,7.0,2810
1464,8.0,4327
1464,9.0,4484
1464,10.0,8019
1465,0.0,7856
1465,1.0,3595
1465,2.0,8448
1465,3.0,4887
1465,4.0,7595
1465,5.0,6810
1465,6.0,6450
1465,7.0,2810
1465,8.0,4327
1465,9.0,4484
1465,10.0,8019
1466,0.0,4389
1466,1.0,8164
1466,2.0,6661
1466,3.0,3386
1466,4.0,8658
1466,5.0,3070
1466,6.0,2421
1466,7.0,2810
1466,8.0,4327
1466,9.0,4484
1466,10.0,8019
1467,0.0,6755
1467,1.0,8243
1467,2.0,8453
1467,3.0,4887
1467,4.0,8658
1467,5.0,6810
1467,6.0,6450
1467,7.0,2810
1467,8.0,4327
1467,9.0,4484
1467,10.0,8019
1468,0.0,5038
1468,1.0,3630
1468,2.0,6667
1468,3.0,6897
1468,4.0,8104
1468,5.0,7196
1468,6.0,2421
1468,7.0,2810
1468,8.0,4327
1468,9.0,4484
1468,10.0,8019
1469,0.0,5395
1469,1.0,4503
1469,2.0,3600
1469,3.0,2866
1469,4.0,7595
1469,5.0,6746
1469,6.0,2421
1469,7.0,2810
1469,8.0,4327
1469,9.0,4484
1469,10.0,8019
1470,0.0,3334
1470,1.0,8202
1470,2.0,5764
1470,3.0,6743
1470,4.0,6554
1470,5.0,5254
1470,6.0,2421
1470,7.0,2810
1470,8.0,4327
1470,9.0,4484
1470,10.0,8019
1471,0.0,8691
1471,1.0,3579
1471,2.0,3566
1471,3.0,4409
1471,4.0,7666
1471,5.0,6746
1471,6.0,2421
1471,7.0,3798
1471,8.0,4217
1471,9.0,3034
1471,10.0,5481
1472,0.0,5561
1472,1.0,2557
1472,2.0,5242
1472,3.0,7703
1472,4.0,8658
1472,5.0,8609
1472,6.0,2421
1472,7.0,3798
1472,8.0,4217
1472,9.0,3034
1472,10.0,5481
1473,0.0,6586
1473,1.0,6541
1473,2.0,2602
1473,3.0,4887
1473,4.0,8658
1473,5.0,6810
1473,6.0,2421
1473,7.0,3798
1473,8.0,4217
1473,9.0,3034
1473,10.0,5481
1474,0.0,4708
1474,1.0,3061
1474,2.0,4507
1474,3.0,6743
1474,4.0,8658
1474,5.0,6947
1474,6.0,2421
1474,7.0,3798
1474,8.0,4217
1474,9.0,3034
1474,10.0,5481
1475,0.0,2592
1475,1.0,6153
1475,2.0,2586
1475,3.0,7090
1475,4.0,6554
1475,5.0,6357
1475,6.0,2421
1475,7.0,3798
1475,8.0,4217
1475,9.0,3034
1475,10.0,5481
1476,0.0,4744
1476,1.0,4357
1476,2.0,8279
1476,3.0,3529
1476,4.0,8104
1476,5.0,4948
1476,6.0,2421
1476,7.0,3798
1476,8.0,4217
1476,9.0,3034
1476,10.0,5481
1477,0.0,6452
1477,1.0,3619
1477,2.0,2846
1477,3.0,8157
1477,4.0,6799
1477,5.0,4305
1477,6.0,3185
1477,7.0,7657
1477,8.0,8348
1477,9.0,4395
1477,10.0,5625
1478,0.0,7095
1478,1.0,8132
1478,2.0,8196
1478,3.0,3529
1478,4.0,7666
1478,5.0,4305
1478,6.0,4509
1478,7.0,7657
1478,8.0,8348
1478,9.0,4395
1478,10.0,5625
1479,0.0,5638
1479,1.0,2691
1479,2.0,8461
1479,3.0,2866
1479,4.0,6799
1479,5.0,3974
1479,6.0,3548
1479,7.0,7657
1479,8.0,8348
1479,9.0,4395
1479,10.0,5625
1480,0.0,6769
1480,1.0,5811
1480,2.0,7259
1480,3.0,3982
1480,4.0,8104
1480,5.0,8314
1480,6.0,2421
1480,7.0,3687
1480,8.0,7966
1480,9.0,5951
1480,10.0,2421
1481,0.0,4812
1481,1.0,6703
1481,2.0,5509
1481,3.0,7478
1481,4.0,7595
1481,5.0,6653
1481,6.0,2421
1481,7.0,3687
1481,8.0,7966
1481,9.0,6908
1481,10.0,4371
1482,0.0,4642
1482,1.0,5618
1482,2.0,5307
1482,3.0,5307
1482,4.0,8104
1482,5.0,5995
1482,6.0,7307
1482,7.0,3371
1482,8.0,7904
1482,9.0,6374
1482,10.0,8301
1483,0.0,4241
1483,1.0,4935
1483,2.0,3590
1483,3.0,6743
1483,4.0,8104
1483,5.0,3894
1483,6.0,2421
1483,7.0,5300
1483,8.0,8103
1483,9.0,3801
1483,10.0,4599
1484,0.0,5580
1484,1.0,8701
1484,2.0,5051
1484,3.0,7478
1484,4.0,7666
1484,5.0,3151
1484,6.0,2421
1484,7.0,5300
1484,8.0,8103
1484,9.0,3801
1484,10.0,4599
1485,0.0,3668
1485,1.0,4052
1485,2.0,5652
1485,3.0,4409
1485,4.0,7666
1485,5.0,3520
1485,6.0,2421
1485,7.0,5300
1485,8.0,8103
1485,9.0,3801
1485,10.0,4599
1486,0.0,6447
1486,1.0,4725
1486,2.0,8136
1486,3.0,2866
1486,4.0,7943
1486,5.0,5836
1486,6.0,2421
1486,7.0,2498
1486,8.0,6702
1486,9.0,3435
1486,10.0,4599
1487,0.0,2581
1487,1.0,3028
1487,2.0,3229
1487,3.0,4409
1487,4.0,8658
1487,5.0,6041
1487,6.0,7242
1487,7.0,7221
1487,8.0,6165
1487,9.0,6396
1487,10.0,3471
1488,0.0,5263
1488,1.0,5725
1488,2.0,3168
1488,3.0,6743
1488,4.0,8658
1488,5.0,3894
1488,6.0,4714
1488,7.0,7221
1488,8.0,6165
1488,9.0,6396
1488,10.0,3471
1489,0.0,4574
1489,1.0,4240
1489,2.0,2820
1489,3.0,7018
1489,4.0,7595
1489,5.0,3817
1489,6.0,2421
1489,7.0,5751
1489,8.0,7159
1489,9.0,4803
1489,10.0,6784
1490,0.0,2840
1490,1.0,4282
1490,2.0,8286
1490,3.0,7703
1490,4.0,7666
1490,5.0,3934
1490,6.0,2421
1490,7.0,5751
1490,8.0,7159
1490,9.0,4803
1490,10.0,6784
1491,0.0,4368
1491,1.0,5275
1491,2.0,4568
1491,3.0,7637
1491,4.0,8104
1491,5.0,3520
1491,6.0,2421
1491,7.0,5751
1491,8.0,7159
1491,9.0,4803
1491,10.0,6784
1492,0.0,6553
1492,1.0,4308
1492,2.0,7628
1492,3.0,4564
1492,4.0,8104
1492,5.0,7132
1492,6.0,2421
1492,7.0,5751
1492,8.0,7159
1492,9.0,4803
1492,10.0,6784
1493,0.0,5249
1493,1.0,2985
1493,2.0,4284
1493,3.0,6743
1493,4.0,5113
1493,5.0,8038
1493,6.0,3548
1493,7.0,6116
1493,8.0,5184
1493,9.0,7175
1493,10.0,4105
1494,0.0,8428
1494,1.0,6163
1494,2.0,3012
1494,3.0,3994
1494,4.0,7943
1494,5.0,4948
1494,6.0,5904
1494,7.0,6116
1494,8.0,5184
1494,9.0,7175
1494,10.0,4105
1495,0.0,7792
1495,1.0,5485
1495,2.0,4003
1495,3.0,3982
1495,4.0,8658
1495,5.0,8538
1495,6.0,3416
1495,7.0,6116
1495,8.0,5184
1495,9.0,7175
1495,10.0,4105
1496,0.0,8349
1496,1.0,5009
1496,2.0,5399
1496,3.0,3467
1496,4.0,8658
1496,5.0,3817
1496,6.0,6373
1496,7.0,6116
1496,8.0,5184
1496,9.0,7175
1496,10.0,4105
1497,0.0,5408
1497,1.0,3995
1497,2.0,3589
1497,3.0,3920
1497,4.0,7943
1497,5.0,3817
1497,6.0,5688
1497,7.0,6116
1497,8.0,5184
1497,9.0,7175
1497,10.0,4105
1498,0.0,7773
1498,1.0,3501
1498,2.0,8544
1498,3.0,3862
1498,4.0,8658
1498,5.0,4305
1498,6.0,5941
1498,7.0,6116
1498,8.0,5184
1498,9.0,7175
1498,10.0,4105
1499,0.0,2959
1499,1.0,4127
1499,2.0,3126
1499,3.0,6743
1499,4.0,8658
1499,5.0,7439
1499,6.0,2421
1499,7.0,4959
1499,8.0,4722
1499,9.0,6171
1499,10.0,4599
1500,0.0,5031
1500,1.0,4858
1500,2.0,5062
1500,3.0,6743
1500,4.0,8658
1500,5.0,4928
1500,6.0,2421
1500,7.0,8376
1500,8.0,5279
1500,9.0,4369
1500,10.0,3106
1501,0.0,3662
1501,1.0,6229
1501,2.0,3075
1501,3.0,4409
1501,4.0,8658
1501,5.0,5160
1501,6.0,8243
1501,7.0,8376
1501,8.0,5279
1501,9.0,4369
1501,10.0,3106
1502,0.0,6988
1502,1.0,7737
1502,2.0,2593
1502,3.0,4564
1502,4.0,7595
1502,5.0,7132
1502,6.0,2421
1502,7.0,5868
1502,8.0,2775
1502,9.0,3017
1502,10.0,5645
1503,0.0,3706
1503,1.0,7827
1503,2.0,5710
1503,3.0,3201
1503,4.0,7666
1503,5.0,7132
1503,6.0,2421
1503,7.0,5868
1503,8.0,2775
1503,9.0,3017
1503,10.0,5645
1504,0.0,4201
1504,1.0,4265
1504,2.0,5103
1504,3.0,6743
1504,4.0,7595
1504,5.0,6691
1504,6.0,2421
1504,7.0,4676
1504,8.0,7645
1504,9.0,5675
1504,10.0,4599
1505,0.0,6668
1505,1.0,3194
1505,2.0,4798
1505,3.0,4256
1505,4.0,7666
1505,5.0,2654
1505,6.0,2421
1505,7.0,4676
1505,8.0,7645
1505,9.0,5675
1505,10.0,4599
1506,0.0,4838
1506,1.0,3300
1506,2.0,2458
1506,3.0,3467
1506,4.0,7595
1506,5.0,3520
1506,6.0,2421
1506,7.0,7872
1506,8.0,6837
1506,9.0,4354
1506,10.0,5797
1507,0.0,7677
1507,1.0,8515
1507,2.0,3823
1507,3.0,6743
1507,4.0,8104
1507,5.0,3934
1507,6.0,5182
1507,7.0,7872
1507,8.0,6837
1507,9.0,4354
1507,10.0,5797
1508,0.0,6034
1508,1.0,6203
1508,2.0,3633
1508,3.0,3978
1508,4.0,7666
1508,5.0,6383
1508,6.0,7248
1508,7.0,7872
1508,8.0,6837
1508,9.0,4354
1508,10.0,5797
1509,0.0,7635
1509,1.0,5981
1509,2.0,6735
1509,3.0,6743
1509,4.0,7595
1509,5.0,5262
1509,6.0,7241
1509,7.0,4157
1509,8.0,8331
1509,9.0,7244
1509,10.0,3680
1510,0.0,5023
1510,1.0,2641
1510,2.0,7177
1510,3.0,2866
1510,4.0,8104
1510,5.0,3151
1510,6.0,3525
1510,7.0,4157
1510,8.0,8331
1510,9.0,7244
1510,10.0,3680
1511,0.0,4814
1511,1.0,6101
1511,2.0,7376
1511,3.0,7703
1511,4.0,8104
1511,5.0,7912
1511,6.0,4499
1511,7.0,4157
1511,8.0,8331
1511,9.0,7244
1511,10.0,3680
1512,0.0,5215
1512,1.0,6487
1512,2.0,7093
1512,3.0,6743
1512,4.0,7595
1512,5.0,3175
1512,6.0,7241
1512,7.0,4157
1512,8.0,8331
1512,9.0,7244
1512,10.0,3680
1513,0.0,5970
1513,1.0,2993
1513,2.0,4717
1513,3.0,7158
1513,4.0,7943
1513,5.0,2670
1513,6.0,5688
1513,7.0,8475
1513,8.0,7014
1513,9.0,6687
1513,10.0,5625
1514,0.0,5714
1514,1.0,7300
1514,2.0,4667
1514,3.0,6591
1514,4.0,7666
1514,5.0,4200
1514,6.0,4499
1514,7.0,8475
1514,8.0,7014
1514,9.0,6687
1514,10.0,5625
1515,0.0,7665
1515,1.0,4255
1515,2.0,3123
1515,3.0,5889
1515,4.0,6554
1515,5.0,4990
1515,6.0,7307
1515,7.0,8475
1515,8.0,7014
1515,9.0,6687
1515,10.0,5625
1516,0.0,3814
1516,1.0,3380
1516,2.0,8187
1516,3.0,4409
1516,4.0,8104
1516,5.0,8538
1516,6.0,7307
1516,7.0,8475
1516,8.0,7014
1516,9.0,6687
1516,10.0,5625
1517,0.0,3716
1517,1.0,6018
1517,2.0,5877
1517,3.0,3201
1517,4.0,5113
1517,5.0,8102
1517,6.0,2421
1517,7.0,5208
1517,8.0,6594
1517,9.0,4889
1517,10.0,3680
1518,0.0,4498
1518,1.0,8650
1518,2.0,6169
1518,3.0,8157
1518,4.0,5113
1518,5.0,6041
1518,6.0,2421
1518,7.0,5208
1518,8.0,6594
1518,9.0,4889
1518,10.0,3680
1519,0.0,2773
1519,1.0,5667
1519,2.0,7502
1519,3.0,4407
1519,4.0,7943
1519,5.0,7196
1519,6.0,2421
1519,7.0,5208
1519,8.0,6594
1519,9.0,4889
1519,10.0,3680
1520,0.0,2703
1520,1.0,4705
1520,2.0,2803
1520,3.0,5312
1520,4.0,5113
1520,5.0,7132
1520,6.0,2421
1520,7.0,5208
1520,8.0,6594
1520,9.0,4889
1520,10.0,3680
1521,0.0,6451
1521,1.0,7076
1521,2.0,3103
1521,3.0,4862
1521,4.0,7666
1521,5.0,4451
1521,6.0,2594
1521,7.0,6850
1521,8.0,4047
1521,9.0,6497
1521,10.0,4109
1522,0.0,7919
1522,1.0,8086
1522,2.0,6196
1522,3.0,4382
1522,4.0,7666
1522,5.0,2816
1522,6.0,5410
1522,7.0,6850
1522,8.0,4047
1522,9.0,6497
1522,10.0,4109
1523,0.0,3896
1523,1.0,2535
1523,2.0,7768
1523,3.0,3920
1523,4.0,8104
1523,5.0,3151
1523,6.0,7073
1523,7.0,6850
1523,8.0,4047
1523,9.0,6497
1523,10.0,4109
1524,0.0,5974
1524,1.0,3937
1524,2.0,4712
1524,3.0,3698
1524,4.0,7666
1524,5.0,8102
1524,6.0,2421
1524,7.0,6850
1524,8.0,4047
1524,9.0,6497
1524,10.0,4109
1525,0.0,8434
1525,1.0,5404
1525,2.0,8135
1525,3.0,4409
1525,4.0,8104
1525,5.0,6041
1525,6.0,2421
1525,7.0,6850
1525,8.0,4047
1525,9.0,6497
1525,10.0,4109
1526,0.0,8732
1526,1.0,7993
1526,2.0,3177
1526,3.0,4409
1526,4.0,7595
1526,5.0,6383
1526,6.0,2421
1526,7.0,6850
1526,8.0,4047
1526,9.0,6497
1526,10.0,4109
1527,0.0,5422
1527,1.0,5095
1527,2.0,2500
1527,3.0,3698
1527,4.0,8104
1527,5.0,8102
1527,6.0,2421
1527,7.0,6850
1527,8.0,4047
1527,9.0,6497
1527,10.0,4109
1528,0.0,8700
1528,1.0,3488
1528,2.0,7673
1528,3.0,8526
1528,4.0,7943
1528,5.0,8391
1528,6.0,3416
1528,7.0,3217
1528,8.0,5758
1528,9.0,4932
1528,10.0,5861
1529,0.0,4175
1529,1.0,7281
1529,2.0,3744
1529,3.0,4588
1529,4.0,8658
1529,5.0,2842
1529,6.0,5904
1529,7.0,3217
1529,8.0,5758
1529,9.0,4932
1529,10.0,5861
1530,0.0,6263
1530,1.0,6040
1530,2.0,4589
1530,3.0,3734
1530,4.0,7943
1530,5.0,7206
1530,6.0,5410
1530,7.0,3217
1530,8.0,5758
1530,9.0,4932
1530,10.0,5861
1531,0.0,5511
1531,1.0,8034
1531,2.0,3058
1531,3.0,4409
1531,4.0,5113
1531,5.0,6746
1531,6.0,7077
1531,7.0,3217
1531,8.0,5758
1531,9.0,4932
1531,10.0,5861
1532,0.0,8220
1532,1.0,6048
1532,2.0,3843
1532,3.0,7703
1532,4.0,7943
1532,5.0,5519
1532,6.0,5904
1532,7.0,3217
1532,8.0,5758
1532,9.0,4932
1532,10.0,5861
1533,0.0,3212
1533,1.0,3720
1533,2.0,5619
1533,3.0,7698
1533,4.0,8658
1533,5.0,6746
1533,6.0,5313
1533,7.0,3217
1533,8.0,5758
1533,9.0,4932
1533,10.0,5861
1534,0.0,5898
1534,1.0,2924
1534,2.0,7515
1534,3.0,2989
1534,4.0,8658
1534,5.0,3817
1534,6.0,2421
1534,7.0,8443
1534,8.0,8598
1534,9.0,4393
1534,10.0,6784
1535,0.0,3656
1535,1.0,6447
1535,2.0,6845
1535,3.0,4588
1535,4.0,8658
1535,5.0,2842
1535,6.0,7489
1535,7.0,8443
1535,8.0,8598
1535,9.0,4393
1535,10.0,6784
1536,0.0,2745
1536,1.0,3668
1536,2.0,4678
1536,3.0,7703
1536,4.0,8658
1536,5.0,8609
1536,6.0,2421
1536,7.0,8443
1536,8.0,8598
1536,9.0,4393
1536,10.0,6784
1537,0.0,2754
1537,1.0,5580
1537,2.0,4258
1537,3.0,3920
1537,4.0,7943
1537,5.0,3520
1537,6.0,2421
1537,7.0,8443
1537,8.0,8598
1537,9.0,4393
1537,10.0,6784
1538,0.0,5613
1538,1.0,6870
1538,2.0,3510
1538,3.0,3467
1538,4.0,5113
1538,5.0,6663
1538,6.0,3185
1538,7.0,8443
1538,8.0,8598
1538,9.0,4393
1538,10.0,6784
1539,0.0,6773
1539,1.0,4747
1539,2.0,7036
1539,3.0,3201
1539,4.0,8658
1539,5.0,7132
1539,6.0,2421
1539,7.0,8443
1539,8.0,8598
1539,9.0,4393
1539,10.0,6784
1540,0.0,5288
1540,1.0,8263
1540,2.0,7430
1540,3.0,3529
1540,4.0,3213
1540,5.0,2842
1540,6.0,2421
1540,7.0,8443
1540,8.0,8598
1540,9.0,4393
1540,10.0,6784
1541,0.0,8323
1541,1.0,5957
1541,2.0,8076
1541,3.0,6743
1541,4.0,7943
1541,5.0,5575
1541,6.0,2421
1541,7.0,8443
1541,8.0,8598
1541,9.0,4393
1541,10.0,6784
1542,0.0,7103
1542,1.0,3246
1542,2.0,5078
1542,3.0,4409
1542,4.0,5113
1542,5.0,3520
1542,6.0,2421
1542,7.0,8443
1542,8.0,8598
1542,9.0,4393
1542,10.0,6784
1543,0.0,7880
1543,1.0,2616
1543,2.0,8656
1543,3.0,3201
1543,4.0,7943
1543,5.0,8538
1543,6.0,2421
1543,7.0,8443
1543,8.0,8598
1543,9.0,4393
1543,10.0,6784
1544,0.0,6842
1544,1.0,4175
1544,2.0,7218
1544,3.0,2989
1544,4.0,8658
1544,5.0,6654
1544,6.0,2421
1544,7.0,5211
1544,8.0,3294
1544,9.0,8041
1544,10.0,3106
1545,0.0,8387
1545,1.0,8700
1545,2.0,2684
1545,3.0,8264
1545,4.0,8658
1545,5.0,5836
1545,6.0,2421
1545,7.0,5211
1545,8.0,3294
1545,9.0,8041
1545,10.0,3106
1546,0.0,6218
1546,1.0,5422
1546,2.0,8549
1546,3.0,2989
1546,4.0,7943
1546,5.0,3175
1546,6.0,2421
1546,7.0,5211
1546,8.0,3294
1546,9.0,8041
1546,10.0,3106
1547,0.0,4569
1547,1.0,8732
1547,2.0,8230
1547,3.0,6310
1547,4.0,8658
1547,5.0,2555
1547,6.0,2421
1547,7.0,5211
1547,8.0,3294
1547,9.0,8041
1547,10.0,3106
1548,0.0,8096
1548,1.0,8434
1548,2.0,2481
1548,3.0,8151
1548,4.0,7943
1548,5.0,5874
1548,6.0,2421
1548,7.0,5211
1548,8.0,3294
1548,9.0,8041
1548,10.0,3106
1549,0.0,4045
1549,1.0,5686
1549,2.0,6724
1549,3.0,3734
1549,4.0,7666
1549,5.0,2842
1549,6.0,2421
1549,7.0,5517
1549,8.0,7487
1549,9.0,8333
1549,10.0,6951
1550,0.0,8278
1550,1.0,2735
1550,2.0,6011
1550,3.0,3734
1550,4.0,7595
1550,5.0,4208
1550,6.0,2421
1550,7.0,5517
1550,8.0,7487
1550,9.0,8333
1550,10.0,6951
1551,0.0,7631
1551,1.0,8049
1551,2.0,3042
1551,3.0,6743
1551,4.0,8104
1551,5.0,4948
1551,6.0,7307
1551,7.0,3158
1551,8.0,3430
1551,9.0,8306
1551,10.0,4109
1552,0.0,8480
1552,1.0,5788
1552,2.0,7779
1552,3.0,4409
1552,4.0,6826
1552,5.0,8576
1552,6.0,2421
1552,7.0,3158
1552,8.0,3430
1552,9.0,8306
1552,10.0,4109
1553,0.0,3010
1553,1.0,3465
1553,2.0,4592
1553,3.0,4382
1553,4.0,7943
1553,5.0,7581
1553,6.0,2421
1553,7.0,3158
1553,8.0,3430
1553,9.0,8306
1553,10.0,4109
1554,0.0,6718
1554,1.0,7541
1554,2.0,8554
1554,3.0,2421
1554,4.0,5115
1554,5.0,2421
1554,6.0,2421
1554,7.0,3158
1554,8.0,3430
1554,9.0,8306
1554,10.0,4109
1555,0.0,4881
1555,1.0,8591
1555,2.0,3547
1555,3.0,2421
1555,4.0,7595
1555,5.0,2421
1555,6.0,2421
1555,7.0,3158
1555,8.0,3430
1555,9.0,8306
1555,10.0,4109
1556,0.0,5942
1556,1.0,6964
1556,2.0,3232
1556,3.0,6743
1556,4.0,5113
1556,5.0,2421
1556,6.0,2421
1556,7.0,3158
1556,8.0,3430
1556,9.0,8306
1556,10.0,4109
1557,0.0,7459
1557,1.0,5535
1557,2.0,4042
1557,3.0,3982
1557,4.0,6799
1557,5.0,7196
1557,6.0,2421
1557,7.0,3158
1557,8.0,3430
1557,9.0,8306
1557,10.0,4109
1558,0.0,3365
1558,1.0,3659
1558,2.0,8266
1558,3.0,6743
1558,4.0,7595
1558,5.0,2421
1558,6.0,2421
1558,7.0,3158
1558,8.0,3430
1558,9.0,4437
1558,10.0,2421
1559,0.0,7782
1559,1.0,8181
1559,2.0,3832
1559,3.0,4409
1559,4.0,6554
1559,5.0,2842
1559,6.0,7489
1559,7.0,3158
1559,8.0,3430
1559,9.0,4437
1559,10.0,2421
1560,0.0,7874
1560,1.0,6226
1560,2.0,3832
1560,3.0,4409
1560,4.0,8104
1560,5.0,2842
1560,6.0,7489
1560,7.0,3158
1560,8.0,3430
1560,9.0,8306
1560,10.0,4109
1561,0.0,5276
1561,1.0,3285
1561,2.0,4179
1561,3.0,4256
1561,4.0,6921
1561,5.0,6654
1561,6.0,7307
1561,7.0,3158
1561,8.0,3430
1561,9.0,8306
1561,10.0,4109
1562,0.0,7292
1562,1.0,6314
1562,2.0,2543
1562,3.0,6743
1562,4.0,2556
1562,5.0,4917
1562,6.0,2421
1562,7.0,3158
1562,8.0,3430
1562,9.0,8306
1562,10.0,4109
1563,0.0,2571
1563,1.0,4755
1563,2.0,2543
1563,3.0,6743
1563,4.0,5113
1563,5.0,4917
1563,6.0,2421
1563,7.0,3158
1563,8.0,3430
1563,9.0,8306
1563,10.0,4109
1564,0.0,3109
1564,1.0,7009
1564,2.0,3832
1564,3.0,4409
1564,4.0,6921
1564,5.0,2842
1564,6.0,7489
1564,7.0,3158
1564,8.0,3430
1564,9.0,8306
1564,10.0,4109
1565,0.0,2588
1565,1.0,3541
1565,2.0,8087
1565,3.0,4588
1565,4.0,7943
1565,5.0,8130
1565,6.0,2421
1565,7.0,3158
1565,8.0,3430
1565,9.0,8306
1565,10.0,4109
1566,0.0,6912
1566,1.0,6241
1566,2.0,2967
1566,3.0,4409
1566,4.0,7595
1566,5.0,2842
1566,6.0,7489
1566,7.0,3158
1566,8.0,3430
1566,9.0,8306
1566,10.0,4109
1567,0.0,2889
1567,1.0,3297
1567,2.0,4026
1567,3.0,4409
1567,4.0,8104
1567,5.0,2842
1567,6.0,7489
1567,7.0,3158
1567,8.0,3430
1567,9.0,8306
1567,10.0,4109
1568,0.0,7596
1568,1.0,4375
1568,2.0,8221
1568,3.0,4887
1568,4.0,8104
1568,5.0,6520
1568,6.0,6450
1568,7.0,3158
1568,8.0,3430
1568,9.0,8306
1568,10.0,4109
1569,0.0,6274
1569,1.0,4980
1569,2.0,7687
1569,3.0,4409
1569,4.0,7666
1569,5.0,2842
1569,6.0,7489
1569,7.0,3158
1569,8.0,3430
1569,9.0,8306
1569,10.0,4109
1570,0.0,4492
1570,1.0,7584
1570,2.0,7617
1570,3.0,4409
1570,4.0,7595
1570,5.0,2842
1570,6.0,7489
1570,7.0,3158
1570,8.0,3430
1570,9.0,8306
1570,10.0,4109
1571,0.0,8552
1571,1.0,3858
1571,2.0,4729
1571,3.0,4887
1571,4.0,8658
1571,5.0,2816
1571,6.0,6450
1571,7.0,3158
1571,8.0,3430
1571,9.0,8306
1571,10.0,4109
1572,0.0,4094
1572,1.0,8400
1572,2.0,7798
1572,3.0,8299
1572,4.0,7943
1572,5.0,3070
1572,6.0,2421
1572,7.0,3158
1572,8.0,3430
1572,9.0,8306
1572,10.0,4109
1573,0.0,6565
1573,1.0,2960
1573,2.0,6076
1573,3.0,3114
1573,4.0,8658
1573,5.0,4174
1573,6.0,2421
1573,7.0,3158
1573,8.0,3430
1573,9.0,8306
1573,10.0,4109
1574,0.0,5086
1574,1.0,5780
1574,2.0,4530
1574,3.0,2509
1574,4.0,7595
1574,5.0,7581
1574,6.0,7241
1574,7.0,3158
1574,8.0,3430
1574,9.0,8306
1574,10.0,4109
1575,0.0,6782
1575,1.0,7855
1575,2.0,4054
1575,3.0,4887
1575,4.0,5113
1575,5.0,4174
1575,6.0,2421
1575,7.0,3158
1575,8.0,3430
1575,9.0,8306
1575,10.0,4109
1576,0.0,5178
1576,1.0,4288
1576,2.0,6666
1576,3.0,4887
1576,4.0,7595
1576,5.0,4690
1576,6.0,5004
1576,7.0,3158
1576,8.0,3430
1576,9.0,8306
1576,10.0,4109
1577,0.0,3473
1577,1.0,6391
1577,2.0,6759
1577,3.0,4887
1577,4.0,7666
1577,5.0,2816
1577,6.0,6450
1577,7.0,3158
1577,8.0,3430
1577,9.0,8306
1577,10.0,4109
1578,0.0,4289
1578,1.0,3432
1578,2.0,3925
1578,3.0,6925
1578,4.0,7595
1578,5.0,3996
1578,6.0,6326
1578,7.0,3158
1578,8.0,3430
1578,9.0,8306
1578,10.0,4109
1579,0.0,7522
1579,1.0,7248
1579,2.0,4179
1579,3.0,4256
1579,4.0,6554
1579,5.0,6654
1579,6.0,7307
1579,7.0,3158
1579,8.0,3430
1579,9.0,8306
1579,10.0,4109
1580,0.0,6005
1580,1.0,5996
1580,2.0,6096
1580,3.0,4887
1580,4.0,7595
1580,5.0,3996
1580,6.0,7532
1580,7.0,3158
1580,8.0,3430
1580,9.0,8306
1580,10.0,4109
1581,0.0,2557
1581,1.0,7964
1581,2.0,3290
1581,3.0,8526
1581,4.0,7666
1581,5.0,7581
1581,6.0,7307
1581,7.0,3158
1581,8.0,3430
1581,9.0,8306
1581,10.0,4109
1582,0.0,7297
1582,1.0,6311
1582,2.0,4732
1582,3.0,4887
1582,4.0,8104
1582,5.0,2816
1582,6.0,6450
1582,7.0,3158
1582,8.0,3430
1582,9.0,4437
1582,10.0,2421
1583,0.0,4057
1583,1.0,7163
1583,2.0,3832
1583,3.0,4409
1583,4.0,7666
1583,5.0,2842
1583,6.0,7489
1583,7.0,3158
1583,8.0,3430
1583,9.0,8306
1583,10.0,4109
1584,0.0,6268
1584,1.0,7029
1584,2.0,3474
1584,3.0,4887
1584,4.0,7666
1584,5.0,8524
1584,6.0,6450
1584,7.0,6692
1584,8.0,3430
1584,9.0,7567
1584,10.0,4109
1585,0.0,3765
1585,1.0,5680
1585,2.0,2981
1585,3.0,6925
1585,4.0,7666
1585,5.0,2446
1585,6.0,6326
1585,7.0,6692
1585,8.0,3430
1585,9.0,7567
1585,10.0,4109
1586,0.0,4956
1586,1.0,6438
1586,2.0,8242
1586,3.0,6925
1586,4.0,7666
1586,5.0,3996
1586,6.0,6326
1586,7.0,6692
1586,8.0,3430
1586,9.0,7567
1586,10.0,4109
1587,0.0,6862
1587,1.0,2724
1587,2.0,4071
1587,3.0,8526
1587,4.0,7666
1587,5.0,4174
1587,6.0,7307
1587,7.0,6692
1587,8.0,3430
1587,9.0,7777
1587,10.0,2421
1588,0.0,2933
1588,1.0,6449
1588,2.0,5083
1588,3.0,8526
1588,4.0,7666
1588,5.0,7581
1588,6.0,7307
1588,7.0,6692
1588,8.0,3430
1588,9.0,7567
1588,10.0,4109
1589,0.0,4868
1589,1.0,6286
1589,2.0,4411
1589,3.0,8526
1589,4.0,8104
1589,5.0,7581
1589,6.0,7307
1589,7.0,6692
1589,8.0,3430
1589,9.0,7567
1589,10.0,4109
1590,0.0,6402
1590,1.0,6078
1590,2.0,7476
1590,3.0,4409
1590,4.0,7595
1590,5.0,2842
1590,6.0,7489
1590,7.0,6692
1590,8.0,3430
1590,9.0,7567
1590,10.0,4109
1591,0.0,8487
1591,1.0,5049
1591,2.0,4005
1591,3.0,4409
1591,4.0,7666
1591,5.0,6947
1591,6.0,7489
1591,7.0,6692
1591,8.0,3430
1591,9.0,7777
1591,10.0,2421
1592,0.0,6230
1592,1.0,3628
1592,2.0,8422
1592,3.0,4409
1592,4.0,8104
1592,5.0,2842
1592,6.0,7489
1592,7.0,6692
1592,8.0,3430
1592,9.0,7567
1592,10.0,4109
1593,0.0,5717
1593,1.0,6110
1593,2.0,7578
1593,3.0,4409
1593,4.0,7666
1593,5.0,6947
1593,6.0,7489
1593,7.0,6692
1593,8.0,3430
1593,9.0,7567
1593,10.0,4109
1594,0.0,2477
1594,1.0,2736
1594,2.0,5554
1594,3.0,4409
1594,4.0,8104
1594,5.0,2842
1594,6.0,7489
1594,7.0,6692
1594,8.0,3430
1594,9.0,7567
1594,10.0,4109
1595,0.0,4156
1595,1.0,7317
1595,2.0,4420
1595,3.0,4588
1595,4.0,8104
1595,5.0,3974
1595,6.0,2421
1595,7.0,6692
1595,8.0,3430
1595,9.0,7567
1595,10.0,4109
1596,0.0,3040
1596,1.0,3113
1596,2.0,8113
1596,3.0,4887
1596,4.0,7595
1596,5.0,2816
1596,6.0,5004
1596,7.0,6692
1596,8.0,3430
1596,9.0,7567
1596,10.0,4109
1597,0.0,7836
1597,1.0,8220
1597,2.0,7437
1597,3.0,4887
1597,4.0,6554
1597,5.0,6520
1597,6.0,6450
1597,7.0,7366
1597,8.0,4079
1597,9.0,5817
1597,10.0,3471
1598,0.0,3921
1598,1.0,5511
1598,2.0,3575
1598,3.0,6925
1598,4.0,8104
1598,5.0,4272
1598,6.0,6326
1598,7.0,7366
1598,8.0,4079
1598,9.0,5817
1598,10.0,3471
1599,0.0,4337
1599,1.0,7544
1599,2.0,4054
1599,3.0,4887
1599,4.0,7943
1599,5.0,4174
1599,6.0,6450
1599,7.0,7366
1599,8.0,4079
1599,9.0,5817
1599,10.0,3471
1600,0.0,7969
1600,1.0,3398
1600,2.0,3290
1600,3.0,8526
1600,4.0,8104
1600,5.0,7581
1600,6.0,7307
1600,7.0,7366
1600,8.0,4079
1600,9.0,5817
1600,10.0,3471
1601,0.0,8324
1601,1.0,2676
1601,2.0,3832
1601,3.0,4409
1601,4.0,2556
1601,5.0,2842
1601,6.0,7489
1601,7.0,7366
1601,8.0,4079
1601,9.0,5817
1601,10.0,3471
1602,0.0,5170
1602,1.0,2972
1602,2.0,3832
1602,3.0,4409
1602,4.0,7666
1602,5.0,2842
1602,6.0,7489
1602,7.0,7366
1602,8.0,4079
1602,9.0,5817
1602,10.0,3471
1603,0.0,5380
1603,1.0,3567
1603,2.0,5066
1603,3.0,5933
1603,4.0,8104
1603,5.0,5836
1603,6.0,7077
1603,7.0,7813
1603,8.0,8326
1603,9.0,8689
1603,10.0,2939
1604,0.0,6608
1604,1.0,2750
1604,2.0,8069
1604,3.0,4409
1604,4.0,8104
1604,5.0,3520
1604,6.0,7382
1604,7.0,8579
1604,8.0,8326
1604,9.0,8733
1604,10.0,2939
1605,0.0,4597
1605,1.0,6416
1605,2.0,6213
1605,3.0,4409
1605,4.0,7666
1605,5.0,2654
1605,6.0,8202
1605,7.0,5075
1605,8.0,4930
1605,9.0,3379
1605,10.0,7260
1606,0.0,7726
1606,1.0,4295
1606,2.0,5201
1606,3.0,6743
1606,4.0,6799
1606,5.0,4990
1606,6.0,2421
1606,7.0,5011
1606,8.0,3397
1606,9.0,6102
1606,10.0,4109
1607,0.0,4694
1607,1.0,6335
1607,2.0,6172
1607,3.0,3477
1607,4.0,8104
1607,5.0,4208
1607,6.0,2421
1607,7.0,5011
1607,8.0,3397
1607,9.0,6102
1607,10.0,4109
1608,0.0,3998
1608,1.0,3307
1608,2.0,3304
1608,3.0,7637
1608,4.0,5113
1608,5.0,8576
1608,6.0,5313
1608,7.0,4866
1608,8.0,6038
1608,9.0,7434
1608,10.0,4109
1609,0.0,5131
1609,1.0,4194
1609,2.0,6176
1609,3.0,4409
1609,4.0,5113
1609,5.0,6654
1609,6.0,5377
1609,7.0,4866
1609,8.0,6038
1609,9.0,7434
1609,10.0,4109
1610,0.0,6304
1610,1.0,4765
1610,2.0,3536
1610,3.0,5312
1610,4.0,8658
1610,5.0,7132
1610,6.0,8459
1610,7.0,4866
1610,8.0,6038
1610,9.0,7434
1610,10.0,4109
1611,0.0,7656
1611,1.0,4724
1611,2.0,7909
1611,3.0,6591
1611,4.0,5113
1611,5.0,7144
1611,6.0,3761
1611,7.0,4866
1611,8.0,6038
1611,9.0,7434
1611,10.0,4109
1612,0.0,2870
1612,1.0,8366
1612,2.0,7339
1612,3.0,3920
1612,4.0,8658
1612,5.0,7196
1612,6.0,3525
1612,7.0,4866
1612,8.0,6038
1612,9.0,7434
1612,10.0,4109
1613,0.0,6359
1613,1.0,5881
1613,2.0,8649
1613,3.0,4409
1613,4.0,7666
1613,5.0,2555
1613,6.0,7307
1613,7.0,4096
1613,8.0,3612
1613,9.0,6825
1613,10.0,4210
1614,0.0,4472
1614,1.0,4686
1614,2.0,5534
1614,3.0,6743
1614,4.0,8104
1614,5.0,5968
1614,6.0,7489
1614,7.0,4096
1614,8.0,3612
1614,9.0,6825
1614,10.0,4210
1615,0.0,7205
1615,1.0,4245
1615,2.0,5286
1615,3.0,2989
1615,4.0,8104
1615,5.0,7144
1615,6.0,2421
1615,7.0,4096
1615,8.0,3612
1615,9.0,6825
1615,10.0,4210
1616,0.0,3941
1616,1.0,3983
1616,2.0,7275
1616,3.0,4409
1616,4.0,7666
1616,5.0,4990
1616,6.0,7307
1616,7.0,4096
1616,8.0,3612
1616,9.0,6825
1616,10.0,4210
1617,0.0,7851
1617,1.0,8460
1617,2.0,4691
1617,3.0,4588
1617,4.0,7666
1617,5.0,5836
1617,6.0,5688
1617,7.0,4096
1617,8.0,3612
1617,9.0,6825
1617,10.0,4210
1618,0.0,7020
1618,1.0,3907
1618,2.0,2789
1618,3.0,5312
1618,4.0,7595
1618,5.0,6746
1618,6.0,2421
1618,7.0,6744
1618,8.0,3644
1618,9.0,7252
1618,10.0,5861
1619,0.0,8064
1619,1.0,3121
1619,2.0,5988
1619,3.0,6897
1619,4.0,6554
1619,5.0,6663
1619,6.0,2421
1619,7.0,3005
1619,8.0,5550
1619,9.0,4889
1619,10.0,5054
1620,0.0,5725
1620,1.0,7937
1620,2.0,7543
1620,3.0,3201
1620,4.0,7666
1620,5.0,7196
1620,6.0,5833
1620,7.0,3005
1620,8.0,5550
1620,9.0,6123
1620,10.0,2421
1621,0.0,3028
1621,1.0,8520
1621,2.0,6950
1621,3.0,8151
1621,4.0,7595
1621,5.0,2654
1621,6.0,6195
1621,7.0,3327
1621,8.0,8695
1621,9.0,5875
1621,10.0,5625
1622,0.0,4348
1622,1.0,3758
1622,2.0,6664
1622,3.0,6897
1622,4.0,7666
1622,5.0,7196
1622,6.0,5230
1622,7.0,3327
1622,8.0,8695
1622,9.0,5875
1622,10.0,5625
1623,0.0,4317
1623,1.0,4184
1623,2.0,3292
1623,3.0,6743
1623,4.0,7666
1623,5.0,2842
1623,6.0,8198
1623,7.0,5636
1623,8.0,8593
1623,9.0,4232
1623,10.0,5301
1624,0.0,4772
1624,1.0,8438
1624,2.0,2947
1624,3.0,6743
1624,4.0,7595
1624,5.0,5254
1624,6.0,7378
1624,7.0,5636
1624,8.0,8593
1624,9.0,4232
1624,10.0,5301
1625,0.0,2486
1625,1.0,2896
1625,2.0,5584
1625,3.0,3201
1625,4.0,7595
1625,5.0,2555
1625,6.0,2421
1625,7.0,5636
1625,8.0,8593
1625,9.0,4232
1625,10.0,5301
1626,0.0,7560
1626,1.0,5196
1626,2.0,6706
1626,3.0,4564
1626,4.0,8104
1626,5.0,7132
1626,6.0,2421
1626,7.0,5636
1626,8.0,8593
1626,9.0,4232
1626,10.0,5301
1627,0.0,4365
1627,1.0,2836
1627,2.0,5573
1627,3.0,4588
1627,4.0,8104
1627,5.0,3520
1627,6.0,5358
1627,7.0,4640
1627,8.0,7353
1627,9.0,6966
1627,10.0,6423
1628,0.0,3409
1628,1.0,8283
1628,2.0,5116
1628,3.0,3529
1628,4.0,7666
1628,5.0,4990
1628,6.0,4380
1628,7.0,4640
1628,8.0,7353
1628,9.0,6966
1628,10.0,6423
1629,0.0,7410
1629,1.0,5662
1629,2.0,5449
1629,3.0,6019
1629,4.0,7666
1629,5.0,7912
1629,6.0,2421
1629,7.0,4640
1629,8.0,7353
1629,9.0,6966
1629,10.0,6423
1630,0.0,7569
1630,1.0,8369
1630,2.0,8398
1630,3.0,6743
1630,4.0,7595
1630,5.0,6947
1630,6.0,7489
1630,7.0,4640
1630,8.0,7353
1630,9.0,6966
1630,10.0,6423
1631,0.0,5094
1631,1.0,7547
1631,2.0,4379
1631,3.0,4409
1631,4.0,7666
1631,5.0,7196
1631,6.0,4503
1631,7.0,4640
1631,8.0,7353
1631,9.0,6966
1631,10.0,6423
1632,0.0,2757
1632,1.0,8643
1632,2.0,6521
1632,3.0,6743
1632,4.0,7666
1632,5.0,7196
1632,6.0,7307
1632,7.0,4640
1632,8.0,7353
1632,9.0,6966
1632,10.0,6423
1633,0.0,6421
1633,1.0,5644
1633,2.0,4338
1633,3.0,2989
1633,4.0,6554
1633,5.0,6383
1633,6.0,2421
1633,7.0,6765
1633,8.0,5585
1633,9.0,5980
1633,10.0,5625
1634,0.0,4223
1634,1.0,7418
1634,2.0,8310
1634,3.0,3201
1634,4.0,7595
1634,5.0,3337
1634,6.0,2421
1634,7.0,6765
1634,8.0,5585
1634,9.0,5980
1634,10.0,5625
1635,0.0,3233
1635,1.0,7692
1635,2.0,2779
1635,3.0,4256
1635,4.0,6799
1635,5.0,4948
1635,6.0,2421
1635,7.0,6765
1635,8.0,5585
1635,9.0,5980
1635,10.0,5625
1636,0.0,5540
1636,1.0,3616
1636,2.0,7982
1636,3.0,4409
1636,4.0,8104
1636,5.0,2421
1636,6.0,2421
1636,7.0,6765
1636,8.0,5585
1636,9.0,5980
1636,10.0,5625
1637,0.0,8444
1637,1.0,2502
1637,2.0,7711
1637,3.0,3201
1637,4.0,7595
1637,5.0,3337
1637,6.0,2421
1637,7.0,6765
1637,8.0,5585
1637,9.0,5980
1637,10.0,5625
1638,0.0,5865
1638,1.0,4441
1638,2.0,3923
1638,3.0,3201
1638,4.0,8104
1638,5.0,8102
1638,6.0,2421
1638,7.0,6765
1638,8.0,5585
1638,9.0,5980
1638,10.0,5625
1639,0.0,2875
1639,1.0,8013
1639,2.0,3591
1639,3.0,3201
1639,4.0,8104
1639,5.0,8102
1639,6.0,2421
1639,7.0,6765
1639,8.0,5585
1639,9.0,5980
1639,10.0,5625
1640,0.0,6999
1640,1.0,2725
1640,2.0,2743
1640,3.0,2989
1640,4.0,8658
1640,5.0,5536
1640,6.0,6195
1640,7.0,3878
1640,8.0,7328
1640,9.0,5385
1640,10.0,6423
1641,0.0,6060
1641,1.0,4018
1641,2.0,6142
1641,3.0,2866
1641,4.0,8658
1641,5.0,7082
1641,6.0,5688
1641,7.0,3878
1641,8.0,7328
1641,9.0,2851
1641,10.0,2421
1642,0.0,7894
1642,1.0,6572
1642,2.0,6365
1642,3.0,3390
1642,4.0,8658
1642,5.0,8494
1642,6.0,3185
1642,7.0,3878
1642,8.0,7328
1642,9.0,5385
1642,10.0,6423
1643,0.0,2912
1643,1.0,5669
1643,2.0,5595
1643,3.0,6743
1643,4.0,8053
1643,5.0,5262
1643,6.0,7961
1643,7.0,3878
1643,8.0,7328
1643,9.0,5385
1643,10.0,6423
1644,0.0,6741
1644,1.0,3693
1644,2.0,3512
1644,3.0,6743
1644,4.0,7666
1644,5.0,3934
1644,6.0,5004
1644,7.0,6505
1644,8.0,3836
1644,9.0,4067
1644,10.0,6831
1645,0.0,4358
1645,1.0,3233
1645,2.0,7983
1645,3.0,4409
1645,4.0,8658
1645,5.0,6868
1645,6.0,2421
1645,7.0,2984
1645,8.0,5394
1645,9.0,7997
1645,10.0,4109
1646,0.0,4883
1646,1.0,3716
1646,2.0,5592
1646,3.0,2866
1646,4.0,7943
1646,5.0,7658
1646,6.0,2421
1646,7.0,2984
1646,8.0,5394
1646,9.0,7997
1646,10.0,4109
1647,0.0,5880
1647,1.0,4981
1647,2.0,6233
1647,3.0,6743
1647,4.0,7666
1647,5.0,2843
1647,6.0,8312
1647,7.0,2984
1647,8.0,5394
1647,9.0,7997
1647,10.0,4109
1648,0.0,7028
1648,1.0,4837
1648,2.0,5305
1648,3.0,3994
1648,4.0,7666
1648,5.0,7196
1648,6.0,2421
1648,7.0,6980
1648,8.0,3234
1648,9.0,3561
1648,10.0,8044
1649,0.0,7423
1649,1.0,3130
1649,2.0,4628
1649,3.0,4409
1649,4.0,7595
1649,5.0,7196
1649,6.0,2421
1649,7.0,6980
1649,8.0,3234
1649,9.0,3561
1649,10.0,8044
1650,0.0,7380
1650,1.0,3024
1650,2.0,6567
1650,3.0,7370
1650,4.0,7943
1650,5.0,3817
1650,6.0,3185
1650,7.0,5608
1650,8.0,7294
1650,9.0,2647
1650,10.0,5797
1651,0.0,8032
1651,1.0,6773
1651,2.0,3484
1651,3.0,6019
1651,4.0,5113
1651,5.0,2843
1651,6.0,2421
1651,7.0,5608
1651,8.0,7294
1651,9.0,2647
1651,10.0,5797
1652,0.0,3368
1652,1.0,2840
1652,2.0,3215
1652,3.0,3978
1652,4.0,8658
1652,5.0,3817
1652,6.0,3525
1652,7.0,5608
1652,8.0,7294
1652,9.0,2647
1652,10.0,5797
1653,0.0,6729
1653,1.0,3643
1653,2.0,5240
1653,3.0,3529
1653,4.0,8658
1653,5.0,7132
1653,6.0,7399
1653,7.0,5608
1653,8.0,7294
1653,9.0,2647
1653,10.0,5797
1654,0.0,2894
1654,1.0,6199
1654,2.0,7422
1654,3.0,3920
1654,4.0,7943
1654,5.0,3520
1654,6.0,5688
1654,7.0,5608
1654,8.0,7294
1654,9.0,2647
1654,10.0,5797
1655,0.0,7970
1655,1.0,4739
1655,2.0,8085
1655,3.0,3477
1655,4.0,7943
1655,5.0,7132
1655,6.0,7399
1655,7.0,5608
1655,8.0,7294
1655,9.0,2647
1655,10.0,5797
1656,0.0,8190
1656,1.0,6279
1656,2.0,7607
1656,3.0,2866
1656,4.0,5113
1656,5.0,3520
1656,6.0,3185
1656,7.0,5608
1656,8.0,7294
1656,9.0,2647
1656,10.0,5797
1657,0.0,3537
1657,1.0,5169
1657,2.0,8357
1657,3.0,6743
1657,4.0,5113
1657,5.0,8130
1657,6.0,7241
1657,7.0,5608
1657,8.0,7294
1657,9.0,2647
1657,10.0,5797
1658,0.0,3166
1658,1.0,7481
1658,2.0,8234
1658,3.0,2866
1658,4.0,8658
1658,5.0,2842
1658,6.0,2421
1658,7.0,2804
1658,8.0,3013
1658,9.0,7887
1658,10.0,3697
1659,0.0,8364
1659,1.0,5072
1659,2.0,2634
1659,3.0,6743
1659,4.0,7666
1659,5.0,8494
1659,6.0,6390
1659,7.0,5099
1659,8.0,6929
1659,9.0,2598
1659,10.0,3471
1660,0.0,4817
1660,1.0,7375
1660,2.0,8120
1660,3.0,4409
1660,4.0,7595
1660,5.0,5519
1660,6.0,7242
1660,7.0,5099
1660,8.0,6929
1660,9.0,2598
1660,10.0,3471
1661,0.0,5873
1661,1.0,2933
1661,2.0,7356
1661,3.0,6743
1661,4.0,7943
1661,5.0,7132
1661,6.0,2421
1661,7.0,5414
1661,8.0,7136
1661,9.0,4905
1661,10.0,8044
1662,0.0,4430
1662,1.0,7825
1662,2.0,6519
1662,3.0,2866
1662,4.0,7943
1662,5.0,4200
1662,6.0,2421
1662,7.0,5414
1662,8.0,7136
1662,9.0,4905
1662,10.0,8044
1663,0.0,4453
1663,1.0,8109
1663,2.0,7405
1663,3.0,6743
1663,4.0,5113
1663,5.0,8609
1663,6.0,2421
1663,7.0,5414
1663,8.0,7136
1663,9.0,4905
1663,10.0,8044
1664,0.0,7012
1664,1.0,7840
1664,2.0,3036
1664,3.0,6897
1664,4.0,6554
1664,5.0,6746
1664,6.0,2421
1664,7.0,5325
1664,8.0,4572
1664,9.0,4173
1664,10.0,7591
1665,0.0,6303
1665,1.0,4084
1665,2.0,3922
1665,3.0,4409
1665,4.0,7595
1665,5.0,3151
1665,6.0,7077
1665,7.0,7382
1665,8.0,5832
1665,9.0,5977
1665,10.0,3697
1666,0.0,7389
1666,1.0,4974
1666,2.0,4167
1666,3.0,3938
1666,4.0,7595
1666,5.0,3996
1666,6.0,2421
1666,7.0,5498
1666,8.0,6973
1666,9.0,4173
1666,10.0,7591
1667,0.0,6101
1667,1.0,3771
1667,2.0,3955
1667,3.0,6743
1667,4.0,7666
1667,5.0,2421
1667,6.0,2421
1667,7.0,4726
1667,8.0,3351
1667,9.0,3093
1667,10.0,6831
1668,0.0,2641
1668,1.0,4221
1668,2.0,7529
1668,3.0,2866
1668,4.0,7666
1668,5.0,2421
1668,6.0,2421
1668,7.0,4726
1668,8.0,3351
1668,9.0,3093
1668,10.0,6831
1669,0.0,5690
1669,1.0,5556
1669,2.0,3085
1669,3.0,3201
1669,4.0,6554
1669,5.0,5599
1669,6.0,7121
1669,7.0,5730
1669,8.0,7143
1669,9.0,2562
1669,10.0,4109
1670,0.0,3450
1670,1.0,6607
1670,2.0,6109
1670,3.0,4318
1670,4.0,7666
1670,5.0,7439
1670,6.0,5230
1670,7.0,5730
1670,8.0,7143
1670,9.0,5343
1670,10.0,2421
1671,0.0,3750
1671,1.0,4962
1671,2.0,8342
1671,3.0,8337
1671,4.0,7595
1671,5.0,3817
1671,6.0,4380
1671,7.0,5730
1671,8.0,7143
1671,9.0,2562
1671,10.0,4109
1672,0.0,6907
1672,1.0,2558
1672,2.0,6211
1672,3.0,4256
1672,4.0,7666
1672,5.0,7912
1672,6.0,2666
1672,7.0,5730
1672,8.0,7143
1672,9.0,2562
1672,10.0,4109
1673,0.0,3437
1673,1.0,3449
1673,2.0,6648
1673,3.0,4409
1673,4.0,6554
1673,5.0,5519
1673,6.0,7802
1673,7.0,5730
1673,8.0,7143
1673,9.0,2562
1673,10.0,4109
1674,0.0,3873
1674,1.0,4947
1674,2.0,8467
1674,3.0,4256
1674,4.0,7666
1674,5.0,2612
1674,6.0,2666
1674,7.0,5730
1674,8.0,7143
1674,9.0,2562
1674,10.0,4109
1675,0.0,2877
1675,1.0,2570
1675,2.0,3085
1675,3.0,3201
1675,4.0,7666
1675,5.0,7082
1675,6.0,7121
1675,7.0,5730
1675,8.0,7143
1675,9.0,2562
1675,10.0,4109
1676,0.0,7138
1676,1.0,2516
1676,2.0,2585
1676,3.0,3698
1676,4.0,7666
1676,5.0,3974
1676,6.0,7399
1676,7.0,4212
1676,8.0,3211
1676,9.0,6712
1676,10.0,3106
1677,0.0,5490
1677,1.0,4120
1677,2.0,6851
1677,3.0,3698
1677,4.0,8658
1677,5.0,3974
1677,6.0,7399
1677,7.0,4212
1677,8.0,3211
1677,9.0,6712
1677,10.0,3106
1678,0.0,4926
1678,1.0,8734
1678,2.0,6641
1678,3.0,3386
1678,4.0,8104
1678,5.0,7132
1678,6.0,7307
1678,7.0,8652
1678,8.0,6271
1678,9.0,8439
1678,10.0,4371
1679,0.0,3617
1679,1.0,5426
1679,2.0,6720
1679,3.0,3920
1679,4.0,8104
1679,5.0,3520
1679,6.0,4509
1679,7.0,8652
1679,8.0,6271
1679,9.0,8439
1679,10.0,4371
1680,0.0,4148
1680,1.0,3609
1680,2.0,3193
1680,3.0,4318
1680,4.0,7595
1680,5.0,6653
1680,6.0,2421
1680,7.0,4144
1680,8.0,3278
1680,9.0,3670
1680,10.0,5625
1681,0.0,5601
1681,1.0,3257
1681,2.0,7243
1681,3.0,4409
1681,4.0,6554
1681,5.0,7912
1681,6.0,5004
1681,7.0,4144
1681,8.0,3278
1681,9.0,3670
1681,10.0,5625
1682,0.0,5266
1682,1.0,7274
1682,2.0,5001
1682,3.0,6616
1682,4.0,7666
1682,5.0,7144
1682,6.0,7964
1682,7.0,6203
1682,8.0,8311
1682,9.0,5514
1682,10.0,5625
1683,0.0,4295
1683,1.0,7024
1683,2.0,4794
1683,3.0,7478
1683,4.0,7666
1683,5.0,6653
1683,6.0,5688
1683,7.0,6203
1683,8.0,8311
1683,9.0,5514
1683,10.0,5625
1684,0.0,8420
1684,1.0,3179
1684,2.0,3428
1684,3.0,6019
1684,4.0,6554
1684,5.0,4272
1684,6.0,6450
1684,7.0,6203
1684,8.0,8311
1684,9.0,5514
1684,10.0,5625
1685,0.0,4987
1685,1.0,5438
1685,2.0,2507
1685,3.0,3529
1685,4.0,8104
1685,5.0,6041
1685,6.0,2666
1685,7.0,6203
1685,8.0,8311
1685,9.0,5514
1685,10.0,5625
1686,0.0,3364
1686,1.0,2961
1686,2.0,6753
1686,3.0,2932
1686,4.0,7666
1686,5.0,7082
1686,6.0,2421
1686,7.0,6203
1686,8.0,8311
1686,9.0,5514
1686,10.0,5625
1687,0.0,5407
1687,1.0,4252
1687,2.0,8728
1687,3.0,4564
1687,4.0,8104
1687,5.0,4208
1687,6.0,2804
1687,7.0,6203
1687,8.0,8311
1687,9.0,5514
1687,10.0,5625
1688,0.0,4159
1688,1.0,2916
1688,2.0,6922
1688,3.0,3529
1688,4.0,7666
1688,5.0,3817
1688,6.0,3548
1688,7.0,6203
1688,8.0,8311
1688,9.0,5514
1688,10.0,5625
1689,0.0,7151
1689,1.0,4871
1689,2.0,4698
1689,3.0,3529
1689,4.0,7666
1689,5.0,6041
1689,6.0,2666
1689,7.0,6203
1689,8.0,8311
1689,9.0,5514
1689,10.0,5625
1690,0.0,4579
1690,1.0,8191
1690,2.0,7945
1690,3.0,4588
1690,4.0,8104
1690,5.0,3894
1690,6.0,7382
1690,7.0,7231
1690,8.0,2919
1690,9.0,6413
1690,10.0,6951
1691,0.0,7608
1691,1.0,6305
1691,2.0,5630
1691,3.0,6743
1691,4.0,7666
1691,5.0,5968
1691,6.0,7382
1691,7.0,7231
1691,8.0,2919
1691,9.0,6243
1691,10.0,2421
1692,0.0,6021
1692,1.0,3762
1692,2.0,2545
1692,3.0,4256
1692,4.0,7666
1692,5.0,4200
1692,6.0,2421
1692,7.0,7231
1692,8.0,2919
1692,9.0,6413
1692,10.0,6951
1693,0.0,3104
1693,1.0,4131
1693,2.0,7060
1693,3.0,3529
1693,4.0,8658
1693,5.0,6383
1693,6.0,5230
1693,7.0,7802
1693,8.0,4391
1693,9.0,5371
1693,10.0,8589
1694,0.0,6174
1694,1.0,5724
1694,2.0,4741
1694,3.0,6743
1694,4.0,7943
1694,5.0,3520
1694,6.0,7077
1694,7.0,7802
1694,8.0,4391
1694,9.0,5371
1694,10.0,8589
1695,0.0,6884
1695,1.0,6014
1695,2.0,3651
1695,3.0,7346
1695,4.0,8658
1695,5.0,8130
1695,6.0,2421
1695,7.0,7802
1695,8.0,4391
1695,9.0,5371
1695,10.0,8589
1696,0.0,6701
1696,1.0,3152
1696,2.0,8252
1696,3.0,3920
1696,4.0,8658
1696,5.0,3337
1696,6.0,5688
1696,7.0,7802
1696,8.0,4391
1696,9.0,5371
1696,10.0,8589
1697,0.0,5000
1697,1.0,5362
1697,2.0,7258
1697,3.0,7698
1697,4.0,5113
1697,5.0,2612
1697,6.0,7399
1697,7.0,7802
1697,8.0,4391
1697,9.0,5371
1697,10.0,8589
1698,0.0,5715
1698,1.0,4389
1698,2.0,3434
1698,3.0,6917
1698,4.0,5113
1698,5.0,3520
1698,6.0,2421
1698,7.0,7772
1698,8.0,3507
1698,9.0,3877
1698,10.0,3680
1699,0.0,7321
1699,1.0,7045
1699,2.0,4310
1699,3.0,6743
1699,4.0,8658
1699,5.0,2842
1699,6.0,2969
1699,7.0,3464
1699,8.0,5374
1699,9.0,8662
1699,10.0,3106
1700,0.0,6332
1700,1.0,7765
1700,2.0,4310
1700,3.0,6743
1700,4.0,7666
1700,5.0,2842
1700,6.0,2969
1700,7.0,3464
1700,8.0,5374
1700,9.0,8662
1700,10.0,3106
1701,0.0,3053
1701,1.0,5614
1701,2.0,6188
1701,3.0,2866
1701,4.0,8104
1701,5.0,7912
1701,6.0,4499
1701,7.0,3464
1701,8.0,5374
1701,9.0,8662
1701,10.0,3106
1702,0.0,4511
1702,1.0,8519
1702,2.0,2439
1702,3.0,8107
1702,4.0,5113
1702,5.0,7581
1702,6.0,2421
1702,7.0,6649
1702,8.0,7638
1702,9.0,6995
1702,10.0,4109
1703,0.0,2644
1703,1.0,8507
1703,2.0,6382
1703,3.0,8107
1703,4.0,8658
1703,5.0,7581
1703,6.0,2421
1703,7.0,6649
1703,8.0,7638
1703,9.0,6995
1703,10.0,4109
1704,0.0,4251
1704,1.0,5530
1704,2.0,8203
1704,3.0,8107
1704,4.0,5113
1704,5.0,4174
1704,6.0,2421
1704,7.0,6649
1704,8.0,7638
1704,9.0,6995
1704,10.0,4109
1705,0.0,5508
1705,1.0,4473
1705,2.0,2628
1705,3.0,7478
1705,4.0,5113
1705,5.0,7196
1705,6.0,8280
1705,7.0,7479
1705,8.0,2506
1705,9.0,8268
1705,10.0,8044
1706,0.0,3915
1706,1.0,7795
1706,2.0,8152
1706,3.0,4409
1706,4.0,7595
1706,5.0,6746
1706,6.0,4503
1706,7.0,5318
1706,8.0,2618
1706,9.0,7963
1706,10.0,4109
1707,0.0,8647
1707,1.0,6005
1707,2.0,7236
1707,3.0,6925
1707,4.0,7666
1707,5.0,4690
1707,6.0,5004
1707,7.0,5318
1707,8.0,2618
1707,9.0,7963
1707,10.0,4109
1708,0.0,3689
1708,1.0,4004
1708,2.0,3135
1708,3.0,6743
1708,4.0,5113
1708,5.0,2843
1708,6.0,7532
1708,7.0,5318
1708,8.0,2618
1708,9.0,2813
1708,10.0,2421
1709,0.0,2629
1709,1.0,4381
1709,2.0,3098
1709,3.0,4887
1709,4.0,6554
1709,5.0,3996
1709,6.0,7532
1709,7.0,5318
1709,8.0,2618
1709,9.0,7963
1709,10.0,4109
1710,0.0,6092
1710,1.0,7055
1710,2.0,6134
1710,3.0,3529
1710,4.0,8658
1710,5.0,7196
1710,6.0,5688
1710,7.0,5318
1710,8.0,2618
1710,9.0,7963
1710,10.0,4109
1711,0.0,3486
1711,1.0,4577
1711,2.0,5053
1711,3.0,6743
1711,4.0,8658
1711,5.0,8130
1711,6.0,7532
1711,7.0,5318
1711,8.0,2618
1711,9.0,7963
1711,10.0,4109
1712,0.0,2834
1712,1.0,2754
1712,2.0,2484
1712,3.0,7703
1712,4.0,8658
1712,5.0,8129
1712,6.0,2421
1712,7.0,6302
1712,8.0,4623
1712,9.0,5801
1712,10.0,4109
1713,0.0,4182
1713,1.0,7835
1713,2.0,2626
1713,3.0,7703
1713,4.0,8658
1713,5.0,8129
1713,6.0,2421
1713,7.0,6302
1713,8.0,4623
1713,9.0,5801
1713,10.0,4109
1714,0.0,4931
1714,1.0,5172
1714,2.0,4531
1714,3.0,3920
1714,4.0,8658
1714,5.0,2421
1714,6.0,2421
1714,7.0,6302
1714,8.0,4623
1714,9.0,3678
1714,10.0,2421
1715,0.0,3199
1715,1.0,6558
1715,2.0,6873
1715,3.0,3529
1715,4.0,8658
1715,5.0,7196
1715,6.0,2421
1715,7.0,6302
1715,8.0,4623
1715,9.0,5801
1715,10.0,4109
1716,0.0,5342
1716,1.0,7021
1716,2.0,6651
1716,3.0,6651
1716,4.0,8658
1716,5.0,6653
1716,6.0,2421
1716,7.0,6302
1716,8.0,4623
1716,9.0,5801
1716,10.0,4109
1717,0.0,5438
1717,1.0,3406
1717,2.0,3207
1717,3.0,4409
1717,4.0,8658
1717,5.0,4305
1717,6.0,2421
1717,7.0,6302
1717,8.0,4623
1717,9.0,5801
1717,10.0,4109
1718,0.0,7183
1718,1.0,6459
1718,2.0,4234
1718,3.0,2866
1718,4.0,8104
1718,5.0,5254
1718,6.0,2421
1718,7.0,6302
1718,8.0,4623
1718,9.0,5801
1718,10.0,4109
1719,0.0,5404
1719,1.0,3400
1719,2.0,6873
1719,3.0,3529
1719,4.0,8104
1719,5.0,2421
1719,6.0,2421
1719,7.0,6302
1719,8.0,4623
1719,9.0,5801
1719,10.0,4109
1720,0.0,3937
1720,1.0,6849
1720,2.0,5453
1720,3.0,4409
1720,4.0,7595
1720,5.0,3520
1720,6.0,4503
1720,7.0,2969
1720,8.0,7763
1720,9.0,7887
1720,10.0,3697
1721,0.0,4622
1721,1.0,2922
1721,2.0,6173
1721,3.0,3386
1721,4.0,7595
1721,5.0,8609
1721,6.0,2421
1721,7.0,2969
1721,8.0,7763
1721,9.0,7887
1721,10.0,3697
1722,0.0,8421
1722,1.0,8222
1722,2.0,8586
1722,3.0,8417
1722,4.0,7595
1722,5.0,7912
1722,6.0,4380
1722,7.0,2969
1722,8.0,7763
1722,9.0,7887
1722,10.0,3697
1723,0.0,3210
1723,1.0,8079
1723,2.0,6752
1723,3.0,8417
1723,4.0,7595
1723,5.0,3934
1723,6.0,7242
1723,7.0,2969
1723,8.0,7763
1723,9.0,7887
1723,10.0,3697
1724,0.0,3753
1724,1.0,6736
1724,2.0,2549
1724,3.0,8296
1724,4.0,7666
1724,5.0,5958
1724,6.0,5688
1724,7.0,2969
1724,8.0,7763
1724,9.0,7887
1724,10.0,3697
1725,0.0,4447
1725,1.0,3777
1725,2.0,7507
1725,3.0,3920
1725,4.0,7666
1725,5.0,8609
1725,6.0,3761
1725,7.0,2969
1725,8.0,7763
1725,9.0,7887
1725,10.0,3697
1726,0.0,2874
1726,1.0,4085
1726,2.0,3562
1726,3.0,6743
1726,4.0,8104
1726,5.0,2842
1726,6.0,7241
1726,7.0,2969
1726,8.0,7763
1726,9.0,7887
1726,10.0,3697
1727,0.0,8599
1727,1.0,5467
1727,2.0,3414
1727,3.0,7478
1727,4.0,7595
1727,5.0,6746
1727,6.0,7121
1727,7.0,2969
1727,8.0,7763
1727,9.0,7887
1727,10.0,3697
1728,0.0,4293
1728,1.0,5538
1728,2.0,6104
1728,3.0,2866
1728,4.0,7666
1728,5.0,5958
1728,6.0,8243
1728,7.0,5581
1728,8.0,7008
1728,9.0,4154
1728,10.0,7591
1729,0.0,6049
1729,1.0,8004
1729,2.0,5379
1729,3.0,4409
1729,4.0,8104
1729,5.0,3520
1729,6.0,8243
1729,7.0,5581
1729,8.0,7008
1729,9.0,4154
1729,10.0,7591
1730,0.0,7805
1730,1.0,7167
1730,2.0,2620
1730,3.0,2866
1730,4.0,7666
1730,5.0,3817
1730,6.0,5004
1730,7.0,5581
1730,8.0,7008
1730,9.0,4154
1730,10.0,7591
1731,0.0,7062
1731,1.0,5733
1731,2.0,6156
1731,3.0,3920
1731,4.0,7666
1731,5.0,7912
1731,6.0,7307
1731,7.0,5581
1731,8.0,7008
1731,9.0,4154
1731,10.0,7591
1732,0.0,2702
1732,1.0,4113
1732,2.0,7315
1732,3.0,8296
1732,4.0,6799
1732,5.0,8576
1732,6.0,2666
1732,7.0,5581
1732,8.0,7008
1732,9.0,4154
1732,10.0,7591
1733,0.0,4585
1733,1.0,6696
1733,2.0,7585
1733,3.0,4409
1733,4.0,7666
1733,5.0,7318
1733,6.0,7077
1733,7.0,5581
1733,8.0,7008
1733,9.0,4154
1733,10.0,7591
1734,0.0,7359
1734,1.0,5857
1734,2.0,6276
1734,3.0,6743
1734,4.0,7666
1734,5.0,3894
1734,6.0,8312
1734,7.0,5581
1734,8.0,7008
1734,9.0,4154
1734,10.0,7591
1735,0.0,4607
1735,1.0,3186
1735,2.0,7160
1735,3.0,3529
1735,4.0,7666
1735,5.0,8538
1735,6.0,5688
1735,7.0,5581
1735,8.0,7008
1735,9.0,3815
1735,10.0,2421
1736,0.0,8553
1736,1.0,5552
1736,2.0,2658
1736,3.0,5307
1736,4.0,8053
1736,5.0,5734
1736,6.0,2421
1736,7.0,4086
1736,8.0,4864
1736,9.0,4114
1736,10.0,6423
1737,0.0,4095
1737,1.0,6273
1737,2.0,6616
1737,3.0,6616
1737,4.0,7943
1737,5.0,4449
1737,6.0,2421
1737,7.0,8243
1737,8.0,3816
1737,9.0,4889
1737,10.0,5054
1738,0.0,4586
1738,1.0,5042
1738,2.0,3092
1738,3.0,4409
1738,4.0,8658
1738,5.0,6691
1738,6.0,2421
1738,7.0,8243
1738,8.0,3816
1738,9.0,6123
1738,10.0,2421
1739,0.0,3625
1739,1.0,8543
1739,2.0,4551
1739,3.0,7478
1739,4.0,5113
1739,5.0,7196
1739,6.0,2421
1739,7.0,7505
1739,8.0,6312
1739,9.0,7963
1739,10.0,4109
1740,0.0,5668
1740,1.0,4847
1740,2.0,5185
1740,3.0,2866
1740,4.0,8658
1740,5.0,7196
1740,6.0,2421
1740,7.0,7505
1740,8.0,6312
1740,9.0,7963
1740,10.0,4109
1741,0.0,5090
1741,1.0,7714
1741,2.0,3320
1741,3.0,6743
1741,4.0,5113
1741,5.0,7196
1741,6.0,7382
1741,7.0,6375
1741,8.0,5025
1741,9.0,3169
1741,10.0,7591
1742,0.0,7916
1742,1.0,6729
1742,2.0,3087
1742,3.0,4409
1742,4.0,7943
1742,5.0,5836
1742,6.0,5004
1742,7.0,6375
1742,8.0,5025
1742,9.0,3169
1742,10.0,7591
1743,0.0,7015
1743,1.0,4799
1743,2.0,5626
1743,3.0,6743
1743,4.0,8104
1743,5.0,7196
1743,6.0,7532
1743,7.0,8164
1743,8.0,8470
1743,9.0,6401
1743,10.0,2421
1744,0.0,5917
1744,1.0,8449
1744,2.0,4718
1744,3.0,8296
1744,4.0,6554
1744,5.0,5254
1744,6.0,2421
1744,7.0,8164
1744,8.0,8470
1744,9.0,5006
1744,10.0,6784
1745,0.0,3792
1745,1.0,8288
1745,2.0,3665
1745,3.0,3467
1745,4.0,6799
1745,5.0,7581
1745,6.0,2421
1745,7.0,8164
1745,8.0,8470
1745,9.0,5006
1745,10.0,6784
1746,0.0,4199
1746,1.0,5677
1746,2.0,3638
1746,3.0,6743
1746,4.0,8104
1746,5.0,7196
1746,6.0,2421
1746,7.0,8164
1746,8.0,8470
1746,9.0,5006
1746,10.0,6784
1747,0.0,8362
1747,1.0,8329
1747,2.0,8071
1747,3.0,3928
1747,4.0,6799
1747,5.0,6420
1747,6.0,2421
1747,7.0,8164
1747,8.0,8470
1747,9.0,6401
1747,10.0,2421
1748,0.0,3886
1748,1.0,7035
1748,2.0,4900
1748,3.0,5933
1748,4.0,7666
1748,5.0,5254
1748,6.0,2421
1748,7.0,8164
1748,8.0,8470
1748,9.0,5006
1748,10.0,6784
1749,0.0,3659
1749,1.0,5140
1749,2.0,3646
1749,3.0,4409
1749,4.0,7666
1749,5.0,4990
1749,6.0,2421
1749,7.0,8164
1749,8.0,8470
1749,9.0,5006
1749,10.0,6784
1750,0.0,5535
1750,1.0,5260
1750,2.0,4737
1750,3.0,2866
1750,4.0,6554
1750,5.0,7581
1750,6.0,2421
1750,7.0,8164
1750,8.0,8470
1750,9.0,5006
1750,10.0,6784
1751,0.0,6964
1751,1.0,5155
1751,2.0,4192
1751,3.0,2866
1751,4.0,7666
1751,5.0,4286
1751,6.0,2421
1751,7.0,8164
1751,8.0,8470
1751,9.0,5006
1751,10.0,6784
1752,0.0,2962
1752,1.0,6148
1752,2.0,4757
1752,3.0,3529
1752,4.0,6799
1752,5.0,4208
1752,6.0,2421
1752,7.0,8164
1752,8.0,8470
1752,9.0,5006
1752,10.0,6784
1753,0.0,7540
1753,1.0,4438
1753,2.0,5372
1753,3.0,8526
1753,4.0,8104
1753,5.0,6383
1753,6.0,2421
1753,7.0,8164
1753,8.0,8470
1753,9.0,5006
1753,10.0,6784
1754,0.0,4038
1754,1.0,2859
1754,2.0,2869
1754,3.0,7478
1754,4.0,7666
1754,5.0,3934
1754,6.0,2421
1754,7.0,8164
1754,8.0,8470
1754,9.0,5006
1754,10.0,6784
1755,0.0,5397
1755,1.0,3861
1755,2.0,6777
1755,3.0,8264
1755,4.0,7666
1755,5.0,3520
1755,6.0,2421
1755,7.0,8164
1755,8.0,8470
1755,9.0,5006
1755,10.0,6784
1756,0.0,6493
1756,1.0,4527
1756,2.0,5484
1756,3.0,6743
1756,4.0,7595
1756,5.0,5254
1756,6.0,2421
1756,7.0,8164
1756,8.0,8470
1756,9.0,5006
1756,10.0,6784
1757,0.0,3082
1757,1.0,2631
1757,2.0,8503
1757,3.0,3978
1757,4.0,7595
1757,5.0,4990
1757,6.0,2421
1757,7.0,8164
1757,8.0,8470
1757,9.0,5006
1757,10.0,6784
1758,0.0,7375
1758,1.0,8654
1758,2.0,8573
1758,3.0,8264
1758,4.0,7943
1758,5.0,7132
1758,6.0,2421
1758,7.0,7327
1758,8.0,7354
1758,9.0,7215
1758,10.0,6194
1759,0.0,5072
1759,1.0,7253
1759,2.0,8696
1759,3.0,4256
1759,4.0,8658
1759,5.0,4208
1759,6.0,2421
1759,7.0,5737
1759,8.0,7483
1759,9.0,2580
1759,10.0,2421
1760,0.0,3695
1760,1.0,3210
1760,2.0,6569
1760,3.0,3920
1760,4.0,8658
1760,5.0,2421
1760,6.0,2421
1760,7.0,5737
1760,8.0,7483
1760,9.0,3417
1760,10.0,6423
1761,0.0,6219
1761,1.0,7279
1761,2.0,4090
1761,3.0,2826
1761,4.0,5113
1761,5.0,5836
1761,6.0,2421
1761,7.0,5737
1761,8.0,7483
1761,9.0,3417
1761,10.0,6423
1762,0.0,7192
1762,1.0,8057
1762,2.0,3705
1762,3.0,2866
1762,4.0,8053
1762,5.0,7082
1762,6.0,2421
1762,7.0,5737
1762,8.0,7483
1762,9.0,3417
1762,10.0,6423
1763,0.0,5155
1763,1.0,4767
1763,2.0,4828
1763,3.0,3994
1763,4.0,8658
1763,5.0,7196
1763,6.0,2421
1763,7.0,5737
1763,8.0,7483
1763,9.0,3417
1763,10.0,6423
1764,0.0,4845
1764,1.0,6549
1764,2.0,5928
1764,3.0,6743
1764,4.0,5113
1764,5.0,8130
1764,6.0,2421
1764,7.0,5737
1764,8.0,7483
1764,9.0,3417
1764,10.0,6423
1765,0.0,4829
1765,1.0,2605
1765,2.0,4090
1765,3.0,2826
1765,4.0,6799
1765,5.0,5836
1765,6.0,2421
1765,7.0,5737
1765,8.0,7483
1765,9.0,3417
1765,10.0,6423
1766,0.0,6217
1766,1.0,4458
1766,2.0,8345
1766,3.0,2866
1766,4.0,7943
1766,5.0,6383
1766,6.0,2421
1766,7.0,8303
1766,8.0,4894
1766,9.0,3350
1766,10.0,3680
1767,0.0,5265
1767,1.0,5178
1767,2.0,7266
1767,3.0,2509
1767,4.0,8658
1767,5.0,5859
1767,6.0,8217
1767,7.0,3220
1767,8.0,7574
1767,9.0,4280
1767,10.0,5122
1768,0.0,5403
1768,1.0,6782
1768,2.0,5383
1768,3.0,6743
1768,4.0,5113
1768,5.0,2843
1768,6.0,4714
1768,7.0,3220
1768,8.0,7574
1768,9.0,4280
1768,10.0,5122
1769,0.0,5315
1769,1.0,5086
1769,2.0,5179
1769,3.0,7703
1769,4.0,3213
1769,5.0,7581
1769,6.0,2421
1769,7.0,3220
1769,8.0,7574
1769,9.0,4280
1769,10.0,5122
1770,0.0,7714
1770,1.0,7249
1770,2.0,3167
1770,3.0,3734
1770,4.0,7595
1770,5.0,3396
1770,6.0,7073
1770,7.0,6639
1770,8.0,7718
1770,9.0,3945
1770,10.0,6784
1771,0.0,7748
1771,1.0,3476
1771,2.0,3037
1771,3.0,3114
1771,4.0,7595
1771,5.0,3996
1771,6.0,2421
1771,7.0,6639
1771,8.0,7718
1771,9.0,3945
1771,10.0,6784
1772,0.0,5108
1772,1.0,3361
1772,2.0,5069
1772,3.0,4409
1772,4.0,7666
1772,5.0,6383
1772,6.0,2421
1772,7.0,6639
1772,8.0,7718
1772,9.0,6180
1772,10.0,2421
1773,0.0,7903
1773,1.0,6282
1773,2.0,2844
1773,3.0,3982
1773,4.0,7666
1773,5.0,4305
1773,6.0,4503
1773,7.0,6639
1773,8.0,7718
1773,9.0,3945
1773,10.0,6784
1774,0.0,3095
1774,1.0,5059
1774,2.0,7209
1774,3.0,6019
1774,4.0,8104
1774,5.0,7148
1774,6.0,2421
1774,7.0,6639
1774,8.0,7718
1774,9.0,3945
1774,10.0,6784
1775,0.0,3001
1775,1.0,4909
1775,2.0,2799
1775,3.0,6743
1775,4.0,7666
1775,5.0,5160
1775,6.0,2421
1775,7.0,6639
1775,8.0,7718
1775,9.0,3945
1775,10.0,6784
1776,0.0,8673
1776,1.0,7631
1776,2.0,5109
1776,3.0,5312
1776,4.0,7666
1776,5.0,8038
1776,6.0,3761
1776,7.0,6639
1776,8.0,7718
1776,9.0,3945
1776,10.0,6784
1777,0.0,2712
1777,1.0,7095
1777,2.0,3191
1777,3.0,2866
1777,4.0,8104
1777,5.0,6868
1777,6.0,7307
1777,7.0,3384
1777,8.0,6595
1777,9.0,4128
1777,10.0,8044
1778,0.0,4775
1778,1.0,6452
1778,2.0,5774
1778,3.0,6019
1778,4.0,7666
1778,5.0,7658
1778,6.0,7382
1778,7.0,3384
1778,8.0,6595
1778,9.0,4128
1778,10.0,8044
1779,0.0,6682
1779,1.0,5515
1779,2.0,5168
1779,3.0,8264
1779,4.0,7666
1779,5.0,4990
1779,6.0,8243
1779,7.0,3384
1779,8.0,6595
1779,9.0,4128
1779,10.0,8044
1780,0.0,6562
1780,1.0,8533
1780,2.0,5774
1780,3.0,6019
1780,4.0,8658
1780,5.0,5298
1780,6.0,7382
1780,7.0,3384
1780,8.0,6595
1780,9.0,4128
1780,10.0,8044
1781,0.0,4909
1781,1.0,7957
1781,2.0,4110
1781,3.0,2866
1781,4.0,5113
1781,5.0,4305
1781,6.0,7307
1781,7.0,3384
1781,8.0,6595
1781,9.0,4128
1781,10.0,8044
1782,0.0,4863
1782,1.0,4207
1782,2.0,6270
1782,3.0,7478
1782,4.0,8104
1782,5.0,7196
1782,6.0,4380
1782,7.0,8211
1782,8.0,2872
1782,9.0,5132
1782,10.0,8044
1783,0.0,3423
1783,1.0,5212
1783,2.0,5245
1783,3.0,6743
1783,4.0,7666
1783,5.0,8489
1783,6.0,5182
1783,7.0,8211
1783,8.0,2872
1783,9.0,5132
1783,10.0,8044
1784,0.0,7152
1784,1.0,8450
1784,2.0,8479
1784,3.0,4409
1784,4.0,7666
1784,5.0,3974
1784,6.0,4503
1784,7.0,8211
1784,8.0,2872
1784,9.0,5132
1784,10.0,8044
1785,0.0,7254
1785,1.0,7289
1785,2.0,6050
1785,3.0,5312
1785,4.0,7595
1785,5.0,8538
1785,6.0,8459
1785,7.0,8211
1785,8.0,2872
1785,9.0,5132
1785,10.0,8044
1786,0.0,6386
1786,1.0,5726
1786,2.0,3885
1786,3.0,3920
1786,4.0,7666
1786,5.0,7439
1786,6.0,3185
1786,7.0,4509
1786,8.0,4460
1786,9.0,8317
1786,10.0,6831
1787,0.0,7097
1787,1.0,5923
1787,2.0,8672
1787,3.0,3366
1787,4.0,5113
1787,5.0,2446
1787,6.0,5688
1787,7.0,4509
1787,8.0,4460
1787,9.0,8317
1787,10.0,6831
1788,0.0,4943
1788,1.0,8493
1788,2.0,3263
1788,3.0,4887
1788,4.0,7943
1788,5.0,8037
1788,6.0,3377
1788,7.0,4509
1788,8.0,4460
1788,9.0,8317
1788,10.0,6831
1789,0.0,8591
1789,1.0,4440
1789,2.0,4718
1789,3.0,8296
1789,4.0,7666
1789,5.0,3520
1789,6.0,2421
1789,7.0,4509
1789,8.0,4460
1789,9.0,8317
1789,10.0,6831
1790,0.0,3024
1790,1.0,5164
1790,2.0,7133
1790,3.0,3529
1790,4.0,7595
1790,5.0,6746
1790,6.0,4380
1790,7.0,4509
1790,8.0,4460
1790,9.0,8317
1790,10.0,6831
1791,0.0,5067
1791,1.0,7162
1791,2.0,7586
1791,3.0,3201
1791,4.0,7666
1791,5.0,3817
1791,6.0,2421
1791,7.0,4509
1791,8.0,4460
1791,9.0,8317
1791,10.0,6831
1792,0.0,6071
1792,1.0,7344
1792,2.0,7984
1792,3.0,7346
1792,4.0,8104
1792,5.0,2842
1792,6.0,2421
1792,7.0,4509
1792,8.0,4460
1792,9.0,8317
1792,10.0,6831
1793,0.0,5196
1793,1.0,3546
1793,2.0,3322
1793,3.0,2866
1793,4.0,6554
1793,5.0,5836
1793,6.0,3185
1793,7.0,4509
1793,8.0,4460
1793,9.0,8317
1793,10.0,6831
1794,0.0,4738
1794,1.0,6192
1794,2.0,4818
1794,3.0,3698
1794,4.0,7666
1794,5.0,6746
1794,6.0,4380
1794,7.0,4509
1794,8.0,4460
1794,9.0,8317
1794,10.0,6831
1795,0.0,7541
1795,1.0,2564
1795,2.0,2831
1795,3.0,6743
1795,4.0,7595
1795,5.0,2843
1795,6.0,6450
1795,7.0,4509
1795,8.0,4460
1795,9.0,8317
1795,10.0,6831
1796,0.0,4837
1796,1.0,2625
1796,2.0,7323
1796,3.0,3920
1796,4.0,7666
1796,5.0,7439
1796,6.0,3185
1796,7.0,4509
1796,8.0,4460
1796,9.0,8317
1796,10.0,6831
1797,0.0,3066
1797,1.0,3137
1797,2.0,7283
1797,3.0,4409
1797,4.0,8104
1797,5.0,3520
1797,6.0,7077
1797,7.0,4509
1797,8.0,4460
1797,9.0,8317
1797,10.0,6831
1798,0.0,5574
1798,1.0,8424
1798,2.0,8628
1798,3.0,8417
1798,4.0,7666
1798,5.0,4286
1798,6.0,2421
1798,7.0,4509
1798,8.0,4460
1798,9.0,8317
1798,10.0,6831
1799,0.0,3209
1799,1.0,4239
1799,2.0,3703
1799,3.0,3978
1799,4.0,7595
1799,5.0,7196
1799,6.0,3185
1799,7.0,4509
1799,8.0,4460
1799,9.0,8317
1799,10.0,6831
1800,0.0,3266
1800,1.0,7085
1800,2.0,7967
1800,3.0,4409
1800,4.0,7595
1800,5.0,3520
1800,6.0,7077
1800,7.0,4509
1800,8.0,4460
1800,9.0,5851
1800,10.0,2421
1801,0.0,8006
1801,1.0,3143
1801,2.0,2835
1801,3.0,6743
1801,4.0,8104
1801,5.0,2843
1801,6.0,6450
1801,7.0,4509
1801,8.0,4460
1801,9.0,8317
1801,10.0,6831
1802,0.0,4700
1802,1.0,8182
1802,2.0,6529
1802,3.0,3698
1802,4.0,7666
1802,5.0,7196
1802,6.0,4380
1802,7.0,4509
1802,8.0,4460
1802,9.0,8317
1802,10.0,6831
1803,0.0,5507
1803,1.0,5154
1803,2.0,5497
1803,3.0,4409
1803,4.0,7595
1803,5.0,5836
1803,6.0,7077
1803,7.0,4509
1803,8.0,4460
1803,9.0,8317
1803,10.0,6831
1804,0.0,5881
1804,1.0,8170
1804,2.0,3570
1804,3.0,2866
1804,4.0,7666
1804,5.0,5836
1804,6.0,3185
1804,7.0,4509
1804,8.0,4460
1804,9.0,8317
1804,10.0,6831
1805,0.0,4854
1805,1.0,5622
1805,2.0,4528
1805,3.0,3734
1805,4.0,7595
1805,5.0,2612
1805,6.0,3185
1805,7.0,8325
1805,8.0,5678
1805,9.0,6995
1805,10.0,4109
1806,0.0,5042
1806,1.0,4768
1806,2.0,4525
1806,3.0,6019
1806,4.0,8104
1806,5.0,8609
1806,6.0,7489
1806,7.0,8325
1806,8.0,5678
1806,9.0,6995
1806,10.0,4109
1807,0.0,5295
1807,1.0,8612
1807,2.0,3240
1807,3.0,4887
1807,4.0,5113
1807,5.0,5804
1807,6.0,8514
1807,7.0,5551
1807,8.0,7497
1807,9.0,2638
1807,10.0,8044
1808,0.0,5243
1808,1.0,5266
1808,2.0,5747
1808,3.0,4588
1808,4.0,7595
1808,5.0,8314
1808,6.0,2421
1808,7.0,5551
1808,8.0,7497
1808,9.0,2638
1808,10.0,8044
1809,0.0,7235
1809,1.0,5553
1809,2.0,5250
1809,3.0,7018
1809,4.0,5113
1809,5.0,2843
1809,6.0,2421
1809,7.0,5551
1809,8.0,7497
1809,9.0,2638
1809,10.0,8044
1810,0.0,4725
1810,1.0,4498
1810,2.0,3295
1810,3.0,3734
1810,4.0,7595
1810,5.0,3520
1810,6.0,4509
1810,7.0,5486
1810,8.0,8401
1810,9.0,3650
1810,10.0,4355
1811,0.0,8001
1811,1.0,5567
1811,2.0,3407
1811,3.0,6019
1811,4.0,8104
1811,5.0,6420
1811,6.0,7535
1811,7.0,5486
1811,8.0,8401
1811,9.0,3650
1811,10.0,4355
1812,0.0,4427
1812,1.0,5223
1812,2.0,7709
1812,3.0,7637
1812,4.0,7666
1812,5.0,7132
1812,6.0,2421
1812,7.0,5486
1812,8.0,8401
1812,9.0,3650
1812,10.0,4355
1813,0.0,2480
1813,1.0,4096
1813,2.0,2460
1813,3.0,8296
1813,4.0,7666
1813,5.0,2421
1813,6.0,2421
1813,7.0,5486
1813,8.0,8401
1813,9.0,3650
1813,10.0,4355
1814,0.0,4336
1814,1.0,2498
1814,2.0,6295
1814,3.0,6925
1814,4.0,7666
1814,5.0,4174
1814,6.0,2421
1814,7.0,5486
1814,8.0,8401
1814,9.0,3650
1814,10.0,4355
1815,0.0,6251
1815,1.0,7042
1815,2.0,6108
1815,3.0,4564
1815,4.0,7666
1815,5.0,3520
1815,6.0,2421
1815,7.0,5486
1815,8.0,8401
1815,9.0,3650
1815,10.0,4355
1816,0.0,4226
1816,1.0,7619
1816,2.0,4247
1816,3.0,6743
1816,4.0,7666
1816,5.0,8455
1816,6.0,2421
1816,7.0,5486
1816,8.0,8401
1816,9.0,3650
1816,10.0,4355
1817,0.0,5316
1817,1.0,4744
1817,2.0,8615
1817,3.0,3529
1817,4.0,8658
1817,5.0,6746
1817,6.0,3878
1817,7.0,6322
1817,8.0,7340
1817,9.0,4684
1817,10.0,6423
1818,0.0,3846
1818,1.0,6988
1818,2.0,3050
1818,3.0,6917
1818,4.0,8104
1818,5.0,2842
1818,6.0,2421
1818,7.0,3793
1818,8.0,3259
1818,9.0,6712
1818,10.0,3106
1819,0.0,7786
1819,1.0,7856
1819,2.0,8155
1819,3.0,6917
1819,4.0,7666
1819,5.0,6947
1819,6.0,2421
1819,7.0,3793
1819,8.0,3259
1819,9.0,6712
1819,10.0,3106
1820,0.0,3000
1820,1.0,5274
1820,2.0,2718
1820,3.0,6917
1820,4.0,7666
1820,5.0,2842
1820,6.0,2421
1820,7.0,3793
1820,8.0,3259
1820,9.0,6712
1820,10.0,3106
1821,0.0,8045
1821,1.0,4529
1821,2.0,6272
1821,3.0,3201
1821,4.0,8104
1821,5.0,7196
1821,6.0,7077
1821,7.0,8675
1821,8.0,7445
1821,9.0,3939
1821,10.0,5797
1822,0.0,6683
1822,1.0,7892
1822,2.0,5306
1822,3.0,4383
1822,4.0,7666
1822,5.0,7196
1822,6.0,2421
1822,7.0,8675
1822,8.0,7445
1822,9.0,3939
1822,10.0,5797
1823,0.0,5027
1823,1.0,7394
1823,2.0,3931
1823,3.0,6743
1823,4.0,7595
1823,5.0,8038
1823,6.0,4509
1823,7.0,8675
1823,8.0,7445
1823,9.0,3939
1823,10.0,5797
1824,0.0,4238
1824,1.0,8406
1824,2.0,7228
1824,3.0,4588
1824,4.0,7666
1824,5.0,7196
1824,6.0,4509
1824,7.0,8675
1824,8.0,7445
1824,9.0,3939
1824,10.0,5797
1825,0.0,8582
1825,1.0,7255
1825,2.0,3286
1825,3.0,3698
1825,4.0,6799
1825,5.0,5874
1825,6.0,8280
1825,7.0,8675
1825,8.0,7445
1825,9.0,3939
1825,10.0,5797
1826,0.0,4297
1826,1.0,8669
1826,2.0,3029
1826,3.0,4318
1826,4.0,7666
1826,5.0,8038
1826,6.0,5230
1826,7.0,8675
1826,8.0,7445
1826,9.0,3939
1826,10.0,5797
1827,0.0,2924
1827,1.0,7888
1827,2.0,7767
1827,3.0,3978
1827,4.0,7666
1827,5.0,8102
1827,6.0,2421
1827,7.0,7406
1827,8.0,5104
1827,9.0,4889
1827,10.0,5054
1828,0.0,5226
1828,1.0,2940
1828,2.0,5106
1828,3.0,6743
1828,4.0,7666
1828,5.0,7100
1828,6.0,5004
1828,7.0,3688
1828,8.0,4892
1828,9.0,2638
1828,10.0,8044
1829,0.0,7387
1829,1.0,2526
1829,2.0,7663
1829,3.0,6917
1829,4.0,7943
1829,5.0,2842
1829,6.0,2421
1829,7.0,3791
1829,8.0,8289
1829,9.0,6712
1829,10.0,3106
1830,0.0,8385
1830,1.0,7068
1830,2.0,5016
1830,3.0,6917
1830,4.0,7943
1830,5.0,2842
1830,6.0,2421
1830,7.0,3791
1830,8.0,8289
1830,9.0,6712
1830,10.0,3106
1831,0.0,8525
1831,1.0,7506
1831,2.0,7996
1831,3.0,6743
1831,4.0,8658
1831,5.0,8130
1831,6.0,8736
1831,7.0,2566
1831,8.0,8000
1831,9.0,7618
1831,10.0,2421
1832,0.0,2548
1832,1.0,3118
1832,2.0,5950
1832,3.0,3920
1832,4.0,5113
1832,5.0,8130
1832,6.0,7382
1832,7.0,2566
1832,8.0,8000
1832,9.0,7604
1832,10.0,3680
1833,0.0,5375
1833,1.0,5762
1833,2.0,4249
1833,3.0,2509
1833,4.0,7943
1833,5.0,4635
1833,6.0,4503
1833,7.0,5943
1833,8.0,4539
1833,9.0,7570
1833,10.0,7591
1834,0.0,2817
1834,1.0,5265
1834,2.0,8200
1834,3.0,3982
1834,4.0,5113
1834,5.0,4208
1834,6.0,3185
1834,7.0,5943
1834,8.0,4539
1834,9.0,7570
1834,10.0,7591
1835,0.0,4788
1835,1.0,6217
1835,2.0,3101
1835,3.0,2866
1835,4.0,5113
1835,5.0,6084
1835,6.0,4503
1835,7.0,5943
1835,8.0,4539
1835,9.0,7570
1835,10.0,7591
1836,0.0,4274
1836,1.0,4829
1836,2.0,2701
1836,3.0,4409
1836,4.0,8658
1836,5.0,3817
1836,6.0,8669
1836,7.0,5943
1836,8.0,4539
1836,9.0,7570
1836,10.0,7591
1837,0.0,7857
1837,1.0,4845
1837,2.0,8580
1837,3.0,6743
1837,4.0,8658
1837,5.0,2843
1837,6.0,7802
1837,7.0,5943
1837,8.0,4539
1837,9.0,7570
1837,10.0,7591
1838,0.0,3308
1838,1.0,4147
1838,2.0,5903
1838,3.0,6019
1838,4.0,7666
1838,5.0,8609
1838,6.0,2421
1838,7.0,2570
1838,8.0,6442
1838,9.0,5953
1838,10.0,8019
1839,0.0,5700
1839,1.0,3008
1839,2.0,3354
1839,3.0,2932
1839,4.0,7595
1839,5.0,7196
1839,6.0,2421
1839,7.0,5955
1839,8.0,3189
1839,9.0,4736
1839,10.0,4599
1840,0.0,5059
1840,1.0,5613
1840,2.0,6763
1840,3.0,6743
1840,4.0,7666
1840,5.0,7439
1840,6.0,7489
1840,7.0,3605
1840,8.0,8530
1840,9.0,4889
1840,10.0,5054
1841,0.0,6282
1841,1.0,5863
1841,2.0,3415
1841,3.0,3201
1841,4.0,8104
1841,5.0,6383
1841,6.0,2421
1841,7.0,3605
1841,8.0,8530
1841,9.0,4889
1841,10.0,5054
1842,0.0,3200
1842,1.0,6923
1842,2.0,2772
1842,3.0,3467
1842,4.0,7666
1842,5.0,8102
1842,6.0,2421
1842,7.0,3605
1842,8.0,8530
1842,9.0,4889
1842,10.0,5054
1843,0.0,3461
1843,1.0,3140
1843,2.0,4893
1843,3.0,3529
1843,4.0,7666
1843,5.0,6383
1843,6.0,2421
1843,7.0,3605
1843,8.0,8530
1843,9.0,4889
1843,10.0,5054
1844,0.0,5349
1844,1.0,5905
1844,2.0,3057
1844,3.0,4564
1844,4.0,7595
1844,5.0,8576
1844,6.0,2421
1844,7.0,6492
1844,8.0,4783
1844,9.0,7877
1844,10.0,8044
1845,0.0,6183
1845,1.0,7778
1845,2.0,5423
1845,3.0,6743
1845,4.0,7666
1845,5.0,3894
1845,6.0,7489
1845,7.0,6492
1845,8.0,4783
1845,9.0,7877
1845,10.0,8044
1846,0.0,8418
1846,1.0,3871
1846,2.0,7287
1846,3.0,5459
1846,4.0,7666
1846,5.0,3817
1846,6.0,2421
1846,7.0,6492
1846,8.0,4783
1846,9.0,7877
1846,10.0,8044
1847,0.0,8668
1847,1.0,2968
1847,2.0,4518
1847,3.0,7698
1847,4.0,7666
1847,5.0,3817
1847,6.0,2421
1847,7.0,6492
1847,8.0,4783
1847,9.0,7877
1847,10.0,8044
1848,0.0,4080
1848,1.0,5233
1848,2.0,7342
1848,3.0,4409
1848,4.0,8658
1848,5.0,6868
1848,6.0,8492
1848,7.0,6492
1848,8.0,4783
1848,9.0,7877
1848,10.0,8044
1849,0.0,6341
1849,1.0,2517
1849,2.0,3136
1849,3.0,3201
1849,4.0,7595
1849,5.0,8538
1849,6.0,5904
1849,7.0,6492
1849,8.0,4783
1849,9.0,7877
1849,10.0,8044
1850,0.0,3186
1850,1.0,2752
1850,2.0,7495
1850,3.0,4256
1850,4.0,7666
1850,5.0,6746
1850,6.0,3761
1850,7.0,6492
1850,8.0,4783
1850,9.0,7877
1850,10.0,8044
1851,0.0,5857
1851,1.0,5719
1851,2.0,5423
1851,3.0,6743
1851,4.0,8658
1851,5.0,3894
1851,6.0,7489
1851,7.0,6492
1851,8.0,4783
1851,9.0,4885
1851,10.0,2421
1852,0.0,3424
1852,1.0,6115
1852,2.0,7342
1852,3.0,4409
1852,4.0,6799
1852,5.0,6868
1852,6.0,8492
1852,7.0,6492
1852,8.0,4783
1852,9.0,7877
1852,10.0,8044
1853,0.0,4127
1853,1.0,8305
1853,2.0,4689
1853,3.0,6917
1853,4.0,7943
1853,5.0,7439
1853,6.0,2421
1853,7.0,7223
1853,8.0,8714
1853,9.0,2459
1853,10.0,6423
1854,0.0,3781
1854,1.0,6533
1854,2.0,2824
1854,3.0,4588
1854,4.0,7666
1854,5.0,5995
1854,6.0,2421
1854,7.0,7088
1854,8.0,3966
1854,9.0,7604
1854,10.0,4109
1855,0.0,8719
1855,1.0,3052
1855,2.0,7701
1855,3.0,2866
1855,4.0,7666
1855,5.0,3817
1855,6.0,2421
1855,7.0,7088
1855,8.0,3966
1855,9.0,7604
1855,10.0,4109
1856,0.0,8158
1856,1.0,5635
1856,2.0,7764
1856,3.0,6743
1856,4.0,8104
1856,5.0,8489
1856,6.0,2421
1856,7.0,7088
1856,8.0,3966
1856,9.0,7604
1856,10.0,4109
1857,0.0,4421
1857,1.0,4209
1857,2.0,8653
1857,3.0,7158
1857,4.0,6799
1857,5.0,3863
1857,6.0,2804
1857,7.0,5755
1857,8.0,4162
1857,9.0,8440
1857,10.0,8301
1858,0.0,3465
1858,1.0,7059
1858,2.0,8137
1858,3.0,6616
1858,4.0,8104
1858,5.0,2555
1858,6.0,8280
1858,7.0,5755
1858,8.0,4162
1858,9.0,8440
1858,10.0,8301
1859,0.0,4458
1859,1.0,4464
1859,2.0,3927
1859,3.0,3386
1859,4.0,6554
1859,5.0,7581
1859,6.0,2421
1859,7.0,5755
1859,8.0,4162
1859,9.0,8440
1859,10.0,8301
1860,0.0,3179
1860,1.0,6678
1860,2.0,5076
1860,3.0,3978
1860,4.0,5113
1860,5.0,4773
1860,6.0,7248
1860,7.0,5755
1860,8.0,4162
1860,9.0,6802
1860,10.0,2421
1861,0.0,8715
1861,1.0,4655
1861,2.0,8386
1861,3.0,6743
1861,4.0,5827
1861,5.0,2842
1861,6.0,7378
1861,7.0,5755
1861,8.0,4162
1861,9.0,8440
1861,10.0,8301
1862,0.0,3375
1862,1.0,4323
1862,2.0,6547
1862,3.0,4409
1862,4.0,7666
1862,5.0,8102
1862,6.0,3548
1862,7.0,5755
1862,8.0,4162
1862,9.0,8440
1862,10.0,8301
1863,0.0,7289
1863,1.0,6884
1863,2.0,6182
1863,3.0,4887
1863,4.0,7666
1863,5.0,3996
1863,6.0,4520
1863,7.0,5755
1863,8.0,4162
1863,9.0,8440
1863,10.0,8301
1864,0.0,8450
1864,1.0,4694
1864,2.0,7797
1864,3.0,2509
1864,4.0,7595
1864,5.0,2843
1864,6.0,7241
1864,7.0,5755
1864,8.0,4162
1864,9.0,8440
1864,10.0,8301
1865,0.0,7041
1865,1.0,6402
1865,2.0,5674
1865,3.0,6743
1865,4.0,3213
1865,5.0,5262
1865,6.0,7961
1865,7.0,5755
1865,8.0,4162
1865,9.0,6802
1865,10.0,2421
1866,0.0,5212
1866,1.0,8457
1866,2.0,8144
1866,3.0,4564
1866,4.0,5113
1866,5.0,3151
1866,6.0,8243
1866,7.0,5755
1866,8.0,4162
1866,9.0,8440
1866,10.0,8301
1867,0.0,4207
1867,1.0,5983
1867,2.0,3470
1867,3.0,5307
1867,4.0,8658
1867,5.0,3974
1867,6.0,3485
1867,7.0,5755
1867,8.0,4162
1867,9.0,8440
1867,10.0,8301
1868,0.0,6051
1868,1.0,6592
1868,2.0,8228
1868,3.0,7698
1868,4.0,8658
1868,5.0,5160
1868,6.0,7288
1868,7.0,5755
1868,8.0,4162
1868,9.0,8440
1868,10.0,8301
1869,0.0,2925
1869,1.0,7819
1869,2.0,8338
1869,3.0,6743
1869,4.0,7943
1869,5.0,8129
1869,6.0,7378
1869,7.0,5755
1869,8.0,4162
1869,9.0,8440
1869,10.0,8301
1870,0.0,7204
1870,1.0,7363
1870,2.0,4013
1870,3.0,7158
1870,4.0,6799
1870,5.0,4272
1870,6.0,6450
1870,7.0,5755
1870,8.0,4162
1870,9.0,8440
1870,10.0,8301
1871,0.0,5186
1871,1.0,5100
1871,2.0,2699
1871,3.0,4588
1871,4.0,8658
1871,5.0,7082
1871,6.0,5941
1871,7.0,5755
1871,8.0,4162
1871,9.0,8440
1871,10.0,8301
1872,0.0,2550
1872,1.0,7400
1872,2.0,8115
1872,3.0,3201
1872,4.0,8658
1872,5.0,8576
1872,6.0,3878
1872,7.0,5755
1872,8.0,4162
1872,9.0,8440
1872,10.0,8301
1873,0.0,7745
1873,1.0,6247
1873,2.0,5766
1873,3.0,3734
1873,4.0,5113
1873,5.0,4200
1873,6.0,7307
1873,7.0,5755
1873,8.0,4162
1873,9.0,8440
1873,10.0,8301
1874,0.0,3888
1874,1.0,5548
1874,2.0,4196
1874,3.0,4887
1874,4.0,8104
1874,5.0,8037
1874,6.0,6937
1874,7.0,5755
1874,8.0,4162
1874,9.0,8440
1874,10.0,8301
1875,0.0,5945
1875,1.0,2850
1875,2.0,5060
1875,3.0,7703
1875,4.0,3213
1875,5.0,4928
1875,6.0,8287
1875,7.0,5755
1875,8.0,4162
1875,9.0,8440
1875,10.0,8301
1876,0.0,5260
1876,1.0,6418
1876,2.0,4979
1876,3.0,3467
1876,4.0,5113
1876,5.0,3817
1876,6.0,5377
1876,7.0,5755
1876,8.0,4162
1876,9.0,8440
1876,10.0,8301
1877,0.0,5140
1877,1.0,3856
1877,2.0,4202
1877,3.0,4564
1877,4.0,5113
1877,5.0,8314
1877,6.0,8243
1877,7.0,5755
1877,8.0,4162
1877,9.0,8440
1877,10.0,8301
1878,0.0,7035
1878,1.0,6290
1878,2.0,2609
1878,3.0,5307
1878,4.0,8658
1878,5.0,8576
1878,6.0,3485
1878,7.0,5755
1878,8.0,4162
1878,9.0,8440
1878,10.0,8301
1879,0.0,8329
1879,1.0,4329
1879,2.0,8516
1879,3.0,7698
1879,4.0,8658
1879,5.0,4928
1879,6.0,7288
1879,7.0,5755
1879,8.0,4162
1879,9.0,8440
1879,10.0,8301
1880,0.0,8617
1880,1.0,4400
1880,2.0,5997
1880,3.0,6743
1880,4.0,5113
1880,5.0,8129
1880,6.0,7378
1880,7.0,5755
1880,8.0,4162
1880,9.0,8440
1880,10.0,8301
1881,0.0,2689
1881,1.0,3797
1881,2.0,2837
1881,3.0,6743
1881,4.0,8104
1881,5.0,7132
1881,6.0,2421
1881,7.0,3778
1881,8.0,6835
1881,9.0,4752
1881,10.0,4109
1882,0.0,5788
1882,1.0,8647
1882,2.0,4263
1882,3.0,5098
1882,4.0,8104
1882,5.0,7100
1882,6.0,2421
1882,7.0,3778
1882,8.0,6835
1882,9.0,4752
1882,10.0,4109
1883,0.0,7643
1883,1.0,2703
1883,2.0,4477
1883,3.0,6743
1883,4.0,6554
1883,5.0,8489
1883,6.0,7489
1883,7.0,3778
1883,8.0,6835
1883,9.0,5937
1883,10.0,2421
1884,0.0,6317
1884,1.0,3588
1884,2.0,6543
1884,3.0,7703
1884,4.0,7595
1884,5.0,7912
1884,6.0,4380
1884,7.0,3778
1884,8.0,6835
1884,9.0,4752
1884,10.0,4109
1885,0.0,4158
1885,1.0,7116
1885,2.0,3963
1885,3.0,7703
1885,4.0,7666
1885,5.0,7912
1885,6.0,2421
1885,7.0,3778
1885,8.0,6835
1885,9.0,4752
1885,10.0,4109
1886,0.0,6580
1886,1.0,4908
1886,2.0,3542
1886,3.0,6201
1886,4.0,8104
1886,5.0,7581
1886,6.0,2421
1886,7.0,3778
1886,8.0,6835
1886,9.0,4752
1886,10.0,4109
1887,0.0,7329
1887,1.0,4543
1887,2.0,4465
1887,3.0,7703
1887,4.0,7666
1887,5.0,2421
1887,6.0,2421
1887,7.0,3778
1887,8.0,6835
1887,9.0,4752
1887,10.0,4109
1888,0.0,5748
1888,1.0,6302
1888,2.0,5629
1888,3.0,2989
1888,4.0,7595
1888,5.0,2555
1888,6.0,7399
1888,7.0,3778
1888,8.0,6835
1888,9.0,4752
1888,10.0,4109
1889,0.0,3539
1889,1.0,7241
1889,2.0,4914
1889,3.0,3529
1889,4.0,7666
1889,5.0,4208
1889,6.0,2421
1889,7.0,3778
1889,8.0,6835
1889,9.0,4752
1889,10.0,4109
1890,0.0,2597
1890,1.0,8287
1890,2.0,6990
1890,3.0,4409
1890,4.0,8104
1890,5.0,3934
1890,6.0,2421
1890,7.0,3778
1890,8.0,6835
1890,9.0,4752
1890,10.0,4109
1891,0.0,4913
1891,1.0,7802
1891,2.0,3967
1891,3.0,3862
1891,4.0,8104
1891,5.0,5519
1891,6.0,4540
1891,7.0,3778
1891,8.0,6835
1891,9.0,4752
1891,10.0,4109
1892,0.0,4910
1892,1.0,3930
1892,2.0,4477
1892,3.0,6743
1892,4.0,7666
1892,5.0,8609
1892,6.0,7489
1892,7.0,3778
1892,8.0,6835
1892,9.0,4752
1892,10.0,4109
1893,0.0,7063
1893,1.0,5067
1893,2.0,6047
1893,3.0,2866
1893,4.0,8104
1893,5.0,2612
1893,6.0,8202
1893,7.0,8276
1893,8.0,4414
1893,9.0,5102
1893,10.0,4210
1894,0.0,6496
1894,1.0,3998
1894,2.0,8117
1894,3.0,6743
1894,4.0,7595
1894,5.0,6420
1894,6.0,6956
1894,7.0,8276
1894,8.0,4414
1894,9.0,5102
1894,10.0,4210
1895,0.0,6007
1895,1.0,4535
1895,2.0,7554
1895,3.0,7346
1895,4.0,5827
1895,5.0,4917
1895,6.0,2421
1895,7.0,4221
1895,8.0,7050
1895,9.0,7887
1895,10.0,3697
1896,0.0,8160
1896,1.0,2884
1896,2.0,8114
1896,3.0,5813
1896,4.0,5827
1896,5.0,2670
1896,6.0,2421
1896,7.0,4221
1896,8.0,7050
1896,9.0,7887
1896,10.0,3697
1897,0.0,2622
1897,1.0,4509
1897,2.0,6671
1897,3.0,2932
1897,4.0,7595
1897,5.0,4948
1897,6.0,2421
1897,7.0,3810
1897,8.0,7934
1897,9.0,4581
1897,10.0,5822
1898,0.0,3252
1898,1.0,3977
1898,2.0,5355
1898,3.0,6743
1898,4.0,6799
1898,5.0,7206
1898,6.0,7241
1898,7.0,2553
1898,8.0,7679
1898,9.0,7010
1898,10.0,6784
1899,0.0,3653
1899,1.0,6862
1899,2.0,7449
1899,3.0,3366
1899,4.0,8104
1899,5.0,3520
1899,6.0,8280
1899,7.0,2946
1899,8.0,7679
1899,9.0,5590
1899,10.0,6784
1900,0.0,5368
1900,1.0,7659
1900,2.0,6697
1900,3.0,6697
1900,4.0,7595
1900,5.0,4305
1900,6.0,5688
1900,7.0,2946
1900,8.0,7679
1900,9.0,5590
1900,10.0,6784
1901,0.0,5088
1901,1.0,4059
1901,2.0,7863
1901,3.0,6743
1901,4.0,7666
1901,5.0,5968
1901,6.0,2421
1901,7.0,2946
1901,8.0,7679
1901,9.0,5590
1901,10.0,6784
1902,0.0,7723
1902,1.0,5760
1902,2.0,2454
1902,3.0,4318
1902,4.0,7595
1902,5.0,4200
1902,6.0,7399
1902,7.0,2946
1902,8.0,7679
1902,9.0,5590
1902,10.0,6784
1903,0.0,3869
1903,1.0,4021
1903,2.0,4659
1903,3.0,3366
1903,4.0,7666
1903,5.0,3520
1903,6.0,8280
1903,7.0,2946
1903,8.0,7679
1903,9.0,5590
1903,10.0,6784
1904,0.0,5233
1904,1.0,4704
1904,2.0,3206
1904,3.0,4887
1904,4.0,7666
1904,5.0,8168
1904,6.0,3311
1904,7.0,2946
1904,8.0,7679
1904,9.0,5590
1904,10.0,6784
1905,0.0,3081
1905,1.0,3158
1905,2.0,8154
1905,3.0,8296
1905,4.0,6799
1905,5.0,2612
1905,6.0,5688
1905,7.0,2946
1905,8.0,7679
1905,9.0,2971
1905,10.0,2421
1906,0.0,4946
1906,1.0,3525
1906,2.0,5369
1906,3.0,6743
1906,4.0,7666
1906,5.0,2843
1906,6.0,7083
1906,7.0,2946
1906,8.0,7679
1906,9.0,5590
1906,10.0,6784
1907,0.0,3567
1907,1.0,5313
1907,2.0,5523
1907,3.0,8337
1907,4.0,6799
1907,5.0,4208
1907,6.0,2666
1907,7.0,2946
1907,8.0,7679
1907,9.0,5590
1907,10.0,6784
1908,0.0,4974
1908,1.0,8459
1908,2.0,7044
1908,3.0,3698
1908,4.0,6554
1908,5.0,6868
1908,6.0,3878
1908,7.0,2946
1908,8.0,7679
1908,9.0,5590
1908,10.0,6784
1909,0.0,3268
1909,1.0,2666
1909,2.0,5910
1909,3.0,4564
1909,4.0,7595
1909,5.0,4948
1909,6.0,2969
1909,7.0,2946
1909,8.0,7679
1909,9.0,5590
1909,10.0,6784
1910,0.0,6738
1910,1.0,3185
1910,2.0,3483
1910,3.0,4409
1910,4.0,7666
1910,5.0,6383
1910,6.0,4503
1910,7.0,2946
1910,8.0,7679
1910,9.0,5590
1910,10.0,6784
1911,0.0,4416
1911,1.0,7814
1911,2.0,2473
1911,3.0,6743
1911,4.0,8104
1911,5.0,8130
1911,6.0,8514
1911,7.0,6070
1911,8.0,8031
1911,9.0,4831
1911,10.0,6194
1912,0.0,8068
1912,1.0,4514
1912,2.0,7017
1912,3.0,2866
1912,4.0,7666
1912,5.0,7912
1912,6.0,7307
1912,7.0,6070
1912,8.0,8031
1912,9.0,4831
1912,10.0,6194
1913,0.0,6628
1913,1.0,8472
1913,2.0,3933
1913,3.0,3734
1913,4.0,8104
1913,5.0,5254
1913,6.0,6931
1913,7.0,6070
1913,8.0,8031
1913,9.0,4831
1913,10.0,6194
1914,0.0,3054
1914,1.0,3262
1914,2.0,3870
1914,3.0,6897
1914,4.0,7595
1914,5.0,7196
1914,6.0,2421
1914,7.0,7785
1914,8.0,8186
1914,9.0,8620
1914,10.0,4692
1915,0.0,3745
1915,1.0,4597
1915,2.0,8233
1915,3.0,4409
1915,4.0,6799
1915,5.0,3817
1915,6.0,7382
1915,7.0,7785
1915,8.0,8186
1915,9.0,8620
1915,10.0,4692
1916,0.0,4265
1916,1.0,4487
1916,2.0,6914
1916,3.0,6201
1916,4.0,7666
1916,5.0,8314
1916,6.0,7073
1916,7.0,7785
1916,8.0,8186
1916,9.0,8620
1916,10.0,4692
1917,0.0,2968
1917,1.0,7137
1917,2.0,2690
1917,3.0,3982
1917,4.0,7666
1917,5.0,7196
1917,6.0,8459
1917,7.0,7785
1917,8.0,8186
1917,9.0,8620
1917,10.0,4692
1918,0.0,3871
1918,1.0,3325
1918,2.0,6589
1918,3.0,6651
1918,4.0,8104
1918,5.0,7196
1918,6.0,7399
1918,7.0,7785
1918,8.0,8186
1918,9.0,8620
1918,10.0,4692
1919,0.0,2785
1919,1.0,4709
1919,2.0,7454
1919,3.0,4409
1919,4.0,7666
1919,5.0,8576
1919,6.0,8491
1919,7.0,7785
1919,8.0,8186
1919,9.0,8620
1919,10.0,4692
1920,0.0,3787
1920,1.0,7213
1920,2.0,6439
1920,3.0,6743
1920,4.0,7666
1920,5.0,8609
1920,6.0,5004
1920,7.0,7785
1920,8.0,8186
1920,9.0,8620
1920,10.0,4692
1921,0.0,7587
1921,1.0,3066
1921,2.0,7803
1921,3.0,5312
1921,4.0,7595
1921,5.0,7196
1921,6.0,2421
1921,7.0,4693
1921,8.0,6728
1921,9.0,5057
1921,10.0,4210
1922,0.0,4941
1922,1.0,2894
1922,2.0,6930
1922,3.0,4887
1922,4.0,6799
1922,5.0,8524
1922,6.0,2421
1922,7.0,4693
1922,8.0,6728
1922,9.0,5057
1922,10.0,4210
1923,0.0,2899
1923,1.0,4156
1923,2.0,2425
1923,3.0,6743
1923,4.0,6554
1923,5.0,4928
1923,6.0,7532
1923,7.0,4693
1923,8.0,6728
1923,9.0,5057
1923,10.0,4210
1924,0.0,4596
1924,1.0,2477
1924,2.0,2425
1924,3.0,6743
1924,4.0,8104
1924,5.0,4928
1924,6.0,7532
1924,7.0,4693
1924,8.0,6728
1924,9.0,5057
1924,10.0,4210
1925,0.0,7953
1925,1.0,4812
1925,2.0,7869
1925,3.0,8296
1925,4.0,7943
1925,5.0,7206
1925,6.0,2421
1925,7.0,4693
1925,8.0,6728
1925,9.0,5057
1925,10.0,4210
1926,0.0,5024
1926,1.0,3853
1926,2.0,2852
1926,3.0,4887
1926,4.0,8104
1926,5.0,5061
1926,6.0,2421
1926,7.0,4693
1926,8.0,6728
1926,9.0,3849
1926,10.0,2421
1927,0.0,6453
1927,1.0,4092
1927,2.0,2992
1927,3.0,4442
1927,4.0,6554
1927,5.0,3996
1927,6.0,2421
1927,7.0,4693
1927,8.0,6728
1927,9.0,5057
1927,10.0,4210
1928,0.0,2937
1928,1.0,7977
1928,2.0,2447
1928,3.0,3734
1928,4.0,8658
1928,5.0,5836
1928,6.0,2421
1928,7.0,4693
1928,8.0,6728
1928,9.0,5057
1928,10.0,4210
1929,0.0,7937
1929,1.0,6791
1929,2.0,4140
1929,3.0,7478
1929,4.0,7943
1929,5.0,7196
1929,6.0,2421
1929,7.0,4693
1929,8.0,6728
1929,9.0,5057
1929,10.0,4210
1930,0.0,3121
1930,1.0,5415
1930,2.0,2845
1930,3.0,5459
1930,4.0,8104
1930,5.0,8129
1930,6.0,2421
1930,7.0,4693
1930,8.0,6728
1930,9.0,5057
1930,10.0,4210
1931,0.0,5671
1931,1.0,7610
1931,2.0,7780
1931,3.0,3938
1931,4.0,6554
1931,5.0,4272
1931,6.0,7532
1931,7.0,4693
1931,8.0,6728
1931,9.0,5057
1931,10.0,4210
1932,0.0,2678
1932,1.0,7129
1932,2.0,7791
1932,3.0,3529
1932,4.0,6799
1932,5.0,7318
1932,6.0,2421
1932,7.0,4693
1932,8.0,6728
1932,9.0,3849
1932,10.0,2421
1933,0.0,5164
1933,1.0,8161
1933,2.0,8688
1933,3.0,4409
1933,4.0,7666
1933,5.0,3974
1933,6.0,8491
1933,7.0,4693
1933,8.0,6728
1933,9.0,5057
1933,10.0,4210
1934,0.0,6696
1934,1.0,6680
1934,2.0,3165
1934,3.0,3201
1934,4.0,7666
1934,5.0,6653
1934,6.0,6195
1934,7.0,4693
1934,8.0,6728
1934,9.0,5057
1934,10.0,4210
1935,0.0,5818
1935,1.0,7910
1935,2.0,3420
1935,3.0,3920
1935,4.0,6554
1935,5.0,5958
1935,6.0,2421
1935,7.0,4693
1935,8.0,6728
1935,9.0,5057
1935,10.0,4210
1936,0.0,6579
1936,1.0,6619
1936,2.0,3902
1936,3.0,2509
1936,4.0,8658
1936,5.0,8168
1936,6.0,3311
1936,7.0,4693
1936,8.0,6728
1936,9.0,5057
1936,10.0,4210
1937,0.0,3852
1937,1.0,4185
1937,2.0,2425
1937,3.0,6743
1937,4.0,7595
1937,5.0,4928
1937,6.0,7532
1937,7.0,4693
1937,8.0,6728
1937,9.0,5057
1937,10.0,4210
1938,0.0,4486
1938,1.0,5478
1938,2.0,5451
1938,3.0,4681
1938,4.0,5113
1938,5.0,2843
1938,6.0,7399
1938,7.0,8225
1938,8.0,2488
1938,9.0,5133
1938,10.0,5625
1939,0.0,3133
1939,1.0,8237
1939,2.0,6215
1939,3.0,6743
1939,4.0,8053
1939,5.0,3520
1939,6.0,4503
1939,7.0,8225
1939,8.0,2488
1939,9.0,5133
1939,10.0,5625
1940,0.0,3935
1940,1.0,3532
1940,2.0,2482
1940,3.0,3734
1940,4.0,8658
1940,5.0,7581
1940,6.0,2421
1940,7.0,8225
1940,8.0,2488
1940,9.0,5133
1940,10.0,5625
1941,0.0,3797
1941,1.0,4324
1941,2.0,2438
1941,3.0,5312
1941,4.0,8658
1941,5.0,6746
1941,6.0,8459
1941,7.0,8225
1941,8.0,2488
1941,9.0,5133
1941,10.0,5625
1942,0.0,8631
1942,1.0,6556
1942,2.0,4346
1942,3.0,8151
1942,4.0,7666
1942,5.0,4449
1942,6.0,2421
1942,7.0,3976
1942,8.0,6913
1942,9.0,7788
1942,10.0,8301
1943,0.0,3606
1943,1.0,2883
1943,2.0,4399
1943,3.0,4256
1943,4.0,8658
1943,5.0,4990
1943,6.0,8491
1943,7.0,6074
1943,8.0,7804
1943,9.0,6867
1943,10.0,3680
1944,0.0,7776
1944,1.0,7496
1944,2.0,6166
1944,3.0,6743
1944,4.0,5113
1944,5.0,3520
1944,6.0,7489
1944,7.0,6074
1944,8.0,7804
1944,9.0,6867
1944,10.0,3680
1945,0.0,2750
1945,1.0,6472
1945,2.0,5704
1945,3.0,6743
1945,4.0,7943
1945,5.0,2788
1945,6.0,2594
1945,7.0,5489
1945,8.0,6942
1945,9.0,3658
1945,10.0,6179
1946,0.0,5360
1946,1.0,2774
1946,2.0,8368
1946,3.0,6743
1946,4.0,8658
1946,5.0,6084
1946,6.0,7489
1946,7.0,5489
1946,8.0,6942
1946,9.0,3658
1946,10.0,6179
1947,0.0,2615
1947,1.0,4250
1947,2.0,7662
1947,3.0,3862
1947,4.0,8104
1947,5.0,6654
1947,6.0,7077
1947,7.0,5489
1947,8.0,6942
1947,9.0,3658
1947,10.0,6179
1948,0.0,6227
1948,1.0,5631
1948,2.0,3675
1948,3.0,4409
1948,4.0,7666
1948,5.0,7912
1948,6.0,5004
1948,7.0,5489
1948,8.0,6942
1948,9.0,3658
1948,10.0,6179
1949,0.0,6673
1949,1.0,4206
1949,2.0,3724
1949,3.0,3529
1949,4.0,6554
1949,5.0,7196
1949,6.0,3185
1949,7.0,5489
1949,8.0,6942
1949,9.0,3658
1949,10.0,6179
1950,0.0,3182
1950,1.0,5917
1950,2.0,3534
1950,3.0,2866
1950,4.0,7943
1950,5.0,7581
1950,6.0,4714
1950,7.0,5489
1950,8.0,6942
1950,9.0,3658
1950,10.0,6179
1951,0.0,3391
1951,1.0,3141
1951,2.0,6827
1951,3.0,3928
1951,4.0,7943
1951,5.0,2612
1951,6.0,4503
1951,7.0,5489
1951,8.0,6942
1951,9.0,3658
1951,10.0,6179
1952,0.0,4762
1952,1.0,6419
1952,2.0,3724
1952,3.0,3529
1952,4.0,8053
1952,5.0,6746
1952,6.0,3185
1952,7.0,5489
1952,8.0,6942
1952,9.0,3658
1952,10.0,6179
1953,0.0,2760
1953,1.0,4826
1953,2.0,3675
1953,3.0,4409
1953,4.0,5113
1953,5.0,7912
1953,6.0,5004
1953,7.0,5489
1953,8.0,6942
1953,9.0,3658
1953,10.0,6179
1954,0.0,4991
1954,1.0,5844
1954,2.0,8105
1954,3.0,4409
1954,4.0,8104
1954,5.0,2842
1954,6.0,7077
1954,7.0,3748
1954,8.0,8511
1954,9.0,4646
1954,10.0,5625
1955,0.0,2896
1955,1.0,4396
1955,2.0,5894
1955,3.0,3734
1955,4.0,7595
1955,5.0,3520
1955,6.0,2421
1955,7.0,3748
1955,8.0,8511
1955,9.0,4807
1955,10.0,2421
1956,0.0,7871
1956,1.0,3625
1956,2.0,5906
1956,3.0,6940
1956,4.0,7666
1956,5.0,8494
1956,6.0,5313
1956,7.0,3748
1956,8.0,8511
1956,9.0,4646
1956,10.0,5625
1957,0.0,5373
1957,1.0,8599
1957,2.0,5890
1957,3.0,4887
1957,4.0,7666
1957,5.0,4917
1957,6.0,5318
1957,7.0,3748
1957,8.0,8511
1957,9.0,4646
1957,10.0,5625
1958,0.0,4340
1958,1.0,8349
1958,2.0,7302
1958,3.0,4887
1958,4.0,7595
1958,5.0,8524
1958,6.0,7532
1958,7.0,3748
1958,8.0,8511
1958,9.0,4646
1958,10.0,5625
1959,0.0,5087
1959,1.0,6583
1959,2.0,4843
1959,3.0,4887
1959,4.0,7666
1959,5.0,6737
1959,6.0,5318
1959,7.0,3748
1959,8.0,8511
1959,9.0,4646
1959,10.0,5625
1960,0.0,6416
1960,1.0,7696
1960,2.0,7452
1960,3.0,3309
1960,4.0,8104
1960,5.0,3894
1960,6.0,4503
1960,7.0,3748
1960,8.0,8511
1960,9.0,4646
1960,10.0,5625
1961,0.0,4323
1961,1.0,7212
1961,2.0,7852
1961,3.0,3529
1961,4.0,8658
1961,5.0,7196
1961,6.0,3185
1961,7.0,3748
1961,8.0,8511
1961,9.0,4646
1961,10.0,5625
1962,0.0,3947
1962,1.0,3987
1962,2.0,5337
1962,3.0,4887
1962,4.0,8104
1962,5.0,3996
1962,6.0,7532
1962,7.0,3748
1962,8.0,8511
1962,9.0,4646
1962,10.0,5625
1963,0.0,7065
1963,1.0,2965
1963,2.0,5252
1963,3.0,3734
1963,4.0,7595
1963,5.0,3520
1963,6.0,2421
1963,7.0,3748
1963,8.0,8511
1963,9.0,4646
1963,10.0,5625
1964,0.0,3891
1964,1.0,3576
1964,2.0,3021
1964,3.0,6940
1964,4.0,8104
1964,5.0,8494
1964,6.0,5313
1964,7.0,3748
1964,8.0,8511
1964,9.0,4646
1964,10.0,5625
1965,0.0,2630
1965,1.0,5755
1965,2.0,3942
1965,3.0,6201
1965,4.0,8104
1965,5.0,8040
1965,6.0,3548
1965,7.0,3748
1965,8.0,8511
1965,9.0,4646
1965,10.0,5625
1966,0.0,4349
1966,1.0,7077
1966,2.0,8105
1966,3.0,4409
1966,4.0,5113
1966,5.0,2842
1966,6.0,7077
1966,7.0,3748
1966,8.0,8511
1966,9.0,4646
1966,10.0,5625
1967,0.0,6255
1967,1.0,2969
1967,2.0,7852
1967,3.0,3529
1967,4.0,7666
1967,5.0,7196
1967,6.0,3185
1967,7.0,3748
1967,8.0,8511
1967,9.0,4646
1967,10.0,5625
1968,0.0,4324
1968,1.0,7233
1968,2.0,8302
1968,3.0,6743
1968,4.0,7666
1968,5.0,8102
1968,6.0,7307
1968,7.0,8217
1968,8.0,4426
1968,9.0,3561
1968,10.0,8044
1969,0.0,3532
1969,1.0,5287
1969,2.0,8298
1969,3.0,7018
1969,4.0,7943
1969,5.0,2421
1969,6.0,2421
1969,7.0,2616
1969,8.0,5257
1969,9.0,6411
1969,10.0,3440
1970,0.0,8237
1970,1.0,5542
1970,2.0,3759
1970,3.0,4409
1970,4.0,7943
1970,5.0,7912
1970,6.0,2421
1970,7.0,4742
1970,8.0,7022
1970,9.0,7887
1970,10.0,3697
1971,0.0,5478
1971,1.0,4793
1971,2.0,4901
1971,3.0,4887
1971,4.0,8658
1971,5.0,5143
1971,6.0,2421
1971,7.0,4742
1971,8.0,7022
1971,9.0,7887
1971,10.0,3697
1972,0.0,5773
1972,1.0,8577
1972,2.0,7319
1972,3.0,3920
1972,4.0,3213
1972,5.0,2670
1972,6.0,2421
1972,7.0,4742
1972,8.0,7022
1972,9.0,7887
1972,10.0,3697
1973,0.0,6265
1973,1.0,2970
1973,2.0,5596
1973,3.0,4887
1973,4.0,7943
1973,5.0,4378
1973,6.0,2421
1973,7.0,4742
1973,8.0,7022
1973,9.0,7887
1973,10.0,3697
1974,0.0,7118
1974,1.0,5064
1974,2.0,3721
1974,3.0,2866
1974,4.0,8658
1974,5.0,3817
1974,6.0,2421
1974,7.0,4742
1974,8.0,7022
1974,9.0,7887
1974,10.0,3697
1975,0.0,7602
1975,1.0,3513
1975,2.0,6346
1975,3.0,7703
1975,4.0,8658
1975,5.0,3520
1975,6.0,2421
1975,7.0,4742
1975,8.0,7022
1975,9.0,7887
1975,10.0,3697
1976,0.0,7383
1976,1.0,3000
1976,2.0,4901
1976,3.0,4887
1976,4.0,8104
1976,5.0,5985
1976,6.0,2421
1976,7.0,4742
1976,8.0,7022
1976,9.0,7887
1976,10.0,3697
1977,0.0,3900
1977,1.0,7786
1977,2.0,3260
1977,3.0,4409
1977,4.0,3213
1977,5.0,7658
1977,6.0,2421
1977,7.0,4742
1977,8.0,7022
1977,9.0,7887
1977,10.0,3697
1978,0.0,5080
1978,1.0,3846
1978,2.0,6313
1978,3.0,6743
1978,4.0,7666
1978,5.0,5968
1978,6.0,2421
1978,7.0,4742
1978,8.0,7022
1978,9.0,7887
1978,10.0,3697
1979,0.0,5978
1979,1.0,6421
1979,2.0,8122
1979,3.0,4409
1979,4.0,7666
1979,5.0,3817
1979,6.0,2421
1979,7.0,4742
1979,8.0,7022
1979,9.0,7847
1979,10.0,2421
1980,0.0,2431
1980,1.0,2757
1980,2.0,3282
1980,3.0,7637
1980,4.0,8104
1980,5.0,7912
1980,6.0,2421
1980,7.0,4742
1980,8.0,7022
1980,9.0,7887
1980,10.0,3697
1981,0.0,5571
1981,1.0,5094
1981,2.0,4770
1981,3.0,3201
1981,4.0,7666
1981,5.0,3520
1981,6.0,2421
1981,7.0,4742
1981,8.0,7022
1981,9.0,7887
1981,10.0,3697
1982,0.0,5899
1982,1.0,7247
1982,2.0,7433
1982,3.0,6651
1982,4.0,7595
1982,5.0,7196
1982,6.0,8459
1982,7.0,5034
1982,8.0,5909
1982,9.0,7131
1982,10.0,5645
1983,0.0,4584
1983,1.0,7421
1983,2.0,7433
1983,3.0,6651
1983,4.0,7595
1983,5.0,6746
1983,6.0,8459
1983,7.0,5034
1983,8.0,5909
1983,9.0,7131
1983,10.0,5645
1984,0.0,3345
1984,1.0,4956
1984,2.0,2665
1984,3.0,4409
1984,4.0,8104
1984,5.0,4305
1984,6.0,2421
1984,7.0,3700
1984,8.0,5125
1984,9.0,5918
1984,10.0,6784
1985,0.0,7322
1985,1.0,2746
1985,2.0,3889
1985,3.0,6917
1985,4.0,7943
1985,5.0,8576
1985,6.0,2421
1985,7.0,5166
1985,8.0,2737
1985,9.0,5207
1985,10.0,6423
1986,0.0,6414
1986,1.0,7880
1986,2.0,2520
1986,3.0,4564
1986,4.0,8104
1986,5.0,2555
1986,6.0,3185
1986,7.0,7879
1986,8.0,3918
1986,9.0,3551
1986,10.0,6194
1987,0.0,7027
1987,1.0,5664
1987,2.0,4469
1987,3.0,6743
1987,4.0,5113
1987,5.0,2842
1987,6.0,2804
1987,7.0,7879
1987,8.0,3918
1987,9.0,3551
1987,10.0,6194
1988,0.0,2793
1988,1.0,5689
1988,2.0,7429
1988,3.0,8296
1988,4.0,8104
1988,5.0,8538
1988,6.0,6195
1988,7.0,7879
1988,8.0,3918
1988,9.0,3551
1988,10.0,6194
1989,0.0,4769
1989,1.0,7220
1989,2.0,4469
1989,3.0,6743
1989,4.0,7595
1989,5.0,6947
1989,6.0,2804
1989,7.0,7879
1989,8.0,3918
1989,9.0,3551
1989,10.0,6194
1990,0.0,3686
1990,1.0,4277
1990,2.0,2455
1990,3.0,4409
1990,4.0,7666
1990,5.0,2842
1990,6.0,7489
1990,7.0,6762
1990,8.0,6323
1990,9.0,4752
1990,10.0,4109
1991,0.0,4113
1991,1.0,6956
1991,2.0,7181
1991,3.0,5312
1991,4.0,8104
1991,5.0,4948
1991,6.0,5230
1991,7.0,6762
1991,8.0,6323
1991,9.0,4752
1991,10.0,4109
1992,0.0,5733
1992,1.0,7537
1992,2.0,4626
1992,3.0,8264
1992,4.0,8104
1992,5.0,5519
1992,6.0,5688
1992,7.0,6762
1992,8.0,6323
1992,9.0,4752
1992,10.0,4109
1993,0.0,5990
1993,1.0,3311
1993,2.0,7333
1993,3.0,6743
1993,4.0,6799
1993,5.0,2842
1993,6.0,7489
1993,7.0,6762
1993,8.0,6323
1993,9.0,4752
1993,10.0,4109
1994,0.0,4440
1994,1.0,7173
1994,2.0,5329
1994,3.0,2826
1994,4.0,7666
1994,5.0,8102
1994,6.0,6811
1994,7.0,5721
1994,8.0,8224
1994,9.0,5229
1994,10.0,5645
1995,0.0,7072
1995,1.0,3100
1995,2.0,8558
1995,3.0,2826
1995,4.0,6799
1995,5.0,8102
1995,6.0,6811
1995,7.0,5721
1995,8.0,8224
1995,9.0,5229
1995,10.0,5645
1996,0.0,5682
1996,1.0,6895
1996,2.0,6860
1996,3.0,4409
1996,4.0,8104
1996,5.0,3151
1996,6.0,6931
1996,7.0,5721
1996,8.0,8224
1996,9.0,5229
1996,10.0,5645
1997,0.0,5532
1997,1.0,6087
1997,2.0,8558
1997,3.0,2826
1997,4.0,7595
1997,5.0,8102
1997,6.0,6811
1997,7.0,5721
1997,8.0,8224
1997,9.0,5229
1997,10.0,5645
1998,0.0,6301
1998,1.0,3972
1998,2.0,8723
1998,3.0,6019
1998,4.0,7666
1998,5.0,3974
1998,6.0,6811
1998,7.0,5721
1998,8.0,8224
1998,9.0,5229
1998,10.0,5645
1999,0.0,7878
1999,1.0,6358
1999,2.0,5949
1999,3.0,6743
1999,4.0,6799
1999,5.0,4928
1999,6.0,4221
1999,7.0,5721
1999,8.0,8224
1999,9.0,5229
1999,10.0,5645
2000,0.0,7170
2000,1.0,6906
2000,2.0,5335
2000,3.0,2826
2000,4.0,8104
2000,5.0,3337
2000,6.0,6811
2000,7.0,5721
2000,8.0,8224
2000,9.0,5229
2000,10.0,5645
2001,0.0,8612
2001,1.0,3195
2001,2.0,4761
2001,3.0,2826
2001,4.0,8104
2001,5.0,3337
2001,6.0,6811
2001,7.0,5721
2001,8.0,8224
2001,9.0,5229
2001,10.0,5645
2002,0.0,3249
2002,1.0,4152
2002,2.0,3433
2002,3.0,2826
2002,4.0,8658
2002,5.0,3337
2002,6.0,6811
2002,7.0,5721
2002,8.0,8224
2002,9.0,5229
2002,10.0,5645
2003,0.0,5794
2003,1.0,2511
2003,2.0,4632
2003,3.0,3366
2003,4.0,7666
2003,5.0,5254
2003,6.0,2421
2003,7.0,5721
2003,8.0,8224
2003,9.0,5229
2003,10.0,5645
2004,0.0,3549
2004,1.0,2508
2004,2.0,6504
2004,3.0,8296
2004,4.0,5113
2004,5.0,5519
2004,6.0,4380
2004,7.0,5721
2004,8.0,8224
2004,9.0,5229
2004,10.0,5645
2005,0.0,5007
2005,1.0,8469
2005,2.0,4929
2005,3.0,3201
2005,4.0,7943
2005,5.0,3974
2005,6.0,7248
2005,7.0,5721
2005,8.0,8224
2005,9.0,5229
2005,10.0,5645
2006,0.0,3826
2006,1.0,8636
2006,2.0,4929
2006,3.0,3201
2006,4.0,6799
2006,5.0,7196
2006,6.0,7248
2006,7.0,5721
2006,8.0,8224
2006,9.0,5229
2006,10.0,5645
2007,0.0,4198
2007,1.0,2929
2007,2.0,4855
2007,3.0,3201
2007,4.0,6799
2007,5.0,6746
2007,6.0,7248
2007,7.0,5721
2007,8.0,8224
2007,9.0,5229
2007,10.0,5645
2008,0.0,4631
2008,1.0,6778
2008,2.0,6294
2008,3.0,3529
2008,4.0,8104
2008,5.0,4804
2008,6.0,2421
2008,7.0,5721
2008,8.0,8224
2008,9.0,5229
2008,10.0,5645
2009,0.0,2888
2009,1.0,7811
2009,2.0,6473
2009,3.0,5312
2009,4.0,7666
2009,5.0,4200
2009,6.0,4640
2009,7.0,5721
2009,8.0,8224
2009,9.0,5229
2009,10.0,5645
2010,0.0,8147
2010,1.0,8683
2010,2.0,6504
2010,3.0,8296
2010,4.0,7595
2010,5.0,5958
2010,6.0,4380
2010,7.0,5721
2010,8.0,8224
2010,9.0,5229
2010,10.0,5645
2011,0.0,3250
2011,1.0,4361
2011,2.0,5882
2011,3.0,4588
2011,4.0,8104
2011,5.0,3151
2011,6.0,8491
2011,7.0,5721
2011,8.0,8224
2011,9.0,5229
2011,10.0,5645
2012,0.0,7486
2012,1.0,7189
2012,2.0,6502
2012,3.0,3201
2012,4.0,8104
2012,5.0,6746
2012,6.0,7248
2012,7.0,5721
2012,8.0,8224
2012,9.0,5229
2012,10.0,5645
2013,0.0,5310
2013,1.0,7369
2013,2.0,5381
2013,3.0,4409
2013,4.0,7595
2013,5.0,3151
2013,6.0,6931
2013,7.0,5721
2013,8.0,8224
2013,9.0,5229
2013,10.0,5645
2014,0.0,2531
2014,1.0,2501
2014,2.0,6796
2014,3.0,8264
2014,4.0,7666
2014,5.0,8102
2014,6.0,7121
2014,7.0,5721
2014,8.0,8224
2014,9.0,5229
2014,10.0,5645
2015,0.0,6745
2015,1.0,3429
2015,2.0,3433
2015,3.0,2826
2015,4.0,8104
2015,5.0,8102
2015,6.0,6811
2015,7.0,5721
2015,8.0,8224
2015,9.0,5229
2015,10.0,5645
2016,0.0,7451
2016,1.0,3221
2016,2.0,6525
2016,3.0,2866
2016,4.0,5113
2016,5.0,6041
2016,6.0,7242
2016,7.0,3061
2016,8.0,4563
2016,9.0,3677
2016,10.0,5645
2017,0.0,4049
2017,1.0,5899
2017,2.0,5944
2017,3.0,6019
2017,4.0,6554
2017,5.0,7196
2017,6.0,2421
2017,7.0,8427
2017,8.0,6721
2017,9.0,6331
2017,10.0,8589
2018,0.0,8716
2018,1.0,7569
2018,2.0,5944
2018,3.0,6019
2018,4.0,7666
2018,5.0,7196
2018,6.0,2421
2018,7.0,8427
2018,8.0,6721
2018,9.0,6331
2018,10.0,8589
2019,0.0,3917
2019,1.0,2879
2019,2.0,3247
2019,3.0,3734
2019,4.0,7595
2019,5.0,7132
2019,6.0,2421
2019,7.0,8427
2019,8.0,6721
2019,9.0,3875
2019,10.0,2421
2020,0.0,8060
2020,1.0,6758
2020,2.0,7756
2020,3.0,3529
2020,4.0,8104
2020,5.0,7132
2020,6.0,2421
2020,7.0,8035
2020,8.0,6542
2020,9.0,4889
2020,10.0,5054
2021,0.0,8300
2021,1.0,4920
2021,2.0,7079
2021,3.0,5312
2021,4.0,7666
2021,5.0,6383
2021,6.0,5688
2021,7.0,2552
2021,8.0,5847
2021,9.0,5376
2021,10.0,8600
2022,0.0,3892
2022,1.0,6935
2022,2.0,4553
2022,3.0,3994
2022,4.0,7666
2022,5.0,7196
2022,6.0,4509
2022,7.0,2552
2022,8.0,5847
2022,9.0,5376
2022,10.0,8600
2023,0.0,6556
2023,1.0,2574
2023,2.0,8046
2023,3.0,6743
2023,4.0,7666
2023,5.0,7148
2023,6.0,7241
2023,7.0,2552
2023,8.0,5847
2023,9.0,5376
2023,10.0,8600
2024,0.0,7416
2024,1.0,8710
2024,2.0,3267
2024,3.0,2826
2024,4.0,8104
2024,5.0,7196
2024,6.0,2421
2024,7.0,8557
2024,8.0,7949
2024,9.0,4495
2024,10.0,6784
2025,0.0,2944
2025,1.0,4259
2025,2.0,6339
2025,3.0,2826
2025,4.0,7666
2025,5.0,5536
2025,6.0,3432
2025,7.0,8557
2025,8.0,7949
2025,9.0,4495
2025,10.0,6784
2026,0.0,5428
2026,1.0,2821
2026,2.0,7107
2026,3.0,8264
2026,4.0,7666
2026,5.0,5536
2026,6.0,3432
2026,7.0,8557
2026,8.0,7949
2026,9.0,4495
2026,10.0,6784
2027,0.0,8414
2027,1.0,7407
2027,2.0,6177
2027,3.0,8151
2027,4.0,7666
2027,5.0,4773
2027,6.0,4640
2027,7.0,8557
2027,8.0,7949
2027,9.0,4495
2027,10.0,6784
2028,0.0,6443
2028,1.0,5309
2028,2.0,3002
2028,3.0,4409
2028,4.0,7666
2028,5.0,4208
2028,6.0,3774
2028,7.0,3429
2028,8.0,8275
2028,9.0,8496
2028,10.0,4105
2029,0.0,5426
2029,1.0,2563
2029,2.0,5350
2029,3.0,3862
2029,4.0,7595
2029,5.0,4208
2029,6.0,4503
2029,7.0,4540
2029,8.0,8275
2029,9.0,6751
2029,10.0,4105
2030,0.0,8734
2030,1.0,4181
2030,2.0,7770
2030,3.0,4409
2030,4.0,5113
2030,5.0,3337
2030,6.0,7382
2030,7.0,4540
2030,8.0,8275
2030,9.0,4546
2030,10.0,2421
2031,0.0,2753
2031,1.0,6874
2031,2.0,6803
2031,3.0,4887
2031,4.0,8658
2031,5.0,5627
2031,6.0,7532
2031,7.0,4540
2031,8.0,8275
2031,9.0,6751
2031,10.0,4105
2032,0.0,3519
2032,1.0,4139
2032,2.0,6091
2032,3.0,4407
2032,4.0,5113
2032,5.0,8576
2032,6.0,5410
2032,7.0,5688
2032,8.0,4751
2032,9.0,3879
2032,10.0,5301
2033,0.0,3789
2033,1.0,7900
2033,2.0,6035
2033,3.0,8526
2033,4.0,5113
2033,5.0,3151
2033,6.0,2421
2033,7.0,5688
2033,8.0,4751
2033,9.0,3879
2033,10.0,5301
2034,0.0,6206
2034,1.0,5121
2034,2.0,3281
2034,3.0,3920
2034,4.0,8658
2034,5.0,3151
2034,6.0,5313
2034,7.0,5688
2034,8.0,4751
2034,9.0,3879
2034,10.0,5301
2035,0.0,8255
2035,1.0,6642
2035,2.0,3897
2035,3.0,3386
2035,4.0,5113
2035,5.0,2612
2035,6.0,3185
2035,7.0,5688
2035,8.0,4751
2035,9.0,3879
2035,10.0,5301
2036,0.0,5255
2036,1.0,4216
2036,2.0,3314
2036,3.0,4382
2036,4.0,8658
2036,5.0,8040
2036,6.0,5313
2036,7.0,5688
2036,8.0,4751
2036,9.0,3879
2036,10.0,5301
2037,0.0,3348
2037,1.0,6347
2037,2.0,8665
2037,3.0,8299
2037,4.0,5113
2037,5.0,4272
2037,6.0,7073
2037,7.0,5688
2037,8.0,4751
2037,9.0,3879
2037,10.0,5301
2038,0.0,2432
2038,1.0,8717
2038,2.0,7994
2038,3.0,4382
2038,4.0,7943
2038,5.0,4690
2038,6.0,4509
2038,7.0,5688
2038,8.0,4751
2038,9.0,3879
2038,10.0,5301
2039,0.0,4789
2039,1.0,7526
2039,2.0,5241
2039,3.0,4382
2039,4.0,5113
2039,5.0,6654
2039,6.0,5313
2039,7.0,5688
2039,8.0,4751
2039,9.0,3879
2039,10.0,5301
2040,0.0,2691
2040,1.0,7170
2040,2.0,6725
2040,3.0,6743
2040,4.0,8053
2040,5.0,8129
2040,6.0,8312
2040,7.0,5688
2040,8.0,4751
2040,9.0,3879
2040,10.0,5301
2041,0.0,8132
2041,1.0,7878
2041,2.0,5841
2041,3.0,6743
2041,4.0,7943
2041,5.0,4928
2041,6.0,8312
2041,7.0,5688
2041,8.0,4751
2041,9.0,5966
2041,10.0,2421
2042,0.0,3619
2042,1.0,6301
2042,2.0,5297
2042,3.0,6743
2042,4.0,8658
2042,5.0,8129
2042,6.0,8312
2042,7.0,5688
2042,8.0,4751
2042,9.0,5966
2042,10.0,2421
2043,0.0,6053
2043,1.0,7072
2043,2.0,4191
2043,3.0,6743
2043,4.0,7943
2043,5.0,8129
2043,6.0,8312
2043,7.0,5688
2043,8.0,4751
2043,9.0,3879
2043,10.0,5301
2044,0.0,7722
2044,1.0,2615
2044,2.0,5633
2044,3.0,7346
2044,4.0,5113
2044,5.0,2421
2044,6.0,2421
2044,7.0,5688
2044,8.0,4751
2044,9.0,5966
2044,10.0,2421
2045,0.0,5830
2045,1.0,7970
2045,2.0,8735
2045,3.0,4382
2045,4.0,5113
2045,5.0,4690
2045,6.0,4509
2045,7.0,5688
2045,8.0,4751
2045,9.0,3879
2045,10.0,5301
2046,0.0,5743
2046,1.0,3921
2046,2.0,4243
2046,3.0,3862
2046,4.0,3989
2046,5.0,6947
2046,6.0,7382
2046,7.0,5688
2046,8.0,4751
2046,9.0,3879
2046,10.0,5301
2047,0.0,5677
2047,1.0,7403
2047,2.0,3276
2047,3.0,6743
2047,4.0,7943
2047,5.0,2788
2047,6.0,8198
2047,7.0,5688
2047,8.0,4751
2047,9.0,3879
2047,10.0,5301
2048,0.0,8288
2048,1.0,8163
2048,2.0,7007
2048,3.0,4409
2048,4.0,5113
2048,5.0,6868
2048,6.0,3548
2048,7.0,5688
2048,8.0,4751
2048,9.0,3879
2048,10.0,5301
2049,0.0,5618
2049,1.0,7230
2049,2.0,2617
2049,3.0,6925
2049,4.0,8658
2049,5.0,3996
2049,6.0,8312
2049,7.0,5688
2049,8.0,4751
2049,9.0,3879
2049,10.0,5301
2050,0.0,6103
2050,1.0,6064
2050,2.0,3639
2050,3.0,3096
2050,4.0,8658
2050,5.0,4928
2050,6.0,5313
2050,7.0,5688
2050,8.0,4751
2050,9.0,3879
2050,10.0,5301
2051,0.0,4494
2051,1.0,2801
2051,2.0,8546
2051,3.0,3920
2051,4.0,3213
2051,5.0,2421
2051,6.0,2421
2051,7.0,5688
2051,8.0,4751
2051,9.0,3879
2051,10.0,5301
2052,0.0,3361
2052,1.0,2771
2052,2.0,7195
2052,3.0,4564
2052,4.0,5113
2052,5.0,3151
2052,6.0,2421
2052,7.0,5688
2052,8.0,4751
2052,9.0,3879
2052,10.0,5301
2053,0.0,3681
2053,1.0,2781
2053,2.0,3251
2053,3.0,6518
2053,4.0,8658
2053,5.0,3396
2053,6.0,4499
2053,7.0,5688
2053,8.0,4751
2053,9.0,3879
2053,10.0,5301
2054,0.0,6887
2054,1.0,3772
2054,2.0,5930
2054,3.0,8526
2054,4.0,8658
2054,5.0,3151
2054,6.0,5313
2054,7.0,5688
2054,8.0,4751
2054,9.0,3879
2054,10.0,5301
2055,0.0,6405
2055,1.0,2761
2055,2.0,7331
2055,3.0,5382
2055,4.0,7943
2055,5.0,4272
2055,6.0,5004
2055,7.0,5688
2055,8.0,4751
2055,9.0,3879
2055,10.0,5301
2056,0.0,4967
2056,1.0,7833
2056,2.0,8087
2056,3.0,4588
2056,4.0,7943
2056,5.0,8130
2056,6.0,2421
2056,7.0,5688
2056,8.0,4751
2056,9.0,3879
2056,10.0,5301
2057,0.0,3604
2057,1.0,3228
2057,2.0,3310
2057,3.0,8127
2057,4.0,5113
2057,5.0,4690
2057,6.0,3525
2057,7.0,5688
2057,8.0,4751
2057,9.0,3879
2057,10.0,5301
2058,0.0,7884
2058,1.0,5227
2058,2.0,8729
2058,3.0,8296
2058,4.0,8053
2058,5.0,3520
2058,6.0,5313
2058,7.0,5688
2058,8.0,4751
2058,9.0,3879
2058,10.0,5301
2059,0.0,6590
2059,1.0,5253
2059,2.0,5781
2059,3.0,7920
2059,4.0,7943
2059,5.0,8576
2059,6.0,3525
2059,7.0,5688
2059,8.0,4751
2059,9.0,3879
2059,10.0,5301
2060,0.0,6464
2060,1.0,7955
2060,2.0,6754
2060,3.0,7920
2060,4.0,7943
2060,5.0,8576
2060,6.0,3525
2060,7.0,5688
2060,8.0,4751
2060,9.0,5966
2060,10.0,2421
2061,0.0,2897
2061,1.0,5464
2061,2.0,6076
2061,3.0,3114
2061,4.0,7943
2061,5.0,7581
2061,6.0,2421
2061,7.0,5688
2061,8.0,4751
2061,9.0,3879
2061,10.0,5301
2062,0.0,8493
2062,1.0,3072
2062,2.0,7935
2062,3.0,4887
2062,4.0,8658
2062,5.0,8037
2062,6.0,7537
2062,7.0,5688
2062,8.0,4751
2062,9.0,3879
2062,10.0,5301
2063,0.0,5524
2063,1.0,8011
2063,2.0,8240
2063,3.0,4382
2063,4.0,7943
2063,5.0,3070
2063,6.0,4509
2063,7.0,5688
2063,8.0,4751
2063,9.0,3879
2063,10.0,5301
2064,0.0,5855
2064,1.0,4168
2064,2.0,6125
2064,3.0,6743
2064,4.0,8658
2064,5.0,2788
2064,6.0,8198
2064,7.0,5688
2064,8.0,4751
2064,9.0,3879
2064,10.0,5301
2065,0.0,6095
2065,1.0,8050
2065,2.0,7049
2065,3.0,8296
2065,4.0,5113
2065,5.0,3520
2065,6.0,5313
2065,7.0,5688
2065,8.0,4751
2065,9.0,3879
2065,10.0,5301
2066,0.0,4865
2066,1.0,3793
2066,2.0,3203
2066,3.0,5382
2066,4.0,7943
2066,5.0,4272
2066,6.0,5004
2066,7.0,5688
2066,8.0,4751
2066,9.0,3879
2066,10.0,5301
2067,0.0,3514
2067,1.0,4679
2067,2.0,3773
2067,3.0,8526
2067,4.0,8658
2067,5.0,3151
2067,6.0,5313
2067,7.0,5688
2067,8.0,4751
2067,9.0,3879
2067,10.0,5301
2068,0.0,3380
2068,1.0,7382
2068,2.0,4615
2068,3.0,5307
2068,4.0,7943
2068,5.0,4208
2068,6.0,3185
2068,7.0,5688
2068,8.0,4751
2068,9.0,3879
2068,10.0,5301
2069,0.0,4255
2069,1.0,6960
2069,2.0,7784
2069,3.0,4409
2069,4.0,8053
2069,5.0,6868
2069,6.0,3548
2069,7.0,5688
2069,8.0,4751
2069,9.0,3879
2069,10.0,5301
2070,0.0,7300
2070,1.0,8180
2070,2.0,4311
2070,3.0,8264
2070,4.0,6554
2070,5.0,7132
2070,6.0,2421
2070,7.0,8435
2070,8.0,4778
2070,9.0,2778
2070,10.0,6194
2071,0.0,7153
2071,1.0,2700
2071,2.0,5293
2071,3.0,6743
2071,4.0,7595
2071,5.0,2843
2071,6.0,2421
2071,7.0,8435
2071,8.0,4778
2071,9.0,2778
2071,10.0,6194
2072,0.0,5923
2072,1.0,7272
2072,2.0,4988
2072,3.0,6743
2072,4.0,8658
2072,5.0,7148
2072,6.0,2421
2072,7.0,5833
2072,8.0,2708
2072,9.0,3641
2072,10.0,4105
2073,0.0,7253
2073,1.0,7414
2073,2.0,5091
2073,3.0,3862
2073,4.0,8658
2073,5.0,5519
2073,6.0,2421
2073,7.0,5833
2073,8.0,2708
2073,9.0,4283
2073,10.0,2421
2074,0.0,4264
2074,1.0,4586
2074,2.0,3428
2074,3.0,6019
2074,4.0,7943
2074,5.0,4272
2074,6.0,6450
2074,7.0,5833
2074,8.0,2708
2074,9.0,3641
2074,10.0,4105
2075,0.0,3622
2075,1.0,5167
2075,2.0,8192
2075,3.0,6743
2075,4.0,5113
2075,5.0,5298
2075,6.0,8287
2075,7.0,5833
2075,8.0,2708
2075,9.0,3641
2075,10.0,4105
2076,0.0,8072
2076,1.0,5708
2076,2.0,2983
2076,3.0,6743
2076,4.0,5113
2076,5.0,2788
2076,6.0,3311
2076,7.0,5833
2076,8.0,2708
2076,9.0,3641
2076,10.0,4105
2077,0.0,7829
2077,1.0,3416
2077,2.0,5610
2077,3.0,6591
2077,4.0,5113
2077,5.0,2654
2077,6.0,8492
2077,7.0,5833
2077,8.0,2708
2077,9.0,3641
2077,10.0,4105
2078,0.0,4960
2078,1.0,7399
2078,2.0,7324
2078,3.0,7698
2078,4.0,7943
2078,5.0,3520
2078,6.0,3485
2078,7.0,5833
2078,8.0,2708
2078,9.0,3641
2078,10.0,4105
2079,0.0,6989
2079,1.0,5230
2079,2.0,7853
2079,3.0,4588
2079,4.0,7943
2079,5.0,6383
2079,6.0,7077
2079,7.0,5833
2079,8.0,2708
2079,9.0,3641
2079,10.0,4105
2080,0.0,7526
2080,1.0,8280
2080,2.0,7239
2080,3.0,4588
2080,4.0,8658
2080,5.0,6383
2080,6.0,7077
2080,7.0,5833
2080,8.0,2708
2080,9.0,3641
2080,10.0,4105
2081,0.0,8717
2081,1.0,4380
2081,2.0,4087
2081,3.0,4887
2081,4.0,3213
2081,5.0,3326
2081,6.0,5238
2081,7.0,5833
2081,8.0,2708
2081,9.0,3641
2081,10.0,4105
2082,0.0,6347
2082,1.0,7121
2082,2.0,4660
2082,3.0,5889
2082,4.0,8658
2082,5.0,6041
2082,6.0,3185
2082,7.0,5833
2082,8.0,2708
2082,9.0,3641
2082,10.0,4105
2083,0.0,4216
2083,1.0,4640
2083,2.0,8680
2083,3.0,3734
2083,4.0,8658
2083,5.0,5262
2083,6.0,6931
2083,7.0,5833
2083,8.0,2708
2083,9.0,3641
2083,10.0,4105
2084,0.0,6642
2084,1.0,6195
2084,2.0,8099
2084,3.0,6743
2084,4.0,8053
2084,5.0,5254
2084,6.0,3377
2084,7.0,5833
2084,8.0,2708
2084,9.0,3641
2084,10.0,4105
2085,0.0,5605
2085,1.0,7843
2085,2.0,4743
2085,3.0,6743
2085,4.0,8104
2085,5.0,7658
2085,6.0,3548
2085,7.0,4316
2085,8.0,4903
2085,9.0,3446
2085,10.0,2988
2086,0.0,4473
2086,1.0,8426
2086,2.0,6992
2086,3.0,7478
2086,4.0,7666
2086,5.0,6746
2086,6.0,5358
2086,7.0,4316
2086,8.0,4903
2086,9.0,3446
2086,10.0,2988
2087,0.0,6430
2087,1.0,6949
2087,2.0,3403
2087,3.0,4409
2087,4.0,6554
2087,5.0,4305
2087,6.0,7307
2087,7.0,4316
2087,8.0,4903
2087,9.0,3446
2087,10.0,2988
2088,0.0,4000
2088,1.0,4268
2088,2.0,6898
2088,3.0,3928
2088,4.0,6554
2088,5.0,7196
2088,6.0,6373
2088,7.0,4316
2088,8.0,4903
2088,9.0,3446
2088,10.0,2988
2089,0.0,4655
2089,1.0,5954
2089,2.0,7521
2089,3.0,5307
2089,4.0,8104
2089,5.0,5599
2089,6.0,7399
2089,7.0,4316
2089,8.0,4903
2089,9.0,3446
2089,10.0,2988
2090,0.0,3850
2090,1.0,3010
2090,2.0,8229
2090,3.0,8417
2090,4.0,6554
2090,5.0,7132
2090,6.0,2421
2090,7.0,3171
2090,8.0,2673
2090,9.0,2905
2090,10.0,6784
2091,0.0,4136
2091,1.0,8260
2091,2.0,3840
2091,3.0,4564
2091,4.0,7666
2091,5.0,3520
2091,6.0,7307
2091,7.0,3774
2091,8.0,4106
2091,9.0,8333
2091,10.0,6951
2092,0.0,7330
2092,1.0,2999
2092,2.0,4668
2092,3.0,3698
2092,4.0,7666
2092,5.0,5958
2092,6.0,2421
2092,7.0,3774
2092,8.0,4106
2092,9.0,8333
2092,10.0,6951
2093,0.0,4187
2093,1.0,2629
2093,2.0,8023
2093,3.0,6743
2093,4.0,7666
2093,5.0,6287
2093,6.0,2421
2093,7.0,3774
2093,8.0,4106
2093,9.0,8333
2093,10.0,6951
2094,0.0,2861
2094,1.0,3689
2094,2.0,4034
2094,3.0,4409
2094,4.0,7666
2094,5.0,3151
2094,6.0,2421
2094,7.0,3774
2094,8.0,4106
2094,9.0,8333
2094,10.0,6951
2095,0.0,5176
2095,1.0,4600
2095,2.0,7783
2095,3.0,4887
2095,4.0,7595
2095,5.0,7581
2095,6.0,7535
2095,7.0,2596
2095,8.0,5914
2095,9.0,5132
2095,10.0,8044
2096,0.0,6689
2096,1.0,6083
2096,2.0,4299
2096,3.0,3734
2096,4.0,7666
2096,5.0,6746
2096,6.0,2421
2096,7.0,2596
2096,8.0,5914
2096,9.0,5132
2096,10.0,8044
2097,0.0,4242
2097,1.0,2423
2097,2.0,3805
2097,3.0,6743
2097,4.0,4802
2097,5.0,7196
2097,6.0,2969
2097,7.0,2596
2097,8.0,5914
2097,9.0,5132
2097,10.0,8044
2098,0.0,6618
2098,1.0,8660
2098,2.0,3805
2098,3.0,6743
2098,4.0,7550
2098,5.0,7196
2098,6.0,2969
2098,7.0,2596
2098,8.0,5914
2098,9.0,5132
2098,10.0,8044
2099,0.0,4745
2099,1.0,4418
2099,2.0,6535
2099,3.0,3698
2099,4.0,4802
2099,5.0,4948
2099,6.0,3761
2099,7.0,2596
2099,8.0,5914
2099,9.0,5132
2099,10.0,8044
2100,0.0,3795
2100,1.0,7003
2100,2.0,4759
2100,3.0,3529
2100,4.0,4802
2100,5.0,6746
2100,6.0,3416
2100,7.0,2596
2100,8.0,5914
2100,9.0,5132
2100,10.0,8044
2101,0.0,5587
2101,1.0,8131
2101,2.0,4759
2101,3.0,3529
2101,4.0,8104
2101,5.0,7196
2101,6.0,3416
2101,7.0,2596
2101,8.0,5914
2101,9.0,5132
2101,10.0,8044
2102,0.0,8066
2102,1.0,4505
2102,2.0,6535
2102,3.0,3698
2102,4.0,7595
2102,5.0,4948
2102,6.0,3761
2102,7.0,2596
2102,8.0,5914
2102,9.0,5132
2102,10.0,8044
2103,0.0,5501
2103,1.0,8451
2103,2.0,6140
2103,3.0,5813
2103,4.0,6422
2103,5.0,4917
2103,6.0,3485
2103,7.0,7077
2103,8.0,4478
2103,9.0,4800
2103,10.0,4861
2104,0.0,4384
2104,1.0,7251
2104,2.0,5409
2104,3.0,3734
2104,4.0,8658
2104,5.0,8538
2104,6.0,3185
2104,7.0,7077
2104,8.0,4478
2104,9.0,4800
2104,10.0,4861
2105,0.0,3946
2105,1.0,4607
2105,2.0,6613
2105,3.0,3920
2105,4.0,8658
2105,5.0,5254
2105,6.0,7307
2105,7.0,7077
2105,8.0,4478
2105,9.0,4800
2105,10.0,4861
2106,0.0,5341
2106,1.0,4220
2106,2.0,8373
2106,3.0,3734
2106,4.0,3213
2106,5.0,6868
2106,6.0,3185
2106,7.0,7077
2106,8.0,4478
2106,9.0,4800
2106,10.0,4861
2107,0.0,2979
2107,1.0,7470
2107,2.0,4456
2107,3.0,3928
2107,4.0,7943
2107,5.0,7196
2107,6.0,3185
2107,7.0,7077
2107,8.0,4478
2107,9.0,4800
2107,10.0,4861
2108,0.0,3513
2108,1.0,6307
2108,2.0,7039
2108,3.0,6743
2108,4.0,7943
2108,5.0,8489
2108,6.0,5318
2108,7.0,7077
2108,8.0,4478
2108,9.0,4800
2108,10.0,4861
2109,0.0,5577
2109,1.0,6882
2109,2.0,4281
2109,3.0,4588
2109,4.0,7943
2109,5.0,7257
2109,6.0,6195
2109,7.0,7077
2109,8.0,4478
2109,9.0,4800
2109,10.0,4861
2110,0.0,4146
2110,1.0,8711
2110,2.0,7130
2110,3.0,3862
2110,4.0,5113
2110,5.0,3894
2110,6.0,5581
2110,7.0,7077
2110,8.0,4478
2110,9.0,4800
2110,10.0,4861
2111,0.0,2735
2111,1.0,3883
2111,2.0,3954
2111,3.0,3994
2111,4.0,8658
2111,5.0,7196
2111,6.0,3185
2111,7.0,7077
2111,8.0,4478
2111,9.0,4800
2111,10.0,4861
2112,0.0,5686
2112,1.0,6615
2112,2.0,8378
2112,3.0,3201
2112,4.0,5113
2112,5.0,6746
2112,6.0,3185
2112,7.0,7077
2112,8.0,4478
2112,9.0,3521
2112,10.0,2421
2113,0.0,3737
2113,1.0,7891
2113,2.0,7446
2113,3.0,4409
2113,4.0,8658
2113,5.0,8576
2113,6.0,2421
2113,7.0,7077
2113,8.0,4478
2113,9.0,4800
2113,10.0,4861
2114,0.0,4152
2114,1.0,6991
2114,2.0,6350
2114,3.0,5813
2114,4.0,3213
2114,5.0,4917
2114,6.0,2421
2114,7.0,7077
2114,8.0,4478
2114,9.0,4800
2114,10.0,4861
2115,0.0,6672
2115,1.0,2552
2115,2.0,8378
2115,3.0,3201
2115,4.0,7595
2115,5.0,7196
2115,6.0,3185
2115,7.0,7077
2115,8.0,4478
2115,9.0,4800
2115,10.0,4861
2116,0.0,7752
2116,1.0,8736
2116,2.0,5119
2116,3.0,4564
2116,4.0,7943
2116,5.0,7196
2116,6.0,8280
2116,7.0,7077
2116,8.0,4478
2116,9.0,4800
2116,10.0,4861
2117,0.0,4058
2117,1.0,4417
2117,2.0,6557
2117,3.0,4887
2117,4.0,8658
2117,5.0,7148
2117,6.0,5581
2117,7.0,7077
2117,8.0,4478
2117,9.0,4800
2117,10.0,4861
2118,0.0,5063
2118,1.0,6937
2118,2.0,2906
2118,3.0,4588
2118,4.0,8658
2118,5.0,7144
2118,6.0,8459
2118,7.0,7077
2118,8.0,4478
2118,9.0,4800
2118,10.0,4861
2119,0.0,5446
2119,1.0,6022
2119,2.0,5014
2119,3.0,3994
2119,4.0,7943
2119,5.0,6746
2119,6.0,3185
2119,7.0,7077
2119,8.0,4478
2119,9.0,4800
2119,10.0,4861
2120,0.0,3195
2120,1.0,3469
2120,2.0,6031
2120,3.0,6743
2120,4.0,7943
2120,5.0,4928
2120,6.0,5004
2120,7.0,7077
2120,8.0,4478
2120,9.0,4800
2120,10.0,4861
2121,0.0,6906
2121,1.0,8026
2121,2.0,4151
2121,3.0,6743
2121,4.0,8053
2121,5.0,8609
2121,6.0,2421
2121,7.0,3174
2121,8.0,6456
2121,9.0,7971
2121,10.0,4121
2122,0.0,6491
2122,1.0,3523
2122,2.0,2887
2122,3.0,2866
2122,4.0,8658
2122,5.0,6868
2122,6.0,2421
2122,7.0,3174
2122,8.0,6456
2122,9.0,7971
2122,10.0,4121
2123,0.0,6902
2123,1.0,8678
2123,2.0,4723
2123,3.0,4407
2123,4.0,8658
2123,5.0,3520
2123,6.0,2421
2123,7.0,8223
2123,8.0,8394
2123,9.0,6979
2123,10.0,2988
2124,0.0,3926
2124,1.0,4212
2124,2.0,8694
2124,3.0,6743
2124,4.0,8053
2124,5.0,8130
2124,6.0,4714
2124,7.0,8223
2124,8.0,8394
2124,9.0,6979
2124,10.0,2988
2125,0.0,4103
2125,1.0,7706
2125,2.0,6254
2125,3.0,3920
2125,4.0,8658
2125,5.0,2842
2125,6.0,7307
2125,7.0,7248
2125,8.0,6210
2125,9.0,3715
2125,10.0,6423
2126,0.0,2428
2126,1.0,8702
2126,2.0,4790
2126,3.0,6743
2126,4.0,8658
2126,5.0,8130
2126,6.0,2421
2126,7.0,7248
2126,8.0,6210
2126,9.0,3715
2126,10.0,6423
2127,0.0,5135
2127,1.0,4851
2127,2.0,3652
2127,3.0,7478
2127,4.0,7943
2127,5.0,5519
2127,6.0,2421
2127,7.0,7248
2127,8.0,6210
2127,9.0,3715
2127,10.0,6423
2128,0.0,3293
2128,1.0,6231
2128,2.0,7442
2128,3.0,3390
2128,4.0,8104
2128,5.0,7581
2128,6.0,8459
2128,7.0,3761
2128,8.0,2763
2128,9.0,8175
2128,10.0,5301
2129,0.0,3822
2129,1.0,7523
2129,2.0,3944
2129,3.0,4588
2129,4.0,7595
2129,5.0,5519
2129,6.0,2421
2129,7.0,5081
2129,8.0,5219
2129,9.0,4547
2129,10.0,4109
2130,0.0,6129
2130,1.0,5820
2130,2.0,8413
2130,3.0,6743
2130,4.0,7666
2130,5.0,8129
2130,6.0,2421
2130,7.0,5081
2130,8.0,5219
2130,9.0,4547
2130,10.0,4109
2131,0.0,7167
2131,1.0,7842
2131,2.0,6861
2131,3.0,4409
2131,4.0,7666
2131,5.0,3520
2131,6.0,2421
2131,7.0,5081
2131,8.0,5219
2131,9.0,4547
2131,10.0,4109
2132,0.0,7168
2132,1.0,7820
2132,2.0,6881
2132,3.0,3862
2132,4.0,7666
2132,5.0,8538
2132,6.0,2421
2132,7.0,2643
2132,8.0,6045
2132,9.0,7438
2132,10.0,2421
2133,0.0,5064
2133,1.0,5571
2133,2.0,7754
2133,3.0,3978
2133,4.0,6799
2133,5.0,6514
2133,6.0,2421
2133,7.0,2643
2133,8.0,6045
2133,9.0,7202
2133,10.0,3697
2134,0.0,2970
2134,1.0,4486
2134,2.0,6585
2134,3.0,7018
2134,4.0,7595
2134,5.0,8455
2134,6.0,2421
2134,7.0,2643
2134,8.0,6045
2134,9.0,7202
2134,10.0,3697
2135,0.0,8577
2135,1.0,2682
2135,2.0,4746
2135,3.0,4409
2135,4.0,8104
2135,5.0,3337
2135,6.0,8243
2135,7.0,3159
2135,8.0,4954
2135,9.0,3048
2135,10.0,2421
2136,0.0,7930
2136,1.0,5063
2136,2.0,8436
2136,3.0,3734
2136,4.0,7595
2136,5.0,3520
2136,6.0,7307
2136,7.0,6236
2136,8.0,6342
2136,9.0,6550
2136,10.0,5625
2137,0.0,8404
2137,1.0,4058
2137,2.0,3255
2137,3.0,4588
2137,4.0,8104
2137,5.0,4928
2137,6.0,5313
2137,7.0,6236
2137,8.0,6342
2137,9.0,6550
2137,10.0,5625
2138,0.0,6575
2138,1.0,7752
2138,2.0,6190
2138,3.0,8157
2138,4.0,8104
2138,5.0,4305
2138,6.0,6195
2138,7.0,6236
2138,8.0,6342
2138,9.0,6550
2138,10.0,5625
2139,0.0,5691
2139,1.0,6672
2139,2.0,2540
2139,3.0,7018
2139,4.0,7666
2139,5.0,6420
2139,6.0,8287
2139,7.0,6236
2139,8.0,6342
2139,9.0,6550
2139,10.0,5625
2140,0.0,3614
2140,1.0,3745
2140,2.0,4852
2140,3.0,7393
2140,4.0,7943
2140,5.0,3817
2140,6.0,2421
2140,7.0,7545
2140,8.0,4969
2140,9.0,8733
2140,10.0,2939
2141,0.0,6686
2141,1.0,3054
2141,2.0,3712
2141,3.0,4887
2141,4.0,8658
2141,5.0,5985
2141,6.0,2421
2141,7.0,7545
2141,8.0,4969
2141,9.0,8733
2141,10.0,2939
2142,0.0,3727
2142,1.0,6628
2142,2.0,2734
2142,3.0,4442
2142,4.0,8658
2142,5.0,7581
2142,6.0,2421
2142,7.0,7545
2142,8.0,4969
2142,9.0,8733
2142,10.0,2939
2143,0.0,3758
2143,1.0,7235
2143,2.0,5858
2143,3.0,6743
2143,4.0,8658
2143,5.0,2843
2143,6.0,2421
2143,7.0,7545
2143,8.0,4969
2143,9.0,4571
2143,10.0,2421
2144,0.0,7267
2144,1.0,8529
2144,2.0,6640
2144,3.0,4887
2144,4.0,8053
2144,5.0,7581
2144,6.0,5238
2144,7.0,7545
2144,8.0,4969
2144,9.0,8733
2144,10.0,2939
2145,0.0,8411
2145,1.0,8321
2145,2.0,6640
2145,3.0,4887
2145,4.0,8053
2145,5.0,7581
2145,6.0,5238
2145,7.0,7545
2145,8.0,4969
2145,9.0,8733
2145,10.0,2939
2146,0.0,5952
2146,1.0,7172
2146,2.0,4620
2146,3.0,2866
2146,4.0,7595
2146,5.0,6663
2146,6.0,3185
2146,7.0,7897
2146,8.0,3632
2146,9.0,6617
2146,10.0,4692
2147,0.0,7948
2147,1.0,5421
2147,2.0,6953
2147,3.0,6743
2147,4.0,7595
2147,5.0,8130
2147,6.0,8312
2147,7.0,7897
2147,8.0,3632
2147,9.0,6617
2147,10.0,4692
2148,0.0,5070
2148,1.0,8567
2148,2.0,3301
2148,3.0,3982
2148,4.0,7595
2148,5.0,8538
2148,6.0,8280
2148,7.0,7897
2148,8.0,3632
2148,9.0,6617
2148,10.0,4692
2149,0.0,6358
2149,1.0,3490
2149,2.0,6407
2149,3.0,3201
2149,4.0,7666
2149,5.0,7082
2149,6.0,4380
2149,7.0,7897
2149,8.0,3632
2149,9.0,6617
2149,10.0,4692
2150,0.0,3972
2150,1.0,7776
2150,2.0,4023
2150,3.0,3386
2150,4.0,7595
2150,5.0,7196
2150,6.0,2421
2150,7.0,4126
2150,8.0,4108
2150,9.0,6331
2150,10.0,8589
2151,0.0,6362
2151,1.0,6225
2151,2.0,2839
2151,3.0,3386
2151,4.0,8104
2151,5.0,7658
2151,6.0,2421
2151,7.0,4126
2151,8.0,4108
2151,9.0,6331
2151,10.0,8589
2152,0.0,5041
2152,1.0,3316
2152,2.0,8340
2152,3.0,3390
2152,4.0,8104
2152,5.0,8130
2152,6.0,2421
2152,7.0,4126
2152,8.0,4108
2152,9.0,6331
2152,10.0,8589
2153,0.0,4652
2153,1.0,8362
2153,2.0,8216
2153,3.0,4409
2153,4.0,7943
2153,5.0,8576
2153,6.0,8280
2153,7.0,5708
2153,8.0,2514
2153,9.0,2661
2153,10.0,8301
2154,0.0,7820
2154,1.0,4199
2154,2.0,4142
2154,3.0,6019
2154,4.0,7943
2154,5.0,5958
2154,6.0,5755
2154,7.0,5708
2154,8.0,2514
2154,9.0,2661
2154,10.0,8301
2155,0.0,5393
2155,1.0,6864
2155,2.0,3363
2155,3.0,4409
2155,4.0,5113
2155,5.0,4928
2155,6.0,3548
2155,7.0,5708
2155,8.0,2514
2155,9.0,2661
2155,10.0,8301
2156,0.0,6275
2156,1.0,8523
2156,2.0,5702
2156,3.0,4409
2156,4.0,5113
2156,5.0,8576
2156,6.0,7307
2156,7.0,6931
2156,8.0,7958
2156,9.0,3557
2156,10.0,8044
2157,0.0,6363
2157,1.0,6206
2157,2.0,4429
2157,3.0,5312
2157,4.0,8658
2157,5.0,5836
2157,6.0,2421
2157,7.0,6931
2157,8.0,7958
2157,9.0,3557
2157,10.0,8044
2158,0.0,6269
2158,1.0,3789
2158,2.0,7341
2158,3.0,6743
2158,4.0,7943
2158,5.0,7196
2158,6.0,2421
2158,7.0,6931
2158,8.0,7958
2158,9.0,3557
2158,10.0,8044
2159,0.0,6599
2159,1.0,5276
2159,2.0,7384
2159,3.0,3982
2159,4.0,8658
2159,5.0,8494
2159,6.0,3485
2159,7.0,6931
2159,8.0,7958
2159,9.0,3557
2159,10.0,8044
2160,0.0,3463
2160,1.0,7874
2160,2.0,7633
2160,3.0,4887
2160,4.0,7943
2160,5.0,3996
2160,6.0,3469
2160,7.0,6931
2160,8.0,7958
2160,9.0,3557
2160,10.0,8044
2161,0.0,3584
2161,1.0,3886
2161,2.0,3723
2161,3.0,6743
2161,4.0,7595
2161,5.0,6653
2161,6.0,7077
2161,7.0,2474
2161,8.0,4445
2161,9.0,2652
2161,10.0,2939
2162,0.0,3924
2162,1.0,7641
2162,2.0,4081
2162,3.0,6897
2162,4.0,6799
2162,5.0,7132
2162,6.0,2421
2162,7.0,3311
2162,8.0,3903
2162,9.0,2953
2162,10.0,6784
2163,0.0,5121
2163,1.0,2496
2163,2.0,8474
2163,3.0,8264
2163,4.0,7595
2163,5.0,2421
2163,6.0,2421
2163,7.0,4357
2163,8.0,7928
2163,9.0,4869
2163,10.0,8301
2164,0.0,7976
2164,1.0,5354
2164,2.0,6611
2164,3.0,4409
2164,4.0,8658
2164,5.0,8576
2164,6.0,2421
2164,7.0,6811
2164,8.0,5017
2164,9.0,8048
2164,10.0,6423
2165,0.0,4879
2165,1.0,5564
2165,2.0,4753
2165,3.0,2866
2165,4.0,6554
2165,5.0,7912
2165,6.0,2421
2165,7.0,6635
2165,8.0,5308
2165,9.0,4114
2165,10.0,6423
2166,0.0,3830
2166,1.0,8009
2166,2.0,5808
2166,3.0,7703
2166,4.0,8658
2166,5.0,7082
2166,6.0,2421
2166,7.0,6635
2166,8.0,5308
2166,9.0,4114
2166,10.0,6423
2167,0.0,8438
2167,1.0,7539
2167,2.0,6900
2167,3.0,4409
2167,4.0,8658
2167,5.0,8102
2167,6.0,2421
2167,7.0,6635
2167,8.0,5308
2167,9.0,4114
2167,10.0,6423
2168,0.0,2679
2168,1.0,7062
2168,2.0,4856
2168,3.0,8052
2168,4.0,7666
2168,5.0,7144
2168,6.0,2421
2168,7.0,5435
2168,8.0,3831
2168,9.0,2652
2168,10.0,2939
2169,0.0,8604
2169,1.0,4433
2169,2.0,5660
2169,3.0,3201
2169,4.0,6799
2169,5.0,4990
2169,6.0,7399
2169,7.0,6603
2169,8.0,5339
2169,9.0,7558
2169,10.0,4105
2170,0.0,7469
2170,1.0,6562
2170,2.0,5654
2170,3.0,4409
2170,4.0,8104
2170,5.0,3974
2170,6.0,2421
2170,7.0,6603
2170,8.0,5339
2170,9.0,7558
2170,10.0,4105
2171,0.0,8003
2171,1.0,6682
2171,2.0,6939
2171,3.0,5307
2171,4.0,8104
2171,5.0,5874
2171,6.0,2421
2171,7.0,6603
2171,8.0,5339
2171,9.0,7558
2171,10.0,4105
2172,0.0,5491
2172,1.0,4775
2172,2.0,3837
2172,3.0,4588
2172,4.0,7595
2172,5.0,4200
2172,6.0,2421
2172,7.0,6603
2172,8.0,5339
2172,9.0,7558
2172,10.0,4105
2173,0.0,5390
2173,1.0,2532
2173,2.0,6527
2173,3.0,3978
2173,4.0,7595
2173,5.0,6041
2173,6.0,3878
2173,7.0,2680
2173,8.0,8625
2173,9.0,3436
2173,10.0,8019
2174,0.0,4184
2174,1.0,6627
2174,2.0,3202
2174,3.0,3529
2174,4.0,6799
2174,5.0,6514
2174,6.0,7399
2174,7.0,2472
2174,8.0,3074
2174,9.0,6656
2174,10.0,3680
2175,0.0,4815
2175,1.0,5620
2175,2.0,5402
2175,3.0,3920
2175,4.0,7666
2175,5.0,5254
2175,6.0,4503
2175,7.0,2472
2175,8.0,3074
2175,9.0,6656
2175,10.0,3680
2176,0.0,6291
2176,1.0,5786
2176,2.0,6658
2176,3.0,6743
2176,4.0,7666
2176,5.0,5254
2176,6.0,4120
2176,7.0,2472
2176,8.0,3074
2176,9.0,6656
2176,10.0,3680
2177,0.0,7122
2177,1.0,8068
2177,2.0,7491
2177,3.0,7637
2177,4.0,7550
2177,5.0,4208
2177,6.0,8459
2177,7.0,4713
2177,8.0,7351
2177,9.0,7398
2177,10.0,6194
2178,0.0,3602
2178,1.0,4416
2178,2.0,4063
2178,3.0,6743
2178,4.0,8104
2178,5.0,3817
2178,6.0,3548
2178,7.0,4713
2178,8.0,7351
2178,9.0,7398
2178,10.0,6194
2179,0.0,3615
2179,1.0,5107
2179,2.0,4735
2179,3.0,3201
2179,4.0,7943
2179,5.0,5836
2179,6.0,4221
2179,7.0,2666
2179,8.0,4844
2179,9.0,5878
2179,10.0,5301
2180,0.0,6626
2180,1.0,3807
2180,2.0,7126
2180,3.0,3928
2180,4.0,8658
2180,5.0,3520
2180,6.0,7242
2180,7.0,2666
2180,8.0,4844
2180,9.0,5878
2180,10.0,5301
2181,0.0,4053
2181,1.0,4966
2181,2.0,6713
2181,3.0,4409
2181,4.0,7943
2181,5.0,3151
2181,6.0,8492
2181,7.0,2666
2181,8.0,4844
2181,9.0,5878
2181,10.0,5301
2182,0.0,4907
2182,1.0,8343
2182,2.0,3629
2182,3.0,6099
2182,4.0,3213
2182,5.0,4208
2182,6.0,4499
2182,7.0,2666
2182,8.0,4844
2182,9.0,5878
2182,10.0,5301
2183,0.0,3333
2183,1.0,5748
2183,2.0,2823
2183,3.0,2866
2183,4.0,7595
2183,5.0,8576
2183,6.0,2421
2183,7.0,7057
2183,8.0,7746
2183,9.0,5367
2183,10.0,3440
2184,0.0,7735
2184,1.0,3990
2184,2.0,2465
2184,3.0,6743
2184,4.0,8104
2184,5.0,6947
2184,6.0,2421
2184,7.0,7057
2184,8.0,7746
2184,9.0,5367
2184,10.0,3440
2185,0.0,7683
2185,1.0,3068
2185,2.0,5694
2185,3.0,6920
2185,4.0,8104
2185,5.0,2788
2185,6.0,2421
2185,7.0,7057
2185,8.0,7746
2185,9.0,5367
2185,10.0,3440
2186,0.0,2956
2186,1.0,2692
2186,2.0,3685
2186,3.0,3477
2186,4.0,8104
2186,5.0,2421
2186,6.0,2421
2186,7.0,7057
2186,8.0,7746
2186,9.0,5709
2186,10.0,2421
2187,0.0,6983
2187,1.0,8603
2187,2.0,2546
2187,3.0,3920
2187,4.0,5113
2187,5.0,7912
2187,6.0,3185
2187,7.0,5230
2187,8.0,7164
2187,9.0,2697
2187,10.0,5301
2188,0.0,8346
2188,1.0,4654
2188,2.0,5077
2188,3.0,3978
2188,4.0,7943
2188,5.0,8576
2188,6.0,6195
2188,7.0,5230
2188,8.0,7164
2188,9.0,2697
2188,10.0,5301
2189,0.0,6043
2189,1.0,2698
2189,2.0,7326
2189,3.0,6925
2189,4.0,7943
2189,5.0,5826
2189,6.0,3311
2189,7.0,5230
2189,8.0,7164
2189,9.0,2697
2189,10.0,5301
2190,0.0,3704
2190,1.0,4226
2190,2.0,7440
2190,3.0,7546
2190,4.0,3213
2190,5.0,5836
2190,6.0,2421
2190,7.0,5230
2190,8.0,7164
2190,9.0,2697
2190,10.0,5301
2191,0.0,6018
2191,1.0,2579
2191,2.0,3674
2191,3.0,4887
2191,4.0,5113
2191,5.0,4917
2191,6.0,6070
2191,7.0,5230
2191,8.0,7164
2191,9.0,2697
2191,10.0,5301
2192,0.0,4374
2192,1.0,5378
2192,2.0,8642
2192,3.0,6743
2192,4.0,8658
2192,5.0,7912
2192,6.0,7073
2192,7.0,5230
2192,8.0,7164
2192,9.0,2697
2192,10.0,5301
2193,0.0,3979
2193,1.0,3408
2193,2.0,7278
2193,3.0,7637
2193,4.0,7943
2193,5.0,6383
2193,6.0,8459
2193,7.0,5230
2193,8.0,7164
2193,9.0,2697
2193,10.0,5301
2194,0.0,4363
2194,1.0,4260
2194,2.0,3868
2194,3.0,3920
2194,4.0,8658
2194,5.0,8576
2194,6.0,3548
2194,7.0,5230
2194,8.0,7164
2194,9.0,2697
2194,10.0,5301
2195,0.0,8193
2195,1.0,8706
2195,2.0,5493
2195,3.0,4256
2195,4.0,8658
2195,5.0,7132
2195,6.0,7307
2195,7.0,5230
2195,8.0,7164
2195,9.0,6446
2195,10.0,2421
2196,0.0,4696
2196,1.0,6879
2196,2.0,4656
2196,3.0,3529
2196,4.0,7595
2196,5.0,3520
2196,6.0,2421
2196,7.0,8090
2196,8.0,3317
2196,9.0,4294
2196,10.0,5481
2197,0.0,5912
2197,1.0,4038
2197,2.0,6892
2197,3.0,6743
2197,4.0,8104
2197,5.0,8130
2197,6.0,5004
2197,7.0,8090
2197,8.0,3317
2197,9.0,4294
2197,10.0,5481
2198,0.0,2424
2198,1.0,7540
2198,2.0,8081
2198,3.0,3920
2198,4.0,8104
2198,5.0,2843
2198,6.0,7307
2198,7.0,8090
2198,8.0,3317
2198,9.0,4294
2198,10.0,5481
2199,0.0,4650
2199,1.0,4068
2199,2.0,3018
2199,3.0,3978
2199,4.0,7595
2199,5.0,7196
2199,6.0,2666
2199,7.0,8090
2199,8.0,3317
2199,9.0,4294
2199,10.0,5481
2200,0.0,2655
2200,1.0,5868
2200,2.0,4685
2200,3.0,3529
2200,4.0,7666
2200,5.0,7132
2200,6.0,7399
2200,7.0,8090
2200,8.0,3317
2200,9.0,4294
2200,10.0,5481
2201,0.0,7372
2201,1.0,5300
2201,2.0,4227
2201,3.0,4409
2201,4.0,8104
2201,5.0,3520
2201,6.0,8492
2201,7.0,8090
2201,8.0,3317
2201,9.0,4294
2201,10.0,5481
2202,0.0,7536
2202,1.0,2566
2202,2.0,3952
2202,3.0,2866
2202,4.0,7666
2202,5.0,7132
2202,6.0,3761
2202,7.0,8090
2202,8.0,3317
2202,9.0,4294
2202,10.0,5481
2203,0.0,4537
2203,1.0,8719
2203,2.0,7605
2203,3.0,6743
2203,4.0,7666
2203,5.0,7658
2203,6.0,4424
2203,7.0,2590
2203,8.0,6839
2203,9.0,5204
2203,10.0,4109
2204,0.0,5419
2204,1.0,6819
2204,2.0,7519
2204,3.0,6651
2204,4.0,7666
2204,5.0,5836
2204,6.0,6931
2204,7.0,2590
2204,8.0,6839
2204,9.0,3694
2204,10.0,2421
2205,0.0,4793
2205,1.0,6462
2205,2.0,5424
2205,3.0,8052
2205,4.0,8658
2205,5.0,7196
2205,6.0,2421
2205,7.0,4606
2205,8.0,6008
2205,9.0,4178
2205,10.0,4105
2206,0.0,7200
2206,1.0,4043
2206,2.0,8272
2206,3.0,6743
2206,4.0,8658
2206,5.0,8609
2206,6.0,2421
2206,7.0,4606
2206,8.0,6008
2206,9.0,4178
2206,10.0,4105
2207,0.0,3056
2207,1.0,3852
2207,2.0,3505
2207,3.0,6743
2207,4.0,7666
2207,5.0,5254
2207,6.0,2594
2207,7.0,7190
2207,8.0,5963
2207,9.0,7931
2207,10.0,4355
2208,0.0,6780
2208,1.0,6579
2208,2.0,2913
2208,3.0,3994
2208,4.0,8104
2208,5.0,6947
2208,6.0,2421
2208,7.0,7190
2208,8.0,5963
2208,9.0,7931
2208,10.0,4355
2209,0.0,7503
2209,1.0,5818
2209,2.0,3808
2209,3.0,2866
2209,4.0,6799
2209,5.0,3817
2209,6.0,4509
2209,7.0,7190
2209,8.0,5963
2209,9.0,7931
2209,10.0,4355
2210,0.0,7024
2210,1.0,3728
2210,2.0,8282
2210,3.0,6743
2210,4.0,7666
2210,5.0,5519
2210,6.0,2421
2210,7.0,6329
2210,8.0,6245
2210,9.0,7952
2210,10.0,3471
2211,0.0,6957
2211,1.0,3594
2211,2.0,5351
2211,3.0,7478
2211,4.0,7595
2211,5.0,7196
2211,6.0,2421
2211,7.0,6329
2211,8.0,6245
2211,9.0,7952
2211,10.0,3471
2212,0.0,6249
2212,1.0,7083
2212,2.0,3809
2212,3.0,3114
2212,4.0,7595
2212,5.0,4174
2212,6.0,2421
2212,7.0,6329
2212,8.0,6245
2212,9.0,7952
2212,10.0,3471
2213,0.0,6288
2213,1.0,4463
2213,2.0,4884
2213,3.0,5098
2213,4.0,5113
2213,5.0,2670
2213,6.0,2421
2213,7.0,2605
2213,8.0,3336
2213,9.0,3559
2213,10.0,6784
2214,0.0,7900
2214,1.0,4583
2214,2.0,5779
2214,3.0,2866
2214,4.0,5113
2214,5.0,2788
2214,6.0,5581
2214,7.0,2605
2214,8.0,3336
2214,9.0,3559
2214,10.0,6784
2215,0.0,3007
2215,1.0,7536
2215,2.0,4968
2215,3.0,6897
2215,4.0,7666
2215,5.0,7132
2215,6.0,7077
2215,7.0,2605
2215,8.0,3336
2215,9.0,3559
2215,10.0,6784
2216,0.0,5999
2216,1.0,7635
2216,2.0,2544
2216,3.0,5098
2216,4.0,5113
2216,5.0,3699
2216,6.0,5688
2216,7.0,2605
2216,8.0,3336
2216,9.0,3559
2216,10.0,6784
2217,0.0,7552
2217,1.0,6034
2217,2.0,6665
2217,3.0,6743
2217,4.0,7595
2217,5.0,5575
2217,6.0,6450
2217,7.0,2605
2217,8.0,3336
2217,9.0,4961
2217,10.0,2421
2218,0.0,7078
2218,1.0,7648
2218,2.0,7110
2218,3.0,4409
2218,4.0,7666
2218,5.0,5836
2218,6.0,2804
2218,7.0,5543
2218,8.0,6531
2218,9.0,8439
2218,10.0,2504
2219,0.0,3747
2219,1.0,4070
2219,2.0,2829
2219,3.0,6743
2219,4.0,5113
2219,5.0,5254
2219,6.0,7489
2219,7.0,6622
2219,8.0,8030
2219,9.0,6995
2219,10.0,4109
2220,0.0,2931
2220,1.0,2876
2220,2.0,7499
2220,3.0,8264
2220,4.0,7595
2220,5.0,8314
2220,6.0,5904
2220,7.0,6373
2220,8.0,7542
2220,9.0,3055
2220,10.0,5625
2221,0.0,6631
2221,1.0,4044
2221,2.0,6476
2221,3.0,6743
2221,4.0,6799
2221,5.0,2788
2221,6.0,6749
2221,7.0,6373
2221,8.0,7542
2221,9.0,3055
2221,10.0,5625
2222,0.0,3059
2222,1.0,6957
2222,2.0,8062
2222,3.0,2826
2222,4.0,7666
2222,5.0,6041
2222,6.0,3416
2222,7.0,6373
2222,8.0,7542
2222,9.0,3055
2222,10.0,5625
2223,0.0,5406
2223,1.0,6077
2223,2.0,5030
2223,3.0,6743
2223,4.0,8104
2223,5.0,5536
2223,6.0,3630
2223,7.0,4521
2223,8.0,6507
2223,9.0,6712
2223,10.0,3106
2224,0.0,2448
2224,1.0,4817
2224,2.0,4024
2224,3.0,6743
2224,4.0,8104
2224,5.0,4990
2224,6.0,5377
2224,7.0,4521
2224,8.0,6507
2224,9.0,6712
2224,10.0,3106
2225,0.0,4422
2225,1.0,8364
2225,2.0,8159
2225,3.0,2866
2225,4.0,8104
2225,5.0,3974
2225,6.0,4499
2225,7.0,4521
2225,8.0,6507
2225,9.0,6712
2225,10.0,3106
2226,0.0,8697
2226,1.0,3166
2226,2.0,3176
2226,3.0,6743
2226,4.0,7595
2226,5.0,5968
2226,6.0,7241
2226,7.0,4521
2226,8.0,6507
2226,9.0,6712
2226,10.0,3106
2227,0.0,6087
2227,1.0,4557
2227,2.0,2921
2227,3.0,4256
2227,4.0,7595
2227,5.0,4990
2227,6.0,2421
2227,7.0,4521
2227,8.0,6507
2227,9.0,6712
2227,10.0,3106
2228,0.0,3257
2228,1.0,8674
2228,2.0,7615
2228,3.0,6743
2228,4.0,7666
2228,5.0,5968
2228,6.0,7241
2228,7.0,4521
2228,8.0,6507
2228,9.0,6712
2228,10.0,3106
2229,0.0,2646
2229,1.0,4276
2229,2.0,6756
2229,3.0,4409
2229,4.0,7595
2229,5.0,5519
2229,6.0,7073
2229,7.0,4521
2229,8.0,6507
2229,9.0,6712
2229,10.0,3106
2230,0.0,7407
2230,1.0,5093
2230,2.0,3399
2230,3.0,4588
2230,4.0,7595
2230,5.0,3151
2230,6.0,3185
2230,7.0,4521
2230,8.0,6507
2230,9.0,6712
2230,10.0,3106
2231,0.0,2821
2231,1.0,3687
2231,2.0,6781
2231,3.0,2866
2231,4.0,8104
2231,5.0,8576
2231,6.0,4499
2231,7.0,4521
2231,8.0,6507
2231,9.0,6712
2231,10.0,3106
2232,0.0,4259
2232,1.0,3676
2232,2.0,5206
2232,3.0,6743
2232,4.0,7666
2232,5.0,5254
2232,6.0,7241
2232,7.0,4521
2232,8.0,6507
2232,9.0,6712
2232,10.0,3106
2233,0.0,3262
2233,1.0,8641
2233,2.0,5401
2233,3.0,6743
2233,4.0,7595
2233,5.0,4990
2233,6.0,5377
2233,7.0,4521
2233,8.0,6507
2233,9.0,6712
2233,10.0,3106
2234,0.0,6077
2234,1.0,3648
2234,2.0,7080
2234,3.0,3201
2234,4.0,7595
2234,5.0,6653
2234,6.0,2421
2234,7.0,4521
2234,8.0,6507
2234,9.0,6712
2234,10.0,3106
2235,0.0,6299
2235,1.0,2582
2235,2.0,4254
2235,3.0,6743
2235,4.0,7943
2235,5.0,4928
2235,6.0,8287
2235,7.0,7961
2235,8.0,4570
2235,9.0,3014
2235,10.0,3697
2236,0.0,5926
2236,1.0,3553
2236,2.0,2770
2236,3.0,3477
2236,4.0,8104
2236,5.0,2612
2236,6.0,8164
2236,7.0,7961
2236,8.0,4570
2236,9.0,3014
2236,10.0,3697
2237,0.0,8520
2237,1.0,7410
2237,2.0,7699
2237,3.0,3477
2237,4.0,7666
2237,5.0,2612
2237,6.0,8164
2237,7.0,7961
2237,8.0,4570
2237,9.0,3014
2237,10.0,3697
2238,0.0,7778
2238,1.0,3824
2238,2.0,4977
2238,3.0,7920
2238,4.0,7666
2238,5.0,6041
2238,6.0,5230
2238,7.0,7961
2238,8.0,4570
2238,9.0,3014
2238,10.0,3697
2239,0.0,4888
2239,1.0,2975
2239,2.0,4849
2239,3.0,4409
2239,4.0,6799
2239,5.0,6041
2239,6.0,7073
2239,7.0,7961
2239,8.0,4570
2239,9.0,3014
2239,10.0,3697
2240,0.0,8358
2240,1.0,5699
2240,2.0,7815
2240,3.0,8296
2240,4.0,8104
2240,5.0,6084
2240,6.0,5313
2240,7.0,7961
2240,8.0,4570
2240,9.0,3014
2240,10.0,3697
2241,0.0,2746
2241,1.0,8051
2241,2.0,6469
2241,3.0,6940
2241,4.0,7595
2241,5.0,7132
2241,6.0,2421
2241,7.0,7961
2241,8.0,4570
2241,9.0,3014
2241,10.0,3697
2242,0.0,6946
2242,1.0,7123
2242,2.0,6415
2242,3.0,4409
2242,4.0,7595
2242,5.0,2842
2242,6.0,2421
2242,7.0,7961
2242,8.0,4570
2242,9.0,3014
2242,10.0,3697
2243,0.0,5810
2243,1.0,5159
2243,2.0,7870
2243,3.0,2509
2243,4.0,8104
2243,5.0,2843
2243,6.0,7802
2243,7.0,7961
2243,8.0,4570
2243,9.0,3014
2243,10.0,3697
2244,0.0,8042
2244,1.0,2854
2244,2.0,5998
2244,3.0,6743
2244,4.0,6554
2244,5.0,6947
2244,6.0,2421
2244,7.0,7961
2244,8.0,4570
2244,9.0,3014
2244,10.0,3697
2245,0.0,3553
2245,1.0,5255
2245,2.0,6189
2245,3.0,4318
2245,4.0,8104
2245,5.0,7132
2245,6.0,2421
2245,7.0,3717
2245,8.0,3756
2245,9.0,3303
2245,10.0,2988
2246,0.0,2993
2246,1.0,4604
2246,2.0,7947
2246,3.0,3698
2246,4.0,8658
2246,5.0,7196
2246,6.0,2421
2246,7.0,5479
2246,8.0,7025
2246,9.0,2476
2246,10.0,8019
2247,0.0,7808
2247,1.0,5653
2247,2.0,3645
2247,3.0,5933
2247,4.0,8104
2247,5.0,3817
2247,6.0,2421
2247,7.0,5479
2247,8.0,7025
2247,9.0,2476
2247,10.0,8019
2248,0.0,3476
2248,1.0,7002
2248,2.0,3411
2248,3.0,4887
2248,4.0,7666
2248,5.0,3894
2248,6.0,2421
2248,7.0,5479
2248,8.0,7025
2248,9.0,2476
2248,10.0,8019
2249,0.0,5762
2249,1.0,2721
2249,2.0,3030
2249,3.0,3734
2249,4.0,8104
2249,5.0,8538
2249,6.0,2421
2249,7.0,5479
2249,8.0,7025
2249,9.0,2476
2249,10.0,8019
2250,0.0,6510
2250,1.0,7381
2250,2.0,6445
2250,3.0,4564
2250,4.0,7595
2250,5.0,6746
2250,6.0,2421
2250,7.0,5479
2250,8.0,7025
2250,9.0,2476
2250,10.0,8019
2251,0.0,4493
2251,1.0,5187
2251,2.0,5642
2251,3.0,3467
2251,4.0,6554
2251,5.0,7196
2251,6.0,5358
2251,7.0,7139
2251,8.0,5735
2251,9.0,5568
2251,10.0,2568
2252,0.0,2642
2252,1.0,4745
2252,2.0,2623
2252,3.0,8264
2252,4.0,8104
2252,5.0,2654
2252,6.0,8459
2252,7.0,7139
2252,8.0,5735
2252,9.0,5568
2252,10.0,2568
2253,0.0,7749
2253,1.0,4596
2253,2.0,6601
2253,3.0,6743
2253,4.0,7666
2253,5.0,2654
2253,6.0,8243
2253,7.0,7139
2253,8.0,5735
2253,9.0,5568
2253,10.0,2568
2254,0.0,4824
2254,1.0,8421
2254,2.0,6834
2254,3.0,6743
2254,4.0,6554
2254,5.0,5298
2254,6.0,6492
2254,7.0,7139
2254,8.0,5735
2254,9.0,5568
2254,10.0,2568
2255,0.0,2662
2255,1.0,7373
2255,2.0,2811
2255,3.0,3529
2255,4.0,7595
2255,5.0,6514
2255,6.0,5230
2255,7.0,7139
2255,8.0,5735
2255,9.0,5568
2255,10.0,2568
2256,0.0,2802
2256,1.0,3839
2256,2.0,3149
2256,3.0,4383
2256,4.0,8104
2256,5.0,6514
2256,6.0,8491
2256,7.0,7139
2256,8.0,5735
2256,9.0,5568
2256,10.0,2568
2257,0.0,7182
2257,1.0,3138
2257,2.0,4891
2257,3.0,6743
2257,4.0,7666
2257,5.0,7658
2257,6.0,4120
2257,7.0,7139
2257,8.0,5735
2257,9.0,5568
2257,10.0,2568
2258,0.0,3402
2258,1.0,6820
2258,2.0,2973
2258,3.0,4409
2258,4.0,7666
2258,5.0,6514
2258,6.0,3485
2258,7.0,7139
2258,8.0,5735
2258,9.0,5568
2258,10.0,2568
2259,0.0,5036
2259,1.0,3509
2259,2.0,7238
2259,3.0,4409
2259,4.0,7666
2259,5.0,2654
2259,6.0,5410
2259,7.0,7139
2259,8.0,5735
2259,9.0,5568
2259,10.0,2568
2260,0.0,4320
2260,1.0,6326
2260,2.0,6877
2260,3.0,4564
2260,4.0,7595
2260,5.0,3520
2260,6.0,2421
2260,7.0,3576
2260,8.0,7086
2260,9.0,5772
2260,10.0,8044
2261,0.0,8505
2261,1.0,7457
2261,2.0,8073
2261,3.0,6743
2261,4.0,7943
2261,5.0,7206
2261,6.0,8312
2261,7.0,8162
2261,8.0,3362
2261,9.0,6687
2261,10.0,5625
2262,0.0,4938
2262,1.0,7352
2262,2.0,3116
2262,3.0,5459
2262,4.0,8658
2262,5.0,3337
2262,6.0,5688
2262,7.0,8162
2262,8.0,3362
2262,9.0,6687
2262,10.0,5625
2263,0.0,2822
2263,1.0,2644
2263,2.0,4088
2263,3.0,6917
2263,4.0,5113
2263,5.0,2842
2263,6.0,2421
2263,7.0,7960
2263,8.0,3358
2263,9.0,4524
2263,10.0,6423
2264,0.0,8176
2264,1.0,4511
2264,2.0,5331
2264,3.0,6917
2264,4.0,5113
2264,5.0,6947
2264,6.0,2421
2264,7.0,7960
2264,8.0,3358
2264,9.0,4524
2264,10.0,6423
2265,0.0,6678
2265,1.0,4508
2265,2.0,3222
2265,3.0,6917
2265,4.0,7943
2265,5.0,2842
2265,6.0,2421
2265,7.0,7960
2265,8.0,3358
2265,9.0,4524
2265,10.0,6423
2266,0.0,4396
2266,1.0,6198
2266,2.0,2780
2266,3.0,7214
2266,4.0,5113
2266,5.0,6257
2266,6.0,2421
2266,7.0,6454
2266,8.0,8091
2266,9.0,2638
2266,10.0,8044
2267,0.0,5763
2267,1.0,3378
2267,2.0,3554
2267,3.0,4588
2267,4.0,7943
2267,5.0,8489
2267,6.0,2421
2267,7.0,6454
2267,8.0,8091
2267,9.0,2638
2267,10.0,8044
2268,0.0,3609
2268,1.0,6378
2268,2.0,3089
2268,3.0,3386
2268,4.0,8658
2268,5.0,8129
2268,6.0,2421
2268,7.0,6454
2268,8.0,8091
2268,9.0,2638
2268,10.0,8044
2269,0.0,6895
2269,1.0,8670
2269,2.0,7158
2269,3.0,7158
2269,4.0,8658
2269,5.0,4457
2269,6.0,2421
2269,7.0,6454
2269,8.0,8091
2269,9.0,2638
2269,10.0,8044
2270,0.0,5542
2270,1.0,5688
2270,2.0,6152
2270,3.0,3390
2270,4.0,3213
2270,5.0,4917
2270,6.0,2421
2270,7.0,6454
2270,8.0,8091
2270,9.0,4840
2270,10.0,2421
2271,0.0,3579
2271,1.0,4091
2271,2.0,4452
2271,3.0,4887
2271,4.0,8104
2271,5.0,4917
2271,6.0,3311
2271,7.0,7844
2271,8.0,5531
2271,9.0,6331
2271,10.0,8589
2272,0.0,3389
2272,1.0,3076
2272,2.0,8495
2272,3.0,6616
2272,4.0,6554
2272,5.0,5995
2272,6.0,5358
2272,7.0,7844
2272,8.0,5531
2272,9.0,6331
2272,10.0,8589
2273,0.0,8258
2273,1.0,2891
2273,2.0,3620
2273,3.0,4409
2273,4.0,8104
2273,5.0,3520
2273,6.0,2421
2273,7.0,7844
2273,8.0,5531
2273,9.0,6331
2273,10.0,8589
2274,0.0,5649
2274,1.0,7155
2274,2.0,7640
2274,3.0,4407
2274,4.0,7666
2274,5.0,3817
2274,6.0,2421
2274,7.0,7844
2274,8.0,5531
2274,9.0,6331
2274,10.0,8589
2275,0.0,7516
2275,1.0,6043
2275,2.0,5728
2275,3.0,6743
2275,4.0,8658
2275,5.0,7132
2275,6.0,3548
2275,7.0,6750
2275,8.0,5251
2275,9.0,6598
2275,10.0,5301
2276,0.0,3500
2276,1.0,3182
2276,2.0,6001
2276,3.0,7478
2276,4.0,8053
2276,5.0,7132
2276,6.0,4380
2276,7.0,6750
2276,8.0,5251
2276,9.0,6598
2276,10.0,5301
2277,0.0,7579
2277,1.0,6673
2277,2.0,7229
2277,3.0,6743
2277,4.0,8658
2277,5.0,3817
2277,6.0,2421
2277,7.0,6750
2277,8.0,5251
2277,9.0,6598
2277,10.0,5301
2278,0.0,6719
2278,1.0,7425
2278,2.0,3427
2278,3.0,8127
2278,4.0,2556
2278,5.0,6150
2278,6.0,2421
2278,7.0,6390
2278,8.0,5138
2278,9.0,6995
2278,10.0,4109
2279,0.0,2518
2279,1.0,6693
2279,2.0,2733
2279,3.0,7698
2279,4.0,6220
2279,5.0,4150
2279,6.0,2421
2279,7.0,6390
2279,8.0,5138
2279,9.0,6995
2279,10.0,4109
2280,0.0,5222
2280,1.0,2491
2280,2.0,5603
2280,3.0,7393
2280,4.0,2556
2280,5.0,8609
2280,6.0,3525
2280,7.0,6390
2280,8.0,5138
2280,9.0,6995
2280,10.0,4109
2281,0.0,2964
2281,1.0,2849
2281,2.0,6054
2281,3.0,4442
2281,4.0,6921
2281,5.0,3996
2281,6.0,6390
2281,7.0,6390
2281,8.0,5138
2281,9.0,6995
2281,10.0,4109
2282,0.0,7564
2282,1.0,5465
2282,2.0,7974
2282,3.0,4588
2282,4.0,6921
2282,5.0,5859
2282,6.0,2421
2282,7.0,6390
2282,8.0,5138
2282,9.0,6995
2282,10.0,4109
2283,0.0,2723
2283,1.0,7128
2283,2.0,4497
2283,3.0,3734
2283,4.0,7666
2283,5.0,3817
2283,6.0,2421
2283,7.0,6390
2283,8.0,5138
2283,9.0,6995
2283,10.0,4109
2284,0.0,5280
2284,1.0,5671
2284,2.0,5022
2284,3.0,5933
2284,4.0,7666
2284,5.0,6947
2284,6.0,6931
2284,7.0,6390
2284,8.0,5138
2284,9.0,6995
2284,10.0,4109
2285,0.0,5504
2285,1.0,3424
2285,2.0,3216
2285,3.0,7393
2285,4.0,6220
2285,5.0,2788
2285,6.0,4509
2285,7.0,6390
2285,8.0,5138
2285,9.0,6995
2285,10.0,4109
2286,0.0,3834
2286,1.0,7308
2286,2.0,5891
2286,3.0,4887
2286,4.0,2556
2286,5.0,3996
2286,6.0,3311
2286,7.0,6390
2286,8.0,5138
2286,9.0,7927
2286,10.0,2421
2287,0.0,2696
2287,1.0,6130
2287,2.0,7343
2287,3.0,3366
2287,4.0,8658
2287,5.0,2670
2287,6.0,2421
2287,7.0,6390
2287,8.0,5138
2287,9.0,6995
2287,10.0,4109
2288,0.0,8581
2288,1.0,6978
2288,2.0,2740
2288,3.0,3467
2288,4.0,5113
2288,5.0,6084
2288,6.0,2421
2288,7.0,6390
2288,8.0,5138
2288,9.0,6995
2288,10.0,4109
2289,0.0,8726
2289,1.0,7312
2289,2.0,5264
2289,3.0,3386
2289,4.0,7666
2289,5.0,2788
2289,6.0,4509
2289,7.0,6390
2289,8.0,5138
2289,9.0,6995
2289,10.0,4109
2290,0.0,6481
2290,1.0,4262
2290,2.0,4532
2290,3.0,6201
2290,4.0,7666
2290,5.0,7439
2290,6.0,2421
2290,7.0,6390
2290,8.0,5138
2290,9.0,6995
2290,10.0,4109
2291,0.0,8232
2291,1.0,4366
2291,2.0,3833
2291,3.0,6651
2291,4.0,7595
2291,5.0,8538
2291,6.0,4380
2291,7.0,6390
2291,8.0,5138
2291,9.0,6995
2291,10.0,4109
2292,0.0,7739
2292,1.0,2677
2292,2.0,3538
2292,3.0,6651
2292,4.0,8104
2292,5.0,4990
2292,6.0,8459
2292,7.0,6390
2292,8.0,5138
2292,9.0,6995
2292,10.0,4109
2293,0.0,8393
2293,1.0,6175
2293,2.0,3324
2293,3.0,3982
2293,4.0,8104
2293,5.0,5262
2293,6.0,2421
2293,7.0,6390
2293,8.0,5138
2293,9.0,7927
2293,10.0,2421
2294,0.0,3094
2294,1.0,4714
2294,2.0,7047
2294,3.0,4409
2294,4.0,7666
2294,5.0,7912
2294,6.0,2421
2294,7.0,6390
2294,8.0,5138
2294,9.0,6995
2294,10.0,4109
2295,0.0,4206
2295,1.0,3893
2295,2.0,4098
2295,3.0,6743
2295,4.0,7595
2295,5.0,3894
2295,6.0,2421
2295,7.0,6390
2295,8.0,5138
2295,9.0,6995
2295,10.0,4109
2296,0.0,5631
2296,1.0,3961
2296,2.0,2782
2296,3.0,4588
2296,4.0,3213
2296,5.0,4208
2296,6.0,8459
2296,7.0,4455
2296,8.0,7246
2296,9.0,4562
2296,10.0,8301
2297,0.0,3376
2297,1.0,3171
2297,2.0,3767
2297,3.0,6743
2297,4.0,8104
2297,5.0,6947
2297,6.0,7241
2297,7.0,4455
2297,8.0,7246
2297,9.0,4562
2297,10.0,8301
2298,0.0,7071
2298,1.0,8582
2298,2.0,4048
2298,3.0,4409
2298,4.0,7666
2298,5.0,6514
2298,6.0,2421
2298,7.0,3491
2298,8.0,4670
2298,9.0,5568
2298,10.0,2568
2299,0.0,7276
2299,1.0,4238
2299,2.0,6581
2299,3.0,4887
2299,4.0,7595
2299,5.0,4690
2299,6.0,8312
2299,7.0,3491
2299,8.0,4670
2299,9.0,5568
2299,10.0,2568
2300,0.0,6356
2300,1.0,5027
2300,2.0,4153
2300,3.0,5098
2300,4.0,6799
2300,5.0,4174
2300,6.0,2421
2300,7.0,3491
2300,8.0,4670
2300,9.0,5568
2300,10.0,2568
2301,0.0,8049
2301,1.0,6683
2301,2.0,7686
2301,3.0,5933
2301,4.0,7595
2301,5.0,3817
2301,6.0,2421
2301,7.0,3491
2301,8.0,4670
2301,9.0,5568
2301,10.0,2568
2302,0.0,5163
2302,1.0,5601
2302,2.0,6732
2302,3.0,5933
2302,4.0,7666
2302,5.0,3817
2302,6.0,2421
2302,7.0,3491
2302,8.0,4670
2302,9.0,5568
2302,10.0,2568
2303,0.0,7249
2303,1.0,4148
2303,2.0,3508
2303,3.0,3978
2303,4.0,7595
2303,5.0,2654
2303,6.0,2421
2303,7.0,3491
2303,8.0,4670
2303,9.0,5568
2303,10.0,2568
2304,0.0,3977
2304,1.0,3617
2304,2.0,7291
2304,3.0,4887
2304,4.0,7595
2304,5.0,4690
2304,6.0,8312
2304,7.0,3491
2304,8.0,4670
2304,9.0,5568
2304,10.0,2568
2305,0.0,3459
2305,1.0,4926
2305,2.0,4048
2305,3.0,4409
2305,4.0,7595
2305,5.0,2654
2305,6.0,2421
2305,7.0,3491
2305,8.0,4670
2305,9.0,5568
2305,10.0,2568
2306,0.0,5552
2306,1.0,8042
2306,2.0,3916
2306,3.0,6917
2306,4.0,8658
2306,5.0,8609
2306,6.0,2421
2306,7.0,7693
2306,8.0,8291
2306,9.0,7724
2306,10.0,6423
2307,0.0,6605
2307,1.0,5810
2307,2.0,7188
2307,3.0,6917
2307,4.0,8658
2307,5.0,8494
2307,6.0,2421
2307,7.0,7693
2307,8.0,8291
2307,9.0,7724
2307,10.0,6423
2308,0.0,5513
2308,1.0,3908
2308,2.0,6136
2308,3.0,6917
2308,4.0,5113
2308,5.0,8489
2308,6.0,2421
2308,7.0,7693
2308,8.0,8291
2308,9.0,7724
2308,10.0,6423
2309,0.0,5187
2309,1.0,4992
2309,2.0,5525
2309,3.0,6917
2309,4.0,3213
2309,5.0,8609
2309,6.0,2421
2309,7.0,7693
2309,8.0,8291
2309,9.0,7724
2309,10.0,6423
2310,0.0,7998
2310,1.0,5650
2310,2.0,6584
2310,3.0,6917
2310,4.0,7943
2310,5.0,8609
2310,6.0,2421
2310,7.0,7693
2310,8.0,8291
2310,9.0,7724
2310,10.0,6423
2311,0.0,3693
2311,1.0,6853
2311,2.0,8630
2311,3.0,7703
2311,4.0,7595
2311,5.0,8576
2311,6.0,2421
2311,7.0,7083
2311,8.0,7629
2311,9.0,8374
2311,10.0,6784
2312,0.0,3418
2312,1.0,5315
2312,2.0,5151
2312,3.0,5813
2312,4.0,8104
2312,5.0,8524
2312,6.0,5688
2312,7.0,5744
2312,8.0,3790
2312,9.0,8724
2312,10.0,6784
2313,0.0,6158
2313,1.0,5403
2313,2.0,4918
2313,3.0,7478
2313,4.0,7666
2313,5.0,5061
2313,6.0,5313
2313,7.0,5744
2313,8.0,3790
2313,9.0,8724
2313,10.0,6784
2314,0.0,7141
2314,1.0,6049
2314,2.0,2860
2314,3.0,4588
2314,4.0,6554
2314,5.0,5575
2314,6.0,7242
2314,7.0,5744
2314,8.0,3790
2314,9.0,2936
2314,10.0,2421
2315,0.0,5786
2315,1.0,4293
2315,2.0,5604
2315,3.0,3114
2315,4.0,7666
2315,5.0,8524
2315,6.0,5688
2315,7.0,5744
2315,8.0,3790
2315,9.0,8724
2315,10.0,6784
2316,0.0,5620
2316,1.0,5170
2316,2.0,6854
2316,3.0,6743
2316,4.0,6799
2316,5.0,7658
2316,6.0,6450
2316,7.0,5744
2316,8.0,3790
2316,9.0,8724
2316,10.0,6784
2317,0.0,3421
2317,1.0,2581
2317,2.0,4332
2317,3.0,8501
2317,4.0,7595
2317,5.0,5575
2317,6.0,6450
2317,7.0,5744
2317,8.0,3790
2317,9.0,8724
2317,10.0,6784
2318,0.0,6627
2318,1.0,6183
2318,2.0,5805
2318,3.0,6743
2318,4.0,8104
2318,5.0,2654
2318,6.0,8492
2318,7.0,8610
2318,8.0,5112
2318,9.0,5852
2318,10.0,4599
2319,0.0,4250
2319,1.0,5349
2319,2.0,3757
2319,3.0,6743
2319,4.0,8104
2319,5.0,7206
2319,6.0,7382
2319,7.0,8610
2319,8.0,5112
2319,9.0,4912
2319,10.0,2421
2320,0.0,6879
2320,1.0,3461
2320,2.0,6875
2320,3.0,6743
2320,4.0,6554
2320,5.0,6868
2320,6.0,3548
2320,7.0,8610
2320,8.0,5112
2320,9.0,5852
2320,10.0,4599
2321,0.0,2450
2321,1.0,3200
2321,2.0,4963
2321,3.0,7478
2321,4.0,6554
2321,5.0,8102
2321,6.0,2421
2321,7.0,8610
2321,8.0,5112
2321,9.0,5852
2321,10.0,4599
2322,0.0,6975
2322,1.0,3077
2322,2.0,7441
2322,3.0,4887
2322,4.0,7595
2322,5.0,4917
2322,6.0,6450
2322,7.0,8610
2322,8.0,5112
2322,9.0,5852
2322,10.0,4599
2323,0.0,4434
2323,1.0,2963
2323,2.0,3099
2323,3.0,3201
2323,4.0,6554
2323,5.0,8102
2323,6.0,2421
2323,7.0,8610
2323,8.0,5112
2323,9.0,5852
2323,10.0,4599
2324,0.0,3224
2324,1.0,3170
2324,2.0,5136
2324,3.0,2932
2324,4.0,7595
2324,5.0,6041
2324,6.0,5230
2324,7.0,8610
2324,8.0,5112
2324,9.0,5852
2324,10.0,4599
2325,0.0,6866
2325,1.0,8010
2325,2.0,5807
2325,3.0,6743
2325,4.0,8104
2325,5.0,6514
2325,6.0,8492
2325,7.0,8610
2325,8.0,5112
2325,9.0,5852
2325,10.0,4599
2326,0.0,7747
2326,1.0,4377
2326,2.0,5888
2326,3.0,3467
2326,4.0,7666
2326,5.0,8576
2326,6.0,3185
2326,7.0,8610
2326,8.0,5112
2326,9.0,5852
2326,10.0,4599
2327,0.0,3003
2327,1.0,8445
2327,2.0,8686
2327,3.0,3978
2327,4.0,7666
2327,5.0,8038
2327,6.0,5358
2327,7.0,8610
2327,8.0,5112
2327,9.0,5852
2327,10.0,4599
2328,0.0,8367
2328,1.0,8585
2328,2.0,3757
2328,3.0,6743
2328,4.0,7666
2328,5.0,7206
2328,6.0,7382
2328,7.0,8610
2328,8.0,5112
2328,9.0,5852
2328,10.0,4599
2329,0.0,7781
2329,1.0,7466
2329,2.0,5005
2329,3.0,2866
2329,4.0,7666
2329,5.0,8102
2329,6.0,2421
2329,7.0,6715
2329,8.0,3456
2329,9.0,3413
2329,10.0,5301
2330,0.0,5981
2330,1.0,6258
2330,2.0,8703
2330,3.0,6743
2330,4.0,7943
2330,5.0,8576
2330,6.0,3930
2330,7.0,3316
2330,8.0,2800
2330,9.0,5927
2330,10.0,7591
2331,0.0,7140
2331,1.0,3059
2331,2.0,8245
2331,3.0,5307
2331,4.0,8658
2331,5.0,3151
2331,6.0,3185
2331,7.0,3316
2331,8.0,2800
2331,9.0,5927
2331,10.0,7591
2332,0.0,2535
2332,1.0,6631
2332,2.0,3800
2332,3.0,3928
2332,4.0,8658
2332,5.0,2843
2332,6.0,2421
2332,7.0,3316
2332,8.0,2800
2332,9.0,5927
2332,10.0,7591
2333,0.0,8086
2333,1.0,2931
2333,2.0,6293
2333,3.0,6743
2333,4.0,8658
2333,5.0,2843
2333,6.0,2421
2333,7.0,3316
2333,8.0,2800
2333,9.0,5927
2333,10.0,7591
2334,0.0,7076
2334,1.0,4582
2334,2.0,4229
2334,3.0,8417
2334,4.0,7666
2334,5.0,3070
2334,6.0,2421
2334,7.0,7532
2334,8.0,7004
2334,9.0,5932
2334,10.0,3499
2335,0.0,7840
2335,1.0,7032
2335,2.0,8319
2335,3.0,3920
2335,4.0,7666
2335,5.0,2843
2335,6.0,2421
2335,7.0,7532
2335,8.0,7004
2335,9.0,5932
2335,10.0,3499
2336,0.0,4032
2336,1.0,7708
2336,2.0,6259
2336,3.0,2866
2336,4.0,7595
2336,5.0,3520
2336,6.0,2421
2336,7.0,7532
2336,8.0,7004
2336,9.0,5932
2336,10.0,3499
2337,0.0,3692
2337,1.0,8563
2337,2.0,5259
2337,3.0,6743
2337,4.0,7666
2337,5.0,2421
2337,6.0,2421
2337,7.0,7532
2337,8.0,7004
2337,9.0,5932
2337,10.0,3499
2338,0.0,8542
2338,1.0,8323
2338,2.0,6151
2338,3.0,4409
2338,4.0,7595
2338,5.0,3520
2338,6.0,2421
2338,7.0,6910
2338,8.0,5695
2338,9.0,8371
2338,10.0,4371
2339,0.0,7932
2339,1.0,3634
2339,2.0,7268
2339,3.0,6616
2339,4.0,7595
2339,5.0,2654
2339,6.0,7964
2339,7.0,6910
2339,8.0,5695
2339,9.0,8371
2339,10.0,4371
2340,0.0,4644
2340,1.0,8315
2340,2.0,3288
2340,3.0,7478
2340,4.0,7666
2340,5.0,7196
2340,6.0,8280
2340,7.0,6910
2340,8.0,5695
2340,9.0,8371
2340,10.0,4371
2341,0.0,7690
2341,1.0,5071
2341,2.0,6698
2341,3.0,6743
2341,4.0,8104
2341,5.0,8609
2341,6.0,7489
2341,7.0,6910
2341,8.0,5695
2341,9.0,8371
2341,10.0,4371
2342,0.0,3865
2342,1.0,6741
2342,2.0,6539
2342,3.0,8296
2342,4.0,7666
2342,5.0,5519
2342,6.0,8459
2342,7.0,7261
2342,8.0,6660
2342,9.0,6681
2342,10.0,4599
2343,0.0,7561
2343,1.0,8278
2343,2.0,4450
2343,3.0,8264
2343,4.0,8104
2343,5.0,3974
2343,6.0,2421
2343,7.0,7261
2343,8.0,6660
2343,9.0,6681
2343,10.0,4599
2344,0.0,5741
2344,1.0,4045
2344,2.0,5294
2344,3.0,6743
2344,4.0,8104
2344,5.0,7912
2344,6.0,7382
2344,7.0,7261
2344,8.0,6660
2344,9.0,6681
2344,10.0,4599
2345,0.0,2774
2345,1.0,2649
2345,2.0,6072
2345,3.0,2989
2345,4.0,5113
2345,5.0,2421
2345,6.0,2421
2345,7.0,6904
2345,8.0,7124
2345,9.0,8594
2345,10.0,5797
2346,0.0,4433
2346,1.0,5492
2346,2.0,7644
2346,3.0,4681
2346,4.0,8104
2346,5.0,4174
2346,6.0,2421
2346,7.0,6904
2346,8.0,7124
2346,9.0,8594
2346,10.0,5797
2347,0.0,5492
2347,1.0,7561
2347,2.0,6938
2347,3.0,7810
2347,4.0,7595
2347,5.0,2421
2347,6.0,2421
2347,7.0,6904
2347,8.0,7124
2347,9.0,8594
2347,10.0,5797
2348,0.0,3445
2348,1.0,3865
2348,2.0,2751
2348,3.0,6743
2348,4.0,7595
2348,5.0,5575
2348,6.0,7401
2348,7.0,6904
2348,8.0,7124
2348,9.0,8594
2348,10.0,5797
2349,0.0,3273
2349,1.0,7690
2349,2.0,5672
2349,3.0,5307
2349,4.0,8104
2349,5.0,2421
2349,6.0,2421
2349,7.0,6904
2349,8.0,7124
2349,9.0,8594
2349,10.0,5797
2350,0.0,4774
2350,1.0,4644
2350,2.0,8637
2350,3.0,7370
2350,4.0,7666
2350,5.0,4948
2350,6.0,3761
2350,7.0,6904
2350,8.0,7124
2350,9.0,8594
2350,10.0,5797
2351,0.0,5309
2351,1.0,7932
2351,2.0,4627
2351,3.0,2866
2351,4.0,8104
2351,5.0,3974
2351,6.0,2421
2351,7.0,6904
2351,8.0,7124
2351,9.0,8594
2351,10.0,5797
2352,0.0,8305
2352,1.0,5616
2352,2.0,3984
2352,3.0,5236
2352,4.0,8104
2352,5.0,5836
2352,6.0,2421
2352,7.0,5941
2352,8.0,7061
2352,9.0,2445
2352,10.0,6214
2353,0.0,5213
2353,1.0,3011
2353,2.0,5884
2353,3.0,6743
2353,4.0,7666
2353,5.0,7196
2353,6.0,2421
2353,7.0,5941
2353,8.0,7061
2353,9.0,2445
2353,10.0,6214
2354,0.0,8569
2354,1.0,8502
2354,2.0,4578
2354,3.0,5236
2354,4.0,7666
2354,5.0,3520
2354,6.0,2421
2354,7.0,5941
2354,8.0,7061
2354,9.0,2445
2354,10.0,6214
2355,0.0,7032
2355,1.0,8679
2355,2.0,2783
2355,3.0,5236
2355,4.0,7595
2355,5.0,5836
2355,6.0,2421
2355,7.0,5941
2355,8.0,7061
2355,9.0,2445
2355,10.0,6214
2356,0.0,5012
2356,1.0,5408
2356,2.0,6475
2356,3.0,6743
2356,4.0,5113
2356,5.0,3817
2356,6.0,2421
2356,7.0,7771
2356,8.0,4877
2356,9.0,8334
2356,10.0,6423
2357,0.0,4721
2357,1.0,7857
2357,2.0,2576
2357,3.0,5656
2357,4.0,8104
2357,5.0,4200
2357,6.0,4509
2357,7.0,6424
2357,8.0,2551
2357,9.0,4889
2357,10.0,3680
2358,0.0,6478
2358,1.0,4274
2358,2.0,4687
2358,3.0,3698
2358,4.0,7666
2358,5.0,4200
2358,6.0,4509
2358,7.0,6424
2358,8.0,2551
2358,9.0,4889
2358,10.0,3680
2359,0.0,5556
2359,1.0,4788
2359,2.0,7841
2359,3.0,3698
2359,4.0,7666
2359,5.0,4200
2359,6.0,4509
2359,7.0,6424
2359,8.0,2551
2359,9.0,4889
2359,10.0,3680
2360,0.0,6061
2360,1.0,7020
2360,2.0,5412
2360,3.0,4887
2360,4.0,6799
2360,5.0,2670
2360,6.0,7532
2360,7.0,4505
2360,8.0,5171
2360,9.0,7332
2360,10.0,3697
2361,0.0,6472
2361,1.0,7851
2361,2.0,3467
2361,3.0,3467
2361,4.0,8104
2361,5.0,7132
2361,6.0,2421
2361,7.0,4505
2361,8.0,5171
2361,9.0,7332
2361,10.0,3697
2362,0.0,8727
2362,1.0,4039
2362,2.0,8248
2362,3.0,4588
2362,4.0,7595
2362,5.0,7196
2362,6.0,2421
2362,7.0,4505
2362,8.0,5171
2362,9.0,7332
2362,10.0,3697
2363,0.0,2649
2363,1.0,3592
2363,2.0,5141
2363,3.0,3529
2363,4.0,6554
2363,5.0,8576
2363,6.0,4499
2363,7.0,4505
2363,8.0,5171
2363,9.0,7332
2363,10.0,3697
2364,0.0,3100
2364,1.0,8094
2364,2.0,7033
2364,3.0,4887
2364,4.0,8104
2364,5.0,2670
2364,6.0,7532
2364,7.0,4505
2364,8.0,5171
2364,9.0,7473
2364,10.0,2421
2365,0.0,7173
2365,1.0,5352
2365,2.0,7033
2365,3.0,4887
2365,4.0,6799
2365,5.0,2670
2365,6.0,7532
2365,7.0,4505
2365,8.0,5171
2365,9.0,7332
2365,10.0,3697
2366,0.0,7352
2366,1.0,6322
2366,2.0,8712
2366,3.0,7478
2366,4.0,8104
2366,5.0,5995
2366,6.0,4640
2366,7.0,4505
2366,8.0,5171
2366,9.0,7332
2366,10.0,3697
2367,0.0,4147
2367,1.0,4392
2367,2.0,7672
2367,3.0,3928
2367,4.0,7666
2367,5.0,3817
2367,6.0,5313
2367,7.0,4505
2367,8.0,5171
2367,9.0,7332
2367,10.0,3697
2368,0.0,8710
2368,1.0,5435
2368,2.0,4312
2368,3.0,3467
2368,4.0,7595
2368,5.0,8038
2368,6.0,2421
2368,7.0,4505
2368,8.0,5171
2368,9.0,7332
2368,10.0,3697
2369,0.0,7274
2369,1.0,4086
2369,2.0,3410
2369,3.0,4409
2369,4.0,8104
2369,5.0,6868
2369,6.0,3630
2369,7.0,4505
2369,8.0,5171
2369,9.0,7332
2369,10.0,3697
2370,0.0,7702
2370,1.0,2642
2370,2.0,5148
2370,3.0,3386
2370,4.0,8104
2370,5.0,8489
2370,6.0,2666
2370,7.0,8353
2370,8.0,6571
2370,9.0,5232
2370,10.0,2421
2371,0.0,7457
2371,1.0,7625
2371,2.0,6936
2371,3.0,4382
2371,4.0,7666
2371,5.0,5519
2371,6.0,3185
2371,7.0,8353
2371,8.0,6571
2371,9.0,7846
2371,10.0,6194
2372,0.0,8449
2372,1.0,6856
2372,2.0,2726
2372,3.0,6897
2372,4.0,7595
2372,5.0,7132
2372,6.0,5688
2372,7.0,8353
2372,8.0,6571
2372,9.0,7846
2372,10.0,6194
2373,0.0,6222
2373,1.0,3157
2373,2.0,2713
2373,3.0,4409
2373,4.0,8104
2373,5.0,6383
2373,6.0,7077
2373,7.0,8353
2373,8.0,6571
2373,9.0,7846
2373,10.0,6194
2374,0.0,5363
2374,1.0,2490
2374,2.0,4822
2374,3.0,6518
2374,4.0,8053
2374,5.0,8314
2374,6.0,2421
2374,7.0,8123
2374,8.0,6684
2374,9.0,3914
2374,10.0,4121
2375,0.0,5791
2375,1.0,5922
2375,2.0,2796
2375,3.0,4681
2375,4.0,8658
2375,5.0,2788
2375,6.0,2421
2375,7.0,8123
2375,8.0,6684
2375,9.0,3914
2375,10.0,4121
2376,0.0,5853
2376,1.0,8297
2376,2.0,5759
2376,3.0,4318
2376,4.0,8658
2376,5.0,7196
2376,6.0,2421
2376,7.0,8123
2376,8.0,6684
2376,9.0,5756
2376,10.0,2421
2377,0.0,4137
2377,1.0,5099
2377,2.0,6055
2377,3.0,4409
2377,4.0,5113
2377,5.0,3894
2377,6.0,2421
2377,7.0,7790
2377,8.0,7471
2377,9.0,6555
2377,10.0,4692
2378,0.0,3951
2378,1.0,7818
2378,2.0,7939
2378,3.0,3529
2378,4.0,7943
2378,5.0,6746
2378,6.0,2421
2378,7.0,7790
2378,8.0,7471
2378,9.0,6555
2378,10.0,4692
2379,0.0,8462
2379,1.0,3439
2379,2.0,6655
2379,3.0,6743
2379,4.0,5113
2379,5.0,7142
2379,6.0,6492
2379,7.0,3246
2379,8.0,4479
2379,9.0,7744
2379,10.0,3106
2380,0.0,3181
2380,1.0,8687
2380,2.0,4835
2380,3.0,3920
2380,4.0,7943
2380,5.0,7581
2380,6.0,7242
2380,7.0,3246
2380,8.0,4479
2380,9.0,7744
2380,10.0,3106
2381,0.0,6079
2381,1.0,5070
2381,2.0,4542
2381,3.0,8264
2381,4.0,7666
2381,5.0,5836
2381,6.0,2421
2381,7.0,6264
2381,8.0,7534
2381,9.0,4639
2381,10.0,5645
2382,0.0,4895
2382,1.0,7948
2382,2.0,2479
2382,3.0,6743
2382,4.0,7595
2382,5.0,3396
2382,6.0,5004
2382,7.0,6264
2382,8.0,7534
2382,9.0,4639
2382,10.0,5645
2383,0.0,4439
2383,1.0,5952
2383,2.0,2986
2383,3.0,3920
2383,4.0,7666
2383,5.0,8576
2383,6.0,2421
2383,7.0,6264
2383,8.0,7534
2383,9.0,4639
2383,10.0,5645
2384,0.0,4069
2384,1.0,8411
2384,2.0,7862
2384,3.0,6743
2384,4.0,6554
2384,5.0,4990
2384,6.0,6373
2384,7.0,6264
2384,8.0,7534
2384,9.0,4639
2384,10.0,5645
2385,0.0,4277
2385,1.0,5743
2385,2.0,7240
2385,3.0,3734
2385,4.0,8104
2385,5.0,5599
2385,6.0,2421
2385,7.0,8074
2385,8.0,7226
2385,9.0,7889
2385,10.0,6003
2386,0.0,5844
2386,1.0,5395
2386,2.0,8545
2386,3.0,6743
2386,4.0,7595
2386,5.0,5254
2386,6.0,5833
2386,7.0,8074
2386,8.0,7226
2386,9.0,7889
2386,10.0,6003
2387,0.0,6731
2387,1.0,5038
2387,2.0,7520
2387,3.0,6897
2387,4.0,6554
2387,5.0,7132
2387,6.0,5313
2387,7.0,8074
2387,8.0,7226
2387,9.0,7889
2387,10.0,6003
2388,0.0,3225
2388,1.0,3572
2388,2.0,5850
2388,3.0,6743
2388,4.0,7666
2388,5.0,2612
2388,6.0,2594
2388,7.0,7121
2388,8.0,2560
2388,9.0,2841
2388,10.0,6423
2389,0.0,8646
2389,1.0,6107
2389,2.0,5469
2389,3.0,4588
2389,4.0,7666
2389,5.0,8038
2389,6.0,2421
2389,7.0,7121
2389,8.0,2560
2389,9.0,2841
2389,10.0,6423
2390,0.0,2716
2390,1.0,2877
2390,2.0,7700
2390,3.0,6743
2390,4.0,8104
2390,5.0,5599
2390,6.0,5730
2390,7.0,8396
2390,8.0,4037
2390,9.0,3574
2390,10.0,6194
2391,0.0,3565
2391,1.0,6755
2391,2.0,7412
2391,3.0,2989
2391,4.0,7666
2391,5.0,8102
2391,6.0,4380
2391,7.0,4709
2391,8.0,3991
2391,9.0,4333
2391,10.0,6423
2392,0.0,4248
2392,1.0,2878
2392,2.0,6787
2392,3.0,6917
2392,4.0,8104
2392,5.0,7196
2392,6.0,2421
2392,7.0,4779
2392,8.0,5777
2392,9.0,8689
2392,10.0,2939
2393,0.0,4376
2393,1.0,8634
2393,2.0,3419
2393,3.0,6743
2393,4.0,7595
2393,5.0,6947
2393,6.0,4120
2393,7.0,7827
2393,8.0,3560
2393,9.0,2694
2393,10.0,2421
2394,0.0,4792
2394,1.0,3459
2394,2.0,7594
2394,3.0,6897
2394,4.0,7666
2394,5.0,8235
2394,6.0,4380
2394,7.0,7827
2394,8.0,3560
2394,9.0,4636
2394,10.0,6214
2395,0.0,5986
2395,1.0,6701
2395,2.0,6918
2395,3.0,6743
2395,4.0,7943
2395,5.0,2842
2395,6.0,8287
2395,7.0,5614
2395,8.0,4720
2395,9.0,6300
2395,10.0,4599
2396,0.0,4075
2396,1.0,3979
2396,2.0,6223
2396,3.0,6743
2396,4.0,7666
2396,5.0,8494
2396,6.0,8287
2396,7.0,4558
2396,8.0,8601
2396,9.0,3877
2396,10.0,3680
2397,0.0,6823
2397,1.0,5970
2397,2.0,6004
2397,3.0,5312
2397,4.0,8104
2397,5.0,7132
2397,6.0,5688
2397,7.0,4558
2397,8.0,8601
2397,9.0,3877
2397,10.0,3680
2398,0.0,7630
2398,1.0,5215
2398,2.0,7117
2398,3.0,4887
2398,4.0,8104
2398,5.0,4635
2398,6.0,4509
2398,7.0,4558
2398,8.0,8601
2398,9.0,3877
2398,10.0,3680
2399,0.0,3078
2399,1.0,4814
2399,2.0,7424
2399,3.0,6743
2399,4.0,8104
2399,5.0,8494
2399,6.0,8287
2399,7.0,4558
2399,8.0,8601
2399,9.0,3877
2399,10.0,3680
2400,0.0,8070
2400,1.0,5023
2400,2.0,5623
2400,3.0,4409
2400,4.0,8104
2400,5.0,3817
2400,6.0,3548
2400,7.0,4558
2400,8.0,8601
2400,9.0,3877
2400,10.0,3680
2401,0.0,6062
2401,1.0,3642
2401,2.0,2930
2401,3.0,7370
2401,4.0,7666
2401,5.0,2555
2401,6.0,2421
2401,7.0,6290
2401,8.0,3069
2401,9.0,7963
2401,10.0,4109
2402,0.0,3441
2402,1.0,2672
2402,2.0,6503
2402,3.0,2509
2402,4.0,8104
2402,5.0,3699
2402,6.0,2421
2402,7.0,6290
2402,8.0,3069
2402,9.0,7963
2402,10.0,4109
2403,0.0,5583
2403,1.0,3178
2403,2.0,5010
2403,3.0,3467
2403,4.0,7666
2403,5.0,5836
2403,6.0,2421
2403,7.0,6290
2403,8.0,3069
2403,9.0,7963
2403,10.0,4109
2404,0.0,8472
2404,1.0,6954
2404,2.0,7589
2404,3.0,7703
2404,4.0,7666
2404,5.0,2788
2404,6.0,2421
2404,7.0,6290
2404,8.0,3069
2404,9.0,7963
2404,10.0,4109
2405,0.0,4514
2405,1.0,6723
2405,2.0,7611
2405,3.0,7346
2405,4.0,7666
2405,5.0,5262
2405,6.0,7077
2405,7.0,6290
2405,8.0,3069
2405,9.0,7963
2405,10.0,4109
2406,0.0,7814
2406,1.0,4978
2406,2.0,7861
2406,3.0,2866
2406,4.0,6799
2406,5.0,8576
2406,6.0,2421
2406,7.0,6290
2406,8.0,3069
2406,9.0,7963
2406,10.0,4109
2407,0.0,8380
2407,1.0,6771
2407,2.0,8497
2407,3.0,4383
2407,4.0,7666
2407,5.0,5836
2407,6.0,2421
2407,7.0,6290
2407,8.0,3069
2407,9.0,7963
2407,10.0,4109
2408,0.0,7414
2408,1.0,3342
2408,2.0,4707
2408,3.0,4409
2408,4.0,7595
2408,5.0,5836
2408,6.0,4503
2408,7.0,6290
2408,8.0,3069
2408,9.0,7963
2408,10.0,4109
2409,0.0,8214
2409,1.0,2749
2409,2.0,3901
2409,3.0,2866
2409,4.0,7666
2409,5.0,8576
2409,6.0,2421
2409,7.0,6290
2409,8.0,3069
2409,9.0,7963
2409,10.0,4109
