,0,1,2
0,COL ProviderNumber VAL 10001 COL HospitalName VAL southeast alabama medical center COL Address1 VAL 1108 ross clark circle COL Address2 VAL empty COL Address3 VAL empty COL City VAL dothan COL State VAL al COL ZipCode VAL 36302 COL CountyName VAL houston COL PhoneNumber VAL 3347938701 COL HospitalType VAL acute care hospitals COL HospitalOwner VAL government - hospital district or authority COL EmergencyService VAL yes COL Condition VAL heart attaxk COL MeasureCode VAL ami-3 COL MeasureName VAL heart attack patients given ace inhibitor or arb for left ventricular systolic dysfunction (lvsd) COL Score VAL 96% COL Sample VAL 71 patients COL Stateavg VAL al_ami-3 ,COL ProviderNumber VAL 10001 ,0
1,COL ProviderNumber VAL 10001 COL HospitalName VAL southeast alabama medical center COL Address1 VAL 1108 ross clark circle COL Address2 VAL empty COL Address3 VAL empty COL City VAL dothan COL State VAL al COL ZipCode VAL 36302 COL CountyName VAL houston COL PhoneNumber VAL 3347938701 COL HospitalType VAL acute care hospitals COL HospitalOwner VAL government - hospital district or authority COL EmergencyService VAL yes COL Condition VAL heart attaxk COL MeasureCode VAL ami-3 COL MeasureName VAL heart attack patients given ace inhibitor or arb for left ventricular systolic dysfunction (lvsd) COL Score VAL 96% COL Sample VAL 71 patients COL Stateavg VAL al_ami-3 ,COL Address1 VAL 1108 ross clark circle ,0
2,COL ProviderNumber VAL 10001 COL HospitalName VAL southeast alabama medical center COL Address1 VAL 1108 ross clark circle COL Address2 VAL empty COL Address3 VAL empty COL City VAL dothan COL State VAL al COL ZipCode VAL 36302 COL CountyName VAL houston COL PhoneNumber VAL 3347938701 COL HospitalType VAL acute care hospitals COL HospitalOwner VAL government - hospital district or authority COL EmergencyService VAL yes COL Condition VAL heart attaxk COL MeasureCode VAL ami-3 COL MeasureName VAL heart attack patients given ace inhibitor or arb for left ventricular systolic dysfunction (lvsd) COL Score VAL 96% COL Sample VAL 71 patients COL Stateavg VAL al_ami-3 ,COL City VAL dothan ,0
3,COL ProviderNumber VAL 10001 COL HospitalName VAL southeast alabama medical center COL Address1 VAL 1108 ross clark circle COL Address2 VAL empty COL Address3 VAL empty COL City VAL dothan COL State VAL al COL ZipCode VAL 36302 COL CountyName VAL houston COL PhoneNumber VAL 3347938701 COL HospitalType VAL acute care hospitals COL HospitalOwner VAL government - hospital district or authority COL EmergencyService VAL yes COL Condition VAL heart attaxk COL MeasureCode VAL ami-3 COL MeasureName VAL heart attack patients given ace inhibitor or arb for left ventricular systolic dysfunction (lvsd) COL Score VAL 96% COL Sample VAL 71 patients COL Stateavg VAL al_ami-3 ,COL State VAL al ,0
4,COL ProviderNumber VAL 10001 COL HospitalName VAL southeast alabama medical center COL Address1 VAL 1108 ross clark circle COL Address2 VAL empty COL Address3 VAL empty COL City VAL dothan COL State VAL al COL ZipCode VAL 36302 COL CountyName VAL houston COL PhoneNumber VAL 3347938701 COL HospitalType VAL acute care hospitals COL HospitalOwner VAL government - hospital district or authority COL EmergencyService VAL yes COL Condition VAL heart attaxk COL MeasureCode VAL ami-3 COL MeasureName VAL heart attack patients given ace inhibitor or arb for left ventricular systolic dysfunction (lvsd) COL Score VAL 96% COL Sample VAL 71 patients COL Stateavg VAL al_ami-3 ,COL ZipCode VAL 36302 ,0
5,COL ProviderNumber VAL 10001 COL HospitalName VAL southeast alabama medical center COL Address1 VAL 1108 ross clark circle COL Address2 VAL empty COL Address3 VAL empty COL City VAL dothan COL State VAL al COL ZipCode VAL 36302 COL CountyName VAL houston COL PhoneNumber VAL 3347938701 COL HospitalType VAL acute care hospitals COL HospitalOwner VAL government - hospital district or authority COL EmergencyService VAL yes COL Condition VAL heart attaxk COL MeasureCode VAL ami-3 COL MeasureName VAL heart attack patients given ace inhibitor or arb for left ventricular systolic dysfunction (lvsd) COL Score VAL 96% COL Sample VAL 71 patients COL Stateavg VAL al_ami-3 ,COL PhoneNumber VAL 3347938701 ,0
6,COL ProviderNumber VAL 10001 COL HospitalName VAL southeast alabama medical center COL Address1 VAL 1108 ross clark circle COL Address2 VAL empty COL Address3 VAL empty COL City VAL dothan COL State VAL al COL ZipCode VAL 36302 COL CountyName VAL houston COL PhoneNumber VAL 3347938701 COL HospitalType VAL acute care hospitals COL HospitalOwner VAL government - hospital district or authority COL EmergencyService VAL yes COL Condition VAL heart attaxk COL MeasureCode VAL ami-3 COL MeasureName VAL heart attack patients given ace inhibitor or arb for left ventricular systolic dysfunction (lvsd) COL Score VAL 96% COL Sample VAL 71 patients COL Stateavg VAL al_ami-3 ,COL HospitalOwner VAL government - hospital district or authority ,0
7,COL ProviderNumber VAL 10001 COL HospitalName VAL southeast alabama medical center COL Address1 VAL 1108 ross clark circle COL Address2 VAL empty COL Address3 VAL empty COL City VAL dothan COL State VAL al COL ZipCode VAL 36302 COL CountyName VAL houston COL PhoneNumber VAL 3347938701 COL HospitalType VAL acute care hospitals COL HospitalOwner VAL government - hospital district or authority COL EmergencyService VAL yes COL Condition VAL heart attaxk COL MeasureCode VAL ami-3 COL MeasureName VAL heart attack patients given ace inhibitor or arb for left ventricular systolic dysfunction (lvsd) COL Score VAL 96% COL Sample VAL 71 patients COL Stateavg VAL al_ami-3 ,COL EmergencyService VAL yes ,0
8,COL ProviderNumber VAL 10001 COL HospitalName VAL southeast alabama medical center COL Address1 VAL 1108 ross clark circle COL Address2 VAL empty COL Address3 VAL empty COL City VAL dothan COL State VAL al COL ZipCode VAL 36302 COL CountyName VAL houston COL PhoneNumber VAL 3347938701 COL HospitalType VAL acute care hospitals COL HospitalOwner VAL government - hospital district or authority COL EmergencyService VAL yes COL Condition VAL heart attaxk COL MeasureCode VAL ami-3 COL MeasureName VAL heart attack patients given ace inhibitor or arb for left ventricular systolic dysfunction (lvsd) COL Score VAL 96% COL Sample VAL 71 patients COL Stateavg VAL al_ami-3 ,COL Condition VAL heart attaxk ,1
9,COL ProviderNumber VAL 10001 COL HospitalName VAL southeast alabama medical center COL Address1 VAL 1108 ross clark circle COL Address2 VAL empty COL Address3 VAL empty COL City VAL dothan COL State VAL al COL ZipCode VAL 36302 COL CountyName VAL houston COL PhoneNumber VAL 3347938701 COL HospitalType VAL acute care hospitals COL HospitalOwner VAL government - hospital district or authority COL EmergencyService VAL yes COL Condition VAL heart attaxk COL MeasureCode VAL ami-3 COL MeasureName VAL heart attack patients given ace inhibitor or arb for left ventricular systolic dysfunction (lvsd) COL Score VAL 96% COL Sample VAL 71 patients COL Stateavg VAL al_ami-3 ,COL MeasureName VAL heart attack patients given ace inhibitor or arb for left ventricular systolic dysfunction (lvsd) ,0
10,COL ProviderNumber VAL 10001 COL HospitalName VAL southeast alabama medical center COL Address1 VAL 1108 ross clark circle COL Address2 VAL empty COL Address3 VAL empty COL City VAL dothan COL State VAL al COL ZipCode VAL 36302 COL CountyName VAL houston COL PhoneNumber VAL 3347938701 COL HospitalType VAL acute care hospitals COL HospitalOwner VAL government - hospital district or authority COL EmergencyService VAL yes COL Condition VAL heart attaxk COL MeasureCode VAL ami-3 COL MeasureName VAL heart attack patients given ace inhibitor or arb for left ventricular systolic dysfunction (lvsd) COL Score VAL 96% COL Sample VAL 71 patients COL Stateavg VAL al_ami-3 ,COL Sample VAL 71 patients ,0
11,COL ProviderNumber VAL 10001 COL HospitalName VAL southeast alabama medical center COL Address1 VAL 1108 ross clark circle COL Address2 VAL empty COL Address3 VAL empty COL City VAL dothan COL State VAL al COL ZipCode VAL 36302 COL CountyName VAL houston COL PhoneNumber VAL 3347938701 COL HospitalType VAL acute care hospitals COL HospitalOwner VAL government - hospital district or authority COL EmergencyService VAL yes COL Condition VAL heart attaxk COL MeasureCode VAL ami-3 COL MeasureName VAL heart attack patients given ace inhibitor or arb for left ventricular systolic dysfunction (lvsd) COL Score VAL 96% COL Sample VAL 71 patients COL Stateavg VAL al_ami-3 ,COL Stateavg VAL al_ami-3 ,0
12,COL ProviderNumber VAL 10005 COL HospitalName VAL marshall medical center south COL Address1 VAL 2505 u s highway 431 north COL Address2 VAL empty COL Address3 VAL empty COL City VAL boaz COL State VAL al COL ZipCode VAL x5957 COL CountyName VAL marshall COL PhoneNumber VAL 2565938310 COL HospitalType VAL acute care hospitals COL HospitalOwner VAL government - hospital district or authority COL EmergencyService VAL yes COL Condition VAL heart attack COL MeasureCode VAL ami-1 COL MeasureName VAL heart attack patients given aspirin at arrival COL Score VAL 80% COL Sample VAL 20 patients COL Stateavg VAL al_ami-1 ,COL ProviderNumber VAL 10005 ,0
13,COL ProviderNumber VAL 10005 COL HospitalName VAL marshall medical center south COL Address1 VAL 2505 u s highway 431 north COL Address2 VAL empty COL Address3 VAL empty COL City VAL boaz COL State VAL al COL ZipCode VAL x5957 COL CountyName VAL marshall COL PhoneNumber VAL 2565938310 COL HospitalType VAL acute care hospitals COL HospitalOwner VAL government - hospital district or authority COL EmergencyService VAL yes COL Condition VAL heart attack COL MeasureCode VAL ami-1 COL MeasureName VAL heart attack patients given aspirin at arrival COL Score VAL 80% COL Sample VAL 20 patients COL Stateavg VAL al_ami-1 ,COL Address1 VAL 2505 u s highway 431 north ,0
14,COL ProviderNumber VAL 10005 COL HospitalName VAL marshall medical center south COL Address1 VAL 2505 u s highway 431 north COL Address2 VAL empty COL Address3 VAL empty COL City VAL boaz COL State VAL al COL ZipCode VAL x5957 COL CountyName VAL marshall COL PhoneNumber VAL 2565938310 COL HospitalType VAL acute care hospitals COL HospitalOwner VAL government - hospital district or authority COL EmergencyService VAL yes COL Condition VAL heart attack COL MeasureCode VAL ami-1 COL MeasureName VAL heart attack patients given aspirin at arrival COL Score VAL 80% COL Sample VAL 20 patients COL Stateavg VAL al_ami-1 ,COL City VAL boaz ,0
15,COL ProviderNumber VAL 10005 COL HospitalName VAL marshall medical center south COL Address1 VAL 2505 u s highway 431 north COL Address2 VAL empty COL Address3 VAL empty COL City VAL boaz COL State VAL al COL ZipCode VAL x5957 COL CountyName VAL marshall COL PhoneNumber VAL 2565938310 COL HospitalType VAL acute care hospitals COL HospitalOwner VAL government - hospital district or authority COL EmergencyService VAL yes COL Condition VAL heart attack COL MeasureCode VAL ami-1 COL MeasureName VAL heart attack patients given aspirin at arrival COL Score VAL 80% COL Sample VAL 20 patients COL Stateavg VAL al_ami-1 ,COL State VAL al ,0
16,COL ProviderNumber VAL 10005 COL HospitalName VAL marshall medical center south COL Address1 VAL 2505 u s highway 431 north COL Address2 VAL empty COL Address3 VAL empty COL City VAL boaz COL State VAL al COL ZipCode VAL x5957 COL CountyName VAL marshall COL PhoneNumber VAL 2565938310 COL HospitalType VAL acute care hospitals COL HospitalOwner VAL government - hospital district or authority COL EmergencyService VAL yes COL Condition VAL heart attack COL MeasureCode VAL ami-1 COL MeasureName VAL heart attack patients given aspirin at arrival COL Score VAL 80% COL Sample VAL 20 patients COL Stateavg VAL al_ami-1 ,COL ZipCode VAL x5957 ,1
17,COL ProviderNumber VAL 10005 COL HospitalName VAL marshall medical center south COL Address1 VAL 2505 u s highway 431 north COL Address2 VAL empty COL Address3 VAL empty COL City VAL boaz COL State VAL al COL ZipCode VAL x5957 COL CountyName VAL marshall COL PhoneNumber VAL 2565938310 COL HospitalType VAL acute care hospitals COL HospitalOwner VAL government - hospital district or authority COL EmergencyService VAL yes COL Condition VAL heart attack COL MeasureCode VAL ami-1 COL MeasureName VAL heart attack patients given aspirin at arrival COL Score VAL 80% COL Sample VAL 20 patients COL Stateavg VAL al_ami-1 ,COL PhoneNumber VAL 2565938310 ,0
18,COL ProviderNumber VAL 10005 COL HospitalName VAL marshall medical center south COL Address1 VAL 2505 u s highway 431 north COL Address2 VAL empty COL Address3 VAL empty COL City VAL boaz COL State VAL al COL ZipCode VAL x5957 COL CountyName VAL marshall COL PhoneNumber VAL 2565938310 COL HospitalType VAL acute care hospitals COL HospitalOwner VAL government - hospital district or authority COL EmergencyService VAL yes COL Condition VAL heart attack COL MeasureCode VAL ami-1 COL MeasureName VAL heart attack patients given aspirin at arrival COL Score VAL 80% COL Sample VAL 20 patients COL Stateavg VAL al_ami-1 ,COL HospitalOwner VAL government - hospital district or authority ,0
19,COL ProviderNumber VAL 10005 COL HospitalName VAL marshall medical center south COL Address1 VAL 2505 u s highway 431 north COL Address2 VAL empty COL Address3 VAL empty COL City VAL boaz COL State VAL al COL ZipCode VAL x5957 COL CountyName VAL marshall COL PhoneNumber VAL 2565938310 COL HospitalType VAL acute care hospitals COL HospitalOwner VAL government - hospital district or authority COL EmergencyService VAL yes COL Condition VAL heart attack COL MeasureCode VAL ami-1 COL MeasureName VAL heart attack patients given aspirin at arrival COL Score VAL 80% COL Sample VAL 20 patients COL Stateavg VAL al_ami-1 ,COL EmergencyService VAL yes ,0
20,COL ProviderNumber VAL 10005 COL HospitalName VAL marshall medical center south COL Address1 VAL 2505 u s highway 431 north COL Address2 VAL empty COL Address3 VAL empty COL City VAL boaz COL State VAL al COL ZipCode VAL x5957 COL CountyName VAL marshall COL PhoneNumber VAL 2565938310 COL HospitalType VAL acute care hospitals COL HospitalOwner VAL government - hospital district or authority COL EmergencyService VAL yes COL Condition VAL heart attack COL MeasureCode VAL ami-1 COL MeasureName VAL heart attack patients given aspirin at arrival COL Score VAL 80% COL Sample VAL 20 patients COL Stateavg VAL al_ami-1 ,COL Condition VAL heart attack ,0
21,COL ProviderNumber VAL 10005 COL HospitalName VAL marshall medical center south COL Address1 VAL 2505 u s highway 431 north COL Address2 VAL empty COL Address3 VAL empty COL City VAL boaz COL State VAL al COL ZipCode VAL x5957 COL CountyName VAL marshall COL PhoneNumber VAL 2565938310 COL HospitalType VAL acute care hospitals COL HospitalOwner VAL government - hospital district or authority COL EmergencyService VAL yes COL Condition VAL heart attack COL MeasureCode VAL ami-1 COL MeasureName VAL heart attack patients given aspirin at arrival COL Score VAL 80% COL Sample VAL 20 patients COL Stateavg VAL al_ami-1 ,COL MeasureName VAL heart attack patients given aspirin at arrival ,0
22,COL ProviderNumber VAL 10005 COL HospitalName VAL marshall medical center south COL Address1 VAL 2505 u s highway 431 north COL Address2 VAL empty COL Address3 VAL empty COL City VAL boaz COL State VAL al COL ZipCode VAL x5957 COL CountyName VAL marshall COL PhoneNumber VAL 2565938310 COL HospitalType VAL acute care hospitals COL HospitalOwner VAL government - hospital district or authority COL EmergencyService VAL yes COL Condition VAL heart attack COL MeasureCode VAL ami-1 COL MeasureName VAL heart attack patients given aspirin at arrival COL Score VAL 80% COL Sample VAL 20 patients COL Stateavg VAL al_ami-1 ,COL Sample VAL 20 patients ,0
23,COL ProviderNumber VAL 10005 COL HospitalName VAL marshall medical center south COL Address1 VAL 2505 u s highway 431 north COL Address2 VAL empty COL Address3 VAL empty COL City VAL boaz COL State VAL al COL ZipCode VAL x5957 COL CountyName VAL marshall COL PhoneNumber VAL 2565938310 COL HospitalType VAL acute care hospitals COL HospitalOwner VAL government - hospital district or authority COL EmergencyService VAL yes COL Condition VAL heart attack COL MeasureCode VAL ami-1 COL MeasureName VAL heart attack patients given aspirin at arrival COL Score VAL 80% COL Sample VAL 20 patients COL Stateavg VAL al_ami-1 ,COL Stateavg VAL al_ami-1 ,0
24,COL ProviderNumber VAL 10006 COL HospitalName VAL eliza coffee memorial hospital COL Address1 VAL 205 marengo street COL Address2 VAL empty COL Address3 VAL empty COL City VAL florence COL State VAL al COL ZipCode VAL 35631 COL CountyName VAL lauderdale COL PhoneNumber VAL 2567688400 COL HospitalType VAL acute care hospitals COL HospitalOwner VAL voluntary non-profit - other COL EmergencyService VAL yes COL Condition VAL heart attack COL MeasureCode VAL ami-1 COL MeasureName VAL heart attack patients given aspirin at arrival COL Score VAL 97% COL Sample VAL 159 patients COL Stateavg VAL al_amx-1 ,COL ProviderNumber VAL 10006 ,0
25,COL ProviderNumber VAL 10006 COL HospitalName VAL eliza coffee memorial hospital COL Address1 VAL 205 marengo street COL Address2 VAL empty COL Address3 VAL empty COL City VAL florence COL State VAL al COL ZipCode VAL 35631 COL CountyName VAL lauderdale COL PhoneNumber VAL 2567688400 COL HospitalType VAL acute care hospitals COL HospitalOwner VAL voluntary non-profit - other COL EmergencyService VAL yes COL Condition VAL heart attack COL MeasureCode VAL ami-1 COL MeasureName VAL heart attack patients given aspirin at arrival COL Score VAL 97% COL Sample VAL 159 patients COL Stateavg VAL al_amx-1 ,COL Address1 VAL 205 marengo street ,0
26,COL ProviderNumber VAL 10006 COL HospitalName VAL eliza coffee memorial hospital COL Address1 VAL 205 marengo street COL Address2 VAL empty COL Address3 VAL empty COL City VAL florence COL State VAL al COL ZipCode VAL 35631 COL CountyName VAL lauderdale COL PhoneNumber VAL 2567688400 COL HospitalType VAL acute care hospitals COL HospitalOwner VAL voluntary non-profit - other COL EmergencyService VAL yes COL Condition VAL heart attack COL MeasureCode VAL ami-1 COL MeasureName VAL heart attack patients given aspirin at arrival COL Score VAL 97% COL Sample VAL 159 patients COL Stateavg VAL al_amx-1 ,COL City VAL florence ,0
27,COL ProviderNumber VAL 10006 COL HospitalName VAL eliza coffee memorial hospital COL Address1 VAL 205 marengo street COL Address2 VAL empty COL Address3 VAL empty COL City VAL florence COL State VAL al COL ZipCode VAL 35631 COL CountyName VAL lauderdale COL PhoneNumber VAL 2567688400 COL HospitalType VAL acute care hospitals COL HospitalOwner VAL voluntary non-profit - other COL EmergencyService VAL yes COL Condition VAL heart attack COL MeasureCode VAL ami-1 COL MeasureName VAL heart attack patients given aspirin at arrival COL Score VAL 97% COL Sample VAL 159 patients COL Stateavg VAL al_amx-1 ,COL State VAL al ,0
28,COL ProviderNumber VAL 10006 COL HospitalName VAL eliza coffee memorial hospital COL Address1 VAL 205 marengo street COL Address2 VAL empty COL Address3 VAL empty COL City VAL florence COL State VAL al COL ZipCode VAL 35631 COL CountyName VAL lauderdale COL PhoneNumber VAL 2567688400 COL HospitalType VAL acute care hospitals COL HospitalOwner VAL voluntary non-profit - other COL EmergencyService VAL yes COL Condition VAL heart attack COL MeasureCode VAL ami-1 COL MeasureName VAL heart attack patients given aspirin at arrival COL Score VAL 97% COL Sample VAL 159 patients COL Stateavg VAL al_amx-1 ,COL ZipCode VAL 35631 ,0
29,COL ProviderNumber VAL 10006 COL HospitalName VAL eliza coffee memorial hospital COL Address1 VAL 205 marengo street COL Address2 VAL empty COL Address3 VAL empty COL City VAL florence COL State VAL al COL ZipCode VAL 35631 COL CountyName VAL lauderdale COL PhoneNumber VAL 2567688400 COL HospitalType VAL acute care hospitals COL HospitalOwner VAL voluntary non-profit - other COL EmergencyService VAL yes COL Condition VAL heart attack COL MeasureCode VAL ami-1 COL MeasureName VAL heart attack patients given aspirin at arrival COL Score VAL 97% COL Sample VAL 159 patients COL Stateavg VAL al_amx-1 ,COL PhoneNumber VAL 2567688400 ,0
30,COL ProviderNumber VAL 10006 COL HospitalName VAL eliza coffee memorial hospital COL Address1 VAL 205 marengo street COL Address2 VAL empty COL Address3 VAL empty COL City VAL florence COL State VAL al COL ZipCode VAL 35631 COL CountyName VAL lauderdale COL PhoneNumber VAL 2567688400 COL HospitalType VAL acute care hospitals COL HospitalOwner VAL voluntary non-profit - other COL EmergencyService VAL yes COL Condition VAL heart attack COL MeasureCode VAL ami-1 COL MeasureName VAL heart attack patients given aspirin at arrival COL Score VAL 97% COL Sample VAL 159 patients COL Stateavg VAL al_amx-1 ,COL HospitalOwner VAL voluntary non-profit - other ,0
31,COL ProviderNumber VAL 10006 COL HospitalName VAL eliza coffee memorial hospital COL Address1 VAL 205 marengo street COL Address2 VAL empty COL Address3 VAL empty COL City VAL florence COL State VAL al COL ZipCode VAL 35631 COL CountyName VAL lauderdale COL PhoneNumber VAL 2567688400 COL HospitalType VAL acute care hospitals COL HospitalOwner VAL voluntary non-profit - other COL EmergencyService VAL yes COL Condition VAL heart attack COL MeasureCode VAL ami-1 COL MeasureName VAL heart attack patients given aspirin at arrival COL Score VAL 97% COL Sample VAL 159 patients COL Stateavg VAL al_amx-1 ,COL EmergencyService VAL yes ,0
32,COL ProviderNumber VAL 10006 COL HospitalName VAL eliza coffee memorial hospital COL Address1 VAL 205 marengo street COL Address2 VAL empty COL Address3 VAL empty COL City VAL florence COL State VAL al COL ZipCode VAL 35631 COL CountyName VAL lauderdale COL PhoneNumber VAL 2567688400 COL HospitalType VAL acute care hospitals COL HospitalOwner VAL voluntary non-profit - other COL EmergencyService VAL yes COL Condition VAL heart attack COL MeasureCode VAL ami-1 COL MeasureName VAL heart attack patients given aspirin at arrival COL Score VAL 97% COL Sample VAL 159 patients COL Stateavg VAL al_amx-1 ,COL Condition VAL heart attack ,0
33,COL ProviderNumber VAL 10006 COL HospitalName VAL eliza coffee memorial hospital COL Address1 VAL 205 marengo street COL Address2 VAL empty COL Address3 VAL empty COL City VAL florence COL State VAL al COL ZipCode VAL 35631 COL CountyName VAL lauderdale COL PhoneNumber VAL 2567688400 COL HospitalType VAL acute care hospitals COL HospitalOwner VAL voluntary non-profit - other COL EmergencyService VAL yes COL Condition VAL heart attack COL MeasureCode VAL ami-1 COL MeasureName VAL heart attack patients given aspirin at arrival COL Score VAL 97% COL Sample VAL 159 patients COL Stateavg VAL al_amx-1 ,COL MeasureName VAL heart attack patients given aspirin at arrival ,0
34,COL ProviderNumber VAL 10006 COL HospitalName VAL eliza coffee memorial hospital COL Address1 VAL 205 marengo street COL Address2 VAL empty COL Address3 VAL empty COL City VAL florence COL State VAL al COL ZipCode VAL 35631 COL CountyName VAL lauderdale COL PhoneNumber VAL 2567688400 COL HospitalType VAL acute care hospitals COL HospitalOwner VAL voluntary non-profit - other COL EmergencyService VAL yes COL Condition VAL heart attack COL MeasureCode VAL ami-1 COL MeasureName VAL heart attack patients given aspirin at arrival COL Score VAL 97% COL Sample VAL 159 patients COL Stateavg VAL al_amx-1 ,COL Sample VAL 159 patients ,0
35,COL ProviderNumber VAL 10006 COL HospitalName VAL eliza coffee memorial hospital COL Address1 VAL 205 marengo street COL Address2 VAL empty COL Address3 VAL empty COL City VAL florence COL State VAL al COL ZipCode VAL 35631 COL CountyName VAL lauderdale COL PhoneNumber VAL 2567688400 COL HospitalType VAL acute care hospitals COL HospitalOwner VAL voluntary non-profit - other COL EmergencyService VAL yes COL Condition VAL heart attack COL MeasureCode VAL ami-1 COL MeasureName VAL heart attack patients given aspirin at arrival COL Score VAL 97% COL Sample VAL 159 patients COL Stateavg VAL al_amx-1 ,COL Stateavg VAL al_amx-1 ,1
36,COL ProviderNumber VAL 10007 COL HospitalName VAL mizell memorial hospital COL Address1 VAL 702xnxmainxst COL Address2 VAL empty COL Address3 VAL empty COL City VAL opp COL State VAL al COL ZipCode VAL 36467 COL CountyName VAL covington COL PhoneNumber VAL 3344933541 COL HospitalType VAL acute care hospitals COL HospitalOwner VAL voluntary non-profit - private COL EmergencyService VAL no COL Condition VAL heart attack COL MeasureCode VAL ami-1 COL MeasureName VAL xeart attack patients given aspirin at arrival COL Score VAL 60% COL Sample VAL 5 patients COL Stateavg VAL al_ami-1 ,COL ProviderNumber VAL 10007 ,0
37,COL ProviderNumber VAL 10007 COL HospitalName VAL mizell memorial hospital COL Address1 VAL 702xnxmainxst COL Address2 VAL empty COL Address3 VAL empty COL City VAL opp COL State VAL al COL ZipCode VAL 36467 COL CountyName VAL covington COL PhoneNumber VAL 3344933541 COL HospitalType VAL acute care hospitals COL HospitalOwner VAL voluntary non-profit - private COL EmergencyService VAL no COL Condition VAL heart attack COL MeasureCode VAL ami-1 COL MeasureName VAL xeart attack patients given aspirin at arrival COL Score VAL 60% COL Sample VAL 5 patients COL Stateavg VAL al_ami-1 ,COL Address1 VAL 702xnxmainxst ,1
38,COL ProviderNumber VAL 10007 COL HospitalName VAL mizell memorial hospital COL Address1 VAL 702xnxmainxst COL Address2 VAL empty COL Address3 VAL empty COL City VAL opp COL State VAL al COL ZipCode VAL 36467 COL CountyName VAL covington COL PhoneNumber VAL 3344933541 COL HospitalType VAL acute care hospitals COL HospitalOwner VAL voluntary non-profit - private COL EmergencyService VAL no COL Condition VAL heart attack COL MeasureCode VAL ami-1 COL MeasureName VAL xeart attack patients given aspirin at arrival COL Score VAL 60% COL Sample VAL 5 patients COL Stateavg VAL al_ami-1 ,COL City VAL opp ,0
39,COL ProviderNumber VAL 10007 COL HospitalName VAL mizell memorial hospital COL Address1 VAL 702xnxmainxst COL Address2 VAL empty COL Address3 VAL empty COL City VAL opp COL State VAL al COL ZipCode VAL 36467 COL CountyName VAL covington COL PhoneNumber VAL 3344933541 COL HospitalType VAL acute care hospitals COL HospitalOwner VAL voluntary non-profit - private COL EmergencyService VAL no COL Condition VAL heart attack COL MeasureCode VAL ami-1 COL MeasureName VAL xeart attack patients given aspirin at arrival COL Score VAL 60% COL Sample VAL 5 patients COL Stateavg VAL al_ami-1 ,COL State VAL al ,0
40,COL ProviderNumber VAL 10007 COL HospitalName VAL mizell memorial hospital COL Address1 VAL 702xnxmainxst COL Address2 VAL empty COL Address3 VAL empty COL City VAL opp COL State VAL al COL ZipCode VAL 36467 COL CountyName VAL covington COL PhoneNumber VAL 3344933541 COL HospitalType VAL acute care hospitals COL HospitalOwner VAL voluntary non-profit - private COL EmergencyService VAL no COL Condition VAL heart attack COL MeasureCode VAL ami-1 COL MeasureName VAL xeart attack patients given aspirin at arrival COL Score VAL 60% COL Sample VAL 5 patients COL Stateavg VAL al_ami-1 ,COL ZipCode VAL 36467 ,0
41,COL ProviderNumber VAL 10007 COL HospitalName VAL mizell memorial hospital COL Address1 VAL 702xnxmainxst COL Address2 VAL empty COL Address3 VAL empty COL City VAL opp COL State VAL al COL ZipCode VAL 36467 COL CountyName VAL covington COL PhoneNumber VAL 3344933541 COL HospitalType VAL acute care hospitals COL HospitalOwner VAL voluntary non-profit - private COL EmergencyService VAL no COL Condition VAL heart attack COL MeasureCode VAL ami-1 COL MeasureName VAL xeart attack patients given aspirin at arrival COL Score VAL 60% COL Sample VAL 5 patients COL Stateavg VAL al_ami-1 ,COL PhoneNumber VAL 3344933541 ,0
42,COL ProviderNumber VAL 10007 COL HospitalName VAL mizell memorial hospital COL Address1 VAL 702xnxmainxst COL Address2 VAL empty COL Address3 VAL empty COL City VAL opp COL State VAL al COL ZipCode VAL 36467 COL CountyName VAL covington COL PhoneNumber VAL 3344933541 COL HospitalType VAL acute care hospitals COL HospitalOwner VAL voluntary non-profit - private COL EmergencyService VAL no COL Condition VAL heart attack COL MeasureCode VAL ami-1 COL MeasureName VAL xeart attack patients given aspirin at arrival COL Score VAL 60% COL Sample VAL 5 patients COL Stateavg VAL al_ami-1 ,COL HospitalOwner VAL voluntary non-profit - private ,0
43,COL ProviderNumber VAL 10007 COL HospitalName VAL mizell memorial hospital COL Address1 VAL 702xnxmainxst COL Address2 VAL empty COL Address3 VAL empty COL City VAL opp COL State VAL al COL ZipCode VAL 36467 COL CountyName VAL covington COL PhoneNumber VAL 3344933541 COL HospitalType VAL acute care hospitals COL HospitalOwner VAL voluntary non-profit - private COL EmergencyService VAL no COL Condition VAL heart attack COL MeasureCode VAL ami-1 COL MeasureName VAL xeart attack patients given aspirin at arrival COL Score VAL 60% COL Sample VAL 5 patients COL Stateavg VAL al_ami-1 ,COL EmergencyService VAL no ,0
44,COL ProviderNumber VAL 10007 COL HospitalName VAL mizell memorial hospital COL Address1 VAL 702xnxmainxst COL Address2 VAL empty COL Address3 VAL empty COL City VAL opp COL State VAL al COL ZipCode VAL 36467 COL CountyName VAL covington COL PhoneNumber VAL 3344933541 COL HospitalType VAL acute care hospitals COL HospitalOwner VAL voluntary non-profit - private COL EmergencyService VAL no COL Condition VAL heart attack COL MeasureCode VAL ami-1 COL MeasureName VAL xeart attack patients given aspirin at arrival COL Score VAL 60% COL Sample VAL 5 patients COL Stateavg VAL al_ami-1 ,COL Condition VAL heart attack ,0
45,COL ProviderNumber VAL 10007 COL HospitalName VAL mizell memorial hospital COL Address1 VAL 702xnxmainxst COL Address2 VAL empty COL Address3 VAL empty COL City VAL opp COL State VAL al COL ZipCode VAL 36467 COL CountyName VAL covington COL PhoneNumber VAL 3344933541 COL HospitalType VAL acute care hospitals COL HospitalOwner VAL voluntary non-profit - private COL EmergencyService VAL no COL Condition VAL heart attack COL MeasureCode VAL ami-1 COL MeasureName VAL xeart attack patients given aspirin at arrival COL Score VAL 60% COL Sample VAL 5 patients COL Stateavg VAL al_ami-1 ,COL MeasureName VAL xeart attack patients given aspirin at arrival ,1
46,COL ProviderNumber VAL 10007 COL HospitalName VAL mizell memorial hospital COL Address1 VAL 702xnxmainxst COL Address2 VAL empty COL Address3 VAL empty COL City VAL opp COL State VAL al COL ZipCode VAL 36467 COL CountyName VAL covington COL PhoneNumber VAL 3344933541 COL HospitalType VAL acute care hospitals COL HospitalOwner VAL voluntary non-profit - private COL EmergencyService VAL no COL Condition VAL heart attack COL MeasureCode VAL ami-1 COL MeasureName VAL xeart attack patients given aspirin at arrival COL Score VAL 60% COL Sample VAL 5 patients COL Stateavg VAL al_ami-1 ,COL Sample VAL 5 patients ,0
47,COL ProviderNumber VAL 10007 COL HospitalName VAL mizell memorial hospital COL Address1 VAL 702xnxmainxst COL Address2 VAL empty COL Address3 VAL empty COL City VAL opp COL State VAL al COL ZipCode VAL 36467 COL CountyName VAL covington COL PhoneNumber VAL 3344933541 COL HospitalType VAL acute care hospitals COL HospitalOwner VAL voluntary non-profit - private COL EmergencyService VAL no COL Condition VAL heart attack COL MeasureCode VAL ami-1 COL MeasureName VAL xeart attack patients given aspirin at arrival COL Score VAL 60% COL Sample VAL 5 patients COL Stateavg VAL al_ami-1 ,COL Stateavg VAL al_ami-1 ,0
48,COL ProviderNumber VAL 10008 COL HospitalName VAL crenshaw community hospital COL Address1 VAL 101 hospital circle COL Address2 VAL empty COL Address3 VAL empty COL City VAL luverne COL State VAL ax COL ZipCode VAL 36049 COL CountyName VAL crenshaw COL PhoneNumber VAL 3343353374 COL HospitalType VAL acute care hospitals COL HospitalOwner VAL government - federal COL EmergencyService VAL yes COL Condition VAL heart attack COL MeasureCode VAL ami-1 COL MeasureName VAL heart attack patients given aspirin at arrivax COL Score VAL 0% COL Sample VAL 1 patients COL Stateavg VAL al_ami-1 ,COL ProviderNumber VAL 10008 ,0
49,COL ProviderNumber VAL 10008 COL HospitalName VAL crenshaw community hospital COL Address1 VAL 101 hospital circle COL Address2 VAL empty COL Address3 VAL empty COL City VAL luverne COL State VAL ax COL ZipCode VAL 36049 COL CountyName VAL crenshaw COL PhoneNumber VAL 3343353374 COL HospitalType VAL acute care hospitals COL HospitalOwner VAL government - federal COL EmergencyService VAL yes COL Condition VAL heart attack COL MeasureCode VAL ami-1 COL MeasureName VAL heart attack patients given aspirin at arrivax COL Score VAL 0% COL Sample VAL 1 patients COL Stateavg VAL al_ami-1 ,COL Address1 VAL 101 hospital circle ,0
50,COL ProviderNumber VAL 10008 COL HospitalName VAL crenshaw community hospital COL Address1 VAL 101 hospital circle COL Address2 VAL empty COL Address3 VAL empty COL City VAL luverne COL State VAL ax COL ZipCode VAL 36049 COL CountyName VAL crenshaw COL PhoneNumber VAL 3343353374 COL HospitalType VAL acute care hospitals COL HospitalOwner VAL government - federal COL EmergencyService VAL yes COL Condition VAL heart attack COL MeasureCode VAL ami-1 COL MeasureName VAL heart attack patients given aspirin at arrivax COL Score VAL 0% COL Sample VAL 1 patients COL Stateavg VAL al_ami-1 ,COL City VAL luverne ,0
51,COL ProviderNumber VAL 10008 COL HospitalName VAL crenshaw community hospital COL Address1 VAL 101 hospital circle COL Address2 VAL empty COL Address3 VAL empty COL City VAL luverne COL State VAL ax COL ZipCode VAL 36049 COL CountyName VAL crenshaw COL PhoneNumber VAL 3343353374 COL HospitalType VAL acute care hospitals COL HospitalOwner VAL government - federal COL EmergencyService VAL yes COL Condition VAL heart attack COL MeasureCode VAL ami-1 COL MeasureName VAL heart attack patients given aspirin at arrivax COL Score VAL 0% COL Sample VAL 1 patients COL Stateavg VAL al_ami-1 ,COL State VAL ax ,1
52,COL ProviderNumber VAL 10008 COL HospitalName VAL crenshaw community hospital COL Address1 VAL 101 hospital circle COL Address2 VAL empty COL Address3 VAL empty COL City VAL luverne COL State VAL ax COL ZipCode VAL 36049 COL CountyName VAL crenshaw COL PhoneNumber VAL 3343353374 COL HospitalType VAL acute care hospitals COL HospitalOwner VAL government - federal COL EmergencyService VAL yes COL Condition VAL heart attack COL MeasureCode VAL ami-1 COL MeasureName VAL heart attack patients given aspirin at arrivax COL Score VAL 0% COL Sample VAL 1 patients COL Stateavg VAL al_ami-1 ,COL ZipCode VAL 36049 ,0
53,COL ProviderNumber VAL 10008 COL HospitalName VAL crenshaw community hospital COL Address1 VAL 101 hospital circle COL Address2 VAL empty COL Address3 VAL empty COL City VAL luverne COL State VAL ax COL ZipCode VAL 36049 COL CountyName VAL crenshaw COL PhoneNumber VAL 3343353374 COL HospitalType VAL acute care hospitals COL HospitalOwner VAL government - federal COL EmergencyService VAL yes COL Condition VAL heart attack COL MeasureCode VAL ami-1 COL MeasureName VAL heart attack patients given aspirin at arrivax COL Score VAL 0% COL Sample VAL 1 patients COL Stateavg VAL al_ami-1 ,COL PhoneNumber VAL 3343353374 ,0
54,COL ProviderNumber VAL 10008 COL HospitalName VAL crenshaw community hospital COL Address1 VAL 101 hospital circle COL Address2 VAL empty COL Address3 VAL empty COL City VAL luverne COL State VAL ax COL ZipCode VAL 36049 COL CountyName VAL crenshaw COL PhoneNumber VAL 3343353374 COL HospitalType VAL acute care hospitals COL HospitalOwner VAL government - federal COL EmergencyService VAL yes COL Condition VAL heart attack COL MeasureCode VAL ami-1 COL MeasureName VAL heart attack patients given aspirin at arrivax COL Score VAL 0% COL Sample VAL 1 patients COL Stateavg VAL al_ami-1 ,COL HospitalOwner VAL government - federal ,0
55,COL ProviderNumber VAL 10008 COL HospitalName VAL crenshaw community hospital COL Address1 VAL 101 hospital circle COL Address2 VAL empty COL Address3 VAL empty COL City VAL luverne COL State VAL ax COL ZipCode VAL 36049 COL CountyName VAL crenshaw COL PhoneNumber VAL 3343353374 COL HospitalType VAL acute care hospitals COL HospitalOwner VAL government - federal COL EmergencyService VAL yes COL Condition VAL heart attack COL MeasureCode VAL ami-1 COL MeasureName VAL heart attack patients given aspirin at arrivax COL Score VAL 0% COL Sample VAL 1 patients COL Stateavg VAL al_ami-1 ,COL EmergencyService VAL yes ,0
56,COL ProviderNumber VAL 10008 COL HospitalName VAL crenshaw community hospital COL Address1 VAL 101 hospital circle COL Address2 VAL empty COL Address3 VAL empty COL City VAL luverne COL State VAL ax COL ZipCode VAL 36049 COL CountyName VAL crenshaw COL PhoneNumber VAL 3343353374 COL HospitalType VAL acute care hospitals COL HospitalOwner VAL government - federal COL EmergencyService VAL yes COL Condition VAL heart attack COL MeasureCode VAL ami-1 COL MeasureName VAL heart attack patients given aspirin at arrivax COL Score VAL 0% COL Sample VAL 1 patients COL Stateavg VAL al_ami-1 ,COL Condition VAL heart attack ,0
57,COL ProviderNumber VAL 10008 COL HospitalName VAL crenshaw community hospital COL Address1 VAL 101 hospital circle COL Address2 VAL empty COL Address3 VAL empty COL City VAL luverne COL State VAL ax COL ZipCode VAL 36049 COL CountyName VAL crenshaw COL PhoneNumber VAL 3343353374 COL HospitalType VAL acute care hospitals COL HospitalOwner VAL government - federal COL EmergencyService VAL yes COL Condition VAL heart attack COL MeasureCode VAL ami-1 COL MeasureName VAL heart attack patients given aspirin at arrivax COL Score VAL 0% COL Sample VAL 1 patients COL Stateavg VAL al_ami-1 ,COL MeasureName VAL heart attack patients given aspirin at arrivax ,1
58,COL ProviderNumber VAL 10008 COL HospitalName VAL crenshaw community hospital COL Address1 VAL 101 hospital circle COL Address2 VAL empty COL Address3 VAL empty COL City VAL luverne COL State VAL ax COL ZipCode VAL 36049 COL CountyName VAL crenshaw COL PhoneNumber VAL 3343353374 COL HospitalType VAL acute care hospitals COL HospitalOwner VAL government - federal COL EmergencyService VAL yes COL Condition VAL heart attack COL MeasureCode VAL ami-1 COL MeasureName VAL heart attack patients given aspirin at arrivax COL Score VAL 0% COL Sample VAL 1 patients COL Stateavg VAL al_ami-1 ,COL Sample VAL 1 patients ,0
59,COL ProviderNumber VAL 10008 COL HospitalName VAL crenshaw community hospital COL Address1 VAL 101 hospital circle COL Address2 VAL empty COL Address3 VAL empty COL City VAL luverne COL State VAL ax COL ZipCode VAL 36049 COL CountyName VAL crenshaw COL PhoneNumber VAL 3343353374 COL HospitalType VAL acute care hospitals COL HospitalOwner VAL government - federal COL EmergencyService VAL yes COL Condition VAL heart attack COL MeasureCode VAL ami-1 COL MeasureName VAL heart attack patients given aspirin at arrivax COL Score VAL 0% COL Sample VAL 1 patients COL Stateavg VAL al_ami-1 ,COL Stateavg VAL al_ami-1 ,0
60,COL ProviderNumber VAL 10009 COL HospitalName VAL hartselle medical center COL Address1 VAL 201 pine street northwest COL Address2 VAL empty COL Address3 VAL empty COL City VAL hartselle COL State VAL al COL ZipCode VAL 35640 COL CountyName VAL morgan COL PhoneNumber VAL 2567736511 COL HospitalType VAL acute care hospitals COL HospitalOwner VAL proprietary COL EmergencyService VAL yes COL Condition VAL heart attack COL MeasureCode VAL ami-2 COL MeasureName VAL heart attaxk patients given aspirin at disxharge COL Score VAL 100% COL Sample VAL 1 patients COL Stateavg VAL al_ami-2 ,COL ProviderNumber VAL 10009 ,0
61,COL ProviderNumber VAL 10009 COL HospitalName VAL hartselle medical center COL Address1 VAL 201 pine street northwest COL Address2 VAL empty COL Address3 VAL empty COL City VAL hartselle COL State VAL al COL ZipCode VAL 35640 COL CountyName VAL morgan COL PhoneNumber VAL 2567736511 COL HospitalType VAL acute care hospitals COL HospitalOwner VAL proprietary COL EmergencyService VAL yes COL Condition VAL heart attack COL MeasureCode VAL ami-2 COL MeasureName VAL heart attaxk patients given aspirin at disxharge COL Score VAL 100% COL Sample VAL 1 patients COL Stateavg VAL al_ami-2 ,COL Address1 VAL 201 pine street northwest ,0
62,COL ProviderNumber VAL 10009 COL HospitalName VAL hartselle medical center COL Address1 VAL 201 pine street northwest COL Address2 VAL empty COL Address3 VAL empty COL City VAL hartselle COL State VAL al COL ZipCode VAL 35640 COL CountyName VAL morgan COL PhoneNumber VAL 2567736511 COL HospitalType VAL acute care hospitals COL HospitalOwner VAL proprietary COL EmergencyService VAL yes COL Condition VAL heart attack COL MeasureCode VAL ami-2 COL MeasureName VAL heart attaxk patients given aspirin at disxharge COL Score VAL 100% COL Sample VAL 1 patients COL Stateavg VAL al_ami-2 ,COL City VAL hartselle ,0
63,COL ProviderNumber VAL 10009 COL HospitalName VAL hartselle medical center COL Address1 VAL 201 pine street northwest COL Address2 VAL empty COL Address3 VAL empty COL City VAL hartselle COL State VAL al COL ZipCode VAL 35640 COL CountyName VAL morgan COL PhoneNumber VAL 2567736511 COL HospitalType VAL acute care hospitals COL HospitalOwner VAL proprietary COL EmergencyService VAL yes COL Condition VAL heart attack COL MeasureCode VAL ami-2 COL MeasureName VAL heart attaxk patients given aspirin at disxharge COL Score VAL 100% COL Sample VAL 1 patients COL Stateavg VAL al_ami-2 ,COL State VAL al ,0
64,COL ProviderNumber VAL 10009 COL HospitalName VAL hartselle medical center COL Address1 VAL 201 pine street northwest COL Address2 VAL empty COL Address3 VAL empty COL City VAL hartselle COL State VAL al COL ZipCode VAL 35640 COL CountyName VAL morgan COL PhoneNumber VAL 2567736511 COL HospitalType VAL acute care hospitals COL HospitalOwner VAL proprietary COL EmergencyService VAL yes COL Condition VAL heart attack COL MeasureCode VAL ami-2 COL MeasureName VAL heart attaxk patients given aspirin at disxharge COL Score VAL 100% COL Sample VAL 1 patients COL Stateavg VAL al_ami-2 ,COL ZipCode VAL 35640 ,0
65,COL ProviderNumber VAL 10009 COL HospitalName VAL hartselle medical center COL Address1 VAL 201 pine street northwest COL Address2 VAL empty COL Address3 VAL empty COL City VAL hartselle COL State VAL al COL ZipCode VAL 35640 COL CountyName VAL morgan COL PhoneNumber VAL 2567736511 COL HospitalType VAL acute care hospitals COL HospitalOwner VAL proprietary COL EmergencyService VAL yes COL Condition VAL heart attack COL MeasureCode VAL ami-2 COL MeasureName VAL heart attaxk patients given aspirin at disxharge COL Score VAL 100% COL Sample VAL 1 patients COL Stateavg VAL al_ami-2 ,COL PhoneNumber VAL 2567736511 ,0
66,COL ProviderNumber VAL 10009 COL HospitalName VAL hartselle medical center COL Address1 VAL 201 pine street northwest COL Address2 VAL empty COL Address3 VAL empty COL City VAL hartselle COL State VAL al COL ZipCode VAL 35640 COL CountyName VAL morgan COL PhoneNumber VAL 2567736511 COL HospitalType VAL acute care hospitals COL HospitalOwner VAL proprietary COL EmergencyService VAL yes COL Condition VAL heart attack COL MeasureCode VAL ami-2 COL MeasureName VAL heart attaxk patients given aspirin at disxharge COL Score VAL 100% COL Sample VAL 1 patients COL Stateavg VAL al_ami-2 ,COL HospitalOwner VAL proprietary ,0
67,COL ProviderNumber VAL 10009 COL HospitalName VAL hartselle medical center COL Address1 VAL 201 pine street northwest COL Address2 VAL empty COL Address3 VAL empty COL City VAL hartselle COL State VAL al COL ZipCode VAL 35640 COL CountyName VAL morgan COL PhoneNumber VAL 2567736511 COL HospitalType VAL acute care hospitals COL HospitalOwner VAL proprietary COL EmergencyService VAL yes COL Condition VAL heart attack COL MeasureCode VAL ami-2 COL MeasureName VAL heart attaxk patients given aspirin at disxharge COL Score VAL 100% COL Sample VAL 1 patients COL Stateavg VAL al_ami-2 ,COL EmergencyService VAL yes ,0
68,COL ProviderNumber VAL 10009 COL HospitalName VAL hartselle medical center COL Address1 VAL 201 pine street northwest COL Address2 VAL empty COL Address3 VAL empty COL City VAL hartselle COL State VAL al COL ZipCode VAL 35640 COL CountyName VAL morgan COL PhoneNumber VAL 2567736511 COL HospitalType VAL acute care hospitals COL HospitalOwner VAL proprietary COL EmergencyService VAL yes COL Condition VAL heart attack COL MeasureCode VAL ami-2 COL MeasureName VAL heart attaxk patients given aspirin at disxharge COL Score VAL 100% COL Sample VAL 1 patients COL Stateavg VAL al_ami-2 ,COL Condition VAL heart attack ,0
69,COL ProviderNumber VAL 10009 COL HospitalName VAL hartselle medical center COL Address1 VAL 201 pine street northwest COL Address2 VAL empty COL Address3 VAL empty COL City VAL hartselle COL State VAL al COL ZipCode VAL 35640 COL CountyName VAL morgan COL PhoneNumber VAL 2567736511 COL HospitalType VAL acute care hospitals COL HospitalOwner VAL proprietary COL EmergencyService VAL yes COL Condition VAL heart attack COL MeasureCode VAL ami-2 COL MeasureName VAL heart attaxk patients given aspirin at disxharge COL Score VAL 100% COL Sample VAL 1 patients COL Stateavg VAL al_ami-2 ,COL MeasureName VAL heart attaxk patients given aspirin at disxharge ,1
70,COL ProviderNumber VAL 10009 COL HospitalName VAL hartselle medical center COL Address1 VAL 201 pine street northwest COL Address2 VAL empty COL Address3 VAL empty COL City VAL hartselle COL State VAL al COL ZipCode VAL 35640 COL CountyName VAL morgan COL PhoneNumber VAL 2567736511 COL HospitalType VAL acute care hospitals COL HospitalOwner VAL proprietary COL EmergencyService VAL yes COL Condition VAL heart attack COL MeasureCode VAL ami-2 COL MeasureName VAL heart attaxk patients given aspirin at disxharge COL Score VAL 100% COL Sample VAL 1 patients COL Stateavg VAL al_ami-2 ,COL Sample VAL 1 patients ,0
71,COL ProviderNumber VAL 10009 COL HospitalName VAL hartselle medical center COL Address1 VAL 201 pine street northwest COL Address2 VAL empty COL Address3 VAL empty COL City VAL hartselle COL State VAL al COL ZipCode VAL 35640 COL CountyName VAL morgan COL PhoneNumber VAL 2567736511 COL HospitalType VAL acute care hospitals COL HospitalOwner VAL proprietary COL EmergencyService VAL yes COL Condition VAL heart attack COL MeasureCode VAL ami-2 COL MeasureName VAL heart attaxk patients given aspirin at disxharge COL Score VAL 100% COL Sample VAL 1 patients COL Stateavg VAL al_ami-2 ,COL Stateavg VAL al_ami-2 ,0
72,COL ProviderNumber VAL 1000x COL HospitalName VAL eliza coffee memorial hospital COL Address1 VAL 205 marengo street COL Address2 VAL empty COL Address3 VAL empty COL City VAL florence COL State VAL al COL ZipCode VAL 35631 COL CountyName VAL lauderdale COL PhoneNumber VAL 2567688400 COL HospitalType VAL acute care hospitals COL HospitalOwner VAL voluntary non-profit - other COL EmergencyService VAL yes COL Condition VAL pneumonia COL MeasureCode VAL pn-3b COL MeasureName VAL pneumonia patients whose initial emergency room blood culture was performed prior to the administration of the first hospital dose of antibiotics COL Score VAL 95% COL Sample VAL 137 patients COL Stateavg VAL al_pn-3b ,COL ProviderNumber VAL 1000x ,1
73,COL ProviderNumber VAL 1000x COL HospitalName VAL eliza coffee memorial hospital COL Address1 VAL 205 marengo street COL Address2 VAL empty COL Address3 VAL empty COL City VAL florence COL State VAL al COL ZipCode VAL 35631 COL CountyName VAL lauderdale COL PhoneNumber VAL 2567688400 COL HospitalType VAL acute care hospitals COL HospitalOwner VAL voluntary non-profit - other COL EmergencyService VAL yes COL Condition VAL pneumonia COL MeasureCode VAL pn-3b COL MeasureName VAL pneumonia patients whose initial emergency room blood culture was performed prior to the administration of the first hospital dose of antibiotics COL Score VAL 95% COL Sample VAL 137 patients COL Stateavg VAL al_pn-3b ,COL Address1 VAL 205 marengo street ,0
74,COL ProviderNumber VAL 1000x COL HospitalName VAL eliza coffee memorial hospital COL Address1 VAL 205 marengo street COL Address2 VAL empty COL Address3 VAL empty COL City VAL florence COL State VAL al COL ZipCode VAL 35631 COL CountyName VAL lauderdale COL PhoneNumber VAL 2567688400 COL HospitalType VAL acute care hospitals COL HospitalOwner VAL voluntary non-profit - other COL EmergencyService VAL yes COL Condition VAL pneumonia COL MeasureCode VAL pn-3b COL MeasureName VAL pneumonia patients whose initial emergency room blood culture was performed prior to the administration of the first hospital dose of antibiotics COL Score VAL 95% COL Sample VAL 137 patients COL Stateavg VAL al_pn-3b ,COL City VAL florence ,0
75,COL ProviderNumber VAL 1000x COL HospitalName VAL eliza coffee memorial hospital COL Address1 VAL 205 marengo street COL Address2 VAL empty COL Address3 VAL empty COL City VAL florence COL State VAL al COL ZipCode VAL 35631 COL CountyName VAL lauderdale COL PhoneNumber VAL 2567688400 COL HospitalType VAL acute care hospitals COL HospitalOwner VAL voluntary non-profit - other COL EmergencyService VAL yes COL Condition VAL pneumonia COL MeasureCode VAL pn-3b COL MeasureName VAL pneumonia patients whose initial emergency room blood culture was performed prior to the administration of the first hospital dose of antibiotics COL Score VAL 95% COL Sample VAL 137 patients COL Stateavg VAL al_pn-3b ,COL State VAL al ,0
76,COL ProviderNumber VAL 1000x COL HospitalName VAL eliza coffee memorial hospital COL Address1 VAL 205 marengo street COL Address2 VAL empty COL Address3 VAL empty COL City VAL florence COL State VAL al COL ZipCode VAL 35631 COL CountyName VAL lauderdale COL PhoneNumber VAL 2567688400 COL HospitalType VAL acute care hospitals COL HospitalOwner VAL voluntary non-profit - other COL EmergencyService VAL yes COL Condition VAL pneumonia COL MeasureCode VAL pn-3b COL MeasureName VAL pneumonia patients whose initial emergency room blood culture was performed prior to the administration of the first hospital dose of antibiotics COL Score VAL 95% COL Sample VAL 137 patients COL Stateavg VAL al_pn-3b ,COL ZipCode VAL 35631 ,0
77,COL ProviderNumber VAL 1000x COL HospitalName VAL eliza coffee memorial hospital COL Address1 VAL 205 marengo street COL Address2 VAL empty COL Address3 VAL empty COL City VAL florence COL State VAL al COL ZipCode VAL 35631 COL CountyName VAL lauderdale COL PhoneNumber VAL 2567688400 COL HospitalType VAL acute care hospitals COL HospitalOwner VAL voluntary non-profit - other COL EmergencyService VAL yes COL Condition VAL pneumonia COL MeasureCode VAL pn-3b COL MeasureName VAL pneumonia patients whose initial emergency room blood culture was performed prior to the administration of the first hospital dose of antibiotics COL Score VAL 95% COL Sample VAL 137 patients COL Stateavg VAL al_pn-3b ,COL PhoneNumber VAL 2567688400 ,0
78,COL ProviderNumber VAL 1000x COL HospitalName VAL eliza coffee memorial hospital COL Address1 VAL 205 marengo street COL Address2 VAL empty COL Address3 VAL empty COL City VAL florence COL State VAL al COL ZipCode VAL 35631 COL CountyName VAL lauderdale COL PhoneNumber VAL 2567688400 COL HospitalType VAL acute care hospitals COL HospitalOwner VAL voluntary non-profit - other COL EmergencyService VAL yes COL Condition VAL pneumonia COL MeasureCode VAL pn-3b COL MeasureName VAL pneumonia patients whose initial emergency room blood culture was performed prior to the administration of the first hospital dose of antibiotics COL Score VAL 95% COL Sample VAL 137 patients COL Stateavg VAL al_pn-3b ,COL HospitalOwner VAL voluntary non-profit - other ,0
79,COL ProviderNumber VAL 1000x COL HospitalName VAL eliza coffee memorial hospital COL Address1 VAL 205 marengo street COL Address2 VAL empty COL Address3 VAL empty COL City VAL florence COL State VAL al COL ZipCode VAL 35631 COL CountyName VAL lauderdale COL PhoneNumber VAL 2567688400 COL HospitalType VAL acute care hospitals COL HospitalOwner VAL voluntary non-profit - other COL EmergencyService VAL yes COL Condition VAL pneumonia COL MeasureCode VAL pn-3b COL MeasureName VAL pneumonia patients whose initial emergency room blood culture was performed prior to the administration of the first hospital dose of antibiotics COL Score VAL 95% COL Sample VAL 137 patients COL Stateavg VAL al_pn-3b ,COL EmergencyService VAL yes ,0
80,COL ProviderNumber VAL 1000x COL HospitalName VAL eliza coffee memorial hospital COL Address1 VAL 205 marengo street COL Address2 VAL empty COL Address3 VAL empty COL City VAL florence COL State VAL al COL ZipCode VAL 35631 COL CountyName VAL lauderdale COL PhoneNumber VAL 2567688400 COL HospitalType VAL acute care hospitals COL HospitalOwner VAL voluntary non-profit - other COL EmergencyService VAL yes COL Condition VAL pneumonia COL MeasureCode VAL pn-3b COL MeasureName VAL pneumonia patients whose initial emergency room blood culture was performed prior to the administration of the first hospital dose of antibiotics COL Score VAL 95% COL Sample VAL 137 patients COL Stateavg VAL al_pn-3b ,COL Condition VAL pneumonia ,0
81,COL ProviderNumber VAL 1000x COL HospitalName VAL eliza coffee memorial hospital COL Address1 VAL 205 marengo street COL Address2 VAL empty COL Address3 VAL empty COL City VAL florence COL State VAL al COL ZipCode VAL 35631 COL CountyName VAL lauderdale COL PhoneNumber VAL 2567688400 COL HospitalType VAL acute care hospitals COL HospitalOwner VAL voluntary non-profit - other COL EmergencyService VAL yes COL Condition VAL pneumonia COL MeasureCode VAL pn-3b COL MeasureName VAL pneumonia patients whose initial emergency room blood culture was performed prior to the administration of the first hospital dose of antibiotics COL Score VAL 95% COL Sample VAL 137 patients COL Stateavg VAL al_pn-3b ,COL MeasureName VAL pneumonia patients whose initial emergency room blood culture was performed prior to the administration of the first hospital dose of antibiotics ,0
82,COL ProviderNumber VAL 1000x COL HospitalName VAL eliza coffee memorial hospital COL Address1 VAL 205 marengo street COL Address2 VAL empty COL Address3 VAL empty COL City VAL florence COL State VAL al COL ZipCode VAL 35631 COL CountyName VAL lauderdale COL PhoneNumber VAL 2567688400 COL HospitalType VAL acute care hospitals COL HospitalOwner VAL voluntary non-profit - other COL EmergencyService VAL yes COL Condition VAL pneumonia COL MeasureCode VAL pn-3b COL MeasureName VAL pneumonia patients whose initial emergency room blood culture was performed prior to the administration of the first hospital dose of antibiotics COL Score VAL 95% COL Sample VAL 137 patients COL Stateavg VAL al_pn-3b ,COL Sample VAL 137 patients ,0
83,COL ProviderNumber VAL 1000x COL HospitalName VAL eliza coffee memorial hospital COL Address1 VAL 205 marengo street COL Address2 VAL empty COL Address3 VAL empty COL City VAL florence COL State VAL al COL ZipCode VAL 35631 COL CountyName VAL lauderdale COL PhoneNumber VAL 2567688400 COL HospitalType VAL acute care hospitals COL HospitalOwner VAL voluntary non-profit - other COL EmergencyService VAL yes COL Condition VAL pneumonia COL MeasureCode VAL pn-3b COL MeasureName VAL pneumonia patients whose initial emergency room blood culture was performed prior to the administration of the first hospital dose of antibiotics COL Score VAL 95% COL Sample VAL 137 patients COL Stateavg VAL al_pn-3b ,COL Stateavg VAL al_pn-3b ,0
84,COL ProviderNumber VAL 10010 COL HospitalName VAL marshall medical center north COL Address1 VAL 8000 alabama highway 69 COL Address2 VAL empty COL Address3 VAL empty COL City VAL guntersville COL State VAL al COL ZipCode VAL 35976 COL CountyName VAL marshall COL PhoneNumber VAL 2565718000 COL HospitalType VAL acute care hospitals COL HospitalOwner VAL government - hospital district or authority COL EmergencyService VAL yes COL Condition VAL heart attack COL MeasureCode VAL ami-2 COL MeasureName VAL heart attack patients given aspirin at discharge COL Score VAL 100% COL Sample VAL 6xpatients COL Stateavg VAL al_ami-2 ,COL ProviderNumber VAL 10010 ,0
85,COL ProviderNumber VAL 10010 COL HospitalName VAL marshall medical center north COL Address1 VAL 8000 alabama highway 69 COL Address2 VAL empty COL Address3 VAL empty COL City VAL guntersville COL State VAL al COL ZipCode VAL 35976 COL CountyName VAL marshall COL PhoneNumber VAL 2565718000 COL HospitalType VAL acute care hospitals COL HospitalOwner VAL government - hospital district or authority COL EmergencyService VAL yes COL Condition VAL heart attack COL MeasureCode VAL ami-2 COL MeasureName VAL heart attack patients given aspirin at discharge COL Score VAL 100% COL Sample VAL 6xpatients COL Stateavg VAL al_ami-2 ,COL Address1 VAL 8000 alabama highway 69 ,0
86,COL ProviderNumber VAL 10010 COL HospitalName VAL marshall medical center north COL Address1 VAL 8000 alabama highway 69 COL Address2 VAL empty COL Address3 VAL empty COL City VAL guntersville COL State VAL al COL ZipCode VAL 35976 COL CountyName VAL marshall COL PhoneNumber VAL 2565718000 COL HospitalType VAL acute care hospitals COL HospitalOwner VAL government - hospital district or authority COL EmergencyService VAL yes COL Condition VAL heart attack COL MeasureCode VAL ami-2 COL MeasureName VAL heart attack patients given aspirin at discharge COL Score VAL 100% COL Sample VAL 6xpatients COL Stateavg VAL al_ami-2 ,COL City VAL guntersville ,0
87,COL ProviderNumber VAL 10010 COL HospitalName VAL marshall medical center north COL Address1 VAL 8000 alabama highway 69 COL Address2 VAL empty COL Address3 VAL empty COL City VAL guntersville COL State VAL al COL ZipCode VAL 35976 COL CountyName VAL marshall COL PhoneNumber VAL 2565718000 COL HospitalType VAL acute care hospitals COL HospitalOwner VAL government - hospital district or authority COL EmergencyService VAL yes COL Condition VAL heart attack COL MeasureCode VAL ami-2 COL MeasureName VAL heart attack patients given aspirin at discharge COL Score VAL 100% COL Sample VAL 6xpatients COL Stateavg VAL al_ami-2 ,COL State VAL al ,0
88,COL ProviderNumber VAL 10010 COL HospitalName VAL marshall medical center north COL Address1 VAL 8000 alabama highway 69 COL Address2 VAL empty COL Address3 VAL empty COL City VAL guntersville COL State VAL al COL ZipCode VAL 35976 COL CountyName VAL marshall COL PhoneNumber VAL 2565718000 COL HospitalType VAL acute care hospitals COL HospitalOwner VAL government - hospital district or authority COL EmergencyService VAL yes COL Condition VAL heart attack COL MeasureCode VAL ami-2 COL MeasureName VAL heart attack patients given aspirin at discharge COL Score VAL 100% COL Sample VAL 6xpatients COL Stateavg VAL al_ami-2 ,COL ZipCode VAL 35976 ,0
89,COL ProviderNumber VAL 10010 COL HospitalName VAL marshall medical center north COL Address1 VAL 8000 alabama highway 69 COL Address2 VAL empty COL Address3 VAL empty COL City VAL guntersville COL State VAL al COL ZipCode VAL 35976 COL CountyName VAL marshall COL PhoneNumber VAL 2565718000 COL HospitalType VAL acute care hospitals COL HospitalOwner VAL government - hospital district or authority COL EmergencyService VAL yes COL Condition VAL heart attack COL MeasureCode VAL ami-2 COL MeasureName VAL heart attack patients given aspirin at discharge COL Score VAL 100% COL Sample VAL 6xpatients COL Stateavg VAL al_ami-2 ,COL PhoneNumber VAL 2565718000 ,0
90,COL ProviderNumber VAL 10010 COL HospitalName VAL marshall medical center north COL Address1 VAL 8000 alabama highway 69 COL Address2 VAL empty COL Address3 VAL empty COL City VAL guntersville COL State VAL al COL ZipCode VAL 35976 COL CountyName VAL marshall COL PhoneNumber VAL 2565718000 COL HospitalType VAL acute care hospitals COL HospitalOwner VAL government - hospital district or authority COL EmergencyService VAL yes COL Condition VAL heart attack COL MeasureCode VAL ami-2 COL MeasureName VAL heart attack patients given aspirin at discharge COL Score VAL 100% COL Sample VAL 6xpatients COL Stateavg VAL al_ami-2 ,COL HospitalOwner VAL government - hospital district or authority ,0
91,COL ProviderNumber VAL 10010 COL HospitalName VAL marshall medical center north COL Address1 VAL 8000 alabama highway 69 COL Address2 VAL empty COL Address3 VAL empty COL City VAL guntersville COL State VAL al COL ZipCode VAL 35976 COL CountyName VAL marshall COL PhoneNumber VAL 2565718000 COL HospitalType VAL acute care hospitals COL HospitalOwner VAL government - hospital district or authority COL EmergencyService VAL yes COL Condition VAL heart attack COL MeasureCode VAL ami-2 COL MeasureName VAL heart attack patients given aspirin at discharge COL Score VAL 100% COL Sample VAL 6xpatients COL Stateavg VAL al_ami-2 ,COL EmergencyService VAL yes ,0
92,COL ProviderNumber VAL 10010 COL HospitalName VAL marshall medical center north COL Address1 VAL 8000 alabama highway 69 COL Address2 VAL empty COL Address3 VAL empty COL City VAL guntersville COL State VAL al COL ZipCode VAL 35976 COL CountyName VAL marshall COL PhoneNumber VAL 2565718000 COL HospitalType VAL acute care hospitals COL HospitalOwner VAL government - hospital district or authority COL EmergencyService VAL yes COL Condition VAL heart attack COL MeasureCode VAL ami-2 COL MeasureName VAL heart attack patients given aspirin at discharge COL Score VAL 100% COL Sample VAL 6xpatients COL Stateavg VAL al_ami-2 ,COL Condition VAL heart attack ,0
93,COL ProviderNumber VAL 10010 COL HospitalName VAL marshall medical center north COL Address1 VAL 8000 alabama highway 69 COL Address2 VAL empty COL Address3 VAL empty COL City VAL guntersville COL State VAL al COL ZipCode VAL 35976 COL CountyName VAL marshall COL PhoneNumber VAL 2565718000 COL HospitalType VAL acute care hospitals COL HospitalOwner VAL government - hospital district or authority COL EmergencyService VAL yes COL Condition VAL heart attack COL MeasureCode VAL ami-2 COL MeasureName VAL heart attack patients given aspirin at discharge COL Score VAL 100% COL Sample VAL 6xpatients COL Stateavg VAL al_ami-2 ,COL MeasureName VAL heart attack patients given aspirin at discharge ,0
94,COL ProviderNumber VAL 10010 COL HospitalName VAL marshall medical center north COL Address1 VAL 8000 alabama highway 69 COL Address2 VAL empty COL Address3 VAL empty COL City VAL guntersville COL State VAL al COL ZipCode VAL 35976 COL CountyName VAL marshall COL PhoneNumber VAL 2565718000 COL HospitalType VAL acute care hospitals COL HospitalOwner VAL government - hospital district or authority COL EmergencyService VAL yes COL Condition VAL heart attack COL MeasureCode VAL ami-2 COL MeasureName VAL heart attack patients given aspirin at discharge COL Score VAL 100% COL Sample VAL 6xpatients COL Stateavg VAL al_ami-2 ,COL Sample VAL 6xpatients ,1
95,COL ProviderNumber VAL 10010 COL HospitalName VAL marshall medical center north COL Address1 VAL 8000 alabama highway 69 COL Address2 VAL empty COL Address3 VAL empty COL City VAL guntersville COL State VAL al COL ZipCode VAL 35976 COL CountyName VAL marshall COL PhoneNumber VAL 2565718000 COL HospitalType VAL acute care hospitals COL HospitalOwner VAL government - hospital district or authority COL EmergencyService VAL yes COL Condition VAL heart attack COL MeasureCode VAL ami-2 COL MeasureName VAL heart attack patients given aspirin at discharge COL Score VAL 100% COL Sample VAL 6xpatients COL Stateavg VAL al_ami-2 ,COL Stateavg VAL al_ami-2 ,0
96,COL ProviderNumber VAL 10011 COL HospitalName VAL st vincents east COL Address1 VAL 50 medical park east drive COL Address2 VAL empty COL Address3 VAL empty COL City VAL birmingham COL State VAL al COL ZipCode VAL 3x23x COL CountyName VAL jefferson COL PhoneNumber VAL 2058383122 COL HospitalType VAL acute care hospitals COL HospitalOwner VAL voluntary non-profit - private COL EmergencyService VAL yes COL Condition VAL heart attack COL MeasureCode VAL ami-3 COL MeasureName VAL heart attack patients given ace inhibitor or arb for left ventricular systolic dysfunction (lvsd) COL Score VAL 91% COL Sample VAL 70 patients COL Stateavg VAL al_ami-3 ,COL ProviderNumber VAL 10011 ,0
97,COL ProviderNumber VAL 10011 COL HospitalName VAL st vincents east COL Address1 VAL 50 medical park east drive COL Address2 VAL empty COL Address3 VAL empty COL City VAL birmingham COL State VAL al COL ZipCode VAL 3x23x COL CountyName VAL jefferson COL PhoneNumber VAL 2058383122 COL HospitalType VAL acute care hospitals COL HospitalOwner VAL voluntary non-profit - private COL EmergencyService VAL yes COL Condition VAL heart attack COL MeasureCode VAL ami-3 COL MeasureName VAL heart attack patients given ace inhibitor or arb for left ventricular systolic dysfunction (lvsd) COL Score VAL 91% COL Sample VAL 70 patients COL Stateavg VAL al_ami-3 ,COL Address1 VAL 50 medical park east drive ,0
98,COL ProviderNumber VAL 10011 COL HospitalName VAL st vincents east COL Address1 VAL 50 medical park east drive COL Address2 VAL empty COL Address3 VAL empty COL City VAL birmingham COL State VAL al COL ZipCode VAL 3x23x COL CountyName VAL jefferson COL PhoneNumber VAL 2058383122 COL HospitalType VAL acute care hospitals COL HospitalOwner VAL voluntary non-profit - private COL EmergencyService VAL yes COL Condition VAL heart attack COL MeasureCode VAL ami-3 COL MeasureName VAL heart attack patients given ace inhibitor or arb for left ventricular systolic dysfunction (lvsd) COL Score VAL 91% COL Sample VAL 70 patients COL Stateavg VAL al_ami-3 ,COL City VAL birmingham ,0
99,COL ProviderNumber VAL 10011 COL HospitalName VAL st vincents east COL Address1 VAL 50 medical park east drive COL Address2 VAL empty COL Address3 VAL empty COL City VAL birmingham COL State VAL al COL ZipCode VAL 3x23x COL CountyName VAL jefferson COL PhoneNumber VAL 2058383122 COL HospitalType VAL acute care hospitals COL HospitalOwner VAL voluntary non-profit - private COL EmergencyService VAL yes COL Condition VAL heart attack COL MeasureCode VAL ami-3 COL MeasureName VAL heart attack patients given ace inhibitor or arb for left ventricular systolic dysfunction (lvsd) COL Score VAL 91% COL Sample VAL 70 patients COL Stateavg VAL al_ami-3 ,COL State VAL al ,0
100,COL ProviderNumber VAL 10011 COL HospitalName VAL st vincents east COL Address1 VAL 50 medical park east drive COL Address2 VAL empty COL Address3 VAL empty COL City VAL birmingham COL State VAL al COL ZipCode VAL 3x23x COL CountyName VAL jefferson COL PhoneNumber VAL 2058383122 COL HospitalType VAL acute care hospitals COL HospitalOwner VAL voluntary non-profit - private COL EmergencyService VAL yes COL Condition VAL heart attack COL MeasureCode VAL ami-3 COL MeasureName VAL heart attack patients given ace inhibitor or arb for left ventricular systolic dysfunction (lvsd) COL Score VAL 91% COL Sample VAL 70 patients COL Stateavg VAL al_ami-3 ,COL ZipCode VAL 3x23x ,1
101,COL ProviderNumber VAL 10011 COL HospitalName VAL st vincents east COL Address1 VAL 50 medical park east drive COL Address2 VAL empty COL Address3 VAL empty COL City VAL birmingham COL State VAL al COL ZipCode VAL 3x23x COL CountyName VAL jefferson COL PhoneNumber VAL 2058383122 COL HospitalType VAL acute care hospitals COL HospitalOwner VAL voluntary non-profit - private COL EmergencyService VAL yes COL Condition VAL heart attack COL MeasureCode VAL ami-3 COL MeasureName VAL heart attack patients given ace inhibitor or arb for left ventricular systolic dysfunction (lvsd) COL Score VAL 91% COL Sample VAL 70 patients COL Stateavg VAL al_ami-3 ,COL PhoneNumber VAL 2058383122 ,0
102,COL ProviderNumber VAL 10011 COL HospitalName VAL st vincents east COL Address1 VAL 50 medical park east drive COL Address2 VAL empty COL Address3 VAL empty COL City VAL birmingham COL State VAL al COL ZipCode VAL 3x23x COL CountyName VAL jefferson COL PhoneNumber VAL 2058383122 COL HospitalType VAL acute care hospitals COL HospitalOwner VAL voluntary non-profit - private COL EmergencyService VAL yes COL Condition VAL heart attack COL MeasureCode VAL ami-3 COL MeasureName VAL heart attack patients given ace inhibitor or arb for left ventricular systolic dysfunction (lvsd) COL Score VAL 91% COL Sample VAL 70 patients COL Stateavg VAL al_ami-3 ,COL HospitalOwner VAL voluntary non-profit - private ,0
103,COL ProviderNumber VAL 10011 COL HospitalName VAL st vincents east COL Address1 VAL 50 medical park east drive COL Address2 VAL empty COL Address3 VAL empty COL City VAL birmingham COL State VAL al COL ZipCode VAL 3x23x COL CountyName VAL jefferson COL PhoneNumber VAL 2058383122 COL HospitalType VAL acute care hospitals COL HospitalOwner VAL voluntary non-profit - private COL EmergencyService VAL yes COL Condition VAL heart attack COL MeasureCode VAL ami-3 COL MeasureName VAL heart attack patients given ace inhibitor or arb for left ventricular systolic dysfunction (lvsd) COL Score VAL 91% COL Sample VAL 70 patients COL Stateavg VAL al_ami-3 ,COL EmergencyService VAL yes ,0
104,COL ProviderNumber VAL 10011 COL HospitalName VAL st vincents east COL Address1 VAL 50 medical park east drive COL Address2 VAL empty COL Address3 VAL empty COL City VAL birmingham COL State VAL al COL ZipCode VAL 3x23x COL CountyName VAL jefferson COL PhoneNumber VAL 2058383122 COL HospitalType VAL acute care hospitals COL HospitalOwner VAL voluntary non-profit - private COL EmergencyService VAL yes COL Condition VAL heart attack COL MeasureCode VAL ami-3 COL MeasureName VAL heart attack patients given ace inhibitor or arb for left ventricular systolic dysfunction (lvsd) COL Score VAL 91% COL Sample VAL 70 patients COL Stateavg VAL al_ami-3 ,COL Condition VAL heart attack ,0
105,COL ProviderNumber VAL 10011 COL HospitalName VAL st vincents east COL Address1 VAL 50 medical park east drive COL Address2 VAL empty COL Address3 VAL empty COL City VAL birmingham COL State VAL al COL ZipCode VAL 3x23x COL CountyName VAL jefferson COL PhoneNumber VAL 2058383122 COL HospitalType VAL acute care hospitals COL HospitalOwner VAL voluntary non-profit - private COL EmergencyService VAL yes COL Condition VAL heart attack COL MeasureCode VAL ami-3 COL MeasureName VAL heart attack patients given ace inhibitor or arb for left ventricular systolic dysfunction (lvsd) COL Score VAL 91% COL Sample VAL 70 patients COL Stateavg VAL al_ami-3 ,COL MeasureName VAL heart attack patients given ace inhibitor or arb for left ventricular systolic dysfunction (lvsd) ,0
106,COL ProviderNumber VAL 10011 COL HospitalName VAL st vincents east COL Address1 VAL 50 medical park east drive COL Address2 VAL empty COL Address3 VAL empty COL City VAL birmingham COL State VAL al COL ZipCode VAL 3x23x COL CountyName VAL jefferson COL PhoneNumber VAL 2058383122 COL HospitalType VAL acute care hospitals COL HospitalOwner VAL voluntary non-profit - private COL EmergencyService VAL yes COL Condition VAL heart attack COL MeasureCode VAL ami-3 COL MeasureName VAL heart attack patients given ace inhibitor or arb for left ventricular systolic dysfunction (lvsd) COL Score VAL 91% COL Sample VAL 70 patients COL Stateavg VAL al_ami-3 ,COL Sample VAL 70 patients ,0
107,COL ProviderNumber VAL 10011 COL HospitalName VAL st vincents east COL Address1 VAL 50 medical park east drive COL Address2 VAL empty COL Address3 VAL empty COL City VAL birmingham COL State VAL al COL ZipCode VAL 3x23x COL CountyName VAL jefferson COL PhoneNumber VAL 2058383122 COL HospitalType VAL acute care hospitals COL HospitalOwner VAL voluntary non-profit - private COL EmergencyService VAL yes COL Condition VAL heart attack COL MeasureCode VAL ami-3 COL MeasureName VAL heart attack patients given ace inhibitor or arb for left ventricular systolic dysfunction (lvsd) COL Score VAL 91% COL Sample VAL 70 patients COL Stateavg VAL al_ami-3 ,COL Stateavg VAL al_ami-3 ,0
108,COL ProviderNumber VAL 10012 COL HospitalName VAL dekalb regional medical center COL Address1 VAL 200 med center drive COL Address2 VAL empty COL Address3 VAL empty COL City VAL fort payne COL State VAL al COL ZipCode VAL 35968 COL CountyName VAL de kalb COL PhoneNumber VAL 2568453150 COL HospitalType VAL acute care hospitals COL HospitalOwner VAL voluntary non-profit - church COL EmergencyService VAL yes COL Condition VAL heart attack COL MeasureCode VAL ami-1 COL MeasureName VAL heartxattackxpatientsxgivenxaspirinxatxarrival COL Score VAL 100% COL Sample VAL 46 patients COL Stateavg VAL al_ami-1 ,COL ProviderNumber VAL 10012 ,0
109,COL ProviderNumber VAL 10012 COL HospitalName VAL dekalb regional medical center COL Address1 VAL 200 med center drive COL Address2 VAL empty COL Address3 VAL empty COL City VAL fort payne COL State VAL al COL ZipCode VAL 35968 COL CountyName VAL de kalb COL PhoneNumber VAL 2568453150 COL HospitalType VAL acute care hospitals COL HospitalOwner VAL voluntary non-profit - church COL EmergencyService VAL yes COL Condition VAL heart attack COL MeasureCode VAL ami-1 COL MeasureName VAL heartxattackxpatientsxgivenxaspirinxatxarrival COL Score VAL 100% COL Sample VAL 46 patients COL Stateavg VAL al_ami-1 ,COL Address1 VAL 200 med center drive ,0
110,COL ProviderNumber VAL 10012 COL HospitalName VAL dekalb regional medical center COL Address1 VAL 200 med center drive COL Address2 VAL empty COL Address3 VAL empty COL City VAL fort payne COL State VAL al COL ZipCode VAL 35968 COL CountyName VAL de kalb COL PhoneNumber VAL 2568453150 COL HospitalType VAL acute care hospitals COL HospitalOwner VAL voluntary non-profit - church COL EmergencyService VAL yes COL Condition VAL heart attack COL MeasureCode VAL ami-1 COL MeasureName VAL heartxattackxpatientsxgivenxaspirinxatxarrival COL Score VAL 100% COL Sample VAL 46 patients COL Stateavg VAL al_ami-1 ,COL City VAL fort payne ,0
111,COL ProviderNumber VAL 10012 COL HospitalName VAL dekalb regional medical center COL Address1 VAL 200 med center drive COL Address2 VAL empty COL Address3 VAL empty COL City VAL fort payne COL State VAL al COL ZipCode VAL 35968 COL CountyName VAL de kalb COL PhoneNumber VAL 2568453150 COL HospitalType VAL acute care hospitals COL HospitalOwner VAL voluntary non-profit - church COL EmergencyService VAL yes COL Condition VAL heart attack COL MeasureCode VAL ami-1 COL MeasureName VAL heartxattackxpatientsxgivenxaspirinxatxarrival COL Score VAL 100% COL Sample VAL 46 patients COL Stateavg VAL al_ami-1 ,COL State VAL al ,0
112,COL ProviderNumber VAL 10012 COL HospitalName VAL dekalb regional medical center COL Address1 VAL 200 med center drive COL Address2 VAL empty COL Address3 VAL empty COL City VAL fort payne COL State VAL al COL ZipCode VAL 35968 COL CountyName VAL de kalb COL PhoneNumber VAL 2568453150 COL HospitalType VAL acute care hospitals COL HospitalOwner VAL voluntary non-profit - church COL EmergencyService VAL yes COL Condition VAL heart attack COL MeasureCode VAL ami-1 COL MeasureName VAL heartxattackxpatientsxgivenxaspirinxatxarrival COL Score VAL 100% COL Sample VAL 46 patients COL Stateavg VAL al_ami-1 ,COL ZipCode VAL 35968 ,0
113,COL ProviderNumber VAL 10012 COL HospitalName VAL dekalb regional medical center COL Address1 VAL 200 med center drive COL Address2 VAL empty COL Address3 VAL empty COL City VAL fort payne COL State VAL al COL ZipCode VAL 35968 COL CountyName VAL de kalb COL PhoneNumber VAL 2568453150 COL HospitalType VAL acute care hospitals COL HospitalOwner VAL voluntary non-profit - church COL EmergencyService VAL yes COL Condition VAL heart attack COL MeasureCode VAL ami-1 COL MeasureName VAL heartxattackxpatientsxgivenxaspirinxatxarrival COL Score VAL 100% COL Sample VAL 46 patients COL Stateavg VAL al_ami-1 ,COL PhoneNumber VAL 2568453150 ,0
114,COL ProviderNumber VAL 10012 COL HospitalName VAL dekalb regional medical center COL Address1 VAL 200 med center drive COL Address2 VAL empty COL Address3 VAL empty COL City VAL fort payne COL State VAL al COL ZipCode VAL 35968 COL CountyName VAL de kalb COL PhoneNumber VAL 2568453150 COL HospitalType VAL acute care hospitals COL HospitalOwner VAL voluntary non-profit - church COL EmergencyService VAL yes COL Condition VAL heart attack COL MeasureCode VAL ami-1 COL MeasureName VAL heartxattackxpatientsxgivenxaspirinxatxarrival COL Score VAL 100% COL Sample VAL 46 patients COL Stateavg VAL al_ami-1 ,COL HospitalOwner VAL voluntary non-profit - church ,0
115,COL ProviderNumber VAL 10012 COL HospitalName VAL dekalb regional medical center COL Address1 VAL 200 med center drive COL Address2 VAL empty COL Address3 VAL empty COL City VAL fort payne COL State VAL al COL ZipCode VAL 35968 COL CountyName VAL de kalb COL PhoneNumber VAL 2568453150 COL HospitalType VAL acute care hospitals COL HospitalOwner VAL voluntary non-profit - church COL EmergencyService VAL yes COL Condition VAL heart attack COL MeasureCode VAL ami-1 COL MeasureName VAL heartxattackxpatientsxgivenxaspirinxatxarrival COL Score VAL 100% COL Sample VAL 46 patients COL Stateavg VAL al_ami-1 ,COL EmergencyService VAL yes ,0
116,COL ProviderNumber VAL 10012 COL HospitalName VAL dekalb regional medical center COL Address1 VAL 200 med center drive COL Address2 VAL empty COL Address3 VAL empty COL City VAL fort payne COL State VAL al COL ZipCode VAL 35968 COL CountyName VAL de kalb COL PhoneNumber VAL 2568453150 COL HospitalType VAL acute care hospitals COL HospitalOwner VAL voluntary non-profit - church COL EmergencyService VAL yes COL Condition VAL heart attack COL MeasureCode VAL ami-1 COL MeasureName VAL heartxattackxpatientsxgivenxaspirinxatxarrival COL Score VAL 100% COL Sample VAL 46 patients COL Stateavg VAL al_ami-1 ,COL Condition VAL heart attack ,0
117,COL ProviderNumber VAL 10012 COL HospitalName VAL dekalb regional medical center COL Address1 VAL 200 med center drive COL Address2 VAL empty COL Address3 VAL empty COL City VAL fort payne COL State VAL al COL ZipCode VAL 35968 COL CountyName VAL de kalb COL PhoneNumber VAL 2568453150 COL HospitalType VAL acute care hospitals COL HospitalOwner VAL voluntary non-profit - church COL EmergencyService VAL yes COL Condition VAL heart attack COL MeasureCode VAL ami-1 COL MeasureName VAL heartxattackxpatientsxgivenxaspirinxatxarrival COL Score VAL 100% COL Sample VAL 46 patients COL Stateavg VAL al_ami-1 ,COL MeasureName VAL heartxattackxpatientsxgivenxaspirinxatxarrival ,1
118,COL ProviderNumber VAL 10012 COL HospitalName VAL dekalb regional medical center COL Address1 VAL 200 med center drive COL Address2 VAL empty COL Address3 VAL empty COL City VAL fort payne COL State VAL al COL ZipCode VAL 35968 COL CountyName VAL de kalb COL PhoneNumber VAL 2568453150 COL HospitalType VAL acute care hospitals COL HospitalOwner VAL voluntary non-profit - church COL EmergencyService VAL yes COL Condition VAL heart attack COL MeasureCode VAL ami-1 COL MeasureName VAL heartxattackxpatientsxgivenxaspirinxatxarrival COL Score VAL 100% COL Sample VAL 46 patients COL Stateavg VAL al_ami-1 ,COL Sample VAL 46 patients ,0
119,COL ProviderNumber VAL 10012 COL HospitalName VAL dekalb regional medical center COL Address1 VAL 200 med center drive COL Address2 VAL empty COL Address3 VAL empty COL City VAL fort payne COL State VAL al COL ZipCode VAL 35968 COL CountyName VAL de kalb COL PhoneNumber VAL 2568453150 COL HospitalType VAL acute care hospitals COL HospitalOwner VAL voluntary non-profit - church COL EmergencyService VAL yes COL Condition VAL heart attack COL MeasureCode VAL ami-1 COL MeasureName VAL heartxattackxpatientsxgivenxaspirinxatxarrival COL Score VAL 100% COL Sample VAL 46 patients COL Stateavg VAL al_ami-1 ,COL Stateavg VAL al_ami-1 ,0
120,COL ProviderNumber VAL 10015 COL HospitalName VAL southwest alabama medical center COL Address1 VAL 33700 highway 43 COL Address2 VAL empty COL Address3 VAL empty COL City VAL thomasville COL State VAL al COL ZipCode VAL 36784 COL CountyName VAL clarke COL PhoneNumber VAL xx46x66221 COL HospitalType VAL acute care hospitals COL HospitalOwner VAL governxent - federal COL EmergencyService VAL yes COL Condition VAL heart attack COL MeasureCode VAL ami-4 COL MeasureName VAL heart attack patients given smoking cessation advice/counseling COL Score VAL empty COL Sample VAL 0 patients COL Stateavg VAL al_ami-4 ,COL ProviderNumber VAL 10015 ,0
121,COL ProviderNumber VAL 10015 COL HospitalName VAL southwest alabama medical center COL Address1 VAL 33700 highway 43 COL Address2 VAL empty COL Address3 VAL empty COL City VAL thomasville COL State VAL al COL ZipCode VAL 36784 COL CountyName VAL clarke COL PhoneNumber VAL xx46x66221 COL HospitalType VAL acute care hospitals COL HospitalOwner VAL governxent - federal COL EmergencyService VAL yes COL Condition VAL heart attack COL MeasureCode VAL ami-4 COL MeasureName VAL heart attack patients given smoking cessation advice/counseling COL Score VAL empty COL Sample VAL 0 patients COL Stateavg VAL al_ami-4 ,COL Address1 VAL 33700 highway 43 ,0
122,COL ProviderNumber VAL 10015 COL HospitalName VAL southwest alabama medical center COL Address1 VAL 33700 highway 43 COL Address2 VAL empty COL Address3 VAL empty COL City VAL thomasville COL State VAL al COL ZipCode VAL 36784 COL CountyName VAL clarke COL PhoneNumber VAL xx46x66221 COL HospitalType VAL acute care hospitals COL HospitalOwner VAL governxent - federal COL EmergencyService VAL yes COL Condition VAL heart attack COL MeasureCode VAL ami-4 COL MeasureName VAL heart attack patients given smoking cessation advice/counseling COL Score VAL empty COL Sample VAL 0 patients COL Stateavg VAL al_ami-4 ,COL City VAL thomasville ,0
123,COL ProviderNumber VAL 10015 COL HospitalName VAL southwest alabama medical center COL Address1 VAL 33700 highway 43 COL Address2 VAL empty COL Address3 VAL empty COL City VAL thomasville COL State VAL al COL ZipCode VAL 36784 COL CountyName VAL clarke COL PhoneNumber VAL xx46x66221 COL HospitalType VAL acute care hospitals COL HospitalOwner VAL governxent - federal COL EmergencyService VAL yes COL Condition VAL heart attack COL MeasureCode VAL ami-4 COL MeasureName VAL heart attack patients given smoking cessation advice/counseling COL Score VAL empty COL Sample VAL 0 patients COL Stateavg VAL al_ami-4 ,COL State VAL al ,0
124,COL ProviderNumber VAL 10015 COL HospitalName VAL southwest alabama medical center COL Address1 VAL 33700 highway 43 COL Address2 VAL empty COL Address3 VAL empty COL City VAL thomasville COL State VAL al COL ZipCode VAL 36784 COL CountyName VAL clarke COL PhoneNumber VAL xx46x66221 COL HospitalType VAL acute care hospitals COL HospitalOwner VAL governxent - federal COL EmergencyService VAL yes COL Condition VAL heart attack COL MeasureCode VAL ami-4 COL MeasureName VAL heart attack patients given smoking cessation advice/counseling COL Score VAL empty COL Sample VAL 0 patients COL Stateavg VAL al_ami-4 ,COL ZipCode VAL 36784 ,0
125,COL ProviderNumber VAL 10015 COL HospitalName VAL southwest alabama medical center COL Address1 VAL 33700 highway 43 COL Address2 VAL empty COL Address3 VAL empty COL City VAL thomasville COL State VAL al COL ZipCode VAL 36784 COL CountyName VAL clarke COL PhoneNumber VAL xx46x66221 COL HospitalType VAL acute care hospitals COL HospitalOwner VAL governxent - federal COL EmergencyService VAL yes COL Condition VAL heart attack COL MeasureCode VAL ami-4 COL MeasureName VAL heart attack patients given smoking cessation advice/counseling COL Score VAL empty COL Sample VAL 0 patients COL Stateavg VAL al_ami-4 ,COL PhoneNumber VAL xx46x66221 ,1
126,COL ProviderNumber VAL 10015 COL HospitalName VAL southwest alabama medical center COL Address1 VAL 33700 highway 43 COL Address2 VAL empty COL Address3 VAL empty COL City VAL thomasville COL State VAL al COL ZipCode VAL 36784 COL CountyName VAL clarke COL PhoneNumber VAL xx46x66221 COL HospitalType VAL acute care hospitals COL HospitalOwner VAL governxent - federal COL EmergencyService VAL yes COL Condition VAL heart attack COL MeasureCode VAL ami-4 COL MeasureName VAL heart attack patients given smoking cessation advice/counseling COL Score VAL empty COL Sample VAL 0 patients COL Stateavg VAL al_ami-4 ,COL HospitalOwner VAL governxent - federal ,1
127,COL ProviderNumber VAL 10015 COL HospitalName VAL southwest alabama medical center COL Address1 VAL 33700 highway 43 COL Address2 VAL empty COL Address3 VAL empty COL City VAL thomasville COL State VAL al COL ZipCode VAL 36784 COL CountyName VAL clarke COL PhoneNumber VAL xx46x66221 COL HospitalType VAL acute care hospitals COL HospitalOwner VAL governxent - federal COL EmergencyService VAL yes COL Condition VAL heart attack COL MeasureCode VAL ami-4 COL MeasureName VAL heart attack patients given smoking cessation advice/counseling COL Score VAL empty COL Sample VAL 0 patients COL Stateavg VAL al_ami-4 ,COL EmergencyService VAL yes ,0
128,COL ProviderNumber VAL 10015 COL HospitalName VAL southwest alabama medical center COL Address1 VAL 33700 highway 43 COL Address2 VAL empty COL Address3 VAL empty COL City VAL thomasville COL State VAL al COL ZipCode VAL 36784 COL CountyName VAL clarke COL PhoneNumber VAL xx46x66221 COL HospitalType VAL acute care hospitals COL HospitalOwner VAL governxent - federal COL EmergencyService VAL yes COL Condition VAL heart attack COL MeasureCode VAL ami-4 COL MeasureName VAL heart attack patients given smoking cessation advice/counseling COL Score VAL empty COL Sample VAL 0 patients COL Stateavg VAL al_ami-4 ,COL Condition VAL heart attack ,0
129,COL ProviderNumber VAL 10015 COL HospitalName VAL southwest alabama medical center COL Address1 VAL 33700 highway 43 COL Address2 VAL empty COL Address3 VAL empty COL City VAL thomasville COL State VAL al COL ZipCode VAL 36784 COL CountyName VAL clarke COL PhoneNumber VAL xx46x66221 COL HospitalType VAL acute care hospitals COL HospitalOwner VAL governxent - federal COL EmergencyService VAL yes COL Condition VAL heart attack COL MeasureCode VAL ami-4 COL MeasureName VAL heart attack patients given smoking cessation advice/counseling COL Score VAL empty COL Sample VAL 0 patients COL Stateavg VAL al_ami-4 ,COL MeasureName VAL heart attack patients given smoking cessation advice/counseling ,0
130,COL ProviderNumber VAL 10015 COL HospitalName VAL southwest alabama medical center COL Address1 VAL 33700 highway 43 COL Address2 VAL empty COL Address3 VAL empty COL City VAL thomasville COL State VAL al COL ZipCode VAL 36784 COL CountyName VAL clarke COL PhoneNumber VAL xx46x66221 COL HospitalType VAL acute care hospitals COL HospitalOwner VAL governxent - federal COL EmergencyService VAL yes COL Condition VAL heart attack COL MeasureCode VAL ami-4 COL MeasureName VAL heart attack patients given smoking cessation advice/counseling COL Score VAL empty COL Sample VAL 0 patients COL Stateavg VAL al_ami-4 ,COL Sample VAL 0 patients ,0
131,COL ProviderNumber VAL 10015 COL HospitalName VAL southwest alabama medical center COL Address1 VAL 33700 highway 43 COL Address2 VAL empty COL Address3 VAL empty COL City VAL thomasville COL State VAL al COL ZipCode VAL 36784 COL CountyName VAL clarke COL PhoneNumber VAL xx46x66221 COL HospitalType VAL acute care hospitals COL HospitalOwner VAL governxent - federal COL EmergencyService VAL yes COL Condition VAL heart attack COL MeasureCode VAL ami-4 COL MeasureName VAL heart attack patients given smoking cessation advice/counseling COL Score VAL empty COL Sample VAL 0 patients COL Stateavg VAL al_ami-4 ,COL Stateavg VAL al_ami-4 ,0
132,COL ProviderNumber VAL 10016 COL HospitalName VAL shelby baptist medical center COL Address1 VAL 1000 first street north COL Address2 VAL empty COL Address3 VAL empty COL City VAL alabaster COL State VAL al COL ZipCode VAL 35007 COL CountyName VAL shelby COL PhoneNumber VAL 2056208100 COL HospitalType VAL acute care hospitals COL HospitalOwner VAL voluntary non-profit - church COL EmergencyService VAL yes COL Condition VAL heart attack COL MeasureCode VAL ami-1 COL MeasureName VAL heart attack patients given aspirin at arrival COL Score VAL 99% COL Sample VAL 179 patients COL Stateavg VAL al_axi-1 ,COL ProviderNumber VAL 10016 ,0
133,COL ProviderNumber VAL 10016 COL HospitalName VAL shelby baptist medical center COL Address1 VAL 1000 first street north COL Address2 VAL empty COL Address3 VAL empty COL City VAL alabaster COL State VAL al COL ZipCode VAL 35007 COL CountyName VAL shelby COL PhoneNumber VAL 2056208100 COL HospitalType VAL acute care hospitals COL HospitalOwner VAL voluntary non-profit - church COL EmergencyService VAL yes COL Condition VAL heart attack COL MeasureCode VAL ami-1 COL MeasureName VAL heart attack patients given aspirin at arrival COL Score VAL 99% COL Sample VAL 179 patients COL Stateavg VAL al_axi-1 ,COL Address1 VAL 1000 first street north ,0
134,COL ProviderNumber VAL 10016 COL HospitalName VAL shelby baptist medical center COL Address1 VAL 1000 first street north COL Address2 VAL empty COL Address3 VAL empty COL City VAL alabaster COL State VAL al COL ZipCode VAL 35007 COL CountyName VAL shelby COL PhoneNumber VAL 2056208100 COL HospitalType VAL acute care hospitals COL HospitalOwner VAL voluntary non-profit - church COL EmergencyService VAL yes COL Condition VAL heart attack COL MeasureCode VAL ami-1 COL MeasureName VAL heart attack patients given aspirin at arrival COL Score VAL 99% COL Sample VAL 179 patients COL Stateavg VAL al_axi-1 ,COL City VAL alabaster ,0
135,COL ProviderNumber VAL 10016 COL HospitalName VAL shelby baptist medical center COL Address1 VAL 1000 first street north COL Address2 VAL empty COL Address3 VAL empty COL City VAL alabaster COL State VAL al COL ZipCode VAL 35007 COL CountyName VAL shelby COL PhoneNumber VAL 2056208100 COL HospitalType VAL acute care hospitals COL HospitalOwner VAL voluntary non-profit - church COL EmergencyService VAL yes COL Condition VAL heart attack COL MeasureCode VAL ami-1 COL MeasureName VAL heart attack patients given aspirin at arrival COL Score VAL 99% COL Sample VAL 179 patients COL Stateavg VAL al_axi-1 ,COL State VAL al ,0
136,COL ProviderNumber VAL 10016 COL HospitalName VAL shelby baptist medical center COL Address1 VAL 1000 first street north COL Address2 VAL empty COL Address3 VAL empty COL City VAL alabaster COL State VAL al COL ZipCode VAL 35007 COL CountyName VAL shelby COL PhoneNumber VAL 2056208100 COL HospitalType VAL acute care hospitals COL HospitalOwner VAL voluntary non-profit - church COL EmergencyService VAL yes COL Condition VAL heart attack COL MeasureCode VAL ami-1 COL MeasureName VAL heart attack patients given aspirin at arrival COL Score VAL 99% COL Sample VAL 179 patients COL Stateavg VAL al_axi-1 ,COL ZipCode VAL 35007 ,0
137,COL ProviderNumber VAL 10016 COL HospitalName VAL shelby baptist medical center COL Address1 VAL 1000 first street north COL Address2 VAL empty COL Address3 VAL empty COL City VAL alabaster COL State VAL al COL ZipCode VAL 35007 COL CountyName VAL shelby COL PhoneNumber VAL 2056208100 COL HospitalType VAL acute care hospitals COL HospitalOwner VAL voluntary non-profit - church COL EmergencyService VAL yes COL Condition VAL heart attack COL MeasureCode VAL ami-1 COL MeasureName VAL heart attack patients given aspirin at arrival COL Score VAL 99% COL Sample VAL 179 patients COL Stateavg VAL al_axi-1 ,COL PhoneNumber VAL 2056208100 ,0
138,COL ProviderNumber VAL 10016 COL HospitalName VAL shelby baptist medical center COL Address1 VAL 1000 first street north COL Address2 VAL empty COL Address3 VAL empty COL City VAL alabaster COL State VAL al COL ZipCode VAL 35007 COL CountyName VAL shelby COL PhoneNumber VAL 2056208100 COL HospitalType VAL acute care hospitals COL HospitalOwner VAL voluntary non-profit - church COL EmergencyService VAL yes COL Condition VAL heart attack COL MeasureCode VAL ami-1 COL MeasureName VAL heart attack patients given aspirin at arrival COL Score VAL 99% COL Sample VAL 179 patients COL Stateavg VAL al_axi-1 ,COL HospitalOwner VAL voluntary non-profit - church ,0
139,COL ProviderNumber VAL 10016 COL HospitalName VAL shelby baptist medical center COL Address1 VAL 1000 first street north COL Address2 VAL empty COL Address3 VAL empty COL City VAL alabaster COL State VAL al COL ZipCode VAL 35007 COL CountyName VAL shelby COL PhoneNumber VAL 2056208100 COL HospitalType VAL acute care hospitals COL HospitalOwner VAL voluntary non-profit - church COL EmergencyService VAL yes COL Condition VAL heart attack COL MeasureCode VAL ami-1 COL MeasureName VAL heart attack patients given aspirin at arrival COL Score VAL 99% COL Sample VAL 179 patients COL Stateavg VAL al_axi-1 ,COL EmergencyService VAL yes ,0
140,COL ProviderNumber VAL 10016 COL HospitalName VAL shelby baptist medical center COL Address1 VAL 1000 first street north COL Address2 VAL empty COL Address3 VAL empty COL City VAL alabaster COL State VAL al COL ZipCode VAL 35007 COL CountyName VAL shelby COL PhoneNumber VAL 2056208100 COL HospitalType VAL acute care hospitals COL HospitalOwner VAL voluntary non-profit - church COL EmergencyService VAL yes COL Condition VAL heart attack COL MeasureCode VAL ami-1 COL MeasureName VAL heart attack patients given aspirin at arrival COL Score VAL 99% COL Sample VAL 179 patients COL Stateavg VAL al_axi-1 ,COL Condition VAL heart attack ,0
141,COL ProviderNumber VAL 10016 COL HospitalName VAL shelby baptist medical center COL Address1 VAL 1000 first street north COL Address2 VAL empty COL Address3 VAL empty COL City VAL alabaster COL State VAL al COL ZipCode VAL 35007 COL CountyName VAL shelby COL PhoneNumber VAL 2056208100 COL HospitalType VAL acute care hospitals COL HospitalOwner VAL voluntary non-profit - church COL EmergencyService VAL yes COL Condition VAL heart attack COL MeasureCode VAL ami-1 COL MeasureName VAL heart attack patients given aspirin at arrival COL Score VAL 99% COL Sample VAL 179 patients COL Stateavg VAL al_axi-1 ,COL MeasureName VAL heart attack patients given aspirin at arrival ,0
142,COL ProviderNumber VAL 10016 COL HospitalName VAL shelby baptist medical center COL Address1 VAL 1000 first street north COL Address2 VAL empty COL Address3 VAL empty COL City VAL alabaster COL State VAL al COL ZipCode VAL 35007 COL CountyName VAL shelby COL PhoneNumber VAL 2056208100 COL HospitalType VAL acute care hospitals COL HospitalOwner VAL voluntary non-profit - church COL EmergencyService VAL yes COL Condition VAL heart attack COL MeasureCode VAL ami-1 COL MeasureName VAL heart attack patients given aspirin at arrival COL Score VAL 99% COL Sample VAL 179 patients COL Stateavg VAL al_axi-1 ,COL Sample VAL 179 patients ,0
143,COL ProviderNumber VAL 10016 COL HospitalName VAL shelby baptist medical center COL Address1 VAL 1000 first street north COL Address2 VAL empty COL Address3 VAL empty COL City VAL alabaster COL State VAL al COL ZipCode VAL 35007 COL CountyName VAL shelby COL PhoneNumber VAL 2056208100 COL HospitalType VAL acute care hospitals COL HospitalOwner VAL voluntary non-profit - church COL EmergencyService VAL yes COL Condition VAL heart attack COL MeasureCode VAL ami-1 COL MeasureName VAL heart attack patients given aspirin at arrival COL Score VAL 99% COL Sample VAL 179 patients COL Stateavg VAL al_axi-1 ,COL Stateavg VAL al_axi-1 ,1
144,COL ProviderNumber VAL 10018 COL HospitalName VAL callahan eye foundation hospital COL Address1 VAL 1720 university blvd COL Address2 VAL empty COL Address3 VAL empty COL City VAL birmingham COL State VAL al COL ZipCode VAL 35233 COL CountyName VAL jefferson COL PhoneNumber VAL 2053258100 COL HospitalType VAL acute care hospitals COL HospitalOwner VAL voluntary non-profit - private COL EmergencyService VAL yes COL Condition VAL surgical infection prevention COL MeasureCode VAL scip-card-2 COL MeasureName VAL surgery patients who were taking heart drugs caxxed beta bxockers before coming to the hospitax who were kept on the beta bxockers during the period just before and after their surgery COL Score VAL empty COL Sample VAL empty COL Stateavg VAL al_scip-card-2 ,COL ProviderNumber VAL 10018 ,0
145,COL ProviderNumber VAL 10018 COL HospitalName VAL callahan eye foundation hospital COL Address1 VAL 1720 university blvd COL Address2 VAL empty COL Address3 VAL empty COL City VAL birmingham COL State VAL al COL ZipCode VAL 35233 COL CountyName VAL jefferson COL PhoneNumber VAL 2053258100 COL HospitalType VAL acute care hospitals COL HospitalOwner VAL voluntary non-profit - private COL EmergencyService VAL yes COL Condition VAL surgical infection prevention COL MeasureCode VAL scip-card-2 COL MeasureName VAL surgery patients who were taking heart drugs caxxed beta bxockers before coming to the hospitax who were kept on the beta bxockers during the period just before and after their surgery COL Score VAL empty COL Sample VAL empty COL Stateavg VAL al_scip-card-2 ,COL Address1 VAL 1720 university blvd ,0
146,COL ProviderNumber VAL 10018 COL HospitalName VAL callahan eye foundation hospital COL Address1 VAL 1720 university blvd COL Address2 VAL empty COL Address3 VAL empty COL City VAL birmingham COL State VAL al COL ZipCode VAL 35233 COL CountyName VAL jefferson COL PhoneNumber VAL 2053258100 COL HospitalType VAL acute care hospitals COL HospitalOwner VAL voluntary non-profit - private COL EmergencyService VAL yes COL Condition VAL surgical infection prevention COL MeasureCode VAL scip-card-2 COL MeasureName VAL surgery patients who were taking heart drugs caxxed beta bxockers before coming to the hospitax who were kept on the beta bxockers during the period just before and after their surgery COL Score VAL empty COL Sample VAL empty COL Stateavg VAL al_scip-card-2 ,COL City VAL birmingham ,0
147,COL ProviderNumber VAL 10018 COL HospitalName VAL callahan eye foundation hospital COL Address1 VAL 1720 university blvd COL Address2 VAL empty COL Address3 VAL empty COL City VAL birmingham COL State VAL al COL ZipCode VAL 35233 COL CountyName VAL jefferson COL PhoneNumber VAL 2053258100 COL HospitalType VAL acute care hospitals COL HospitalOwner VAL voluntary non-profit - private COL EmergencyService VAL yes COL Condition VAL surgical infection prevention COL MeasureCode VAL scip-card-2 COL MeasureName VAL surgery patients who were taking heart drugs caxxed beta bxockers before coming to the hospitax who were kept on the beta bxockers during the period just before and after their surgery COL Score VAL empty COL Sample VAL empty COL Stateavg VAL al_scip-card-2 ,COL State VAL al ,0
148,COL ProviderNumber VAL 10018 COL HospitalName VAL callahan eye foundation hospital COL Address1 VAL 1720 university blvd COL Address2 VAL empty COL Address3 VAL empty COL City VAL birmingham COL State VAL al COL ZipCode VAL 35233 COL CountyName VAL jefferson COL PhoneNumber VAL 2053258100 COL HospitalType VAL acute care hospitals COL HospitalOwner VAL voluntary non-profit - private COL EmergencyService VAL yes COL Condition VAL surgical infection prevention COL MeasureCode VAL scip-card-2 COL MeasureName VAL surgery patients who were taking heart drugs caxxed beta bxockers before coming to the hospitax who were kept on the beta bxockers during the period just before and after their surgery COL Score VAL empty COL Sample VAL empty COL Stateavg VAL al_scip-card-2 ,COL ZipCode VAL 35233 ,0
149,COL ProviderNumber VAL 10018 COL HospitalName VAL callahan eye foundation hospital COL Address1 VAL 1720 university blvd COL Address2 VAL empty COL Address3 VAL empty COL City VAL birmingham COL State VAL al COL ZipCode VAL 35233 COL CountyName VAL jefferson COL PhoneNumber VAL 2053258100 COL HospitalType VAL acute care hospitals COL HospitalOwner VAL voluntary non-profit - private COL EmergencyService VAL yes COL Condition VAL surgical infection prevention COL MeasureCode VAL scip-card-2 COL MeasureName VAL surgery patients who were taking heart drugs caxxed beta bxockers before coming to the hospitax who were kept on the beta bxockers during the period just before and after their surgery COL Score VAL empty COL Sample VAL empty COL Stateavg VAL al_scip-card-2 ,COL PhoneNumber VAL 2053258100 ,0
150,COL ProviderNumber VAL 10018 COL HospitalName VAL callahan eye foundation hospital COL Address1 VAL 1720 university blvd COL Address2 VAL empty COL Address3 VAL empty COL City VAL birmingham COL State VAL al COL ZipCode VAL 35233 COL CountyName VAL jefferson COL PhoneNumber VAL 2053258100 COL HospitalType VAL acute care hospitals COL HospitalOwner VAL voluntary non-profit - private COL EmergencyService VAL yes COL Condition VAL surgical infection prevention COL MeasureCode VAL scip-card-2 COL MeasureName VAL surgery patients who were taking heart drugs caxxed beta bxockers before coming to the hospitax who were kept on the beta bxockers during the period just before and after their surgery COL Score VAL empty COL Sample VAL empty COL Stateavg VAL al_scip-card-2 ,COL HospitalOwner VAL voluntary non-profit - private ,0
151,COL ProviderNumber VAL 10018 COL HospitalName VAL callahan eye foundation hospital COL Address1 VAL 1720 university blvd COL Address2 VAL empty COL Address3 VAL empty COL City VAL birmingham COL State VAL al COL ZipCode VAL 35233 COL CountyName VAL jefferson COL PhoneNumber VAL 2053258100 COL HospitalType VAL acute care hospitals COL HospitalOwner VAL voluntary non-profit - private COL EmergencyService VAL yes COL Condition VAL surgical infection prevention COL MeasureCode VAL scip-card-2 COL MeasureName VAL surgery patients who were taking heart drugs caxxed beta bxockers before coming to the hospitax who were kept on the beta bxockers during the period just before and after their surgery COL Score VAL empty COL Sample VAL empty COL Stateavg VAL al_scip-card-2 ,COL EmergencyService VAL yes ,0
152,COL ProviderNumber VAL 10018 COL HospitalName VAL callahan eye foundation hospital COL Address1 VAL 1720 university blvd COL Address2 VAL empty COL Address3 VAL empty COL City VAL birmingham COL State VAL al COL ZipCode VAL 35233 COL CountyName VAL jefferson COL PhoneNumber VAL 2053258100 COL HospitalType VAL acute care hospitals COL HospitalOwner VAL voluntary non-profit - private COL EmergencyService VAL yes COL Condition VAL surgical infection prevention COL MeasureCode VAL scip-card-2 COL MeasureName VAL surgery patients who were taking heart drugs caxxed beta bxockers before coming to the hospitax who were kept on the beta bxockers during the period just before and after their surgery COL Score VAL empty COL Sample VAL empty COL Stateavg VAL al_scip-card-2 ,COL Condition VAL surgical infection prevention ,0
153,COL ProviderNumber VAL 10018 COL HospitalName VAL callahan eye foundation hospital COL Address1 VAL 1720 university blvd COL Address2 VAL empty COL Address3 VAL empty COL City VAL birmingham COL State VAL al COL ZipCode VAL 35233 COL CountyName VAL jefferson COL PhoneNumber VAL 2053258100 COL HospitalType VAL acute care hospitals COL HospitalOwner VAL voluntary non-profit - private COL EmergencyService VAL yes COL Condition VAL surgical infection prevention COL MeasureCode VAL scip-card-2 COL MeasureName VAL surgery patients who were taking heart drugs caxxed beta bxockers before coming to the hospitax who were kept on the beta bxockers during the period just before and after their surgery COL Score VAL empty COL Sample VAL empty COL Stateavg VAL al_scip-card-2 ,COL MeasureName VAL surgery patients who were taking heart drugs caxxed beta bxockers before coming to the hospitax who were kept on the beta bxockers during the period just before and after their surgery ,1
154,COL ProviderNumber VAL 10018 COL HospitalName VAL callahan eye foundation hospital COL Address1 VAL 1720 university blvd COL Address2 VAL empty COL Address3 VAL empty COL City VAL birmingham COL State VAL al COL ZipCode VAL 35233 COL CountyName VAL jefferson COL PhoneNumber VAL 2053258100 COL HospitalType VAL acute care hospitals COL HospitalOwner VAL voluntary non-profit - private COL EmergencyService VAL yes COL Condition VAL surgical infection prevention COL MeasureCode VAL scip-card-2 COL MeasureName VAL surgery patients who were taking heart drugs caxxed beta bxockers before coming to the hospitax who were kept on the beta bxockers during the period just before and after their surgery COL Score VAL empty COL Sample VAL empty COL Stateavg VAL al_scip-card-2 ,COL Sample VAL empty ,0
155,COL ProviderNumber VAL 10018 COL HospitalName VAL callahan eye foundation hospital COL Address1 VAL 1720 university blvd COL Address2 VAL empty COL Address3 VAL empty COL City VAL birmingham COL State VAL al COL ZipCode VAL 35233 COL CountyName VAL jefferson COL PhoneNumber VAL 2053258100 COL HospitalType VAL acute care hospitals COL HospitalOwner VAL voluntary non-profit - private COL EmergencyService VAL yes COL Condition VAL surgical infection prevention COL MeasureCode VAL scip-card-2 COL MeasureName VAL surgery patients who were taking heart drugs caxxed beta bxockers before coming to the hospitax who were kept on the beta bxockers during the period just before and after their surgery COL Score VAL empty COL Sample VAL empty COL Stateavg VAL al_scip-card-2 ,COL Stateavg VAL al_scip-card-2 ,0
156,COL ProviderNumber VAL 10019 COL HospitalName VAL helen keller memorial hospital COL Address1 VAL 1300 south montgomery avenue COL Address2 VAL empty COL Address3 VAL empty COL City VAL sheffxeld COL State VAL al COL ZipCode VAL 35660 COL CountyName VAL jefferson COL PhoneNumber VAL 2563864556 COL HospitalType VAL acute care hospitals COL HospitalOwner VAL government - hospital district or authority COL EmergencyService VAL yes COL Condition VAL heart attack COL MeasureCode VAL ami-3 COL MeasureName VAL heart attack patients given ace inhibitor or arb for left ventricular systolic dysfunction (lvsd) COL Score VAL 75% COL Sample VAL 4 patients COL Stateavg VAL al_ami-3 ,COL ProviderNumber VAL 10019 ,0
157,COL ProviderNumber VAL 10019 COL HospitalName VAL helen keller memorial hospital COL Address1 VAL 1300 south montgomery avenue COL Address2 VAL empty COL Address3 VAL empty COL City VAL sheffxeld COL State VAL al COL ZipCode VAL 35660 COL CountyName VAL jefferson COL PhoneNumber VAL 2563864556 COL HospitalType VAL acute care hospitals COL HospitalOwner VAL government - hospital district or authority COL EmergencyService VAL yes COL Condition VAL heart attack COL MeasureCode VAL ami-3 COL MeasureName VAL heart attack patients given ace inhibitor or arb for left ventricular systolic dysfunction (lvsd) COL Score VAL 75% COL Sample VAL 4 patients COL Stateavg VAL al_ami-3 ,COL Address1 VAL 1300 south montgomery avenue ,0
158,COL ProviderNumber VAL 10019 COL HospitalName VAL helen keller memorial hospital COL Address1 VAL 1300 south montgomery avenue COL Address2 VAL empty COL Address3 VAL empty COL City VAL sheffxeld COL State VAL al COL ZipCode VAL 35660 COL CountyName VAL jefferson COL PhoneNumber VAL 2563864556 COL HospitalType VAL acute care hospitals COL HospitalOwner VAL government - hospital district or authority COL EmergencyService VAL yes COL Condition VAL heart attack COL MeasureCode VAL ami-3 COL MeasureName VAL heart attack patients given ace inhibitor or arb for left ventricular systolic dysfunction (lvsd) COL Score VAL 75% COL Sample VAL 4 patients COL Stateavg VAL al_ami-3 ,COL City VAL sheffxeld ,1
159,COL ProviderNumber VAL 10019 COL HospitalName VAL helen keller memorial hospital COL Address1 VAL 1300 south montgomery avenue COL Address2 VAL empty COL Address3 VAL empty COL City VAL sheffxeld COL State VAL al COL ZipCode VAL 35660 COL CountyName VAL jefferson COL PhoneNumber VAL 2563864556 COL HospitalType VAL acute care hospitals COL HospitalOwner VAL government - hospital district or authority COL EmergencyService VAL yes COL Condition VAL heart attack COL MeasureCode VAL ami-3 COL MeasureName VAL heart attack patients given ace inhibitor or arb for left ventricular systolic dysfunction (lvsd) COL Score VAL 75% COL Sample VAL 4 patients COL Stateavg VAL al_ami-3 ,COL State VAL al ,0
160,COL ProviderNumber VAL 10019 COL HospitalName VAL helen keller memorial hospital COL Address1 VAL 1300 south montgomery avenue COL Address2 VAL empty COL Address3 VAL empty COL City VAL sheffxeld COL State VAL al COL ZipCode VAL 35660 COL CountyName VAL jefferson COL PhoneNumber VAL 2563864556 COL HospitalType VAL acute care hospitals COL HospitalOwner VAL government - hospital district or authority COL EmergencyService VAL yes COL Condition VAL heart attack COL MeasureCode VAL ami-3 COL MeasureName VAL heart attack patients given ace inhibitor or arb for left ventricular systolic dysfunction (lvsd) COL Score VAL 75% COL Sample VAL 4 patients COL Stateavg VAL al_ami-3 ,COL ZipCode VAL 35660 ,0
161,COL ProviderNumber VAL 10019 COL HospitalName VAL helen keller memorial hospital COL Address1 VAL 1300 south montgomery avenue COL Address2 VAL empty COL Address3 VAL empty COL City VAL sheffxeld COL State VAL al COL ZipCode VAL 35660 COL CountyName VAL jefferson COL PhoneNumber VAL 2563864556 COL HospitalType VAL acute care hospitals COL HospitalOwner VAL government - hospital district or authority COL EmergencyService VAL yes COL Condition VAL heart attack COL MeasureCode VAL ami-3 COL MeasureName VAL heart attack patients given ace inhibitor or arb for left ventricular systolic dysfunction (lvsd) COL Score VAL 75% COL Sample VAL 4 patients COL Stateavg VAL al_ami-3 ,COL PhoneNumber VAL 2563864556 ,0
162,COL ProviderNumber VAL 10019 COL HospitalName VAL helen keller memorial hospital COL Address1 VAL 1300 south montgomery avenue COL Address2 VAL empty COL Address3 VAL empty COL City VAL sheffxeld COL State VAL al COL ZipCode VAL 35660 COL CountyName VAL jefferson COL PhoneNumber VAL 2563864556 COL HospitalType VAL acute care hospitals COL HospitalOwner VAL government - hospital district or authority COL EmergencyService VAL yes COL Condition VAL heart attack COL MeasureCode VAL ami-3 COL MeasureName VAL heart attack patients given ace inhibitor or arb for left ventricular systolic dysfunction (lvsd) COL Score VAL 75% COL Sample VAL 4 patients COL Stateavg VAL al_ami-3 ,COL HospitalOwner VAL government - hospital district or authority ,0
163,COL ProviderNumber VAL 10019 COL HospitalName VAL helen keller memorial hospital COL Address1 VAL 1300 south montgomery avenue COL Address2 VAL empty COL Address3 VAL empty COL City VAL sheffxeld COL State VAL al COL ZipCode VAL 35660 COL CountyName VAL jefferson COL PhoneNumber VAL 2563864556 COL HospitalType VAL acute care hospitals COL HospitalOwner VAL government - hospital district or authority COL EmergencyService VAL yes COL Condition VAL heart attack COL MeasureCode VAL ami-3 COL MeasureName VAL heart attack patients given ace inhibitor or arb for left ventricular systolic dysfunction (lvsd) COL Score VAL 75% COL Sample VAL 4 patients COL Stateavg VAL al_ami-3 ,COL EmergencyService VAL yes ,0
164,COL ProviderNumber VAL 10019 COL HospitalName VAL helen keller memorial hospital COL Address1 VAL 1300 south montgomery avenue COL Address2 VAL empty COL Address3 VAL empty COL City VAL sheffxeld COL State VAL al COL ZipCode VAL 35660 COL CountyName VAL jefferson COL PhoneNumber VAL 2563864556 COL HospitalType VAL acute care hospitals COL HospitalOwner VAL government - hospital district or authority COL EmergencyService VAL yes COL Condition VAL heart attack COL MeasureCode VAL ami-3 COL MeasureName VAL heart attack patients given ace inhibitor or arb for left ventricular systolic dysfunction (lvsd) COL Score VAL 75% COL Sample VAL 4 patients COL Stateavg VAL al_ami-3 ,COL Condition VAL heart attack ,0
165,COL ProviderNumber VAL 10019 COL HospitalName VAL helen keller memorial hospital COL Address1 VAL 1300 south montgomery avenue COL Address2 VAL empty COL Address3 VAL empty COL City VAL sheffxeld COL State VAL al COL ZipCode VAL 35660 COL CountyName VAL jefferson COL PhoneNumber VAL 2563864556 COL HospitalType VAL acute care hospitals COL HospitalOwner VAL government - hospital district or authority COL EmergencyService VAL yes COL Condition VAL heart attack COL MeasureCode VAL ami-3 COL MeasureName VAL heart attack patients given ace inhibitor or arb for left ventricular systolic dysfunction (lvsd) COL Score VAL 75% COL Sample VAL 4 patients COL Stateavg VAL al_ami-3 ,COL MeasureName VAL heart attack patients given ace inhibitor or arb for left ventricular systolic dysfunction (lvsd) ,0
166,COL ProviderNumber VAL 10019 COL HospitalName VAL helen keller memorial hospital COL Address1 VAL 1300 south montgomery avenue COL Address2 VAL empty COL Address3 VAL empty COL City VAL sheffxeld COL State VAL al COL ZipCode VAL 35660 COL CountyName VAL jefferson COL PhoneNumber VAL 2563864556 COL HospitalType VAL acute care hospitals COL HospitalOwner VAL government - hospital district or authority COL EmergencyService VAL yes COL Condition VAL heart attack COL MeasureCode VAL ami-3 COL MeasureName VAL heart attack patients given ace inhibitor or arb for left ventricular systolic dysfunction (lvsd) COL Score VAL 75% COL Sample VAL 4 patients COL Stateavg VAL al_ami-3 ,COL Sample VAL 4 patients ,0
167,COL ProviderNumber VAL 10019 COL HospitalName VAL helen keller memorial hospital COL Address1 VAL 1300 south montgomery avenue COL Address2 VAL empty COL Address3 VAL empty COL City VAL sheffxeld COL State VAL al COL ZipCode VAL 35660 COL CountyName VAL jefferson COL PhoneNumber VAL 2563864556 COL HospitalType VAL acute care hospitals COL HospitalOwner VAL government - hospital district or authority COL EmergencyService VAL yes COL Condition VAL heart attack COL MeasureCode VAL ami-3 COL MeasureName VAL heart attack patients given ace inhibitor or arb for left ventricular systolic dysfunction (lvsd) COL Score VAL 75% COL Sample VAL 4 patients COL Stateavg VAL al_ami-3 ,COL Stateavg VAL al_ami-3 ,0
168,COL ProviderNumber VAL 10021 COL HospitalName VAL dale medical center COL Address1 VAL 126 hospital ave COL Address2 VAL empty COL Address3 VAL empty COL City VAL ozark COL State VAL al COL ZipCode VAL 36360 COL CountyName VAL dale COL PhoneNumber VAL 3347742601 COL HospitalType VAL acute care hospitals COL HospitalOwner VAL government - hospital district or authority COL EmergencyService VAL yes COL Condition VAL hexrt attxck COL MeasureCode VAL ami-2 COL MeasureName VAL heart attack patients given aspirin at discharge COL Score VAL 100% COL Sample VAL 5 patients COL Stateavg VAL al_ami-2 ,COL ProviderNumber VAL 10021 ,0
169,COL ProviderNumber VAL 10021 COL HospitalName VAL dale medical center COL Address1 VAL 126 hospital ave COL Address2 VAL empty COL Address3 VAL empty COL City VAL ozark COL State VAL al COL ZipCode VAL 36360 COL CountyName VAL dale COL PhoneNumber VAL 3347742601 COL HospitalType VAL acute care hospitals COL HospitalOwner VAL government - hospital district or authority COL EmergencyService VAL yes COL Condition VAL hexrt attxck COL MeasureCode VAL ami-2 COL MeasureName VAL heart attack patients given aspirin at discharge COL Score VAL 100% COL Sample VAL 5 patients COL Stateavg VAL al_ami-2 ,COL Address1 VAL 126 hospital ave ,0
170,COL ProviderNumber VAL 10021 COL HospitalName VAL dale medical center COL Address1 VAL 126 hospital ave COL Address2 VAL empty COL Address3 VAL empty COL City VAL ozark COL State VAL al COL ZipCode VAL 36360 COL CountyName VAL dale COL PhoneNumber VAL 3347742601 COL HospitalType VAL acute care hospitals COL HospitalOwner VAL government - hospital district or authority COL EmergencyService VAL yes COL Condition VAL hexrt attxck COL MeasureCode VAL ami-2 COL MeasureName VAL heart attack patients given aspirin at discharge COL Score VAL 100% COL Sample VAL 5 patients COL Stateavg VAL al_ami-2 ,COL City VAL ozark ,0
171,COL ProviderNumber VAL 10021 COL HospitalName VAL dale medical center COL Address1 VAL 126 hospital ave COL Address2 VAL empty COL Address3 VAL empty COL City VAL ozark COL State VAL al COL ZipCode VAL 36360 COL CountyName VAL dale COL PhoneNumber VAL 3347742601 COL HospitalType VAL acute care hospitals COL HospitalOwner VAL government - hospital district or authority COL EmergencyService VAL yes COL Condition VAL hexrt attxck COL MeasureCode VAL ami-2 COL MeasureName VAL heart attack patients given aspirin at discharge COL Score VAL 100% COL Sample VAL 5 patients COL Stateavg VAL al_ami-2 ,COL State VAL al ,0
172,COL ProviderNumber VAL 10021 COL HospitalName VAL dale medical center COL Address1 VAL 126 hospital ave COL Address2 VAL empty COL Address3 VAL empty COL City VAL ozark COL State VAL al COL ZipCode VAL 36360 COL CountyName VAL dale COL PhoneNumber VAL 3347742601 COL HospitalType VAL acute care hospitals COL HospitalOwner VAL government - hospital district or authority COL EmergencyService VAL yes COL Condition VAL hexrt attxck COL MeasureCode VAL ami-2 COL MeasureName VAL heart attack patients given aspirin at discharge COL Score VAL 100% COL Sample VAL 5 patients COL Stateavg VAL al_ami-2 ,COL ZipCode VAL 36360 ,0
173,COL ProviderNumber VAL 10021 COL HospitalName VAL dale medical center COL Address1 VAL 126 hospital ave COL Address2 VAL empty COL Address3 VAL empty COL City VAL ozark COL State VAL al COL ZipCode VAL 36360 COL CountyName VAL dale COL PhoneNumber VAL 3347742601 COL HospitalType VAL acute care hospitals COL HospitalOwner VAL government - hospital district or authority COL EmergencyService VAL yes COL Condition VAL hexrt attxck COL MeasureCode VAL ami-2 COL MeasureName VAL heart attack patients given aspirin at discharge COL Score VAL 100% COL Sample VAL 5 patients COL Stateavg VAL al_ami-2 ,COL PhoneNumber VAL 3347742601 ,0
174,COL ProviderNumber VAL 10021 COL HospitalName VAL dale medical center COL Address1 VAL 126 hospital ave COL Address2 VAL empty COL Address3 VAL empty COL City VAL ozark COL State VAL al COL ZipCode VAL 36360 COL CountyName VAL dale COL PhoneNumber VAL 3347742601 COL HospitalType VAL acute care hospitals COL HospitalOwner VAL government - hospital district or authority COL EmergencyService VAL yes COL Condition VAL hexrt attxck COL MeasureCode VAL ami-2 COL MeasureName VAL heart attack patients given aspirin at discharge COL Score VAL 100% COL Sample VAL 5 patients COL Stateavg VAL al_ami-2 ,COL HospitalOwner VAL government - hospital district or authority ,0
175,COL ProviderNumber VAL 10021 COL HospitalName VAL dale medical center COL Address1 VAL 126 hospital ave COL Address2 VAL empty COL Address3 VAL empty COL City VAL ozark COL State VAL al COL ZipCode VAL 36360 COL CountyName VAL dale COL PhoneNumber VAL 3347742601 COL HospitalType VAL acute care hospitals COL HospitalOwner VAL government - hospital district or authority COL EmergencyService VAL yes COL Condition VAL hexrt attxck COL MeasureCode VAL ami-2 COL MeasureName VAL heart attack patients given aspirin at discharge COL Score VAL 100% COL Sample VAL 5 patients COL Stateavg VAL al_ami-2 ,COL EmergencyService VAL yes ,0
176,COL ProviderNumber VAL 10021 COL HospitalName VAL dale medical center COL Address1 VAL 126 hospital ave COL Address2 VAL empty COL Address3 VAL empty COL City VAL ozark COL State VAL al COL ZipCode VAL 36360 COL CountyName VAL dale COL PhoneNumber VAL 3347742601 COL HospitalType VAL acute care hospitals COL HospitalOwner VAL government - hospital district or authority COL EmergencyService VAL yes COL Condition VAL hexrt attxck COL MeasureCode VAL ami-2 COL MeasureName VAL heart attack patients given aspirin at discharge COL Score VAL 100% COL Sample VAL 5 patients COL Stateavg VAL al_ami-2 ,COL Condition VAL hexrt attxck ,1
177,COL ProviderNumber VAL 10021 COL HospitalName VAL dale medical center COL Address1 VAL 126 hospital ave COL Address2 VAL empty COL Address3 VAL empty COL City VAL ozark COL State VAL al COL ZipCode VAL 36360 COL CountyName VAL dale COL PhoneNumber VAL 3347742601 COL HospitalType VAL acute care hospitals COL HospitalOwner VAL government - hospital district or authority COL EmergencyService VAL yes COL Condition VAL hexrt attxck COL MeasureCode VAL ami-2 COL MeasureName VAL heart attack patients given aspirin at discharge COL Score VAL 100% COL Sample VAL 5 patients COL Stateavg VAL al_ami-2 ,COL MeasureName VAL heart attack patients given aspirin at discharge ,0
178,COL ProviderNumber VAL 10021 COL HospitalName VAL dale medical center COL Address1 VAL 126 hospital ave COL Address2 VAL empty COL Address3 VAL empty COL City VAL ozark COL State VAL al COL ZipCode VAL 36360 COL CountyName VAL dale COL PhoneNumber VAL 3347742601 COL HospitalType VAL acute care hospitals COL HospitalOwner VAL government - hospital district or authority COL EmergencyService VAL yes COL Condition VAL hexrt attxck COL MeasureCode VAL ami-2 COL MeasureName VAL heart attack patients given aspirin at discharge COL Score VAL 100% COL Sample VAL 5 patients COL Stateavg VAL al_ami-2 ,COL Sample VAL 5 patients ,0
179,COL ProviderNumber VAL 10021 COL HospitalName VAL dale medical center COL Address1 VAL 126 hospital ave COL Address2 VAL empty COL Address3 VAL empty COL City VAL ozark COL State VAL al COL ZipCode VAL 36360 COL CountyName VAL dale COL PhoneNumber VAL 3347742601 COL HospitalType VAL acute care hospitals COL HospitalOwner VAL government - hospital district or authority COL EmergencyService VAL yes COL Condition VAL hexrt attxck COL MeasureCode VAL ami-2 COL MeasureName VAL heart attack patients given aspirin at discharge COL Score VAL 100% COL Sample VAL 5 patients COL Stateavg VAL al_ami-2 ,COL Stateavg VAL al_ami-2 ,0
180,COL ProviderNumber VAL 10022 COL HospitalName VAL cherokee medical center COL Address1 VAL 400 northwood dr COL Address2 VAL empty COL Address3 VAL empty COL City VAL centre COL State VAL al COL ZipCode VAL 35960 COL CountyName VAL cherokee COL PhoneNumber VAL 2569275531 COL HospitalType VAL acute care hospitals COL HospitalOwner VAL voluntary non-profit - private COL EmergencyService VAL yxs COL Condition VAL heart attack COL MeasureCode VAL ami-2 COL MeasureName VAL heart attack patients given aspirin at discharge COL Score VAL 100% COL Sample VAL 1 patients COL Stateavg VAL al_ami-2 ,COL ProviderNumber VAL 10022 ,0
181,COL ProviderNumber VAL 10022 COL HospitalName VAL cherokee medical center COL Address1 VAL 400 northwood dr COL Address2 VAL empty COL Address3 VAL empty COL City VAL centre COL State VAL al COL ZipCode VAL 35960 COL CountyName VAL cherokee COL PhoneNumber VAL 2569275531 COL HospitalType VAL acute care hospitals COL HospitalOwner VAL voluntary non-profit - private COL EmergencyService VAL yxs COL Condition VAL heart attack COL MeasureCode VAL ami-2 COL MeasureName VAL heart attack patients given aspirin at discharge COL Score VAL 100% COL Sample VAL 1 patients COL Stateavg VAL al_ami-2 ,COL Address1 VAL 400 northwood dr ,0
182,COL ProviderNumber VAL 10022 COL HospitalName VAL cherokee medical center COL Address1 VAL 400 northwood dr COL Address2 VAL empty COL Address3 VAL empty COL City VAL centre COL State VAL al COL ZipCode VAL 35960 COL CountyName VAL cherokee COL PhoneNumber VAL 2569275531 COL HospitalType VAL acute care hospitals COL HospitalOwner VAL voluntary non-profit - private COL EmergencyService VAL yxs COL Condition VAL heart attack COL MeasureCode VAL ami-2 COL MeasureName VAL heart attack patients given aspirin at discharge COL Score VAL 100% COL Sample VAL 1 patients COL Stateavg VAL al_ami-2 ,COL City VAL centre ,0
183,COL ProviderNumber VAL 10022 COL HospitalName VAL cherokee medical center COL Address1 VAL 400 northwood dr COL Address2 VAL empty COL Address3 VAL empty COL City VAL centre COL State VAL al COL ZipCode VAL 35960 COL CountyName VAL cherokee COL PhoneNumber VAL 2569275531 COL HospitalType VAL acute care hospitals COL HospitalOwner VAL voluntary non-profit - private COL EmergencyService VAL yxs COL Condition VAL heart attack COL MeasureCode VAL ami-2 COL MeasureName VAL heart attack patients given aspirin at discharge COL Score VAL 100% COL Sample VAL 1 patients COL Stateavg VAL al_ami-2 ,COL State VAL al ,0
184,COL ProviderNumber VAL 10022 COL HospitalName VAL cherokee medical center COL Address1 VAL 400 northwood dr COL Address2 VAL empty COL Address3 VAL empty COL City VAL centre COL State VAL al COL ZipCode VAL 35960 COL CountyName VAL cherokee COL PhoneNumber VAL 2569275531 COL HospitalType VAL acute care hospitals COL HospitalOwner VAL voluntary non-profit - private COL EmergencyService VAL yxs COL Condition VAL heart attack COL MeasureCode VAL ami-2 COL MeasureName VAL heart attack patients given aspirin at discharge COL Score VAL 100% COL Sample VAL 1 patients COL Stateavg VAL al_ami-2 ,COL ZipCode VAL 35960 ,0
185,COL ProviderNumber VAL 10022 COL HospitalName VAL cherokee medical center COL Address1 VAL 400 northwood dr COL Address2 VAL empty COL Address3 VAL empty COL City VAL centre COL State VAL al COL ZipCode VAL 35960 COL CountyName VAL cherokee COL PhoneNumber VAL 2569275531 COL HospitalType VAL acute care hospitals COL HospitalOwner VAL voluntary non-profit - private COL EmergencyService VAL yxs COL Condition VAL heart attack COL MeasureCode VAL ami-2 COL MeasureName VAL heart attack patients given aspirin at discharge COL Score VAL 100% COL Sample VAL 1 patients COL Stateavg VAL al_ami-2 ,COL PhoneNumber VAL 2569275531 ,0
186,COL ProviderNumber VAL 10022 COL HospitalName VAL cherokee medical center COL Address1 VAL 400 northwood dr COL Address2 VAL empty COL Address3 VAL empty COL City VAL centre COL State VAL al COL ZipCode VAL 35960 COL CountyName VAL cherokee COL PhoneNumber VAL 2569275531 COL HospitalType VAL acute care hospitals COL HospitalOwner VAL voluntary non-profit - private COL EmergencyService VAL yxs COL Condition VAL heart attack COL MeasureCode VAL ami-2 COL MeasureName VAL heart attack patients given aspirin at discharge COL Score VAL 100% COL Sample VAL 1 patients COL Stateavg VAL al_ami-2 ,COL HospitalOwner VAL voluntary non-profit - private ,0
187,COL ProviderNumber VAL 10022 COL HospitalName VAL cherokee medical center COL Address1 VAL 400 northwood dr COL Address2 VAL empty COL Address3 VAL empty COL City VAL centre COL State VAL al COL ZipCode VAL 35960 COL CountyName VAL cherokee COL PhoneNumber VAL 2569275531 COL HospitalType VAL acute care hospitals COL HospitalOwner VAL voluntary non-profit - private COL EmergencyService VAL yxs COL Condition VAL heart attack COL MeasureCode VAL ami-2 COL MeasureName VAL heart attack patients given aspirin at discharge COL Score VAL 100% COL Sample VAL 1 patients COL Stateavg VAL al_ami-2 ,COL EmergencyService VAL yxs ,1
188,COL ProviderNumber VAL 10022 COL HospitalName VAL cherokee medical center COL Address1 VAL 400 northwood dr COL Address2 VAL empty COL Address3 VAL empty COL City VAL centre COL State VAL al COL ZipCode VAL 35960 COL CountyName VAL cherokee COL PhoneNumber VAL 2569275531 COL HospitalType VAL acute care hospitals COL HospitalOwner VAL voluntary non-profit - private COL EmergencyService VAL yxs COL Condition VAL heart attack COL MeasureCode VAL ami-2 COL MeasureName VAL heart attack patients given aspirin at discharge COL Score VAL 100% COL Sample VAL 1 patients COL Stateavg VAL al_ami-2 ,COL Condition VAL heart attack ,0
189,COL ProviderNumber VAL 10022 COL HospitalName VAL cherokee medical center COL Address1 VAL 400 northwood dr COL Address2 VAL empty COL Address3 VAL empty COL City VAL centre COL State VAL al COL ZipCode VAL 35960 COL CountyName VAL cherokee COL PhoneNumber VAL 2569275531 COL HospitalType VAL acute care hospitals COL HospitalOwner VAL voluntary non-profit - private COL EmergencyService VAL yxs COL Condition VAL heart attack COL MeasureCode VAL ami-2 COL MeasureName VAL heart attack patients given aspirin at discharge COL Score VAL 100% COL Sample VAL 1 patients COL Stateavg VAL al_ami-2 ,COL MeasureName VAL heart attack patients given aspirin at discharge ,0
190,COL ProviderNumber VAL 10022 COL HospitalName VAL cherokee medical center COL Address1 VAL 400 northwood dr COL Address2 VAL empty COL Address3 VAL empty COL City VAL centre COL State VAL al COL ZipCode VAL 35960 COL CountyName VAL cherokee COL PhoneNumber VAL 2569275531 COL HospitalType VAL acute care hospitals COL HospitalOwner VAL voluntary non-profit - private COL EmergencyService VAL yxs COL Condition VAL heart attack COL MeasureCode VAL ami-2 COL MeasureName VAL heart attack patients given aspirin at discharge COL Score VAL 100% COL Sample VAL 1 patients COL Stateavg VAL al_ami-2 ,COL Sample VAL 1 patients ,0
191,COL ProviderNumber VAL 10022 COL HospitalName VAL cherokee medical center COL Address1 VAL 400 northwood dr COL Address2 VAL empty COL Address3 VAL empty COL City VAL centre COL State VAL al COL ZipCode VAL 35960 COL CountyName VAL cherokee COL PhoneNumber VAL 2569275531 COL HospitalType VAL acute care hospitals COL HospitalOwner VAL voluntary non-profit - private COL EmergencyService VAL yxs COL Condition VAL heart attack COL MeasureCode VAL ami-2 COL MeasureName VAL heart attack patients given aspirin at discharge COL Score VAL 100% COL Sample VAL 1 patients COL Stateavg VAL al_ami-2 ,COL Stateavg VAL al_ami-2 ,0
192,COL ProviderNumber VAL 10023 COL HospitalName VAL baptist medical center south COL Address1 VAL 2105 east south boulevard COL Address2 VAL empty COL Address3 VAL empty COL City VAL montgomery COL State VAL al COL ZipCode VAL 36116 COL CountyName VAL montgomery COL PhoneNumber VAL 3342xx2100 COL HospitalType VAL acute care hospitals COL HospitalOwner VAL voluntary non-profit - church COL EmergencyService VAL yes COL Condition VAL heart attack COL MeasureCode VAL ami-1 COL MeasureName VAL heart attack patients given aspirin at arrival COL Score VAL 100% COL Sample VAL 134 patients COL Stateavg VAL al_ami-1 ,COL ProviderNumber VAL 10023 ,0
193,COL ProviderNumber VAL 10023 COL HospitalName VAL baptist medical center south COL Address1 VAL 2105 east south boulevard COL Address2 VAL empty COL Address3 VAL empty COL City VAL montgomery COL State VAL al COL ZipCode VAL 36116 COL CountyName VAL montgomery COL PhoneNumber VAL 3342xx2100 COL HospitalType VAL acute care hospitals COL HospitalOwner VAL voluntary non-profit - church COL EmergencyService VAL yes COL Condition VAL heart attack COL MeasureCode VAL ami-1 COL MeasureName VAL heart attack patients given aspirin at arrival COL Score VAL 100% COL Sample VAL 134 patients COL Stateavg VAL al_ami-1 ,COL Address1 VAL 2105 east south boulevard ,0
194,COL ProviderNumber VAL 10023 COL HospitalName VAL baptist medical center south COL Address1 VAL 2105 east south boulevard COL Address2 VAL empty COL Address3 VAL empty COL City VAL montgomery COL State VAL al COL ZipCode VAL 36116 COL CountyName VAL montgomery COL PhoneNumber VAL 3342xx2100 COL HospitalType VAL acute care hospitals COL HospitalOwner VAL voluntary non-profit - church COL EmergencyService VAL yes COL Condition VAL heart attack COL MeasureCode VAL ami-1 COL MeasureName VAL heart attack patients given aspirin at arrival COL Score VAL 100% COL Sample VAL 134 patients COL Stateavg VAL al_ami-1 ,COL City VAL montgomery ,0
195,COL ProviderNumber VAL 10023 COL HospitalName VAL baptist medical center south COL Address1 VAL 2105 east south boulevard COL Address2 VAL empty COL Address3 VAL empty COL City VAL montgomery COL State VAL al COL ZipCode VAL 36116 COL CountyName VAL montgomery COL PhoneNumber VAL 3342xx2100 COL HospitalType VAL acute care hospitals COL HospitalOwner VAL voluntary non-profit - church COL EmergencyService VAL yes COL Condition VAL heart attack COL MeasureCode VAL ami-1 COL MeasureName VAL heart attack patients given aspirin at arrival COL Score VAL 100% COL Sample VAL 134 patients COL Stateavg VAL al_ami-1 ,COL State VAL al ,0
196,COL ProviderNumber VAL 10023 COL HospitalName VAL baptist medical center south COL Address1 VAL 2105 east south boulevard COL Address2 VAL empty COL Address3 VAL empty COL City VAL montgomery COL State VAL al COL ZipCode VAL 36116 COL CountyName VAL montgomery COL PhoneNumber VAL 3342xx2100 COL HospitalType VAL acute care hospitals COL HospitalOwner VAL voluntary non-profit - church COL EmergencyService VAL yes COL Condition VAL heart attack COL MeasureCode VAL ami-1 COL MeasureName VAL heart attack patients given aspirin at arrival COL Score VAL 100% COL Sample VAL 134 patients COL Stateavg VAL al_ami-1 ,COL ZipCode VAL 36116 ,0
197,COL ProviderNumber VAL 10023 COL HospitalName VAL baptist medical center south COL Address1 VAL 2105 east south boulevard COL Address2 VAL empty COL Address3 VAL empty COL City VAL montgomery COL State VAL al COL ZipCode VAL 36116 COL CountyName VAL montgomery COL PhoneNumber VAL 3342xx2100 COL HospitalType VAL acute care hospitals COL HospitalOwner VAL voluntary non-profit - church COL EmergencyService VAL yes COL Condition VAL heart attack COL MeasureCode VAL ami-1 COL MeasureName VAL heart attack patients given aspirin at arrival COL Score VAL 100% COL Sample VAL 134 patients COL Stateavg VAL al_ami-1 ,COL PhoneNumber VAL 3342xx2100 ,1
198,COL ProviderNumber VAL 10023 COL HospitalName VAL baptist medical center south COL Address1 VAL 2105 east south boulevard COL Address2 VAL empty COL Address3 VAL empty COL City VAL montgomery COL State VAL al COL ZipCode VAL 36116 COL CountyName VAL montgomery COL PhoneNumber VAL 3342xx2100 COL HospitalType VAL acute care hospitals COL HospitalOwner VAL voluntary non-profit - church COL EmergencyService VAL yes COL Condition VAL heart attack COL MeasureCode VAL ami-1 COL MeasureName VAL heart attack patients given aspirin at arrival COL Score VAL 100% COL Sample VAL 134 patients COL Stateavg VAL al_ami-1 ,COL HospitalOwner VAL voluntary non-profit - church ,0
199,COL ProviderNumber VAL 10023 COL HospitalName VAL baptist medical center south COL Address1 VAL 2105 east south boulevard COL Address2 VAL empty COL Address3 VAL empty COL City VAL montgomery COL State VAL al COL ZipCode VAL 36116 COL CountyName VAL montgomery COL PhoneNumber VAL 3342xx2100 COL HospitalType VAL acute care hospitals COL HospitalOwner VAL voluntary non-profit - church COL EmergencyService VAL yes COL Condition VAL heart attack COL MeasureCode VAL ami-1 COL MeasureName VAL heart attack patients given aspirin at arrival COL Score VAL 100% COL Sample VAL 134 patients COL Stateavg VAL al_ami-1 ,COL EmergencyService VAL yes ,0
200,COL ProviderNumber VAL 10023 COL HospitalName VAL baptist medical center south COL Address1 VAL 2105 east south boulevard COL Address2 VAL empty COL Address3 VAL empty COL City VAL montgomery COL State VAL al COL ZipCode VAL 36116 COL CountyName VAL montgomery COL PhoneNumber VAL 3342xx2100 COL HospitalType VAL acute care hospitals COL HospitalOwner VAL voluntary non-profit - church COL EmergencyService VAL yes COL Condition VAL heart attack COL MeasureCode VAL ami-1 COL MeasureName VAL heart attack patients given aspirin at arrival COL Score VAL 100% COL Sample VAL 134 patients COL Stateavg VAL al_ami-1 ,COL Condition VAL heart attack ,0
201,COL ProviderNumber VAL 10023 COL HospitalName VAL baptist medical center south COL Address1 VAL 2105 east south boulevard COL Address2 VAL empty COL Address3 VAL empty COL City VAL montgomery COL State VAL al COL ZipCode VAL 36116 COL CountyName VAL montgomery COL PhoneNumber VAL 3342xx2100 COL HospitalType VAL acute care hospitals COL HospitalOwner VAL voluntary non-profit - church COL EmergencyService VAL yes COL Condition VAL heart attack COL MeasureCode VAL ami-1 COL MeasureName VAL heart attack patients given aspirin at arrival COL Score VAL 100% COL Sample VAL 134 patients COL Stateavg VAL al_ami-1 ,COL MeasureName VAL heart attack patients given aspirin at arrival ,0
202,COL ProviderNumber VAL 10023 COL HospitalName VAL baptist medical center south COL Address1 VAL 2105 east south boulevard COL Address2 VAL empty COL Address3 VAL empty COL City VAL montgomery COL State VAL al COL ZipCode VAL 36116 COL CountyName VAL montgomery COL PhoneNumber VAL 3342xx2100 COL HospitalType VAL acute care hospitals COL HospitalOwner VAL voluntary non-profit - church COL EmergencyService VAL yes COL Condition VAL heart attack COL MeasureCode VAL ami-1 COL MeasureName VAL heart attack patients given aspirin at arrival COL Score VAL 100% COL Sample VAL 134 patients COL Stateavg VAL al_ami-1 ,COL Sample VAL 134 patients ,0
203,COL ProviderNumber VAL 10023 COL HospitalName VAL baptist medical center south COL Address1 VAL 2105 east south boulevard COL Address2 VAL empty COL Address3 VAL empty COL City VAL montgomery COL State VAL al COL ZipCode VAL 36116 COL CountyName VAL montgomery COL PhoneNumber VAL 3342xx2100 COL HospitalType VAL acute care hospitals COL HospitalOwner VAL voluntary non-profit - church COL EmergencyService VAL yes COL Condition VAL heart attack COL MeasureCode VAL ami-1 COL MeasureName VAL heart attack patients given aspirin at arrival COL Score VAL 100% COL Sample VAL 134 patients COL Stateavg VAL al_ami-1 ,COL Stateavg VAL al_ami-1 ,0
204,COL ProviderNumber VAL 10024 COL HospitalName VAL jackson hospital & clinic inc COL Address1 VAL 1725 pine street COL Address2 VAL empty COL Address3 VAL empty COL City VAL montgomery COL State VAL al COL ZipCode VAL 36106 COL CountyName VAL montgomery COL PhoneNumber VAL 3342938000 COL HospitalType VAL acute care hospitals COL HospitalOwner VAL voluntary non-profit - private COL EmergencyService VAL yes COL Condition VAL heart attack COL MeasureCode VAL ami-1 COL MeasureName VAL hexrt attxck pxtients given aspirin xt arrivxl COL Score VAL 95% COL Sample VAL 111 patients COL Stateavg VAL al_ami-1 ,COL ProviderNumber VAL 10024 ,0
205,COL ProviderNumber VAL 10024 COL HospitalName VAL jackson hospital & clinic inc COL Address1 VAL 1725 pine street COL Address2 VAL empty COL Address3 VAL empty COL City VAL montgomery COL State VAL al COL ZipCode VAL 36106 COL CountyName VAL montgomery COL PhoneNumber VAL 3342938000 COL HospitalType VAL acute care hospitals COL HospitalOwner VAL voluntary non-profit - private COL EmergencyService VAL yes COL Condition VAL heart attack COL MeasureCode VAL ami-1 COL MeasureName VAL hexrt attxck pxtients given aspirin xt arrivxl COL Score VAL 95% COL Sample VAL 111 patients COL Stateavg VAL al_ami-1 ,COL Address1 VAL 1725 pine street ,0
206,COL ProviderNumber VAL 10024 COL HospitalName VAL jackson hospital & clinic inc COL Address1 VAL 1725 pine street COL Address2 VAL empty COL Address3 VAL empty COL City VAL montgomery COL State VAL al COL ZipCode VAL 36106 COL CountyName VAL montgomery COL PhoneNumber VAL 3342938000 COL HospitalType VAL acute care hospitals COL HospitalOwner VAL voluntary non-profit - private COL EmergencyService VAL yes COL Condition VAL heart attack COL MeasureCode VAL ami-1 COL MeasureName VAL hexrt attxck pxtients given aspirin xt arrivxl COL Score VAL 95% COL Sample VAL 111 patients COL Stateavg VAL al_ami-1 ,COL City VAL montgomery ,0
207,COL ProviderNumber VAL 10024 COL HospitalName VAL jackson hospital & clinic inc COL Address1 VAL 1725 pine street COL Address2 VAL empty COL Address3 VAL empty COL City VAL montgomery COL State VAL al COL ZipCode VAL 36106 COL CountyName VAL montgomery COL PhoneNumber VAL 3342938000 COL HospitalType VAL acute care hospitals COL HospitalOwner VAL voluntary non-profit - private COL EmergencyService VAL yes COL Condition VAL heart attack COL MeasureCode VAL ami-1 COL MeasureName VAL hexrt attxck pxtients given aspirin xt arrivxl COL Score VAL 95% COL Sample VAL 111 patients COL Stateavg VAL al_ami-1 ,COL State VAL al ,0
208,COL ProviderNumber VAL 10024 COL HospitalName VAL jackson hospital & clinic inc COL Address1 VAL 1725 pine street COL Address2 VAL empty COL Address3 VAL empty COL City VAL montgomery COL State VAL al COL ZipCode VAL 36106 COL CountyName VAL montgomery COL PhoneNumber VAL 3342938000 COL HospitalType VAL acute care hospitals COL HospitalOwner VAL voluntary non-profit - private COL EmergencyService VAL yes COL Condition VAL heart attack COL MeasureCode VAL ami-1 COL MeasureName VAL hexrt attxck pxtients given aspirin xt arrivxl COL Score VAL 95% COL Sample VAL 111 patients COL Stateavg VAL al_ami-1 ,COL ZipCode VAL 36106 ,0
209,COL ProviderNumber VAL 10024 COL HospitalName VAL jackson hospital & clinic inc COL Address1 VAL 1725 pine street COL Address2 VAL empty COL Address3 VAL empty COL City VAL montgomery COL State VAL al COL ZipCode VAL 36106 COL CountyName VAL montgomery COL PhoneNumber VAL 3342938000 COL HospitalType VAL acute care hospitals COL HospitalOwner VAL voluntary non-profit - private COL EmergencyService VAL yes COL Condition VAL heart attack COL MeasureCode VAL ami-1 COL MeasureName VAL hexrt attxck pxtients given aspirin xt arrivxl COL Score VAL 95% COL Sample VAL 111 patients COL Stateavg VAL al_ami-1 ,COL PhoneNumber VAL 3342938000 ,0
210,COL ProviderNumber VAL 10024 COL HospitalName VAL jackson hospital & clinic inc COL Address1 VAL 1725 pine street COL Address2 VAL empty COL Address3 VAL empty COL City VAL montgomery COL State VAL al COL ZipCode VAL 36106 COL CountyName VAL montgomery COL PhoneNumber VAL 3342938000 COL HospitalType VAL acute care hospitals COL HospitalOwner VAL voluntary non-profit - private COL EmergencyService VAL yes COL Condition VAL heart attack COL MeasureCode VAL ami-1 COL MeasureName VAL hexrt attxck pxtients given aspirin xt arrivxl COL Score VAL 95% COL Sample VAL 111 patients COL Stateavg VAL al_ami-1 ,COL HospitalOwner VAL voluntary non-profit - private ,0
211,COL ProviderNumber VAL 10024 COL HospitalName VAL jackson hospital & clinic inc COL Address1 VAL 1725 pine street COL Address2 VAL empty COL Address3 VAL empty COL City VAL montgomery COL State VAL al COL ZipCode VAL 36106 COL CountyName VAL montgomery COL PhoneNumber VAL 3342938000 COL HospitalType VAL acute care hospitals COL HospitalOwner VAL voluntary non-profit - private COL EmergencyService VAL yes COL Condition VAL heart attack COL MeasureCode VAL ami-1 COL MeasureName VAL hexrt attxck pxtients given aspirin xt arrivxl COL Score VAL 95% COL Sample VAL 111 patients COL Stateavg VAL al_ami-1 ,COL EmergencyService VAL yes ,0
212,COL ProviderNumber VAL 10024 COL HospitalName VAL jackson hospital & clinic inc COL Address1 VAL 1725 pine street COL Address2 VAL empty COL Address3 VAL empty COL City VAL montgomery COL State VAL al COL ZipCode VAL 36106 COL CountyName VAL montgomery COL PhoneNumber VAL 3342938000 COL HospitalType VAL acute care hospitals COL HospitalOwner VAL voluntary non-profit - private COL EmergencyService VAL yes COL Condition VAL heart attack COL MeasureCode VAL ami-1 COL MeasureName VAL hexrt attxck pxtients given aspirin xt arrivxl COL Score VAL 95% COL Sample VAL 111 patients COL Stateavg VAL al_ami-1 ,COL Condition VAL heart attack ,0
213,COL ProviderNumber VAL 10024 COL HospitalName VAL jackson hospital & clinic inc COL Address1 VAL 1725 pine street COL Address2 VAL empty COL Address3 VAL empty COL City VAL montgomery COL State VAL al COL ZipCode VAL 36106 COL CountyName VAL montgomery COL PhoneNumber VAL 3342938000 COL HospitalType VAL acute care hospitals COL HospitalOwner VAL voluntary non-profit - private COL EmergencyService VAL yes COL Condition VAL heart attack COL MeasureCode VAL ami-1 COL MeasureName VAL hexrt attxck pxtients given aspirin xt arrivxl COL Score VAL 95% COL Sample VAL 111 patients COL Stateavg VAL al_ami-1 ,COL MeasureName VAL hexrt attxck pxtients given aspirin xt arrivxl ,1
214,COL ProviderNumber VAL 10024 COL HospitalName VAL jackson hospital & clinic inc COL Address1 VAL 1725 pine street COL Address2 VAL empty COL Address3 VAL empty COL City VAL montgomery COL State VAL al COL ZipCode VAL 36106 COL CountyName VAL montgomery COL PhoneNumber VAL 3342938000 COL HospitalType VAL acute care hospitals COL HospitalOwner VAL voluntary non-profit - private COL EmergencyService VAL yes COL Condition VAL heart attack COL MeasureCode VAL ami-1 COL MeasureName VAL hexrt attxck pxtients given aspirin xt arrivxl COL Score VAL 95% COL Sample VAL 111 patients COL Stateavg VAL al_ami-1 ,COL Sample VAL 111 patients ,0
215,COL ProviderNumber VAL 10024 COL HospitalName VAL jackson hospital & clinic inc COL Address1 VAL 1725 pine street COL Address2 VAL empty COL Address3 VAL empty COL City VAL montgomery COL State VAL al COL ZipCode VAL 36106 COL CountyName VAL montgomery COL PhoneNumber VAL 3342938000 COL HospitalType VAL acute care hospitals COL HospitalOwner VAL voluntary non-profit - private COL EmergencyService VAL yes COL Condition VAL heart attack COL MeasureCode VAL ami-1 COL MeasureName VAL hexrt attxck pxtients given aspirin xt arrivxl COL Score VAL 95% COL Sample VAL 111 patients COL Stateavg VAL al_ami-1 ,COL Stateavg VAL al_ami-1 ,0
216,COL ProviderNumber VAL 10025 COL HospitalName VAL g h lanier memorial hospital COL Address1 VAL 4800 48th st COL Address2 VAL empty COL Address3 VAL empty COL City VAL valley COL State VAL al COL ZipCode VAL 36854 COL CountyName VAL chambers COL PhoneNumber VAL 3347561400 COL HospitalType VAL acute care hospitals COL HospitalOwner VAL voluntary non-profit - other COL EmergencyService VAL yes COL Condition VAL heart attack COL MeasureCode VAL ami-2 COL MeasureName VAL heart attack patients given aspirin at discharge COL Score VAL 90% COL Sample VAL 10 patients COL Stateavg VAL xl_xmi-2 ,COL ProviderNumber VAL 10025 ,0
217,COL ProviderNumber VAL 10025 COL HospitalName VAL g h lanier memorial hospital COL Address1 VAL 4800 48th st COL Address2 VAL empty COL Address3 VAL empty COL City VAL valley COL State VAL al COL ZipCode VAL 36854 COL CountyName VAL chambers COL PhoneNumber VAL 3347561400 COL HospitalType VAL acute care hospitals COL HospitalOwner VAL voluntary non-profit - other COL EmergencyService VAL yes COL Condition VAL heart attack COL MeasureCode VAL ami-2 COL MeasureName VAL heart attack patients given aspirin at discharge COL Score VAL 90% COL Sample VAL 10 patients COL Stateavg VAL xl_xmi-2 ,COL Address1 VAL 4800 48th st ,0
218,COL ProviderNumber VAL 10025 COL HospitalName VAL g h lanier memorial hospital COL Address1 VAL 4800 48th st COL Address2 VAL empty COL Address3 VAL empty COL City VAL valley COL State VAL al COL ZipCode VAL 36854 COL CountyName VAL chambers COL PhoneNumber VAL 3347561400 COL HospitalType VAL acute care hospitals COL HospitalOwner VAL voluntary non-profit - other COL EmergencyService VAL yes COL Condition VAL heart attack COL MeasureCode VAL ami-2 COL MeasureName VAL heart attack patients given aspirin at discharge COL Score VAL 90% COL Sample VAL 10 patients COL Stateavg VAL xl_xmi-2 ,COL City VAL valley ,0
219,COL ProviderNumber VAL 10025 COL HospitalName VAL g h lanier memorial hospital COL Address1 VAL 4800 48th st COL Address2 VAL empty COL Address3 VAL empty COL City VAL valley COL State VAL al COL ZipCode VAL 36854 COL CountyName VAL chambers COL PhoneNumber VAL 3347561400 COL HospitalType VAL acute care hospitals COL HospitalOwner VAL voluntary non-profit - other COL EmergencyService VAL yes COL Condition VAL heart attack COL MeasureCode VAL ami-2 COL MeasureName VAL heart attack patients given aspirin at discharge COL Score VAL 90% COL Sample VAL 10 patients COL Stateavg VAL xl_xmi-2 ,COL State VAL al ,0
220,COL ProviderNumber VAL 10025 COL HospitalName VAL g h lanier memorial hospital COL Address1 VAL 4800 48th st COL Address2 VAL empty COL Address3 VAL empty COL City VAL valley COL State VAL al COL ZipCode VAL 36854 COL CountyName VAL chambers COL PhoneNumber VAL 3347561400 COL HospitalType VAL acute care hospitals COL HospitalOwner VAL voluntary non-profit - other COL EmergencyService VAL yes COL Condition VAL heart attack COL MeasureCode VAL ami-2 COL MeasureName VAL heart attack patients given aspirin at discharge COL Score VAL 90% COL Sample VAL 10 patients COL Stateavg VAL xl_xmi-2 ,COL ZipCode VAL 36854 ,0
221,COL ProviderNumber VAL 10025 COL HospitalName VAL g h lanier memorial hospital COL Address1 VAL 4800 48th st COL Address2 VAL empty COL Address3 VAL empty COL City VAL valley COL State VAL al COL ZipCode VAL 36854 COL CountyName VAL chambers COL PhoneNumber VAL 3347561400 COL HospitalType VAL acute care hospitals COL HospitalOwner VAL voluntary non-profit - other COL EmergencyService VAL yes COL Condition VAL heart attack COL MeasureCode VAL ami-2 COL MeasureName VAL heart attack patients given aspirin at discharge COL Score VAL 90% COL Sample VAL 10 patients COL Stateavg VAL xl_xmi-2 ,COL PhoneNumber VAL 3347561400 ,0
222,COL ProviderNumber VAL 10025 COL HospitalName VAL g h lanier memorial hospital COL Address1 VAL 4800 48th st COL Address2 VAL empty COL Address3 VAL empty COL City VAL valley COL State VAL al COL ZipCode VAL 36854 COL CountyName VAL chambers COL PhoneNumber VAL 3347561400 COL HospitalType VAL acute care hospitals COL HospitalOwner VAL voluntary non-profit - other COL EmergencyService VAL yes COL Condition VAL heart attack COL MeasureCode VAL ami-2 COL MeasureName VAL heart attack patients given aspirin at discharge COL Score VAL 90% COL Sample VAL 10 patients COL Stateavg VAL xl_xmi-2 ,COL HospitalOwner VAL voluntary non-profit - other ,0
223,COL ProviderNumber VAL 10025 COL HospitalName VAL g h lanier memorial hospital COL Address1 VAL 4800 48th st COL Address2 VAL empty COL Address3 VAL empty COL City VAL valley COL State VAL al COL ZipCode VAL 36854 COL CountyName VAL chambers COL PhoneNumber VAL 3347561400 COL HospitalType VAL acute care hospitals COL HospitalOwner VAL voluntary non-profit - other COL EmergencyService VAL yes COL Condition VAL heart attack COL MeasureCode VAL ami-2 COL MeasureName VAL heart attack patients given aspirin at discharge COL Score VAL 90% COL Sample VAL 10 patients COL Stateavg VAL xl_xmi-2 ,COL EmergencyService VAL yes ,0
224,COL ProviderNumber VAL 10025 COL HospitalName VAL g h lanier memorial hospital COL Address1 VAL 4800 48th st COL Address2 VAL empty COL Address3 VAL empty COL City VAL valley COL State VAL al COL ZipCode VAL 36854 COL CountyName VAL chambers COL PhoneNumber VAL 3347561400 COL HospitalType VAL acute care hospitals COL HospitalOwner VAL voluntary non-profit - other COL EmergencyService VAL yes COL Condition VAL heart attack COL MeasureCode VAL ami-2 COL MeasureName VAL heart attack patients given aspirin at discharge COL Score VAL 90% COL Sample VAL 10 patients COL Stateavg VAL xl_xmi-2 ,COL Condition VAL heart attack ,0
225,COL ProviderNumber VAL 10025 COL HospitalName VAL g h lanier memorial hospital COL Address1 VAL 4800 48th st COL Address2 VAL empty COL Address3 VAL empty COL City VAL valley COL State VAL al COL ZipCode VAL 36854 COL CountyName VAL chambers COL PhoneNumber VAL 3347561400 COL HospitalType VAL acute care hospitals COL HospitalOwner VAL voluntary non-profit - other COL EmergencyService VAL yes COL Condition VAL heart attack COL MeasureCode VAL ami-2 COL MeasureName VAL heart attack patients given aspirin at discharge COL Score VAL 90% COL Sample VAL 10 patients COL Stateavg VAL xl_xmi-2 ,COL MeasureName VAL heart attack patients given aspirin at discharge ,0
226,COL ProviderNumber VAL 10025 COL HospitalName VAL g h lanier memorial hospital COL Address1 VAL 4800 48th st COL Address2 VAL empty COL Address3 VAL empty COL City VAL valley COL State VAL al COL ZipCode VAL 36854 COL CountyName VAL chambers COL PhoneNumber VAL 3347561400 COL HospitalType VAL acute care hospitals COL HospitalOwner VAL voluntary non-profit - other COL EmergencyService VAL yes COL Condition VAL heart attack COL MeasureCode VAL ami-2 COL MeasureName VAL heart attack patients given aspirin at discharge COL Score VAL 90% COL Sample VAL 10 patients COL Stateavg VAL xl_xmi-2 ,COL Sample VAL 10 patients ,0
227,COL ProviderNumber VAL 10025 COL HospitalName VAL g h lanier memorial hospital COL Address1 VAL 4800 48th st COL Address2 VAL empty COL Address3 VAL empty COL City VAL valley COL State VAL al COL ZipCode VAL 36854 COL CountyName VAL chambers COL PhoneNumber VAL 3347561400 COL HospitalType VAL acute care hospitals COL HospitalOwner VAL voluntary non-profit - other COL EmergencyService VAL yes COL Condition VAL heart attack COL MeasureCode VAL ami-2 COL MeasureName VAL heart attack patients given aspirin at discharge COL Score VAL 90% COL Sample VAL 10 patients COL Stateavg VAL xl_xmi-2 ,COL Stateavg VAL xl_xmi-2 ,1
228,COL ProviderNumber VAL 10027 COL HospitalName VAL elba general hospital COL Address1 VAL 987 drayton street COL Address2 VAL empty COL Address3 VAL empty COL City VAL elba COL State VAL ax COL ZipCode VAL 36323 COL CountyName VAL coffee COL PhoneNumber VAL 3348972257 COL HospitalType VAL acute care hospitals COL HospitalOwner VAL voluntary non-profit - other COL EmergencyService VAL yes COL Condition VAL heart attack COL MeasureCode VAL ami-2 COL MeasureName VAL heart attack patients given aspirin at discharge COL Score VAL empty COL Sample VAL empty COL Stateavg VAL al_ami-2 ,COL ProviderNumber VAL 10027 ,0
229,COL ProviderNumber VAL 10027 COL HospitalName VAL elba general hospital COL Address1 VAL 987 drayton street COL Address2 VAL empty COL Address3 VAL empty COL City VAL elba COL State VAL ax COL ZipCode VAL 36323 COL CountyName VAL coffee COL PhoneNumber VAL 3348972257 COL HospitalType VAL acute care hospitals COL HospitalOwner VAL voluntary non-profit - other COL EmergencyService VAL yes COL Condition VAL heart attack COL MeasureCode VAL ami-2 COL MeasureName VAL heart attack patients given aspirin at discharge COL Score VAL empty COL Sample VAL empty COL Stateavg VAL al_ami-2 ,COL Address1 VAL 987 drayton street ,0
230,COL ProviderNumber VAL 10027 COL HospitalName VAL elba general hospital COL Address1 VAL 987 drayton street COL Address2 VAL empty COL Address3 VAL empty COL City VAL elba COL State VAL ax COL ZipCode VAL 36323 COL CountyName VAL coffee COL PhoneNumber VAL 3348972257 COL HospitalType VAL acute care hospitals COL HospitalOwner VAL voluntary non-profit - other COL EmergencyService VAL yes COL Condition VAL heart attack COL MeasureCode VAL ami-2 COL MeasureName VAL heart attack patients given aspirin at discharge COL Score VAL empty COL Sample VAL empty COL Stateavg VAL al_ami-2 ,COL City VAL elba ,0
231,COL ProviderNumber VAL 10027 COL HospitalName VAL elba general hospital COL Address1 VAL 987 drayton street COL Address2 VAL empty COL Address3 VAL empty COL City VAL elba COL State VAL ax COL ZipCode VAL 36323 COL CountyName VAL coffee COL PhoneNumber VAL 3348972257 COL HospitalType VAL acute care hospitals COL HospitalOwner VAL voluntary non-profit - other COL EmergencyService VAL yes COL Condition VAL heart attack COL MeasureCode VAL ami-2 COL MeasureName VAL heart attack patients given aspirin at discharge COL Score VAL empty COL Sample VAL empty COL Stateavg VAL al_ami-2 ,COL State VAL ax ,1
232,COL ProviderNumber VAL 10027 COL HospitalName VAL elba general hospital COL Address1 VAL 987 drayton street COL Address2 VAL empty COL Address3 VAL empty COL City VAL elba COL State VAL ax COL ZipCode VAL 36323 COL CountyName VAL coffee COL PhoneNumber VAL 3348972257 COL HospitalType VAL acute care hospitals COL HospitalOwner VAL voluntary non-profit - other COL EmergencyService VAL yes COL Condition VAL heart attack COL MeasureCode VAL ami-2 COL MeasureName VAL heart attack patients given aspirin at discharge COL Score VAL empty COL Sample VAL empty COL Stateavg VAL al_ami-2 ,COL ZipCode VAL 36323 ,0
233,COL ProviderNumber VAL 10027 COL HospitalName VAL elba general hospital COL Address1 VAL 987 drayton street COL Address2 VAL empty COL Address3 VAL empty COL City VAL elba COL State VAL ax COL ZipCode VAL 36323 COL CountyName VAL coffee COL PhoneNumber VAL 3348972257 COL HospitalType VAL acute care hospitals COL HospitalOwner VAL voluntary non-profit - other COL EmergencyService VAL yes COL Condition VAL heart attack COL MeasureCode VAL ami-2 COL MeasureName VAL heart attack patients given aspirin at discharge COL Score VAL empty COL Sample VAL empty COL Stateavg VAL al_ami-2 ,COL PhoneNumber VAL 3348972257 ,0
234,COL ProviderNumber VAL 10027 COL HospitalName VAL elba general hospital COL Address1 VAL 987 drayton street COL Address2 VAL empty COL Address3 VAL empty COL City VAL elba COL State VAL ax COL ZipCode VAL 36323 COL CountyName VAL coffee COL PhoneNumber VAL 3348972257 COL HospitalType VAL acute care hospitals COL HospitalOwner VAL voluntary non-profit - other COL EmergencyService VAL yes COL Condition VAL heart attack COL MeasureCode VAL ami-2 COL MeasureName VAL heart attack patients given aspirin at discharge COL Score VAL empty COL Sample VAL empty COL Stateavg VAL al_ami-2 ,COL HospitalOwner VAL voluntary non-profit - other ,0
235,COL ProviderNumber VAL 10027 COL HospitalName VAL elba general hospital COL Address1 VAL 987 drayton street COL Address2 VAL empty COL Address3 VAL empty COL City VAL elba COL State VAL ax COL ZipCode VAL 36323 COL CountyName VAL coffee COL PhoneNumber VAL 3348972257 COL HospitalType VAL acute care hospitals COL HospitalOwner VAL voluntary non-profit - other COL EmergencyService VAL yes COL Condition VAL heart attack COL MeasureCode VAL ami-2 COL MeasureName VAL heart attack patients given aspirin at discharge COL Score VAL empty COL Sample VAL empty COL Stateavg VAL al_ami-2 ,COL EmergencyService VAL yes ,0
236,COL ProviderNumber VAL 10027 COL HospitalName VAL elba general hospital COL Address1 VAL 987 drayton street COL Address2 VAL empty COL Address3 VAL empty COL City VAL elba COL State VAL ax COL ZipCode VAL 36323 COL CountyName VAL coffee COL PhoneNumber VAL 3348972257 COL HospitalType VAL acute care hospitals COL HospitalOwner VAL voluntary non-profit - other COL EmergencyService VAL yes COL Condition VAL heart attack COL MeasureCode VAL ami-2 COL MeasureName VAL heart attack patients given aspirin at discharge COL Score VAL empty COL Sample VAL empty COL Stateavg VAL al_ami-2 ,COL Condition VAL heart attack ,0
237,COL ProviderNumber VAL 10027 COL HospitalName VAL elba general hospital COL Address1 VAL 987 drayton street COL Address2 VAL empty COL Address3 VAL empty COL City VAL elba COL State VAL ax COL ZipCode VAL 36323 COL CountyName VAL coffee COL PhoneNumber VAL 3348972257 COL HospitalType VAL acute care hospitals COL HospitalOwner VAL voluntary non-profit - other COL EmergencyService VAL yes COL Condition VAL heart attack COL MeasureCode VAL ami-2 COL MeasureName VAL heart attack patients given aspirin at discharge COL Score VAL empty COL Sample VAL empty COL Stateavg VAL al_ami-2 ,COL MeasureName VAL heart attack patients given aspirin at discharge ,0
238,COL ProviderNumber VAL 10027 COL HospitalName VAL elba general hospital COL Address1 VAL 987 drayton street COL Address2 VAL empty COL Address3 VAL empty COL City VAL elba COL State VAL ax COL ZipCode VAL 36323 COL CountyName VAL coffee COL PhoneNumber VAL 3348972257 COL HospitalType VAL acute care hospitals COL HospitalOwner VAL voluntary non-profit - other COL EmergencyService VAL yes COL Condition VAL heart attack COL MeasureCode VAL ami-2 COL MeasureName VAL heart attack patients given aspirin at discharge COL Score VAL empty COL Sample VAL empty COL Stateavg VAL al_ami-2 ,COL Sample VAL empty ,0
239,COL ProviderNumber VAL 10027 COL HospitalName VAL elba general hospital COL Address1 VAL 987 drayton street COL Address2 VAL empty COL Address3 VAL empty COL City VAL elba COL State VAL ax COL ZipCode VAL 36323 COL CountyName VAL coffee COL PhoneNumber VAL 3348972257 COL HospitalType VAL acute care hospitals COL HospitalOwner VAL voluntary non-profit - other COL EmergencyService VAL yes COL Condition VAL heart attack COL MeasureCode VAL ami-2 COL MeasureName VAL heart attack patients given aspirin at discharge COL Score VAL empty COL Sample VAL empty COL Stateavg VAL al_ami-2 ,COL Stateavg VAL al_ami-2 ,0
240,COL ProviderNumber VAL 10018 COL HospitalName VAL callahan eye foundation hospital COL Address1 VAL 1720 university blvd COL Address2 VAL empty COL Address3 VAL empty COL City VAL birmingham COL State VAL al COL ZipCode VAL 35233 COL CountyName VAL jefferson COL PhoneNumber VAL 2053258100 COL HospitalType VAL acute care hospitals COL HospitalOwner VAL voluntary non-profit - private COL EmergencyService VAL yes COL Condition VAL surgical infection prevention COL MeasureCode VAL scip-inf-1 COL MeasureName VAL surgery patients who were given an antibiotic at the right time (within one hour before surgery) to help prevent infection COL Score VAL empty COL Sample VAL empty COL Stateavg VAL al_scip-inf-1 ,COL ProviderNumber VAL x00x8 ,1
241,COL ProviderNumber VAL 10018 COL HospitalName VAL callahan eye foundation hospital COL Address1 VAL 1720 university blvd COL Address2 VAL empty COL Address3 VAL empty COL City VAL birmingham COL State VAL al COL ZipCode VAL 35233 COL CountyName VAL jefferson COL PhoneNumber VAL 2053258100 COL HospitalType VAL acute care hospitals COL HospitalOwner VAL voluntary non-profit - private COL EmergencyService VAL yes COL Condition VAL surgical infection prevention COL MeasureCode VAL scip-inf-1 COL MeasureName VAL surgery patients who were given an antibiotic at the right time (within one hour before surgery) to help prevent infection COL Score VAL empty COL Sample VAL empty COL Stateavg VAL al_scip-inf-1 ,COL ProviderNumber VAL 10018 ,0
242,COL ProviderNumber VAL 10019 COL HospitalName VAL helen keller memorial hospital COL Address1 VAL 1300 south montgomery avenue COL Address2 VAL empty COL Address3 VAL empty COL City VAL sheffield COL State VAL al COL ZipCode VAL 35660 COL CountyName VAL jefferson COL PhoneNumber VAL 2563864556 COL HospitalType VAL acute care hospitals COL HospitalOwner VAL government - hospital district or authority COL EmergencyService VAL yes COL Condition VAL heart attack COL MeasureCode VAL ami-1 COL MeasureName VAL heart attack patients given aspirin at arrival COL Score VAL 97% COL Sample VAL 33 patients COL Stateavg VAL al_ami-1 ,COL ProviderNumber VAL x00x9 ,1
243,COL ProviderNumber VAL 10019 COL HospitalName VAL helen keller memorial hospital COL Address1 VAL 1300 south montgomery avenue COL Address2 VAL empty COL Address3 VAL empty COL City VAL sheffield COL State VAL al COL ZipCode VAL 35660 COL CountyName VAL jefferson COL PhoneNumber VAL 2563864556 COL HospitalType VAL acute care hospitals COL HospitalOwner VAL government - hospital district or authority COL EmergencyService VAL yes COL Condition VAL heart attack COL MeasureCode VAL ami-1 COL MeasureName VAL heart attack patients given aspirin at arrival COL Score VAL 97% COL Sample VAL 33 patients COL Stateavg VAL al_ami-1 ,COL ProviderNumber VAL 10019 ,0
244,COL ProviderNumber VAL 10001 COL HospitalName VAL southeast alabama medical center COL Address1 VAL 1108 ross clark circle COL Address2 VAL empty COL Address3 VAL empty COL City VAL dothan COL State VAL al COL ZipCode VAL 36302 COL CountyName VAL houston COL PhoneNumber VAL 3347938701 COL HospitalType VAL acute care hospitals COL HospitalOwner VAL government - hospital district or authority COL EmergencyService VAL yes COL Condition VAL heart attack COL MeasureCode VAL ami-1 COL MeasureName VAL heart attack patients given aspirin at arrival COL Score VAL 98% COL Sample VAL 270 patients COL Stateavg VAL al_ami-1 ,COL ProviderNumber VAL x000x ,1
245,COL ProviderNumber VAL 10001 COL HospitalName VAL southeast alabama medical center COL Address1 VAL 1108 ross clark circle COL Address2 VAL empty COL Address3 VAL empty COL City VAL dothan COL State VAL al COL ZipCode VAL 36302 COL CountyName VAL houston COL PhoneNumber VAL 3347938701 COL HospitalType VAL acute care hospitals COL HospitalOwner VAL government - hospital district or authority COL EmergencyService VAL yes COL Condition VAL heart attack COL MeasureCode VAL ami-1 COL MeasureName VAL heart attack patients given aspirin at arrival COL Score VAL 98% COL Sample VAL 270 patients COL Stateavg VAL al_ami-1 ,COL ProviderNumber VAL 10001 ,0
246,COL ProviderNumber VAL 10005 COL HospitalName VAL marshall medical center south COL Address1 VAL 2505 u s highway 431 north COL Address2 VAL empty COL Address3 VAL empty COL City VAL boaz COL State VAL xl COL ZipCode VAL 35957 COL CountyName VAL marshall COL PhoneNumber VAL 2565938310 COL HospitalType VAL acute care hospitals COL HospitalOwner VAL government - hospital district or authority COL EmergencyService VAL yes COL Condition VAL heart attack COL MeasureCode VAL ami-3 COL MeasureName VAL heart attack patients given ace inhibitor or arb for left ventricular systolic dysfunction (lvsd) COL Score VAL 100% COL Sample VAL 2 patients COL Stateavg VAL al_ami-3 ,COL ProviderNumber VAL 1xxx5 ,1
247,COL ProviderNumber VAL 10005 COL HospitalName VAL marshall medical center south COL Address1 VAL 2505 u s highway 431 north COL Address2 VAL empty COL Address3 VAL empty COL City VAL boaz COL State VAL xl COL ZipCode VAL 35957 COL CountyName VAL marshall COL PhoneNumber VAL 2565938310 COL HospitalType VAL acute care hospitals COL HospitalOwner VAL government - hospital district or authority COL EmergencyService VAL yes COL Condition VAL heart attack COL MeasureCode VAL ami-3 COL MeasureName VAL heart attack patients given ace inhibitor or arb for left ventricular systolic dysfunction (lvsd) COL Score VAL 100% COL Sample VAL 2 patients COL Stateavg VAL al_ami-3 ,COL ProviderNumber VAL 10005 ,0
248,COL ProviderNumber VAL 10006 COL HospitalName VAL eliza coffee memorial hospital COL Address1 VAL 205 marengo street COL Address2 VAL empty COL Address3 VAL empty COL City VAL florence COL State VAL al COL ZipCode VAL 3563x COL CountyName VAL lauderdale COL PhoneNumber VAL 2567688400 COL HospitalType VAL acute care hospitals COL HospitalOwner VAL voluntary non-profit - other COL EmergencyService VAL yes COL Condition VAL heart attack COL MeasureCode VAL ami-2 COL MeasureName VAL heart attack patients given aspirin at discharge COL Score VAL 96% COL Sample VAL 247 patients COL Stateavg VAL al_ami-2 ,COL ProviderNumber VAL 1000x ,1
249,COL ProviderNumber VAL 10006 COL HospitalName VAL eliza coffee memorial hospital COL Address1 VAL 205 marengo street COL Address2 VAL empty COL Address3 VAL empty COL City VAL florence COL State VAL al COL ZipCode VAL 3563x COL CountyName VAL lauderdale COL PhoneNumber VAL 2567688400 COL HospitalType VAL acute care hospitals COL HospitalOwner VAL voluntary non-profit - other COL EmergencyService VAL yes COL Condition VAL heart attack COL MeasureCode VAL ami-2 COL MeasureName VAL heart attack patients given aspirin at discharge COL Score VAL 96% COL Sample VAL 247 patients COL Stateavg VAL al_ami-2 ,COL ProviderNumber VAL 10006 ,0
250,COL ProviderNumber VAL 10007 COL HospitalName VAL mizell memorial hospital COL Address1 VAL 702 n main st COL Address2 VAL empty COL Address3 VAL empty COL City VAL opp COL State VAL al COL ZipCode VAL 36467 COL CountyName VAL covington COL PhoneNumber VAL 3344933541 COL HospitalType VAL acute care hospitals COL HospitalOwner VAL voluntary non-profit - private COL EmergencyService VAL no COL Condition VAL heart attack COL MeasureCode VAL ami-2 COL MeasureName VAL heart attack patients given aspirin at discharge COL Score VAL 50% COL Sample VAL 2 patients COL Stateavg VAL al_ami-2 ,COL ProviderNumber VAL 1xxx7 ,1
251,COL ProviderNumber VAL 10007 COL HospitalName VAL mizell memorial hospital COL Address1 VAL 702 n main st COL Address2 VAL empty COL Address3 VAL empty COL City VAL opp COL State VAL al COL ZipCode VAL 36467 COL CountyName VAL covington COL PhoneNumber VAL 3344933541 COL HospitalType VAL acute care hospitals COL HospitalOwner VAL voluntary non-profit - private COL EmergencyService VAL no COL Condition VAL heart attack COL MeasureCode VAL ami-2 COL MeasureName VAL heart attack patients given aspirin at discharge COL Score VAL 50% COL Sample VAL 2 patients COL Stateavg VAL al_ami-2 ,COL ProviderNumber VAL 10007 ,0
252,COL ProviderNumber VAL 10008 COL HospitalName VAL crenshaw community hospital COL Address1 VAL 101 hospital circle COL Address2 VAL empty COL Address3 VAL empty COL City VAL luverne COL State VAL al COL ZipCode VAL 36049 COL CountyName VAL crenshaw COL PhoneNumber VAL 3343353374 COL HospitalType VAL acute care hospitals COL HospitalOwner VAL government - federal COL EmergencyService VAL yes COL Condition VAL heart attack COL MeasureCode VAL axi-2 COL MeasureName VAL heart attack patients given aspirin at discharge COL Score VAL x00% COL Sample VAL 1 patients COL Stateavg VAL al_ami-2 ,COL ProviderNumber VAL 1xxx8 ,1
253,COL ProviderNumber VAL 10008 COL HospitalName VAL crenshaw community hospital COL Address1 VAL 101 hospital circle COL Address2 VAL empty COL Address3 VAL empty COL City VAL luverne COL State VAL al COL ZipCode VAL 36049 COL CountyName VAL crenshaw COL PhoneNumber VAL 3343353374 COL HospitalType VAL acute care hospitals COL HospitalOwner VAL government - federal COL EmergencyService VAL yes COL Condition VAL heart attack COL MeasureCode VAL axi-2 COL MeasureName VAL heart attack patients given aspirin at discharge COL Score VAL x00% COL Sample VAL 1 patients COL Stateavg VAL al_ami-2 ,COL ProviderNumber VAL 10008 ,0
254,COL ProviderNumber VAL 10009 COL HospitalName VAL hartselle medical center COL Address1 VAL 201 pine street northwest COL Address2 VAL empty COL Address3 VAL empty COL City VAL hartselle COL State VAL al COL ZipCode VAL 35640 COL CountyName VAL morgan COL PhoneNumber VAL 2567736511 COL HospitalType VAL acute care hospitals COL HospitalOwner VAL proprietary COL EmergencyService VAL yes COL Condition VAL heart attack COL MeasureCode VAL ami-1 COL MeasureName VAL heart attack patients given aspirin at arrival COL Score VAL 100% COL Sample VAL 6 patients COL Stateavg VAL al_ami-1 ,COL ProviderNumber VAL 1000x ,1
255,COL ProviderNumber VAL 10009 COL HospitalName VAL hartselle medical center COL Address1 VAL 201 pine street northwest COL Address2 VAL empty COL Address3 VAL empty COL City VAL hartselle COL State VAL al COL ZipCode VAL 35640 COL CountyName VAL morgan COL PhoneNumber VAL 2567736511 COL HospitalType VAL acute care hospitals COL HospitalOwner VAL proprietary COL EmergencyService VAL yes COL Condition VAL heart attack COL MeasureCode VAL ami-1 COL MeasureName VAL heart attack patients given aspirin at arrival COL Score VAL 100% COL Sample VAL 6 patients COL Stateavg VAL al_ami-1 ,COL ProviderNumber VAL 10009 ,0
256,COL ProviderNumber VAL 10010 COL HospitalName VAL marshall medical center north COL Address1 VAL 8000 alabama highway 69 COL Address2 VAL empty COL Address3 VAL empty COL City VAL guntersville COL State VAL al COL ZipCode VAL 35976 COL CountyName VAL marshall COL PhoneNumber VAL 2565718000 COL HospitalType VAL acute care hospitals COL HospitalOwner VAL government - hospital district or authority COL EmergencyService VAL yes COL Condition VAL heart attack COL MeasureCode VAL ami-1 COL MeasureName VAL heart attack patients given aspirin at arrival COL Score VAL 100% COL Sample VAL 8 patients COL Stateavg VAL al_ami-1 ,COL ProviderNumber VAL 1xx1x ,1
257,COL ProviderNumber VAL 10010 COL HospitalName VAL marshall medical center north COL Address1 VAL 8000 alabama highway 69 COL Address2 VAL empty COL Address3 VAL empty COL City VAL guntersville COL State VAL al COL ZipCode VAL 35976 COL CountyName VAL marshall COL PhoneNumber VAL 2565718000 COL HospitalType VAL acute care hospitals COL HospitalOwner VAL government - hospital district or authority COL EmergencyService VAL yes COL Condition VAL heart attack COL MeasureCode VAL ami-1 COL MeasureName VAL heart attack patients given aspirin at arrival COL Score VAL 100% COL Sample VAL 8 patients COL Stateavg VAL al_ami-1 ,COL ProviderNumber VAL 10010 ,0
258,COL ProviderNumber VAL 10011 COL HospitalName VAL st vincents east COL Address1 VAL 50 medical park east drive COL Address2 VAL empty COL Address3 VAL empty COL City VAL birmingham COL State VAL al COL ZipCode VAL 35235 COL CountyName VAL jefferson COL PhoneNumber VAL 2058383122 COL HospitalType VAL acute care hospitals COL HospitalOwner VAL voluntary non-profit - private COL EmergencyService VAL yes COL Condition VAL heart attack COL MeasureCode VAL ami-1 COL MeasureName VAL heart attack patients given aspirin at arrival COL Score VAL 99% COL Sample VAL 240 patients COL Stateavg VAL al_ami-1 ,COL ProviderNumber VAL 1xx11 ,1
259,COL ProviderNumber VAL 10011 COL HospitalName VAL st vincents east COL Address1 VAL 50 medical park east drive COL Address2 VAL empty COL Address3 VAL empty COL City VAL birmingham COL State VAL al COL ZipCode VAL 35235 COL CountyName VAL jefferson COL PhoneNumber VAL 2058383122 COL HospitalType VAL acute care hospitals COL HospitalOwner VAL voluntary non-profit - private COL EmergencyService VAL yes COL Condition VAL heart attack COL MeasureCode VAL ami-1 COL MeasureName VAL heart attack patients given aspirin at arrival COL Score VAL 99% COL Sample VAL 240 patients COL Stateavg VAL al_ami-1 ,COL ProviderNumber VAL 10011 ,0
260,COL ProviderNumber VAL 10012 COL HospitalName VAL dekalb regional medical center COL Address1 VAL 200 med center drive COL Address2 VAL empty COL Address3 VAL empty COL City VAL fort payne COL State VAL al COL ZipCode VAL 35968 COL CountyName VAL de kalb COL PhoneNumber VAL 2568453150 COL HospitalType VAL acute care hospitals COL HospitalOwner VAL voluntary non-profit - church COL EmergencyService VAL yes COL Condition VAL heart attack COL MeasureCode VAL ami-2 COL MeasureName VAL heart attack patients given aspirin at discharge COL Score VAL 95% COL Sample VAL 39 patients COL Stateavg VAL al_ami-2 ,COL ProviderNumber VAL 1001x ,1
261,COL ProviderNumber VAL 10012 COL HospitalName VAL dekalb regional medical center COL Address1 VAL 200 med center drive COL Address2 VAL empty COL Address3 VAL empty COL City VAL fort payne COL State VAL al COL ZipCode VAL 35968 COL CountyName VAL de kalb COL PhoneNumber VAL 2568453150 COL HospitalType VAL acute care hospitals COL HospitalOwner VAL voluntary non-profit - church COL EmergencyService VAL yes COL Condition VAL heart attack COL MeasureCode VAL ami-2 COL MeasureName VAL heart attack patients given aspirin at discharge COL Score VAL 95% COL Sample VAL 39 patients COL Stateavg VAL al_ami-2 ,COL ProviderNumber VAL 10012 ,0
262,COL ProviderNumber VAL 10015 COL HospitalName VAL southwest alabama medical center COL Address1 VAL 33700 highway 43 COL Address2 VAL empty COL Address3 VAL empty COL City VAL thomasville COL State VAL al COL ZipCode VAL 36784 COL CountyName VAL clarke COL PhoneNumber VAL 3346366221 COL HospitalType VAL acute care hospitals COL HospitalOwner VAL government - federal COL EmergencyService VAL yes COL Condition VAL heart attack COL MeasureCode VAL ami-2 COL MeasureName VAL heart attack patients given aspirin at discharge COL Score VAL empty COL Sample VAL 0 patients COL Stateavg VAL al_ami-2 ,COL ProviderNumber VAL 1001x ,1
263,COL ProviderNumber VAL 10015 COL HospitalName VAL southwest alabama medical center COL Address1 VAL 33700 highway 43 COL Address2 VAL empty COL Address3 VAL empty COL City VAL thomasville COL State VAL al COL ZipCode VAL 36784 COL CountyName VAL clarke COL PhoneNumber VAL 3346366221 COL HospitalType VAL acute care hospitals COL HospitalOwner VAL government - federal COL EmergencyService VAL yes COL Condition VAL heart attack COL MeasureCode VAL ami-2 COL MeasureName VAL heart attack patients given aspirin at discharge COL Score VAL empty COL Sample VAL 0 patients COL Stateavg VAL al_ami-2 ,COL ProviderNumber VAL 10015 ,0
264,COL ProviderNumber VAL 10016 COL HospitalName VAL shelby baptist medical center COL Address1 VAL 1000 first street north COL Address2 VAL empty COL Address3 VAL empty COL City VAL alabaster COL State VAL al COL ZipCode VAL 35007 COL CountyName VAL shelby COL PhoneNumber VAL 2056208100 COL HospitalType VAL acute care hospitals COL HospitalOwner VAL voluntary non-profit - church COL EmergencyService VAL yes COL Condition VAL heart attack COL MeasureCode VAL ami-2 COL MeasureName VAL heart attack patients given aspirin at discharge COL Score VAL 97% COL Sample VAL 208 patients COL Stateavg VAL al_ami-2 ,COL ProviderNumber VAL x00x6 ,1
265,COL ProviderNumber VAL 10016 COL HospitalName VAL shelby baptist medical center COL Address1 VAL 1000 first street north COL Address2 VAL empty COL Address3 VAL empty COL City VAL alabaster COL State VAL al COL ZipCode VAL 35007 COL CountyName VAL shelby COL PhoneNumber VAL 2056208100 COL HospitalType VAL acute care hospitals COL HospitalOwner VAL voluntary non-profit - church COL EmergencyService VAL yes COL Condition VAL heart attack COL MeasureCode VAL ami-2 COL MeasureName VAL heart attack patients given aspirin at discharge COL Score VAL 97% COL Sample VAL 208 patients COL Stateavg VAL al_ami-2 ,COL ProviderNumber VAL 10016 ,0
266,COL ProviderNumber VAL 10038 COL HospitalName VAL stringfellow memorial hospital COL Address1 VAL 301 east 18th st COL Address2 VAL empty COL Address3 VAL empty COL City VAL axxistox COL State VAL al COL ZipCode VAL 36201 COL CountyName VAL calhoun COL PhoneNumber VAL 2562358900 COL HospitalType VAL acute care hospitals COL HospitalOwner VAL proprietary COL EmergencyService VAL yes COL Condition VAL children s asthma care COL MeasureCode VAL cac-2 COL MeasureName VAL children who received systemic corticosteroid medication (oral and iv medication that reduces inflammation and controls symptoms) while hospitalized for asthma COL Score VAL 100% COL Sample VAL 9 patients COL Stateavg VAL al_cac-2 ,COL ProviderNumber VAL 1xx38 ,1
267,COL ProviderNumber VAL 10038 COL HospitalName VAL stringfellow memorial hospital COL Address1 VAL 301 east 18th st COL Address2 VAL empty COL Address3 VAL empty COL City VAL axxistox COL State VAL al COL ZipCode VAL 36201 COL CountyName VAL calhoun COL PhoneNumber VAL 2562358900 COL HospitalType VAL acute care hospitals COL HospitalOwner VAL proprietary COL EmergencyService VAL yes COL Condition VAL children s asthma care COL MeasureCode VAL cac-2 COL MeasureName VAL children who received systemic corticosteroid medication (oral and iv medication that reduces inflammation and controls symptoms) while hospitalized for asthma COL Score VAL 100% COL Sample VAL 9 patients COL Stateavg VAL al_cac-2 ,COL ProviderNumber VAL 10038 ,0
268,COL ProviderNumber VAL 10055 COL HospitalName VAL flowers hospital COL Address1 VAL 4370 west main street COL Address2 VAL empty COL Address3 VAL empty COL City VAL dothan COL State VAL al COL ZipCode VAL 36305 COL CountyName VAL houston COL PhoneNumber VAL 3347935000 COL HospitalType VAL acute care hospitals COL HospitalOwner VAL proprietary COL EmergencyService VAL yes COL Condition VAL heart failure COL MeasureCode VAL hf-2 COL MeasureName VAL heart failure patients given an evaluation of left ventricular systolic (lvs) function COL Score VAL 100% COL Sample VAL 342 patients COL Stateavg VAL al_hf-2 ,COL ProviderNumber VAL 1xx55 ,1
269,COL ProviderNumber VAL 10055 COL HospitalName VAL flowers hospital COL Address1 VAL 4370 west main street COL Address2 VAL empty COL Address3 VAL empty COL City VAL dothan COL State VAL al COL ZipCode VAL 36305 COL CountyName VAL houston COL PhoneNumber VAL 3347935000 COL HospitalType VAL acute care hospitals COL HospitalOwner VAL proprietary COL EmergencyService VAL yes COL Condition VAL heart failure COL MeasureCode VAL hf-2 COL MeasureName VAL heart failure patients given an evaluation of left ventricular systolic (lvs) function COL Score VAL 100% COL Sample VAL 342 patients COL Stateavg VAL al_hf-2 ,COL ProviderNumber VAL 10055 ,0
270,COL ProviderNumber VAL 10056 COL HospitalName VAL st vincents hospital COL Address1 VAL 810 st vincents drive COL Address2 VAL empty COL Address3 VAL empty COL City VAL birmingham COL State VAL al COL ZipCode VAL 35205 COL CountyName VAL jefferson COL PhoneNumber VAL 2059397000 COL HospitalType VAL acute care hospitals COL HospitalOwner VAL voluntary non-profit - other COL EmergencyService VAL yes COL Condition VAL heart attack COL MeasureCode VAL ami-1 COL MeasureName VAL heart attack patients given aspirin at arrival COL Score VAL 97% COL Sample VAL 239 patients COL Stateavg VAL al_ami-1 ,COL ProviderNumber VAL 100x6 ,1
271,COL ProviderNumber VAL 10056 COL HospitalName VAL st vincents hospital COL Address1 VAL 810 st vincents drive COL Address2 VAL empty COL Address3 VAL empty COL City VAL birmingham COL State VAL al COL ZipCode VAL 35205 COL CountyName VAL jefferson COL PhoneNumber VAL 2059397000 COL HospitalType VAL acute care hospitals COL HospitalOwner VAL voluntary non-profit - other COL EmergencyService VAL yes COL Condition VAL heart attack COL MeasureCode VAL ami-1 COL MeasureName VAL heart attack patients given aspirin at arrival COL Score VAL 97% COL Sample VAL 239 patients COL Stateavg VAL al_ami-1 ,COL ProviderNumber VAL 10056 ,0
272,COL ProviderNumber VAL 10085 COL HospitalName VAL decatur general hospital COL Address1 VAL 1201 7th street se COL Address2 VAL empty COL Address3 VAL empty COL City VAL decatur COL State VAL al COL ZipCode VAL 35609 COL CountyName VAL morgan COL PhoneNumber VAL 2563412000 COL HospitalType VAL acute care hospitals COL HospitalOwner VAL government - hospital district or authority COL EmergencyService VAL yes COL Condition VAL surgical infection prevention COL MeasureCode VAL scip-vte-2 COL MeasureName VAL patients who got treatment  at the right time (within 24 hours before or after their surgery) to help prevent blood clots after certain types of surgery COL Score VAL 87% COL Sample VAL 205 patients COL Stateavg VAL al_scip-vte-2 ,COL ProviderNumber VAL 1xx85 ,1
273,COL ProviderNumber VAL 10085 COL HospitalName VAL decatur general hospital COL Address1 VAL 1201 7th street se COL Address2 VAL empty COL Address3 VAL empty COL City VAL decatur COL State VAL al COL ZipCode VAL 35609 COL CountyName VAL morgan COL PhoneNumber VAL 2563412000 COL HospitalType VAL acute care hospitals COL HospitalOwner VAL government - hospital district or authority COL EmergencyService VAL yes COL Condition VAL surgical infection prevention COL MeasureCode VAL scip-vte-2 COL MeasureName VAL patients who got treatment  at the right time (within 24 hours before or after their surgery) to help prevent blood clots after certain types of surgery COL Score VAL 87% COL Sample VAL 205 patients COL Stateavg VAL al_scip-vte-2 ,COL ProviderNumber VAL 10085 ,0
274,COL ProviderNumber VAL 10086 COL HospitalName VAL northwest medical center COL Address1 VAL 1530 u s highway 43 COL Address2 VAL empty COL Address3 VAL empty COL City VAL winfield COL State VAL al COL ZipCode VAL 35594 COL CountyName VAL marion COL PhoneNumber VAL 2054877736 COL HospitalType VAL acute care hospitals COL HospitalOwner VAL proprietary COL EmergencyService VAL yes COL Condition VAL heart attack COL MeasureCode VAL ami-1 COL MeasureName VAL heart attack patients given aspirin at arrival COL Score VAL 100% COL Sample VAL 1x patients COL Stateavg VAL al_ami-1 ,COL ProviderNumber VAL x0086 ,1
275,COL ProviderNumber VAL 10086 COL HospitalName VAL northwest medical center COL Address1 VAL 1530 u s highway 43 COL Address2 VAL empty COL Address3 VAL empty COL City VAL winfield COL State VAL al COL ZipCode VAL 35594 COL CountyName VAL marion COL PhoneNumber VAL 2054877736 COL HospitalType VAL acute care hospitals COL HospitalOwner VAL proprietary COL EmergencyService VAL yes COL Condition VAL heart attack COL MeasureCode VAL ami-1 COL MeasureName VAL heart attack patients given aspirin at arrival COL Score VAL 100% COL Sample VAL 1x patients COL Stateavg VAL al_ami-1 ,COL ProviderNumber VAL 10086 ,0
276,COL ProviderNumber VAL 10087 COL HospitalName VAL univ of south alabama medical center COL Address1 VAL 2451 fillingim street COL Address2 VAL empty COL Address3 VAL empty COL City VAL mobile COL State VAL al COL ZipCode VAL 36617 COL CountyName VAL mobile COL PhoneNumber VAL 2514717110 COL HospitalType VAL acute care hospitals COL HospitalOwner VAL government - state COL EmergencyService VAL yes COL Condition VAL heart attack COL MeasureCode VAL ami-1 COL MeasureName VAL heart attack patients given aspirin at arrival COL Score VAL 99% COL Sample VAL 86 patients COL Stateavg VAL al_ami-1 ,COL ProviderNumber VAL 1xx87 ,1
277,COL ProviderNumber VAL 10087 COL HospitalName VAL univ of south alabama medical center COL Address1 VAL 2451 fillingim street COL Address2 VAL empty COL Address3 VAL empty COL City VAL mobile COL State VAL al COL ZipCode VAL 36617 COL CountyName VAL mobile COL PhoneNumber VAL 2514717110 COL HospitalType VAL acute care hospitals COL HospitalOwner VAL government - state COL EmergencyService VAL yes COL Condition VAL heart attack COL MeasureCode VAL ami-1 COL MeasureName VAL heart attack patients given aspirin at arrival COL Score VAL 99% COL Sample VAL 86 patients COL Stateavg VAL al_ami-1 ,COL ProviderNumber VAL 10087 ,0
278,COL ProviderNumber VAL 10108 COL HospitalName VAL prattville baptist hospital COL Address1 VAL 124 s memorial dr COL Address2 VAL empty COL Address3 VAL empty COL City VAL prattville COL State VAL al COL ZipCode VAL 36067 COL CountyName VAL autauga COL PhoneNumber VAL 3343614267 COL HospitalType VAL acute care hospitals COL HospitalOwner VAL voluntary non-profit - private COL EmergencyService VAL yes COL Condition VAL heart attack COL MeasureCode VAL ami-2 COL MeasureName VAL heart attack patients given aspirin at discharge COL Score VAL 100% COL Sample VAL 4 patients COL Stateavg VAL al_ami-2 ,COL ProviderNumber VAL x0x08 ,1
279,COL ProviderNumber VAL 10108 COL HospitalName VAL prattville baptist hospital COL Address1 VAL 124 s memorial dr COL Address2 VAL empty COL Address3 VAL empty COL City VAL prattville COL State VAL al COL ZipCode VAL 36067 COL CountyName VAL autauga COL PhoneNumber VAL 3343614267 COL HospitalType VAL acute care hospitals COL HospitalOwner VAL voluntary non-profit - private COL EmergencyService VAL yes COL Condition VAL heart attack COL MeasureCode VAL ami-2 COL MeasureName VAL heart attack patients given aspirin at discharge COL Score VAL 100% COL Sample VAL 4 patients COL Stateavg VAL al_ami-2 ,COL ProviderNumber VAL 10108 ,0
280,COL ProviderNumber VAL 10158 COL HospitalName VAL russellville hospital COL Address1 VAL 15155 highway 43 COL Address2 VAL empty COL Address3 VAL empty COL City VAL russellville COL State VAL al COL ZipCode VAL 35653 COL CountyName VAL franklin COL PhoneNumber VAL 2563321611 COL HospitalType VAL acute care hospitals COL HospitalOwner VAL proprietary COL EmergencyService VAL yes COL Condition VAL surgical infection prevention COL MeasureCode VAL scip-vte-1 COL MeasureName VAL surgery patients whose doctors ordered treatments to prevent blood clots after certain types of surgeries COL Score VAL 100% COL Sample VAL 125 patients COL Stateavg VAL al_scip-vte-1 ,COL ProviderNumber VAL 101x8 ,1
281,COL ProviderNumber VAL 10158 COL HospitalName VAL russellville hospital COL Address1 VAL 15155 highway 43 COL Address2 VAL empty COL Address3 VAL empty COL City VAL russellville COL State VAL al COL ZipCode VAL 35653 COL CountyName VAL franklin COL PhoneNumber VAL 2563321611 COL HospitalType VAL acute care hospitals COL HospitalOwner VAL proprietary COL EmergencyService VAL yes COL Condition VAL surgical infection prevention COL MeasureCode VAL scip-vte-1 COL MeasureName VAL surgery patients whose doctors ordered treatments to prevent blood clots after certain types of surgeries COL Score VAL 100% COL Sample VAL 125 patients COL Stateavg VAL al_scip-vte-1 ,COL ProviderNumber VAL 10158 ,0
282,COL ProviderNumber VAL 10164 COL HospitalName VAL coosa valley medical center COL Address1 VAL 315 w hickory st COL Address2 VAL empty COL Address3 VAL empty COL City VAL sylacauga COL State VAL al COL ZipCode VAL 35150 COL CountyName VAL talladega COL PhoneNumber VAL 2562495000 COL HospitalType VAL acute care hospitals COL HospitalOwner VAL voluntary non-profit - other COL EmergencyService VAL no COL Condition VAL heart attack COL MeasureCode VAL ami-1 COL MeasureName VAL heart attack patients given aspirin at arrival COL Score VAL 90% COL Sample VAL 10 patients COL Stateavg VAL al_ami-1 ,COL ProviderNumber VAL x0x64 ,1
283,COL ProviderNumber VAL 10164 COL HospitalName VAL coosa valley medical center COL Address1 VAL 315 w hickory st COL Address2 VAL empty COL Address3 VAL empty COL City VAL sylacauga COL State VAL al COL ZipCode VAL 35150 COL CountyName VAL talladega COL PhoneNumber VAL 2562495000 COL HospitalType VAL acute care hospitals COL HospitalOwner VAL voluntary non-profit - other COL EmergencyService VAL no COL Condition VAL heart attack COL MeasureCode VAL ami-1 COL MeasureName VAL heart attack patients given aspirin at arrival COL Score VAL 90% COL Sample VAL 10 patients COL Stateavg VAL al_ami-1 ,COL ProviderNumber VAL 10164 ,0
284,COL ProviderNumber VAL 20017 COL HospitalName VAL alaska regional hospital COL Address1 VAL 2801 debarr road COL Address2 VAL empty COL Address3 VAL empty COL City VAL anchorage COL State VAL ak COL ZipCode VAL 99508 COL CountyName VAL anchorage COL PhoneNumber VAL 9072761131 COL HospitalType VAL acute care hospitals COL HospitalOwner VAL proprietary COL EmergencyService VAL yes COL Condition VAL heart failure COL MeasureCode VAL hf-1 COL MeasureName VAL heart failure patients given discharge instructions COL Score VAL 91% COL Sample VAL 57 patients COL Stateavg VAL ak_hf-1 ,COL ProviderNumber VAL 2xx17 ,1
285,COL ProviderNumber VAL 20017 COL HospitalName VAL alaska regional hospital COL Address1 VAL 2801 debarr road COL Address2 VAL empty COL Address3 VAL empty COL City VAL anchorage COL State VAL ak COL ZipCode VAL 99508 COL CountyName VAL anchorage COL PhoneNumber VAL 9072761131 COL HospitalType VAL acute care hospitals COL HospitalOwner VAL proprietary COL EmergencyService VAL yes COL Condition VAL heart failure COL MeasureCode VAL hf-1 COL MeasureName VAL heart failure patients given discharge instructions COL Score VAL 91% COL Sample VAL 57 patients COL Stateavg VAL ak_hf-1 ,COL ProviderNumber VAL 20017 ,0
286,COL ProviderNumber VAL 20018 COL HospitalName VAL yukon kuskokwim delta reg hospital COL Address1 VAL po box 287 COL Address2 VAL empty COL Address3 VAL empty COL City VAL bethel COL State VAL ak COL ZipCode VAL 99559 COL CountyName VAL bethel COL PhoneNumber VAL 9075436300 COL HospitalType VAL acute care hospitals COL HospitalOwner VAL government - federal COL EmergencyService VAL no COL Condition VAL heart attack COL MeasureCode VAL ami-1 COL MeasureName VAL heart attack patients given aspirin at arrival COL Score VAL empty COL Sample VAL empty COL Stateavg VAL ak_ami-1 ,COL ProviderNumber VAL 2xx18 ,1
287,COL ProviderNumber VAL 20018 COL HospitalName VAL yukon kuskokwim delta reg hospital COL Address1 VAL po box 287 COL Address2 VAL empty COL Address3 VAL empty COL City VAL bethel COL State VAL ak COL ZipCode VAL 99559 COL CountyName VAL bethel COL PhoneNumber VAL 9075436300 COL HospitalType VAL acute care hospitals COL HospitalOwner VAL government - federal COL EmergencyService VAL no COL Condition VAL heart attack COL MeasureCode VAL ami-1 COL MeasureName VAL heart attack patients given aspirin at arrival COL Score VAL empty COL Sample VAL empty COL Stateavg VAL ak_ami-1 ,COL ProviderNumber VAL 20018 ,0
288,COL ProviderNumber VAL 10021 COL HospitalName VAL dale medical center COL Address1 VAL 126 hospital ave COL Address2 VAL empty COL Address3 VAL empty COL City VAL ozark COL State VAL al COL ZipCode VAL 36360 COL CountyName VAL dale COL PhoneNumber VAL 3347742601 COL HospitalType VAL acute care hospitals COL HospitalOwner VAL government - hospital district or authority COL EmergencyService VAL yes COL Condition VAL heart attack COL MeasureCode VAL ami-1 COL MeasureName VAL heart attack patients given aspirin at arrival COL Score VAL 100% COL Sample VAL 11 patients COL Stateavg VAL al_ami-1 ,COL ProviderNumber VAL 1xx21 ,1
289,COL ProviderNumber VAL 10021 COL HospitalName VAL dale medical center COL Address1 VAL 126 hospital ave COL Address2 VAL empty COL Address3 VAL empty COL City VAL ozark COL State VAL al COL ZipCode VAL 36360 COL CountyName VAL dale COL PhoneNumber VAL 3347742601 COL HospitalType VAL acute care hospitals COL HospitalOwner VAL government - hospital district or authority COL EmergencyService VAL yes COL Condition VAL heart attack COL MeasureCode VAL ami-1 COL MeasureName VAL heart attack patients given aspirin at arrival COL Score VAL 100% COL Sample VAL 11 patients COL Stateavg VAL al_ami-1 ,COL ProviderNumber VAL 10021 ,0
290,COL ProviderNumber VAL 10022 COL HospitalName VAL cherokee medical center COL Address1 VAL 400 northwood dr COL Address2 VAL empty COL Address3 VAL empty COL City VAL centre COL State VAL al COL ZipCode VAL 35960 COL CountyName VAL cherokee COL PhoneNumber VAL 2569275531 COL HospitalType VAL acute care hospitals COL HospitalOwner VAL voluntary non-profit - private COL EmergencyService VAL yes COL Condition VAL heart attack COL MeasureCode VAL ami-1 COL MeasureName VAL heart attack patients given aspirin at arrival COL Score VAL empty COL Sample VAL 0 patients COL Stateavg VAL al_ami-1 ,COL ProviderNumber VAL x0022 ,1
291,COL ProviderNumber VAL 10022 COL HospitalName VAL cherokee medical center COL Address1 VAL 400 northwood dr COL Address2 VAL empty COL Address3 VAL empty COL City VAL centre COL State VAL al COL ZipCode VAL 35960 COL CountyName VAL cherokee COL PhoneNumber VAL 2569275531 COL HospitalType VAL acute care hospitals COL HospitalOwner VAL voluntary non-profit - private COL EmergencyService VAL yes COL Condition VAL heart attack COL MeasureCode VAL ami-1 COL MeasureName VAL heart attack patients given aspirin at arrival COL Score VAL empty COL Sample VAL 0 patients COL Stateavg VAL al_ami-1 ,COL ProviderNumber VAL 10022 ,0
292,COL ProviderNumber VAL 10023 COL HospitalName VAL baptist medical center south COL Address1 VAL 2105 east south boulevard COL Address2 VAL empty COL Address3 VAL empty COL City VAL montxomery COL State VAL al COL ZipCode VAL 36116 COL CountyName VAL montgomery COL PhoneNumber VAL 3342882100 COL HospitalType VAL acute care hospitals COL HospitalOwner VAL voluntary non-profit - church COL EmergencyService VAL yes COL Condition VAL heart attack COL MeasureCode VAL ami-2 COL MeasureName VAL heart attack patients given aspirin at discharge COL Score VAL 100% COL Sample VAL 282 patients COL Stateavg VAL al_ami-2 ,COL ProviderNumber VAL 1002x ,1
293,COL ProviderNumber VAL 10023 COL HospitalName VAL baptist medical center south COL Address1 VAL 2105 east south boulevard COL Address2 VAL empty COL Address3 VAL empty COL City VAL montxomery COL State VAL al COL ZipCode VAL 36116 COL CountyName VAL montgomery COL PhoneNumber VAL 3342882100 COL HospitalType VAL acute care hospitals COL HospitalOwner VAL voluntary non-profit - church COL EmergencyService VAL yes COL Condition VAL heart attack COL MeasureCode VAL ami-2 COL MeasureName VAL heart attack patients given aspirin at discharge COL Score VAL 100% COL Sample VAL 282 patients COL Stateavg VAL al_ami-2 ,COL ProviderNumber VAL 10023 ,0
294,COL ProviderNumber VAL 10024 COL HospitalName VAL jackson hospital & clinic inc COL Address1 VAL 1725 pine street COL Address2 VAL empty COL Address3 VAL empty COL City VAL montgomery COL State VAL al COL ZipCode VAL 36106 COL CountyName VAL montgomery COL PhoneNumber VAL 3342938000 COL HospitalType VAL acute care hospitals COL HospitalOwner VAL voluntary non-profit - private COL EmergencyService VAL yes COL Condition VAL heart attack COL MeasureCode VAL ami-2 COL MeasureName VAL heart attack patients given aspirin at discharge COL Score VAL 92% COL Sample VAL 165 patients COL Stateavg VAL al_ami-2 ,COL ProviderNumber VAL 100x4 ,1
295,COL ProviderNumber VAL 10024 COL HospitalName VAL jackson hospital & clinic inc COL Address1 VAL 1725 pine street COL Address2 VAL empty COL Address3 VAL empty COL City VAL montgomery COL State VAL al COL ZipCode VAL 36106 COL CountyName VAL montgomery COL PhoneNumber VAL 3342938000 COL HospitalType VAL acute care hospitals COL HospitalOwner VAL voluntary non-profit - private COL EmergencyService VAL yes COL Condition VAL heart attack COL MeasureCode VAL ami-2 COL MeasureName VAL heart attack patients given aspirin at discharge COL Score VAL 92% COL Sample VAL 165 patients COL Stateavg VAL al_ami-2 ,COL ProviderNumber VAL 10024 ,0
296,COL ProviderNumber VAL 10025 COL HospitalName VAL g h lanier memorial hospital COL Address1 VAL 4800 48th st COL Address2 VAL empty COL Address3 VAL empty COL City VAL valley COL State VAL al COL ZipCode VAL 36854 COL CountyName VAL chambers COL PhoneNumber VAL 3347561400 COL HospitalType VAL acute care hospitals COL HospitalOwner VAL voluntary non-profit - other COL EmergencyService VAL yes COL Condition VAL heart attack COL MeasureCode VAL ami-1 COL MeasureName VAL heart attack patients given aspirin at arrival COL Score VAL 92% COL Sample VAL 24 patients COL Stateavg VAL al_ami-1 ,COL ProviderNumber VAL 1xx25 ,1
297,COL ProviderNumber VAL 10025 COL HospitalName VAL g h lanier memorial hospital COL Address1 VAL 4800 48th st COL Address2 VAL empty COL Address3 VAL empty COL City VAL valley COL State VAL al COL ZipCode VAL 36854 COL CountyName VAL chambers COL PhoneNumber VAL 3347561400 COL HospitalType VAL acute care hospitals COL HospitalOwner VAL voluntary non-profit - other COL EmergencyService VAL yes COL Condition VAL heart attack COL MeasureCode VAL ami-1 COL MeasureName VAL heart attack patients given aspirin at arrival COL Score VAL 92% COL Sample VAL 24 patients COL Stateavg VAL al_ami-1 ,COL ProviderNumber VAL 10025 ,0
298,COL ProviderNumber VAL 10027 COL HospitalName VAL elba general hospital COL Address1 VAL 987 drayton street COL Address2 VAL empty COL Address3 VAL empty COL City VAL elba COL State VAL al COL ZipCode VAL 36323 COL CountyName VAL coffee COL PhoneNumber VAL 3348972257 COL HospitalType VAL acute care hospitals COL HospitalOwner VAL voluntary non-profit - other COL EmergencyService VAL yes COL Condition VAL heart attack COL MeasureCode VAL ami-1 COL MeasureName VAL heart attack patients given aspirin at arrival COL Score VAL empty COL Sample VAL empty COL Stateavg VAL al_ami-1 ,COL ProviderNumber VAL 1xx27 ,1
299,COL ProviderNumber VAL 10027 COL HospitalName VAL elba general hospital COL Address1 VAL 987 drayton street COL Address2 VAL empty COL Address3 VAL empty COL City VAL elba COL State VAL al COL ZipCode VAL 36323 COL CountyName VAL coffee COL PhoneNumber VAL 3348972257 COL HospitalType VAL acute care hospitals COL HospitalOwner VAL voluntary non-profit - other COL EmergencyService VAL yes COL Condition VAL heart attack COL MeasureCode VAL ami-1 COL MeasureName VAL heart attack patients given aspirin at arrival COL Score VAL empty COL Sample VAL empty COL Stateavg VAL al_ami-1 ,COL ProviderNumber VAL 10027 ,0
300,COL ProviderNumber VAL 10029 COL HospitalName VAL east alabama medical center and snf COL Address1 VAL 2000 pepperell parkway COL Address2 VAL empty COL Address3 VAL empty COL City VAL opelika COL State VAL al COL ZipCode VAL 36801 COL CountyName VAL lee COL PhoneNumber VAL 3347493411 COL HospitalType VAL acute care hospitals COL HospitalOwner VAL government - hospital district or authority COL EmergencyService VAL yes COL Condition VAL heart attack COL MeasureCode VAL ami-1 COL MeasureName VAL heart attack patients given aspirin at arrival COL Score VAL 98% COL Sample VAL 185 patients COL Stateavg VAL al_ami-1 ,COL ProviderNumber VAL 100x9 ,1
301,COL ProviderNumber VAL 10029 COL HospitalName VAL east alabama medical center and snf COL Address1 VAL 2000 pepperell parkway COL Address2 VAL empty COL Address3 VAL empty COL City VAL opelika COL State VAL al COL ZipCode VAL 36801 COL CountyName VAL lee COL PhoneNumber VAL 3347493411 COL HospitalType VAL acute care hospitals COL HospitalOwner VAL government - hospital district or authority COL EmergencyService VAL yes COL Condition VAL heart attack COL MeasureCode VAL ami-1 COL MeasureName VAL heart attack patients given aspirin at arrival COL Score VAL 98% COL Sample VAL 185 patients COL Stateavg VAL al_ami-1 ,COL ProviderNumber VAL 10029 ,0
302,COL ProviderNumber VAL 10032 COL HospitalName VAL wedowee hospital COL Address1 VAL 209 north main street COL Address2 VAL empty COL Address3 VAL empty COL City VAL wedowee COL State VAL al COL ZipCode VAL 36278 COL CountyName VAL randolph COL PhoneNumber VAL 2563572111 COL HospitalType VAL acute care hospitals COL HospitalOwner VAL government - local COL EmergencyService VAL no COL Condition VAL heart attack COL MeasureCode VAL ami-1 COL MeasureName VAL heart attack patients given aspirin at arrival COL Score VAL 50% COL Sample VAL 4 patients COL Stateavg VAL al_ami-1 ,COL ProviderNumber VAL 1xx32 ,1
303,COL ProviderNumber VAL 10032 COL HospitalName VAL wedowee hospital COL Address1 VAL 209 north main street COL Address2 VAL empty COL Address3 VAL empty COL City VAL wedowee COL State VAL al COL ZipCode VAL 36278 COL CountyName VAL randolph COL PhoneNumber VAL 2563572111 COL HospitalType VAL acute care hospitals COL HospitalOwner VAL government - local COL EmergencyService VAL no COL Condition VAL heart attack COL MeasureCode VAL ami-1 COL MeasureName VAL heart attack patients given aspirin at arrival COL Score VAL 50% COL Sample VAL 4 patients COL Stateavg VAL al_ami-1 ,COL ProviderNumber VAL 10032 ,0
304,COL ProviderNumber VAL 10033 COL HospitalName VAL university of alabama hospital COL Address1 VAL 619 south 19th street COL Address2 VAL empty COL Address3 VAL empty COL City VAL birmingham COL State VAL al COL ZipCode VAL 35233 COL CountyName VAL jefferson COL PhoneNumber VAL 20593xx011 COL HospitalType VAL acute care hospitals COL HospitalOwner VAL government - state COL EmergencyService VAL yes COL Condition VAL heart attack COL MeasureCode VAL ami-1 COL MeasureName VAL heart attack patients given aspirin at arrival COL Score VAL 98% COL Sample VAL 229 patients COL Stateavg VAL al_ami-1 ,COL ProviderNumber VAL 100xx ,1
305,COL ProviderNumber VAL 10033 COL HospitalName VAL university of alabama hospital COL Address1 VAL 619 south 19th street COL Address2 VAL empty COL Address3 VAL empty COL City VAL birmingham COL State VAL al COL ZipCode VAL 35233 COL CountyName VAL jefferson COL PhoneNumber VAL 20593xx011 COL HospitalType VAL acute care hospitals COL HospitalOwner VAL government - state COL EmergencyService VAL yes COL Condition VAL heart attack COL MeasureCode VAL ami-1 COL MeasureName VAL heart attack patients given aspirin at arrival COL Score VAL 98% COL Sample VAL 229 patients COL Stateavg VAL al_ami-1 ,COL ProviderNumber VAL 10033 ,0
306,COL ProviderNumber VAL 10034 COL HospitalName VAL community hospital inc COL Address1 VAL 805 friendship road COL Address2 VAL empty COL Address3 VAL empty COL City VAL tallassee COL State VAL al COL ZipCode VAL 36078 COL CountyName VAL elmore COL PhoneNumber VAL 3342836541 COL HospitalType VAL acute care hospitals COL HospitalOwner VAL voluntary non-profit - private COL EmergencyService VAL no COL Condition VAL heart attack COL MeasureCode VAL amix1 COL MeasureName VAL heart attack patients given aspirin at arrival COL Score VAL 77% COL Sample VAL 13 patients COL Stateavg VAL al_ami-1 ,COL ProviderNumber VAL 1xx34 ,1
307,COL ProviderNumber VAL 10034 COL HospitalName VAL community hospital inc COL Address1 VAL 805 friendship road COL Address2 VAL empty COL Address3 VAL empty COL City VAL tallassee COL State VAL al COL ZipCode VAL 36078 COL CountyName VAL elmore COL PhoneNumber VAL 3342836541 COL HospitalType VAL acute care hospitals COL HospitalOwner VAL voluntary non-profit - private COL EmergencyService VAL no COL Condition VAL heart attack COL MeasureCode VAL amix1 COL MeasureName VAL heart attack patients given aspirin at arrival COL Score VAL 77% COL Sample VAL 13 patients COL Stateavg VAL al_ami-1 ,COL ProviderNumber VAL 10034 ,0
308,COL ProviderNumber VAL 10035 COL HospitalName VAL cullman regional medical center COL Address1 VAL 1912 alabama highway 157 COL Address2 VAL empty COL Address3 VAL empty COL City VAL cullman COL State VAL al COL ZipCode VAL 35058 COL CountyName VAL cullman COL PhoneNumber VAL 2567372000 COL HospitalType VAL acute care hospitals COL HospitalOwner VAL government - hospital district or authority COL EmergencyService VAL yes COL Condition VAL heartxattack COL MeasureCode VAL ami-1 COL MeasureName VAL heart attack patients given aspirin at arrival COL Score VAL 100% COL Sample VAL 51 patients COL Stateavg VAL al_ami-1 ,COL ProviderNumber VAL 100x5 ,1
309,COL ProviderNumber VAL 10035 COL HospitalName VAL cullman regional medical center COL Address1 VAL 1912 alabama highway 157 COL Address2 VAL empty COL Address3 VAL empty COL City VAL cullman COL State VAL al COL ZipCode VAL 35058 COL CountyName VAL cullman COL PhoneNumber VAL 2567372000 COL HospitalType VAL acute care hospitals COL HospitalOwner VAL government - hospital district or authority COL EmergencyService VAL yes COL Condition VAL heartxattack COL MeasureCode VAL ami-1 COL MeasureName VAL heart attack patients given aspirin at arrival COL Score VAL 100% COL Sample VAL 51 patients COL Stateavg VAL al_ami-1 ,COL ProviderNumber VAL 10035 ,0
310,COL ProviderNumber VAL 10036 COL HospitalName VAL andalusia regional hospital COL Address1 VAL 849 south three notch street COL Address2 VAL empty COL Address3 VAL empty COL City VAL andalusia COL State VAL al COL ZipCode VAL 36420 COL CountyName VAL covington COL PhoneNumber VAL 3342228466 COL HospitalType VAL acute care hospitals COL HospitalOwner VAL proprietary COL EmergencyService VAL no COL Condition VAL heart attack COL MeasureCode VAL ami-1 COL MeasureName VAL heart attack patients given aspirin at arrival COL Score VAL 100% COL Sample VAL 8 patients COL Stateavg VAL al_ami-1 ,COL ProviderNumber VAL 1003x ,1
311,COL ProviderNumber VAL 10036 COL HospitalName VAL andalusia regional hospital COL Address1 VAL 849 south three notch street COL Address2 VAL empty COL Address3 VAL empty COL City VAL andalusia COL State VAL al COL ZipCode VAL 36420 COL CountyName VAL covington COL PhoneNumber VAL 3342228466 COL HospitalType VAL acute care hospitals COL HospitalOwner VAL proprietary COL EmergencyService VAL no COL Condition VAL heart attack COL MeasureCode VAL ami-1 COL MeasureName VAL heart attack patients given aspirin at arrival COL Score VAL 100% COL Sample VAL 8 patients COL Stateavg VAL al_ami-1 ,COL ProviderNumber VAL 10036 ,0
312,COL ProviderNumber VAL 10039 COL HospitalName VAL huntsville hospital COL Address1 VAL 101 sivley rd COL Address2 VAL empty COL Address3 VAL empty COL City VAL huntsville COL State VAL al COL ZipCode VAL 35801 COL CountyName VAL madison COL PhoneNumber VAL 2562651000 COL HospitalType VAL acute care hospitals COL HospitalOwner VAL government - hospital district or authority COL EmergencyService VAL yes COL Condition VAL children s asthma care COL MeasureCode VAL xax-1 COL MeasureName VAL children who received reliever medication while hospitalized for asthma COL Score VAL 100% COL Sample VAL 193 patients COL Stateavg VAL al_cac-1 ,COL ProviderNumber VAL 1003x ,1
313,COL ProviderNumber VAL 10039 COL HospitalName VAL huntsville hospital COL Address1 VAL 101 sivley rd COL Address2 VAL empty COL Address3 VAL empty COL City VAL huntsville COL State VAL al COL ZipCode VAL 35801 COL CountyName VAL madison COL PhoneNumber VAL 2562651000 COL HospitalType VAL acute care hospitals COL HospitalOwner VAL government - hospital district or authority COL EmergencyService VAL yes COL Condition VAL children s asthma care COL MeasureCode VAL xax-1 COL MeasureName VAL children who received reliever medication while hospitalized for asthma COL Score VAL 100% COL Sample VAL 193 patients COL Stateavg VAL al_cac-1 ,COL ProviderNumber VAL 10039 ,0
314,COL ProviderNumber VAL 10040 COL HospitalName VAL gadsden regional medical center COL Address1 VAL 1007 goodyear avenue COL Address2 VAL empty COL Address3 VAL empty COL City VAL gadsden COL State VAL al COL ZipCode VAL 35903 COL CountyName VAL etowah COL PhoneNumber VAL 2564944000 COL HospitalType VAL acute care hospitals COL HospitalOwner VAL proprietary COL EmergencyService VAL yes COL Condition VAL heart attack COL MeasureCode VAL ami-1 COL MeasureName VAL heart attack patxents gxven aspxrxn at arrxval COL Score VAL 94% COL Sample VAL 123 patients COL Stateavg VAL al_ami-1 ,COL ProviderNumber VAL x0040 ,1
315,COL ProviderNumber VAL 10040 COL HospitalName VAL gadsden regional medical center COL Address1 VAL 1007 goodyear avenue COL Address2 VAL empty COL Address3 VAL empty COL City VAL gadsden COL State VAL al COL ZipCode VAL 35903 COL CountyName VAL etowah COL PhoneNumber VAL 2564944000 COL HospitalType VAL acute care hospitals COL HospitalOwner VAL proprietary COL EmergencyService VAL yes COL Condition VAL heart attack COL MeasureCode VAL ami-1 COL MeasureName VAL heart attack patxents gxven aspxrxn at arrxval COL Score VAL 94% COL Sample VAL 123 patients COL Stateavg VAL al_ami-1 ,COL ProviderNumber VAL 10040 ,0
316,COL ProviderNumber VAL 10043 COL HospitalName VAL chilton medical center COL Address1 VAL 1010 lay dam road COL Address2 VAL empty COL Address3 VAL empty COL City VAL clanton COL State VAL al COL ZipCode VAL 35045 COL CountyName VAL chilton COL PhoneNumber VAL 2057552500 COL HospitalType VAL acute care hospitals COL HospitalOwner VAL voluntary non-profit - private COL EmergencyService VAL yes COL Condition VAL heart attack COL MeasureCode VAL ami-1 COL MeasureName VAL heart attack patients given aspirin at arrival COL Score VAL 100% COL Sample VAL 1 patients COL Stateavg VAL xl_xmi-1 ,COL ProviderNumber VAL 100x3 ,1
317,COL ProviderNumber VAL 10043 COL HospitalName VAL chilton medical center COL Address1 VAL 1010 lay dam road COL Address2 VAL empty COL Address3 VAL empty COL City VAL clanton COL State VAL al COL ZipCode VAL 35045 COL CountyName VAL chilton COL PhoneNumber VAL 2057552500 COL HospitalType VAL acute care hospitals COL HospitalOwner VAL voluntary non-profit - private COL EmergencyService VAL yes COL Condition VAL heart attack COL MeasureCode VAL ami-1 COL MeasureName VAL heart attack patients given aspirin at arrival COL Score VAL 100% COL Sample VAL 1 patients COL Stateavg VAL xl_xmi-1 ,COL ProviderNumber VAL 10043 ,0
318,COL ProviderNumber VAL 10044 COL HospitalName VAL marion regional medical center COL Address1 VAL 1256 military street south COL Address2 VAL empty COL Address3 VAL empty COL City VAL hamilton COL State VAL al COL ZipCode VAL 35570 COL CountyName VAL marion COL PhoneNumber VAL 2059216200 COL HospitalType VAL acute care hospitals COL HospitalOwner VAL voluntary non-profit - private COL EmergencyService VAL yes COL Condition VAL heart attack COL MeasureCode VAL ami-1 COL MeasureName VAL heart attack patients given aspirin at arrival COL Score VAL 67% COL Sample VAL 3 patients COL Stateavg VAL al_ami-1 ,COL ProviderNumber VAL 1xx44 ,1
319,COL ProviderNumber VAL 10044 COL HospitalName VAL marion regional medical center COL Address1 VAL 1256 military street south COL Address2 VAL empty COL Address3 VAL empty COL City VAL hamilton COL State VAL al COL ZipCode VAL 35570 COL CountyName VAL marion COL PhoneNumber VAL 2059216200 COL HospitalType VAL acute care hospitals COL HospitalOwner VAL voluntary non-profit - private COL EmergencyService VAL yes COL Condition VAL heart attack COL MeasureCode VAL ami-1 COL MeasureName VAL heart attack patients given aspirin at arrival COL Score VAL 67% COL Sample VAL 3 patients COL Stateavg VAL al_ami-1 ,COL ProviderNumber VAL 10044 ,0
320,COL ProviderNumber VAL 10045 COL HospitalName VAL fayette medical center COL Address1 VAL 1653 temple avenue north COL Address2 VAL empty COL Address3 VAL empty COL City VAL fayette COL State VAL al COL ZipCode VAL 35555 COL CountyName VAL fayette COL PhoneNumber VAL 2059325966 COL HospitalType VAL acute care hoxpitalx COL HospitalOwner VAL voluntary non-profit - other COL EmergencyService VAL yes COL Condition VAL heart attack COL MeasureCode VAL ami-1 COL MeasureName VAL heart attack patients given aspirin at arrival COL Score VAL 100% COL Sample VAL 18 patients COL Stateavg VAL al_ami-1 ,COL ProviderNumber VAL 1004x ,1
321,COL ProviderNumber VAL 10045 COL HospitalName VAL fayette medical center COL Address1 VAL 1653 temple avenue north COL Address2 VAL empty COL Address3 VAL empty COL City VAL fayette COL State VAL al COL ZipCode VAL 35555 COL CountyName VAL fayette COL PhoneNumber VAL 2059325966 COL HospitalType VAL acute care hoxpitalx COL HospitalOwner VAL voluntary non-profit - other COL EmergencyService VAL yes COL Condition VAL heart attack COL MeasureCode VAL ami-1 COL MeasureName VAL heart attack patients given aspirin at arrival COL Score VAL 100% COL Sample VAL 18 patients COL Stateavg VAL al_ami-1 ,COL ProviderNumber VAL 10045 ,0
322,COL ProviderNumber VAL 10046 COL HospitalName VAL riverview regional medical center COL Address1 VAL 600 south third street COL Address2 VAL empty COL Address3 VAL empty COL City VAL gadsden COL State VAL al COL ZipCode VAL 35901 COL CountyName VAL etowah COL PhoneNumber VAL 2565435200 COL HospitalType VAL acutexcarexhospitals COL HospitalOwner VAL proprietary COL EmergencyService VAL yes COL Condition VAL children s asthma care COL MeasureCode VAL cac-1 COL MeasureName VAL childrenxwhoxreceivedxrelieverxmedicationxwhilexhospitalizedxforxasthma COL Score VAL 100% COL Sample VAL 4 patients COL Stateavg VAL al_cac-1 ,COL ProviderNumber VAL x0046 ,1
323,COL ProviderNumber VAL 10046 COL HospitalName VAL riverview regional medical center COL Address1 VAL 600 south third street COL Address2 VAL empty COL Address3 VAL empty COL City VAL gadsden COL State VAL al COL ZipCode VAL 35901 COL CountyName VAL etowah COL PhoneNumber VAL 2565435200 COL HospitalType VAL acutexcarexhospitals COL HospitalOwner VAL proprietary COL EmergencyService VAL yes COL Condition VAL children s asthma care COL MeasureCode VAL cac-1 COL MeasureName VAL childrenxwhoxreceivedxrelieverxmedicationxwhilexhospitalizedxforxasthma COL Score VAL 100% COL Sample VAL 4 patients COL Stateavg VAL al_cac-1 ,COL ProviderNumber VAL 10046 ,0
324,COL ProviderNumber VAL 10047 COL HospitalName VAL georgiana hospital COL Address1 VAL 515 miranda st COL Address2 VAL empty COL Address3 VAL empty COL City VAL georgiana COL State VAL al COL ZipCode VAL 36033 COL CountyName VAL butler COL PhoneNumber VAL 3343762205 COL HospitalType VAL acute care hospitals COL HospitalOwner VAL voluntary non-profit - private COL EmergencyService VAL no COL Condition VAL heart attack COL MeasureCode VAL amix1 COL MeasureName VAL heart attack patients given aspirin at arrival COL Score VAL 53% COL Sample VAL 19 patients COL Stateavg VAL al_ami-1 ,COL ProviderNumber VAL x0047 ,1
325,COL ProviderNumber VAL 10047 COL HospitalName VAL georgiana hospital COL Address1 VAL 515 miranda st COL Address2 VAL empty COL Address3 VAL empty COL City VAL georgiana COL State VAL al COL ZipCode VAL 36033 COL CountyName VAL butler COL PhoneNumber VAL 3343762205 COL HospitalType VAL acute care hospitals COL HospitalOwner VAL voluntary non-profit - private COL EmergencyService VAL no COL Condition VAL heart attack COL MeasureCode VAL amix1 COL MeasureName VAL heart attack patients given aspirin at arrival COL Score VAL 53% COL Sample VAL 19 patients COL Stateavg VAL al_ami-1 ,COL ProviderNumber VAL 10047 ,0
326,COL ProviderNumber VAL 10049 COL HospitalName VAL medixal xenter enterprise COL Address1 VAL 400xnxedwardsxstreet COL Address2 VAL empty COL Address3 VAL empty COL City VAL enterprise COL State VAL al COL ZipCode VAL 36330 COL CountyName VAL coffee COL PhoneNumber VAL 3343470584 COL HospitalType VAL acute xare hospitals COL HospitalOwner VAL proprietary COL EmergencyService VAL yes COL Condition VAL heart attack COL MeasureCode VAL ami-2 COL MeasureName VAL heart attack patients given aspirin at discharge COL Score VAL 100% COL Sample VAL 1 patients COL Stateavg VAL al_ami-2 ,COL ProviderNumber VAL x0049 ,1
327,COL ProviderNumber VAL 10049 COL HospitalName VAL medixal xenter enterprise COL Address1 VAL 400xnxedwardsxstreet COL Address2 VAL empty COL Address3 VAL empty COL City VAL enterprise COL State VAL al COL ZipCode VAL 36330 COL CountyName VAL coffee COL PhoneNumber VAL 3343470584 COL HospitalType VAL acute xare hospitals COL HospitalOwner VAL proprietary COL EmergencyService VAL yes COL Condition VAL heart attack COL MeasureCode VAL ami-2 COL MeasureName VAL heart attack patients given aspirin at discharge COL Score VAL 100% COL Sample VAL 1 patients COL Stateavg VAL al_ami-2 ,COL ProviderNumber VAL 10049 ,0
328,COL ProviderNumber VAL 10050 COL HospitalName VAL st vincents blount COL Address1 VAL 150 gilbreath drive COL Address2 VAL empty COL Address3 VAL empty COL City VAL oneonta COL State VAL al COL ZipCode VAL 35121 COL CountyName VAL blount COL PhoneNumber VAL 2052743000 COL HospitalType VAL acute care hospitals COL HospitalOwner VAL voluntary non-profit - private COL EmergencyService VAL yes COL Condition VAL heart attack COL MeasureCode VAL ami-1 COL MeasureName VAL heart attack patients given aspirin at arrival COL Score VAL 100% COL Sample VAL 7 patients COL Stateavg VAL al_ami-1 ,COL ProviderNumber VAL 100x0 ,1
329,COL ProviderNumber VAL 10050 COL HospitalName VAL st vincents blount COL Address1 VAL 150 gilbreath drive COL Address2 VAL empty COL Address3 VAL empty COL City VAL oneonta COL State VAL al COL ZipCode VAL 35121 COL CountyName VAL blount COL PhoneNumber VAL 2052743000 COL HospitalType VAL acute care hospitals COL HospitalOwner VAL voluntary non-profit - private COL EmergencyService VAL yes COL Condition VAL heart attack COL MeasureCode VAL ami-1 COL MeasureName VAL heart attack patients given aspirin at arrival COL Score VAL 100% COL Sample VAL 7 patients COL Stateavg VAL al_ami-1 ,COL ProviderNumber VAL 10050 ,0
330,COL ProviderNumber VAL 10018 COL HospitalName VAL callahan eye foundation hospital COL Address1 VAL 1720 university blvd COL Address2 VAL empty COL Address3 VAL empty COL City VAL birmingham COL State VAL al COL ZipCode VAL 35233 COL CountyName VAL jefferson COL PhoneNumber VAL 2053258100 COL HospitalType VAL acute care hospitals COL HospitalOwner VAL voluntary non-profit - private COL EmergencyService VAL yes COL Condition VAL surgical infection prevention COL MeasureCode VAL scip-inf-1 COL MeasureName VAL surgery patients who were given an antibiotic at the right time (within one hour before surgery) to help prevent infection COL Score VAL empty COL Sample VAL empty COL Stateavg VAL al_scip-inf-1 ,COL Address1 VAL 1720 univerxity blvd ,1
331,COL ProviderNumber VAL 10018 COL HospitalName VAL callahan eye foundation hospital COL Address1 VAL 1720 university blvd COL Address2 VAL empty COL Address3 VAL empty COL City VAL birmingham COL State VAL al COL ZipCode VAL 35233 COL CountyName VAL jefferson COL PhoneNumber VAL 2053258100 COL HospitalType VAL acute care hospitals COL HospitalOwner VAL voluntary non-profit - private COL EmergencyService VAL yes COL Condition VAL surgical infection prevention COL MeasureCode VAL scip-inf-1 COL MeasureName VAL surgery patients who were given an antibiotic at the right time (within one hour before surgery) to help prevent infection COL Score VAL empty COL Sample VAL empty COL Stateavg VAL al_scip-inf-1 ,COL Address1 VAL 1720 university blvd ,0
332,COL ProviderNumber VAL 10019 COL HospitalName VAL helen keller memorial hospital COL Address1 VAL 1300 south montgomery avenue COL Address2 VAL empty COL Address3 VAL empty COL City VAL sheffield COL State VAL al COL ZipCode VAL 35660 COL CountyName VAL jefferson COL PhoneNumber VAL 2563864556 COL HospitalType VAL acute care hospitals COL HospitalOwner VAL government - hospital district or authority COL EmergencyService VAL yes COL Condition VAL heart attack COL MeasureCode VAL ami-1 COL MeasureName VAL heart attack patients given aspirin at arrival COL Score VAL 97% COL Sample VAL 33 patients COL Stateavg VAL al_ami-1 ,COL Address1 VAL 1300 south montgomxry avxnux ,1
333,COL ProviderNumber VAL 10019 COL HospitalName VAL helen keller memorial hospital COL Address1 VAL 1300 south montgomery avenue COL Address2 VAL empty COL Address3 VAL empty COL City VAL sheffield COL State VAL al COL ZipCode VAL 35660 COL CountyName VAL jefferson COL PhoneNumber VAL 2563864556 COL HospitalType VAL acute care hospitals COL HospitalOwner VAL government - hospital district or authority COL EmergencyService VAL yes COL Condition VAL heart attack COL MeasureCode VAL ami-1 COL MeasureName VAL heart attack patients given aspirin at arrival COL Score VAL 97% COL Sample VAL 33 patients COL Stateavg VAL al_ami-1 ,COL Address1 VAL 1300 south montgomery avenue ,0
334,COL ProviderNumber VAL 10001 COL HospitalName VAL southeast alabama medical center COL Address1 VAL 1108 ross clark circle COL Address2 VAL empty COL Address3 VAL empty COL City VAL dothan COL State VAL al COL ZipCode VAL 36302 COL CountyName VAL houston COL PhoneNumber VAL 3347938701 COL HospitalType VAL acute care hospitals COL HospitalOwner VAL government - hospital district or authority COL EmergencyService VAL yes COL Condition VAL heart attack COL MeasureCode VAL ami-1 COL MeasureName VAL heart attack patients given aspirin at arrival COL Score VAL 98% COL Sample VAL 270 patients COL Stateavg VAL al_ami-1 ,COL Address1 VAL 1108 ross clark circlx ,1
335,COL ProviderNumber VAL 10001 COL HospitalName VAL southeast alabama medical center COL Address1 VAL 1108 ross clark circle COL Address2 VAL empty COL Address3 VAL empty COL City VAL dothan COL State VAL al COL ZipCode VAL 36302 COL CountyName VAL houston COL PhoneNumber VAL 3347938701 COL HospitalType VAL acute care hospitals COL HospitalOwner VAL government - hospital district or authority COL EmergencyService VAL yes COL Condition VAL heart attack COL MeasureCode VAL ami-1 COL MeasureName VAL heart attack patients given aspirin at arrival COL Score VAL 98% COL Sample VAL 270 patients COL Stateavg VAL al_ami-1 ,COL Address1 VAL 1108 ross clark circle ,0
336,COL ProviderNumber VAL x0005 COL HospitalName VAL marshall medical center south COL Address1 VAL 2505 u s highway 431 north COL Address2 VAL empty COL Address3 VAL empty COL City VAL boaz COL State VAL al COL ZipCode VAL 35957 COL CountyName VAL marshall COL PhoneNumber VAL 2565938310 COL HospitalType VAL acute care hospitals COL HospitalOwner VAL government - hospital district or authority COL EmergencyService VAL yes COL Condition VAL heart attack COL MeasureCode VAL ami-2 COL MeasureName VAL heart attack patients given aspirin at discharge COL Score VAL 60% COL Sample VAL 5 patients COL Stateavg VAL al_ami-2 ,COL Address1 VAL 2505xuxsxhighwayx431xnorth ,1
337,COL ProviderNumber VAL x0005 COL HospitalName VAL marshall medical center south COL Address1 VAL 2505 u s highway 431 north COL Address2 VAL empty COL Address3 VAL empty COL City VAL boaz COL State VAL al COL ZipCode VAL 35957 COL CountyName VAL marshall COL PhoneNumber VAL 2565938310 COL HospitalType VAL acute care hospitals COL HospitalOwner VAL government - hospital district or authority COL EmergencyService VAL yes COL Condition VAL heart attack COL MeasureCode VAL ami-2 COL MeasureName VAL heart attack patients given aspirin at discharge COL Score VAL 60% COL Sample VAL 5 patients COL Stateavg VAL al_ami-2 ,COL Address1 VAL 2505 u s highway 431 north ,0
338,COL ProviderNumber VAL 10006 COL HospitalName VAL eliza coffee memorial hospital COL Address1 VAL 205 marengo street COL Address2 VAL empty COL Address3 VAL empty COL City VAL florence COL State VAL al COL ZipCode VAL 3563x COL CountyName VAL lauderdale COL PhoneNumber VAL 2567688400 COL HospitalType VAL acute care hospitals COL HospitalOwner VAL voluntary non-profit - other COL EmergencyService VAL yes COL Condition VAL heart attack COL MeasureCode VAL ami-2 COL MeasureName VAL heart attack patients given aspirin at discharge COL Score VAL 96% COL Sample VAL 247 patients COL Stateavg VAL al_ami-2 ,COL Address1 VAL 205 marengo xtreet ,1
339,COL ProviderNumber VAL 10006 COL HospitalName VAL eliza coffee memorial hospital COL Address1 VAL 205 marengo street COL Address2 VAL empty COL Address3 VAL empty COL City VAL florence COL State VAL al COL ZipCode VAL 3563x COL CountyName VAL lauderdale COL PhoneNumber VAL 2567688400 COL HospitalType VAL acute care hospitals COL HospitalOwner VAL voluntary non-profit - other COL EmergencyService VAL yes COL Condition VAL heart attack COL MeasureCode VAL ami-2 COL MeasureName VAL heart attack patients given aspirin at discharge COL Score VAL 96% COL Sample VAL 247 patients COL Stateavg VAL al_ami-2 ,COL Address1 VAL 205 marengo street ,0
340,COL ProviderNumber VAL 10007 COL HospitalName VAL mizell memorial hospital COL Address1 VAL 702 n main st COL Address2 VAL empty COL Address3 VAL empty COL City VAL opp COL State VAL al COL ZipCode VAL 36467 COL CountyName VAL covington COL PhoneNumber VAL 3344933541 COL HospitalType VAL acute care hospitals COL HospitalOwner VAL voluntary non-profit - private COL EmergencyService VAL no COL Condition VAL heart attack COL MeasureCode VAL ami-2 COL MeasureName VAL heart attack patients given aspirin at discharge COL Score VAL 50% COL Sample VAL 2 patients COL Stateavg VAL al_ami-2 ,COL Address1 VAL 702xnxmainxst ,1
341,COL ProviderNumber VAL 10007 COL HospitalName VAL mizell memorial hospital COL Address1 VAL 702 n main st COL Address2 VAL empty COL Address3 VAL empty COL City VAL opp COL State VAL al COL ZipCode VAL 36467 COL CountyName VAL covington COL PhoneNumber VAL 3344933541 COL HospitalType VAL acute care hospitals COL HospitalOwner VAL voluntary non-profit - private COL EmergencyService VAL no COL Condition VAL heart attack COL MeasureCode VAL ami-2 COL MeasureName VAL heart attack patients given aspirin at discharge COL Score VAL 50% COL Sample VAL 2 patients COL Stateavg VAL al_ami-2 ,COL Address1 VAL 702 n main st ,0
342,COL ProviderNumber VAL 10008 COL HospitalName VAL crenshaw community hospital COL Address1 VAL 101 hospital circle COL Address2 VAL empty COL Address3 VAL empty COL City VAL luverne COL State VAL al COL ZipCode VAL 36049 COL CountyName VAL crenshaw COL PhoneNumber VAL 3343353374 COL HospitalType VAL acute care hospitals COL HospitalOwner VAL government - federal COL EmergencyService VAL yes COL Condition VAL heart attack COL MeasureCode VAL axi-2 COL MeasureName VAL heart attack patients given aspirin at discharge COL Score VAL x00% COL Sample VAL 1 patients COL Stateavg VAL al_ami-2 ,COL Address1 VAL 101 hospitax circxe ,1
343,COL ProviderNumber VAL 10008 COL HospitalName VAL crenshaw community hospital COL Address1 VAL 101 hospital circle COL Address2 VAL empty COL Address3 VAL empty COL City VAL luverne COL State VAL al COL ZipCode VAL 36049 COL CountyName VAL crenshaw COL PhoneNumber VAL 3343353374 COL HospitalType VAL acute care hospitals COL HospitalOwner VAL government - federal COL EmergencyService VAL yes COL Condition VAL heart attack COL MeasureCode VAL axi-2 COL MeasureName VAL heart attack patients given aspirin at discharge COL Score VAL x00% COL Sample VAL 1 patients COL Stateavg VAL al_ami-2 ,COL Address1 VAL 101 hospital circle ,0
344,COL ProviderNumber VAL 10009 COL HospitalName VAL hartselle medical center COL Address1 VAL 201 pine street northwest COL Address2 VAL empty COL Address3 VAL empty COL City VAL hartselle COL State VAL al COL ZipCode VAL 35640 COL CountyName VAL morgan COL PhoneNumber VAL 2567736511 COL HospitalType VAL acute care hospitals COL HospitalOwner VAL proprietary COL EmergencyService VAL yes COL Condition VAL heart attack COL MeasureCode VAL ami-1 COL MeasureName VAL heart attack patients given aspirin at arrival COL Score VAL 100% COL Sample VAL 6 patients COL Stateavg VAL al_ami-1 ,COL Address1 VAL 201 pine street nxrthwest ,1
345,COL ProviderNumber VAL 10009 COL HospitalName VAL hartselle medical center COL Address1 VAL 201 pine street northwest COL Address2 VAL empty COL Address3 VAL empty COL City VAL hartselle COL State VAL al COL ZipCode VAL 35640 COL CountyName VAL morgan COL PhoneNumber VAL 2567736511 COL HospitalType VAL acute care hospitals COL HospitalOwner VAL proprietary COL EmergencyService VAL yes COL Condition VAL heart attack COL MeasureCode VAL ami-1 COL MeasureName VAL heart attack patients given aspirin at arrival COL Score VAL 100% COL Sample VAL 6 patients COL Stateavg VAL al_ami-1 ,COL Address1 VAL 201 pine street northwest ,0
346,COL ProviderNumber VAL 10010 COL HospitalName VAL marshall medical center north COL Address1 VAL 8000 alabama highway 69 COL Address2 VAL empty COL Address3 VAL empty COL City VAL guntersville COL State VAL al COL ZipCode VAL 35976 COL CountyName VAL marshall COL PhoneNumber VAL 2565718000 COL HospitalType VAL acute care hospitals COL HospitalOwner VAL government - hospital district or authority COL EmergencyService VAL yes COL Condition VAL heart attack COL MeasureCode VAL ami-1 COL MeasureName VAL heart attack patients given aspirin at arrival COL Score VAL 100% COL Sample VAL 8 patients COL Stateavg VAL al_ami-1 ,COL Address1 VAL 8000 alabama xigxway 69 ,1
347,COL ProviderNumber VAL 10010 COL HospitalName VAL marshall medical center north COL Address1 VAL 8000 alabama highway 69 COL Address2 VAL empty COL Address3 VAL empty COL City VAL guntersville COL State VAL al COL ZipCode VAL 35976 COL CountyName VAL marshall COL PhoneNumber VAL 2565718000 COL HospitalType VAL acute care hospitals COL HospitalOwner VAL government - hospital district or authority COL EmergencyService VAL yes COL Condition VAL heart attack COL MeasureCode VAL ami-1 COL MeasureName VAL heart attack patients given aspirin at arrival COL Score VAL 100% COL Sample VAL 8 patients COL Stateavg VAL al_ami-1 ,COL Address1 VAL 8000 alabama highway 69 ,0
348,COL ProviderNumber VAL 10011 COL HospitalName VAL st vincents east COL Address1 VAL 50 medical park east drive COL Address2 VAL empty COL Address3 VAL empty COL City VAL birmingham COL State VAL al COL ZipCode VAL 35235 COL CountyName VAL jefferson COL PhoneNumber VAL 2058383122 COL HospitalType VAL acute care hospitals COL HospitalOwner VAL voluntary non-profit - private COL EmergencyService VAL yes COL Condition VAL heart attack COL MeasureCode VAL ami-1 COL MeasureName VAL heart attack patients given aspirin at arrival COL Score VAL 99% COL Sample VAL 240 patients COL Stateavg VAL al_ami-1 ,COL Address1 VAL 50 medical parx east drive ,1
349,COL ProviderNumber VAL 10011 COL HospitalName VAL st vincents east COL Address1 VAL 50 medical park east drive COL Address2 VAL empty COL Address3 VAL empty COL City VAL birmingham COL State VAL al COL ZipCode VAL 35235 COL CountyName VAL jefferson COL PhoneNumber VAL 2058383122 COL HospitalType VAL acute care hospitals COL HospitalOwner VAL voluntary non-profit - private COL EmergencyService VAL yes COL Condition VAL heart attack COL MeasureCode VAL ami-1 COL MeasureName VAL heart attack patients given aspirin at arrival COL Score VAL 99% COL Sample VAL 240 patients COL Stateavg VAL al_ami-1 ,COL Address1 VAL 50 medical park east drive ,0
350,COL ProviderNumber VAL 10012 COL HospitalName VAL dekalb regional medical center COL Address1 VAL 200 med center drive COL Address2 VAL empty COL Address3 VAL empty COL City VAL fort payne COL State VAL al COL ZipCode VAL 35968 COL CountyName VAL de kalb COL PhoneNumber VAL 2568453150 COL HospitalType VAL acute care hospitals COL HospitalOwner VAL voluntary non-profit - church COL EmergencyService VAL yes COL Condition VAL heart attack COL MeasureCode VAL ami-2 COL MeasureName VAL heart attack patients given aspirin at discharge COL Score VAL 95% COL Sample VAL 39 patients COL Stateavg VAL al_ami-2 ,COL Address1 VAL 200 med center drixe ,1
351,COL ProviderNumber VAL 10012 COL HospitalName VAL dekalb regional medical center COL Address1 VAL 200 med center drive COL Address2 VAL empty COL Address3 VAL empty COL City VAL fort payne COL State VAL al COL ZipCode VAL 35968 COL CountyName VAL de kalb COL PhoneNumber VAL 2568453150 COL HospitalType VAL acute care hospitals COL HospitalOwner VAL voluntary non-profit - church COL EmergencyService VAL yes COL Condition VAL heart attack COL MeasureCode VAL ami-2 COL MeasureName VAL heart attack patients given aspirin at discharge COL Score VAL 95% COL Sample VAL 39 patients COL Stateavg VAL al_ami-2 ,COL Address1 VAL 200 med center drive ,0
352,COL ProviderNumber VAL x00x5 COL HospitalName VAL southwest alabama medical center COL Address1 VAL 33700 highway 43 COL Address2 VAL empty COL Address3 VAL empty COL City VAL thomasville COL State VAL al COL ZipCode VAL 36784 COL CountyName VAL clarke COL PhoneNumber VAL 3346366221 COL HospitalType VAL acute care hospitals COL HospitalOwner VAL government - federal COL EmergencyService VAL yes COL Condition VAL heart attack COL MeasureCode VAL ami-1 COL MeasureName VAL heart attack patients given aspirin at arrival COL Score VAL empty COL Sample VAL 0 patients COL Stateavg VAL ax_ami-1 ,COL Address1 VAL xx700 highway 4x ,1
353,COL ProviderNumber VAL x00x5 COL HospitalName VAL southwest alabama medical center COL Address1 VAL 33700 highway 43 COL Address2 VAL empty COL Address3 VAL empty COL City VAL thomasville COL State VAL al COL ZipCode VAL 36784 COL CountyName VAL clarke COL PhoneNumber VAL 3346366221 COL HospitalType VAL acute care hospitals COL HospitalOwner VAL government - federal COL EmergencyService VAL yes COL Condition VAL heart attack COL MeasureCode VAL ami-1 COL MeasureName VAL heart attack patients given aspirin at arrival COL Score VAL empty COL Sample VAL 0 patients COL Stateavg VAL ax_ami-1 ,COL Address1 VAL 33700 highway 43 ,0
354,COL ProviderNumber VAL 10016 COL HospitalName VAL shelby baptist medical center COL Address1 VAL 1000 first street north COL Address2 VAL empty COL Address3 VAL empty COL City VAL alabaster COL State VAL al COL ZipCode VAL 35007 COL CountyName VAL shelby COL PhoneNumber VAL 2056208100 COL HospitalType VAL acute care hospitals COL HospitalOwner VAL voluntary non-profit - church COL EmergencyService VAL yes COL Condition VAL heart attack COL MeasureCode VAL ami-2 COL MeasureName VAL heart attack patients given aspirin at discharge COL Score VAL 97% COL Sample VAL 208 patients COL Stateavg VAL al_ami-2 ,COL Address1 VAL 1000 fxrst street north ,1
355,COL ProviderNumber VAL 10016 COL HospitalName VAL shelby baptist medical center COL Address1 VAL 1000 first street north COL Address2 VAL empty COL Address3 VAL empty COL City VAL alabaster COL State VAL al COL ZipCode VAL 35007 COL CountyName VAL shelby COL PhoneNumber VAL 2056208100 COL HospitalType VAL acute care hospitals COL HospitalOwner VAL voluntary non-profit - church COL EmergencyService VAL yes COL Condition VAL heart attack COL MeasureCode VAL ami-2 COL MeasureName VAL heart attack patients given aspirin at discharge COL Score VAL 97% COL Sample VAL 208 patients COL Stateavg VAL al_ami-2 ,COL Address1 VAL 1000 first street north ,0
356,COL ProviderNumber VAL 10038 COL HospitalName VAL stringfellow memorial hospital COL Address1 VAL 301 east 18th st COL Address2 VAL empty COL Address3 VAL empty COL City VAL axxistox COL State VAL al COL ZipCode VAL 36201 COL CountyName VAL calhoun COL PhoneNumber VAL 2562358900 COL HospitalType VAL acute care hospitals COL HospitalOwner VAL proprietary COL EmergencyService VAL yes COL Condition VAL children s asthma care COL MeasureCode VAL cac-2 COL MeasureName VAL children who received systemic corticosteroid medication (oral and iv medication that reduces inflammation and controls symptoms) while hospitalized for asthma COL Score VAL 100% COL Sample VAL 9 patients COL Stateavg VAL al_cac-2 ,COL Address1 VAL 301xeastx18thxst ,1
357,COL ProviderNumber VAL 10038 COL HospitalName VAL stringfellow memorial hospital COL Address1 VAL 301 east 18th st COL Address2 VAL empty COL Address3 VAL empty COL City VAL axxistox COL State VAL al COL ZipCode VAL 36201 COL CountyName VAL calhoun COL PhoneNumber VAL 2562358900 COL HospitalType VAL acute care hospitals COL HospitalOwner VAL proprietary COL EmergencyService VAL yes COL Condition VAL children s asthma care COL MeasureCode VAL cac-2 COL MeasureName VAL children who received systemic corticosteroid medication (oral and iv medication that reduces inflammation and controls symptoms) while hospitalized for asthma COL Score VAL 100% COL Sample VAL 9 patients COL Stateavg VAL al_cac-2 ,COL Address1 VAL 301 east 18th st ,0
358,COL ProviderNumber VAL 10055 COL HospitalName VAL flowers hospital COL Address1 VAL 4370 west main street COL Address2 VAL empty COL Address3 VAL empty COL City VAL dothan COL State VAL al COL ZipCode VAL 36305 COL CountyName VAL houston COL PhoneNumber VAL 3347935000 COL HospitalType VAL acute care hospitals COL HospitalOwner VAL proprietary COL EmergencyService VAL yes COL Condition VAL heart failure COL MeasureCode VAL hf-2 COL MeasureName VAL heart failure patients given an evaluation of left ventricular systolic (lvs) function COL Score VAL 100% COL Sample VAL 342 patients COL Stateavg VAL al_hf-2 ,COL Address1 VAL 437x west main street ,1
359,COL ProviderNumber VAL 10055 COL HospitalName VAL flowers hospital COL Address1 VAL 4370 west main street COL Address2 VAL empty COL Address3 VAL empty COL City VAL dothan COL State VAL al COL ZipCode VAL 36305 COL CountyName VAL houston COL PhoneNumber VAL 3347935000 COL HospitalType VAL acute care hospitals COL HospitalOwner VAL proprietary COL EmergencyService VAL yes COL Condition VAL heart failure COL MeasureCode VAL hf-2 COL MeasureName VAL heart failure patients given an evaluation of left ventricular systolic (lvs) function COL Score VAL 100% COL Sample VAL 342 patients COL Stateavg VAL al_hf-2 ,COL Address1 VAL 4370 west main street ,0
360,COL ProviderNumber VAL 10056 COL HospitalName VAL st vincents hospital COL Address1 VAL 810 st vincents drive COL Address2 VAL empty COL Address3 VAL empty COL City VAL birmingham COL State VAL al COL ZipCode VAL 35205 COL CountyName VAL jefferson COL PhoneNumber VAL 2059397000 COL HospitalType VAL acute care hospitals COL HospitalOwner VAL voluntary non-profit - other COL EmergencyService VAL yes COL Condition VAL heart attack COL MeasureCode VAL ami-1 COL MeasureName VAL heart attack patients given aspirin at arrival COL Score VAL 97% COL Sample VAL 239 patients COL Stateavg VAL al_ami-1 ,COL Address1 VAL 810 st vincents xrive ,1
361,COL ProviderNumber VAL 10056 COL HospitalName VAL st vincents hospital COL Address1 VAL 810 st vincents drive COL Address2 VAL empty COL Address3 VAL empty COL City VAL birmingham COL State VAL al COL ZipCode VAL 35205 COL CountyName VAL jefferson COL PhoneNumber VAL 2059397000 COL HospitalType VAL acute care hospitals COL HospitalOwner VAL voluntary non-profit - other COL EmergencyService VAL yes COL Condition VAL heart attack COL MeasureCode VAL ami-1 COL MeasureName VAL heart attack patients given aspirin at arrival COL Score VAL 97% COL Sample VAL 239 patients COL Stateavg VAL al_ami-1 ,COL Address1 VAL 810 st vincents drive ,0
362,COL ProviderNumber VAL 10085 COL HospitalName VAL decatur general hospital COL Address1 VAL 1201 7th street se COL Address2 VAL empty COL Address3 VAL empty COL City VAL decatur COL State VAL al COL ZipCode VAL 35609 COL CountyName VAL morgan COL PhoneNumber VAL 2563412000 COL HospitalType VAL acute care hospitals COL HospitalOwner VAL government - hospital district or authority COL EmergencyService VAL yes COL Condition VAL surgical infection prevention COL MeasureCode VAL scip-vte-2 COL MeasureName VAL patients who got treatment  at the right time (within 24 hours before or after their surgery) to help prevent blood clots after certain types of surgery COL Score VAL 87% COL Sample VAL 205 patients COL Stateavg VAL al_scip-vte-2 ,COL Address1 VAL 1201 7xh sxreex se ,1
363,COL ProviderNumber VAL 10085 COL HospitalName VAL decatur general hospital COL Address1 VAL 1201 7th street se COL Address2 VAL empty COL Address3 VAL empty COL City VAL decatur COL State VAL al COL ZipCode VAL 35609 COL CountyName VAL morgan COL PhoneNumber VAL 2563412000 COL HospitalType VAL acute care hospitals COL HospitalOwner VAL government - hospital district or authority COL EmergencyService VAL yes COL Condition VAL surgical infection prevention COL MeasureCode VAL scip-vte-2 COL MeasureName VAL patients who got treatment  at the right time (within 24 hours before or after their surgery) to help prevent blood clots after certain types of surgery COL Score VAL 87% COL Sample VAL 205 patients COL Stateavg VAL al_scip-vte-2 ,COL Address1 VAL 1201 7th street se ,0
364,COL ProviderNumber VAL 10086 COL HospitalName VAL northwest medical center COL Address1 VAL 1530 u s highway 43 COL Address2 VAL empty COL Address3 VAL empty COL City VAL winfield COL State VAL al COL ZipCode VAL 35594 COL CountyName VAL marion COL PhoneNumber VAL 2054877736 COL HospitalType VAL acute care hospitals COL HospitalOwner VAL proprietary COL EmergencyService VAL yes COL Condition VAL heart attack COL MeasureCode VAL ami-1 COL MeasureName VAL heart attack patients given aspirin at arrival COL Score VAL 100% COL Sample VAL 1x patients COL Stateavg VAL al_ami-1 ,COL Address1 VAL 1530xuxsxhighwayx43 ,1
365,COL ProviderNumber VAL 10086 COL HospitalName VAL northwest medical center COL Address1 VAL 1530 u s highway 43 COL Address2 VAL empty COL Address3 VAL empty COL City VAL winfield COL State VAL al COL ZipCode VAL 35594 COL CountyName VAL marion COL PhoneNumber VAL 2054877736 COL HospitalType VAL acute care hospitals COL HospitalOwner VAL proprietary COL EmergencyService VAL yes COL Condition VAL heart attack COL MeasureCode VAL ami-1 COL MeasureName VAL heart attack patients given aspirin at arrival COL Score VAL 100% COL Sample VAL 1x patients COL Stateavg VAL al_ami-1 ,COL Address1 VAL 1530 u s highway 43 ,0
366,COL ProviderNumber VAL 10087 COL HospitalName VAL univ of south alabama medical center COL Address1 VAL 2451 fillingim street COL Address2 VAL empty COL Address3 VAL empty COL City VAL mobile COL State VAL al COL ZipCode VAL 36617 COL CountyName VAL mobile COL PhoneNumber VAL 2514717110 COL HospitalType VAL acute care hospitals COL HospitalOwner VAL government - state COL EmergencyService VAL yes COL Condition VAL heart attack COL MeasureCode VAL ami-1 COL MeasureName VAL heart attack patients given aspirin at arrival COL Score VAL 99% COL Sample VAL 86 patients COL Stateavg VAL al_ami-1 ,COL Address1 VAL 2451 fillingim sxreex ,1
367,COL ProviderNumber VAL 10087 COL HospitalName VAL univ of south alabama medical center COL Address1 VAL 2451 fillingim street COL Address2 VAL empty COL Address3 VAL empty COL City VAL mobile COL State VAL al COL ZipCode VAL 36617 COL CountyName VAL mobile COL PhoneNumber VAL 2514717110 COL HospitalType VAL acute care hospitals COL HospitalOwner VAL government - state COL EmergencyService VAL yes COL Condition VAL heart attack COL MeasureCode VAL ami-1 COL MeasureName VAL heart attack patients given aspirin at arrival COL Score VAL 99% COL Sample VAL 86 patients COL Stateavg VAL al_ami-1 ,COL Address1 VAL 2451 fillingim street ,0
368,COL ProviderNumber VAL 10108 COL HospitalName VAL prattville baptist hospital COL Address1 VAL 124 s memorial dr COL Address2 VAL empty COL Address3 VAL empty COL City VAL prattville COL State VAL al COL ZipCode VAL 36067 COL CountyName VAL autauga COL PhoneNumber VAL 3343614267 COL HospitalType VAL acute care hospitals COL HospitalOwner VAL voluntary non-profit - private COL EmergencyService VAL yes COL Condition VAL heart attack COL MeasureCode VAL ami-2 COL MeasureName VAL heart attack patients given aspirin at discharge COL Score VAL 100% COL Sample VAL 4 patients COL Stateavg VAL al_ami-2 ,COL Address1 VAL 124 s memoxial dx ,1
369,COL ProviderNumber VAL 10108 COL HospitalName VAL prattville baptist hospital COL Address1 VAL 124 s memorial dr COL Address2 VAL empty COL Address3 VAL empty COL City VAL prattville COL State VAL al COL ZipCode VAL 36067 COL CountyName VAL autauga COL PhoneNumber VAL 3343614267 COL HospitalType VAL acute care hospitals COL HospitalOwner VAL voluntary non-profit - private COL EmergencyService VAL yes COL Condition VAL heart attack COL MeasureCode VAL ami-2 COL MeasureName VAL heart attack patients given aspirin at discharge COL Score VAL 100% COL Sample VAL 4 patients COL Stateavg VAL al_ami-2 ,COL Address1 VAL 124 s memorial dr ,0
370,COL ProviderNumber VAL 10158 COL HospitalName VAL russellville hospital COL Address1 VAL 15155 highway 43 COL Address2 VAL empty COL Address3 VAL empty COL City VAL russellville COL State VAL al COL ZipCode VAL 35653 COL CountyName VAL franklin COL PhoneNumber VAL 2563321611 COL HospitalType VAL acute care hospitals COL HospitalOwner VAL proprietary COL EmergencyService VAL yes COL Condition VAL surgical infection prevention COL MeasureCode VAL scip-vte-1 COL MeasureName VAL surgery patients whose doctors ordered treatments to prevent blood clots after certain types of surgeries COL Score VAL 100% COL Sample VAL 125 patients COL Stateavg VAL al_scip-vte-1 ,COL Address1 VAL 1x1xx highway 43 ,1
371,COL ProviderNumber VAL 10158 COL HospitalName VAL russellville hospital COL Address1 VAL 15155 highway 43 COL Address2 VAL empty COL Address3 VAL empty COL City VAL russellville COL State VAL al COL ZipCode VAL 35653 COL CountyName VAL franklin COL PhoneNumber VAL 2563321611 COL HospitalType VAL acute care hospitals COL HospitalOwner VAL proprietary COL EmergencyService VAL yes COL Condition VAL surgical infection prevention COL MeasureCode VAL scip-vte-1 COL MeasureName VAL surgery patients whose doctors ordered treatments to prevent blood clots after certain types of surgeries COL Score VAL 100% COL Sample VAL 125 patients COL Stateavg VAL al_scip-vte-1 ,COL Address1 VAL 15155 highway 43 ,0
372,COL ProviderNumber VAL 10164 COL HospitalName VAL coosa valley medical center COL Address1 VAL 315 w hickory st COL Address2 VAL empty COL Address3 VAL empty COL City VAL sylacauga COL State VAL al COL ZipCode VAL 35150 COL CountyName VAL talladega COL PhoneNumber VAL 2562495000 COL HospitalType VAL acute care hospitals COL HospitalOwner VAL voluntary non-profit - other COL EmergencyService VAL no COL Condition VAL heart attack COL MeasureCode VAL ami-1 COL MeasureName VAL heart attack patients given aspirin at arrival COL Score VAL 90% COL Sample VAL 10 patients COL Stateavg VAL al_ami-1 ,COL Address1 VAL 315 w hickory sx ,1
373,COL ProviderNumber VAL 10164 COL HospitalName VAL coosa valley medical center COL Address1 VAL 315 w hickory st COL Address2 VAL empty COL Address3 VAL empty COL City VAL sylacauga COL State VAL al COL ZipCode VAL 35150 COL CountyName VAL talladega COL PhoneNumber VAL 2562495000 COL HospitalType VAL acute care hospitals COL HospitalOwner VAL voluntary non-profit - other COL EmergencyService VAL no COL Condition VAL heart attack COL MeasureCode VAL ami-1 COL MeasureName VAL heart attack patients given aspirin at arrival COL Score VAL 90% COL Sample VAL 10 patients COL Stateavg VAL al_ami-1 ,COL Address1 VAL 315 w hickory st ,0
374,COL ProviderNumber VAL 20017 COL HospitalName VAL alaska regional hospital COL Address1 VAL 2801 debarr road COL Address2 VAL empty COL Address3 VAL empty COL City VAL anchorage COL State VAL ak COL ZipCode VAL 99508 COL CountyName VAL anchorage COL PhoneNumber VAL 9072761131 COL HospitalType VAL acute care hospitals COL HospitalOwner VAL proprietary COL EmergencyService VAL yes COL Condition VAL heart failure COL MeasureCode VAL hf-1 COL MeasureName VAL heart failure patients given discharge instructions COL Score VAL 91% COL Sample VAL 57 patients COL Stateavg VAL ak_hf-1 ,COL Address1 VAL 2801 dexarr road ,1
375,COL ProviderNumber VAL 20017 COL HospitalName VAL alaska regional hospital COL Address1 VAL 2801 debarr road COL Address2 VAL empty COL Address3 VAL empty COL City VAL anchorage COL State VAL ak COL ZipCode VAL 99508 COL CountyName VAL anchorage COL PhoneNumber VAL 9072761131 COL HospitalType VAL acute care hospitals COL HospitalOwner VAL proprietary COL EmergencyService VAL yes COL Condition VAL heart failure COL MeasureCode VAL hf-1 COL MeasureName VAL heart failure patients given discharge instructions COL Score VAL 91% COL Sample VAL 57 patients COL Stateavg VAL ak_hf-1 ,COL Address1 VAL 2801 debarr road ,0
376,COL ProviderNumber VAL 10021 COL HospitalName VAL dale medical center COL Address1 VAL 126 hospital ave COL Address2 VAL empty COL Address3 VAL empty COL City VAL ozark COL State VAL al COL ZipCode VAL 36360 COL CountyName VAL dale COL PhoneNumber VAL 3347742601 COL HospitalType VAL acute care hospitals COL HospitalOwner VAL government - hospital district or authority COL EmergencyService VAL yes COL Condition VAL heart attack COL MeasureCode VAL ami-1 COL MeasureName VAL heart attack patients given aspirin at arrival COL Score VAL 100% COL Sample VAL 11 patients COL Stateavg VAL al_ami-1 ,COL Address1 VAL 126xhospitalxave ,1
377,COL ProviderNumber VAL 10021 COL HospitalName VAL dale medical center COL Address1 VAL 126 hospital ave COL Address2 VAL empty COL Address3 VAL empty COL City VAL ozark COL State VAL al COL ZipCode VAL 36360 COL CountyName VAL dale COL PhoneNumber VAL 3347742601 COL HospitalType VAL acute care hospitals COL HospitalOwner VAL government - hospital district or authority COL EmergencyService VAL yes COL Condition VAL heart attack COL MeasureCode VAL ami-1 COL MeasureName VAL heart attack patients given aspirin at arrival COL Score VAL 100% COL Sample VAL 11 patients COL Stateavg VAL al_ami-1 ,COL Address1 VAL 126 hospital ave ,0
378,COL ProviderNumber VAL 10022 COL HospitalName VAL cherokee medical center COL Address1 VAL 400 northwood dr COL Address2 VAL empty COL Address3 VAL empty COL City VAL centre COL State VAL al COL ZipCode VAL 35960 COL CountyName VAL cherokee COL PhoneNumber VAL 2569275531 COL HospitalType VAL acute care hospitals COL HospitalOwner VAL voluntary non-profit - private COL EmergencyService VAL yes COL Condition VAL heart attack COL MeasureCode VAL ami-1 COL MeasureName VAL heart attack patients given aspirin at arrival COL Score VAL empty COL Sample VAL 0 patients COL Stateavg VAL al_ami-1 ,COL Address1 VAL 400 norxhwood dr ,1
379,COL ProviderNumber VAL 10022 COL HospitalName VAL cherokee medical center COL Address1 VAL 400 northwood dr COL Address2 VAL empty COL Address3 VAL empty COL City VAL centre COL State VAL al COL ZipCode VAL 35960 COL CountyName VAL cherokee COL PhoneNumber VAL 2569275531 COL HospitalType VAL acute care hospitals COL HospitalOwner VAL voluntary non-profit - private COL EmergencyService VAL yes COL Condition VAL heart attack COL MeasureCode VAL ami-1 COL MeasureName VAL heart attack patients given aspirin at arrival COL Score VAL empty COL Sample VAL 0 patients COL Stateavg VAL al_ami-1 ,COL Address1 VAL 400 northwood dr ,0
380,COL ProviderNumber VAL 10023 COL HospitalName VAL baptist medical center south COL Address1 VAL 2105 east south boulevard COL Address2 VAL empty COL Address3 VAL empty COL City VAL montxomery COL State VAL al COL ZipCode VAL 36116 COL CountyName VAL montgomery COL PhoneNumber VAL 3342882100 COL HospitalType VAL acute care hospitals COL HospitalOwner VAL voluntary non-profit - church COL EmergencyService VAL yes COL Condition VAL heart attack COL MeasureCode VAL ami-2 COL MeasureName VAL heart attack patients given aspirin at discharge COL Score VAL 100% COL Sample VAL 282 patients COL Stateavg VAL al_ami-2 ,COL Address1 VAL 2x05 east south boulevard ,1
381,COL ProviderNumber VAL 10023 COL HospitalName VAL baptist medical center south COL Address1 VAL 2105 east south boulevard COL Address2 VAL empty COL Address3 VAL empty COL City VAL montxomery COL State VAL al COL ZipCode VAL 36116 COL CountyName VAL montgomery COL PhoneNumber VAL 3342882100 COL HospitalType VAL acute care hospitals COL HospitalOwner VAL voluntary non-profit - church COL EmergencyService VAL yes COL Condition VAL heart attack COL MeasureCode VAL ami-2 COL MeasureName VAL heart attack patients given aspirin at discharge COL Score VAL 100% COL Sample VAL 282 patients COL Stateavg VAL al_ami-2 ,COL Address1 VAL 2105 east south boulevard ,0
382,COL ProviderNumber VAL 10024 COL HospitalName VAL jackson hospital & clinic inc COL Address1 VAL 1725 pine street COL Address2 VAL empty COL Address3 VAL empty COL City VAL montgomery COL State VAL al COL ZipCode VAL 36106 COL CountyName VAL montgomery COL PhoneNumber VAL 3342938000 COL HospitalType VAL acute care hospitals COL HospitalOwner VAL voluntary non-profit - private COL EmergencyService VAL yes COL Condition VAL heart attack COL MeasureCode VAL ami-2 COL MeasureName VAL heart attack patients given aspirin at discharge COL Score VAL 92% COL Sample VAL 165 patients COL Stateavg VAL al_ami-2 ,COL Address1 VAL 1725 pine sxreex ,1
383,COL ProviderNumber VAL 10024 COL HospitalName VAL jackson hospital & clinic inc COL Address1 VAL 1725 pine street COL Address2 VAL empty COL Address3 VAL empty COL City VAL montgomery COL State VAL al COL ZipCode VAL 36106 COL CountyName VAL montgomery COL PhoneNumber VAL 3342938000 COL HospitalType VAL acute care hospitals COL HospitalOwner VAL voluntary non-profit - private COL EmergencyService VAL yes COL Condition VAL heart attack COL MeasureCode VAL ami-2 COL MeasureName VAL heart attack patients given aspirin at discharge COL Score VAL 92% COL Sample VAL 165 patients COL Stateavg VAL al_ami-2 ,COL Address1 VAL 1725 pine street ,0
384,COL ProviderNumber VAL 10025 COL HospitalName VAL g h lanier memorial hospital COL Address1 VAL 4800 48th st COL Address2 VAL empty COL Address3 VAL empty COL City VAL valley COL State VAL al COL ZipCode VAL 36854 COL CountyName VAL chambers COL PhoneNumber VAL 3347561400 COL HospitalType VAL acute care hospitals COL HospitalOwner VAL voluntary non-profit - other COL EmergencyService VAL yes COL Condition VAL heart attack COL MeasureCode VAL ami-1 COL MeasureName VAL heart attack patients given aspirin at arrival COL Score VAL 92% COL Sample VAL 24 patients COL Stateavg VAL al_ami-1 ,COL Address1 VAL 4800x48thxst ,1
385,COL ProviderNumber VAL 10025 COL HospitalName VAL g h lanier memorial hospital COL Address1 VAL 4800 48th st COL Address2 VAL empty COL Address3 VAL empty COL City VAL valley COL State VAL al COL ZipCode VAL 36854 COL CountyName VAL chambers COL PhoneNumber VAL 3347561400 COL HospitalType VAL acute care hospitals COL HospitalOwner VAL voluntary non-profit - other COL EmergencyService VAL yes COL Condition VAL heart attack COL MeasureCode VAL ami-1 COL MeasureName VAL heart attack patients given aspirin at arrival COL Score VAL 92% COL Sample VAL 24 patients COL Stateavg VAL al_ami-1 ,COL Address1 VAL 4800 48th st ,0
386,COL ProviderNumber VAL 10027 COL HospitalName VAL elba general hospital COL Address1 VAL 987 drayton street COL Address2 VAL empty COL Address3 VAL empty COL City VAL elba COL State VAL al COL ZipCode VAL 36323 COL CountyName VAL coffee COL PhoneNumber VAL 3348972257 COL HospitalType VAL acute care hospitals COL HospitalOwner VAL voluntary non-profit - other COL EmergencyService VAL yes COL Condition VAL heart attack COL MeasureCode VAL ami-1 COL MeasureName VAL heart attack patients given aspirin at arrival COL Score VAL empty COL Sample VAL empty COL Stateavg VAL al_ami-1 ,COL Address1 VAL 987 draytox street ,1
387,COL ProviderNumber VAL 10027 COL HospitalName VAL elba general hospital COL Address1 VAL 987 drayton street COL Address2 VAL empty COL Address3 VAL empty COL City VAL elba COL State VAL al COL ZipCode VAL 36323 COL CountyName VAL coffee COL PhoneNumber VAL 3348972257 COL HospitalType VAL acute care hospitals COL HospitalOwner VAL voluntary non-profit - other COL EmergencyService VAL yes COL Condition VAL heart attack COL MeasureCode VAL ami-1 COL MeasureName VAL heart attack patients given aspirin at arrival COL Score VAL empty COL Sample VAL empty COL Stateavg VAL al_ami-1 ,COL Address1 VAL 987 drayton street ,0
388,COL ProviderNumber VAL 10029 COL HospitalName VAL east alabama medical center and snf COL Address1 VAL 2000 pepperell parkway COL Address2 VAL empty COL Address3 VAL empty COL City VAL opelika COL State VAL al COL ZipCode VAL 36801 COL CountyName VAL lee COL PhoneNumber VAL 3347493411 COL HospitalType VAL acute care hospitals COL HospitalOwner VAL government - hospital district or authority COL EmergencyService VAL yes COL Condition VAL heart attack COL MeasureCode VAL ami-1 COL MeasureName VAL heart attack patients given aspirin at arrival COL Score VAL 98% COL Sample VAL 185 patients COL Stateavg VAL al_ami-1 ,COL Address1 VAL 2000 pepperell parxway ,1
389,COL ProviderNumber VAL 10029 COL HospitalName VAL east alabama medical center and snf COL Address1 VAL 2000 pepperell parkway COL Address2 VAL empty COL Address3 VAL empty COL City VAL opelika COL State VAL al COL ZipCode VAL 36801 COL CountyName VAL lee COL PhoneNumber VAL 3347493411 COL HospitalType VAL acute care hospitals COL HospitalOwner VAL government - hospital district or authority COL EmergencyService VAL yes COL Condition VAL heart attack COL MeasureCode VAL ami-1 COL MeasureName VAL heart attack patients given aspirin at arrival COL Score VAL 98% COL Sample VAL 185 patients COL Stateavg VAL al_ami-1 ,COL Address1 VAL 2000 pepperell parkway ,0
390,COL ProviderNumber VAL 10032 COL HospitalName VAL wedowee hospital COL Address1 VAL 209 north main street COL Address2 VAL empty COL Address3 VAL empty COL City VAL wedowee COL State VAL al COL ZipCode VAL 36278 COL CountyName VAL randolph COL PhoneNumber VAL 2563572111 COL HospitalType VAL acute care hospitals COL HospitalOwner VAL government - local COL EmergencyService VAL no COL Condition VAL heart attack COL MeasureCode VAL ami-1 COL MeasureName VAL heart attack patients given aspirin at arrival COL Score VAL 50% COL Sample VAL 4 patients COL Stateavg VAL al_ami-1 ,COL Address1 VAL 20x north main street ,1
391,COL ProviderNumber VAL 10032 COL HospitalName VAL wedowee hospital COL Address1 VAL 209 north main street COL Address2 VAL empty COL Address3 VAL empty COL City VAL wedowee COL State VAL al COL ZipCode VAL 36278 COL CountyName VAL randolph COL PhoneNumber VAL 2563572111 COL HospitalType VAL acute care hospitals COL HospitalOwner VAL government - local COL EmergencyService VAL no COL Condition VAL heart attack COL MeasureCode VAL ami-1 COL MeasureName VAL heart attack patients given aspirin at arrival COL Score VAL 50% COL Sample VAL 4 patients COL Stateavg VAL al_ami-1 ,COL Address1 VAL 209 north main street ,0
392,COL ProviderNumber VAL 10033 COL HospitalName VAL university of alabama hospital COL Address1 VAL 619 south 19th street COL Address2 VAL empty COL Address3 VAL empty COL City VAL birmingham COL State VAL al COL ZipCode VAL 35233 COL CountyName VAL jefferson COL PhoneNumber VAL 20593xx011 COL HospitalType VAL acute care hospitals COL HospitalOwner VAL government - state COL EmergencyService VAL yes COL Condition VAL heart attack COL MeasureCode VAL ami-1 COL MeasureName VAL heart attack patients given aspirin at arrival COL Score VAL 98% COL Sample VAL 229 patients COL Stateavg VAL al_ami-1 ,COL Address1 VAL 61x south 1xth street ,1
393,COL ProviderNumber VAL 10033 COL HospitalName VAL university of alabama hospital COL Address1 VAL 619 south 19th street COL Address2 VAL empty COL Address3 VAL empty COL City VAL birmingham COL State VAL al COL ZipCode VAL 35233 COL CountyName VAL jefferson COL PhoneNumber VAL 20593xx011 COL HospitalType VAL acute care hospitals COL HospitalOwner VAL government - state COL EmergencyService VAL yes COL Condition VAL heart attack COL MeasureCode VAL ami-1 COL MeasureName VAL heart attack patients given aspirin at arrival COL Score VAL 98% COL Sample VAL 229 patients COL Stateavg VAL al_ami-1 ,COL Address1 VAL 619 south 19th street ,0
394,COL ProviderNumber VAL 10034 COL HospitalName VAL community hospital inc COL Address1 VAL 805 friendship road COL Address2 VAL empty COL Address3 VAL empty COL City VAL tallassee COL State VAL al COL ZipCode VAL 36078 COL CountyName VAL elmore COL PhoneNumber VAL 3342836541 COL HospitalType VAL acute care hospitals COL HospitalOwner VAL voluntary non-profit - private COL EmergencyService VAL no COL Condition VAL heart attack COL MeasureCode VAL amix1 COL MeasureName VAL heart attack patients given aspirin at arrival COL Score VAL 77% COL Sample VAL 13 patients COL Stateavg VAL al_ami-1 ,COL Address1 VAL 805 fxiendship xoad ,1
395,COL ProviderNumber VAL 10034 COL HospitalName VAL community hospital inc COL Address1 VAL 805 friendship road COL Address2 VAL empty COL Address3 VAL empty COL City VAL tallassee COL State VAL al COL ZipCode VAL 36078 COL CountyName VAL elmore COL PhoneNumber VAL 3342836541 COL HospitalType VAL acute care hospitals COL HospitalOwner VAL voluntary non-profit - private COL EmergencyService VAL no COL Condition VAL heart attack COL MeasureCode VAL amix1 COL MeasureName VAL heart attack patients given aspirin at arrival COL Score VAL 77% COL Sample VAL 13 patients COL Stateavg VAL al_ami-1 ,COL Address1 VAL 805 friendship road ,0
396,COL ProviderNumber VAL 10035 COL HospitalName VAL cullman regional medical center COL Address1 VAL 1912 alabama highway 157 COL Address2 VAL empty COL Address3 VAL empty COL City VAL cullman COL State VAL al COL ZipCode VAL 35058 COL CountyName VAL cullman COL PhoneNumber VAL 2567372000 COL HospitalType VAL acute care hospitals COL HospitalOwner VAL government - hospital district or authority COL EmergencyService VAL yes COL Condition VAL heartxattack COL MeasureCode VAL ami-1 COL MeasureName VAL heart attack patients given aspirin at arrival COL Score VAL 100% COL Sample VAL 51 patients COL Stateavg VAL al_ami-1 ,COL Address1 VAL 1x12 alabama highway 157 ,1
397,COL ProviderNumber VAL 10035 COL HospitalName VAL cullman regional medical center COL Address1 VAL 1912 alabama highway 157 COL Address2 VAL empty COL Address3 VAL empty COL City VAL cullman COL State VAL al COL ZipCode VAL 35058 COL CountyName VAL cullman COL PhoneNumber VAL 2567372000 COL HospitalType VAL acute care hospitals COL HospitalOwner VAL government - hospital district or authority COL EmergencyService VAL yes COL Condition VAL heartxattack COL MeasureCode VAL ami-1 COL MeasureName VAL heart attack patients given aspirin at arrival COL Score VAL 100% COL Sample VAL 51 patients COL Stateavg VAL al_ami-1 ,COL Address1 VAL 1912 alabama highway 157 ,0
398,COL ProviderNumber VAL 10036 COL HospitalName VAL andalusia regional hospital COL Address1 VAL 849 south three notch street COL Address2 VAL empty COL Address3 VAL empty COL City VAL andalusia COL State VAL al COL ZipCode VAL 36420 COL CountyName VAL covington COL PhoneNumber VAL 3342228466 COL HospitalType VAL acute care hospitals COL HospitalOwner VAL proprietary COL EmergencyService VAL no COL Condition VAL heart attack COL MeasureCode VAL ami-1 COL MeasureName VAL heart attack patients given aspirin at arrival COL Score VAL 100% COL Sample VAL 8 patients COL Stateavg VAL al_ami-1 ,COL Address1 VAL 849 soxth three notch street ,1
399,COL ProviderNumber VAL 10036 COL HospitalName VAL andalusia regional hospital COL Address1 VAL 849 south three notch street COL Address2 VAL empty COL Address3 VAL empty COL City VAL andalusia COL State VAL al COL ZipCode VAL 36420 COL CountyName VAL covington COL PhoneNumber VAL 3342228466 COL HospitalType VAL acute care hospitals COL HospitalOwner VAL proprietary COL EmergencyService VAL no COL Condition VAL heart attack COL MeasureCode VAL ami-1 COL MeasureName VAL heart attack patients given aspirin at arrival COL Score VAL 100% COL Sample VAL 8 patients COL Stateavg VAL al_ami-1 ,COL Address1 VAL 849 south three notch street ,0
400,COL ProviderNumber VAL 10039 COL HospitalName VAL huntsville hospital COL Address1 VAL 101 sivley rd COL Address2 VAL empty COL Address3 VAL empty COL City VAL huntsville COL State VAL al COL ZipCode VAL 35801 COL CountyName VAL madison COL PhoneNumber VAL 2562651000 COL HospitalType VAL acute care hospitals COL HospitalOwner VAL government - hospital district or authority COL EmergencyService VAL yes COL Condition VAL children s asthma care COL MeasureCode VAL xax-1 COL MeasureName VAL children who received reliever medication while hospitalized for asthma COL Score VAL 100% COL Sample VAL 193 patients COL Stateavg VAL al_cac-1 ,COL Address1 VAL 101 sixley rd ,1
401,COL ProviderNumber VAL 10039 COL HospitalName VAL huntsville hospital COL Address1 VAL 101 sivley rd COL Address2 VAL empty COL Address3 VAL empty COL City VAL huntsville COL State VAL al COL ZipCode VAL 35801 COL CountyName VAL madison COL PhoneNumber VAL 2562651000 COL HospitalType VAL acute care hospitals COL HospitalOwner VAL government - hospital district or authority COL EmergencyService VAL yes COL Condition VAL children s asthma care COL MeasureCode VAL xax-1 COL MeasureName VAL children who received reliever medication while hospitalized for asthma COL Score VAL 100% COL Sample VAL 193 patients COL Stateavg VAL al_cac-1 ,COL Address1 VAL 101 sivley rd ,0
402,COL ProviderNumber VAL 10040 COL HospitalName VAL gadsden regional medical center COL Address1 VAL 1007 goodyear avenue COL Address2 VAL empty COL Address3 VAL empty COL City VAL gadsden COL State VAL al COL ZipCode VAL 35903 COL CountyName VAL etowah COL PhoneNumber VAL 2564944000 COL HospitalType VAL acute care hospitals COL HospitalOwner VAL proprietary COL EmergencyService VAL yes COL Condition VAL heart attack COL MeasureCode VAL ami-1 COL MeasureName VAL heart attack patxents gxven aspxrxn at arrxval COL Score VAL 94% COL Sample VAL 123 patients COL Stateavg VAL al_ami-1 ,COL Address1 VAL 1007xgoodyearxavenue ,1
403,COL ProviderNumber VAL 10040 COL HospitalName VAL gadsden regional medical center COL Address1 VAL 1007 goodyear avenue COL Address2 VAL empty COL Address3 VAL empty COL City VAL gadsden COL State VAL al COL ZipCode VAL 35903 COL CountyName VAL etowah COL PhoneNumber VAL 2564944000 COL HospitalType VAL acute care hospitals COL HospitalOwner VAL proprietary COL EmergencyService VAL yes COL Condition VAL heart attack COL MeasureCode VAL ami-1 COL MeasureName VAL heart attack patxents gxven aspxrxn at arrxval COL Score VAL 94% COL Sample VAL 123 patients COL Stateavg VAL al_ami-1 ,COL Address1 VAL 1007 goodyear avenue ,0
404,COL ProviderNumber VAL 10043 COL HospitalName VAL chilton medical center COL Address1 VAL 1010 lay dam road COL Address2 VAL empty COL Address3 VAL empty COL City VAL clanton COL State VAL al COL ZipCode VAL 35045 COL CountyName VAL chilton COL PhoneNumber VAL 2057552500 COL HospitalType VAL acute care hospitals COL HospitalOwner VAL voluntary non-profit - private COL EmergencyService VAL yes COL Condition VAL heart attack COL MeasureCode VAL ami-1 COL MeasureName VAL heart attack patients given aspirin at arrival COL Score VAL 100% COL Sample VAL 1 patients COL Stateavg VAL xl_xmi-1 ,COL Address1 VAL 1010 lay dax road ,1
405,COL ProviderNumber VAL 10043 COL HospitalName VAL chilton medical center COL Address1 VAL 1010 lay dam road COL Address2 VAL empty COL Address3 VAL empty COL City VAL clanton COL State VAL al COL ZipCode VAL 35045 COL CountyName VAL chilton COL PhoneNumber VAL 2057552500 COL HospitalType VAL acute care hospitals COL HospitalOwner VAL voluntary non-profit - private COL EmergencyService VAL yes COL Condition VAL heart attack COL MeasureCode VAL ami-1 COL MeasureName VAL heart attack patients given aspirin at arrival COL Score VAL 100% COL Sample VAL 1 patients COL Stateavg VAL xl_xmi-1 ,COL Address1 VAL 1010 lay dam road ,0
406,COL ProviderNumber VAL 10044 COL HospitalName VAL marion regional medical center COL Address1 VAL 1256 military street south COL Address2 VAL empty COL Address3 VAL empty COL City VAL hamilton COL State VAL al COL ZipCode VAL 35570 COL CountyName VAL marion COL PhoneNumber VAL 2059216200 COL HospitalType VAL acute care hospitals COL HospitalOwner VAL voluntary non-profit - private COL EmergencyService VAL yes COL Condition VAL heart attack COL MeasureCode VAL ami-1 COL MeasureName VAL heart attack patients given aspirin at arrival COL Score VAL 67% COL Sample VAL 3 patients COL Stateavg VAL al_ami-1 ,COL Address1 VAL 125x military street south ,1
407,COL ProviderNumber VAL 10044 COL HospitalName VAL marion regional medical center COL Address1 VAL 1256 military street south COL Address2 VAL empty COL Address3 VAL empty COL City VAL hamilton COL State VAL al COL ZipCode VAL 35570 COL CountyName VAL marion COL PhoneNumber VAL 2059216200 COL HospitalType VAL acute care hospitals COL HospitalOwner VAL voluntary non-profit - private COL EmergencyService VAL yes COL Condition VAL heart attack COL MeasureCode VAL ami-1 COL MeasureName VAL heart attack patients given aspirin at arrival COL Score VAL 67% COL Sample VAL 3 patients COL Stateavg VAL al_ami-1 ,COL Address1 VAL 1256 military street south ,0
408,COL ProviderNumber VAL 10045 COL HospitalName VAL fayette medical center COL Address1 VAL 1653 temple avenue north COL Address2 VAL empty COL Address3 VAL empty COL City VAL fayette COL State VAL al COL ZipCode VAL 35555 COL CountyName VAL fayette COL PhoneNumber VAL 2059325966 COL HospitalType VAL acute care hoxpitalx COL HospitalOwner VAL voluntary non-profit - other COL EmergencyService VAL yes COL Condition VAL heart attack COL MeasureCode VAL ami-1 COL MeasureName VAL heart attack patients given aspirin at arrival COL Score VAL 100% COL Sample VAL 18 patients COL Stateavg VAL al_ami-1 ,COL Address1 VAL 1653 temple avenue nxrth ,1
409,COL ProviderNumber VAL 10045 COL HospitalName VAL fayette medical center COL Address1 VAL 1653 temple avenue north COL Address2 VAL empty COL Address3 VAL empty COL City VAL fayette COL State VAL al COL ZipCode VAL 35555 COL CountyName VAL fayette COL PhoneNumber VAL 2059325966 COL HospitalType VAL acute care hoxpitalx COL HospitalOwner VAL voluntary non-profit - other COL EmergencyService VAL yes COL Condition VAL heart attack COL MeasureCode VAL ami-1 COL MeasureName VAL heart attack patients given aspirin at arrival COL Score VAL 100% COL Sample VAL 18 patients COL Stateavg VAL al_ami-1 ,COL Address1 VAL 1653 temple avenue north ,0
410,COL ProviderNumber VAL 10046 COL HospitalName VAL riverview regional medical center COL Address1 VAL 600 south third street COL Address2 VAL empty COL Address3 VAL empty COL City VAL gadsden COL State VAL al COL ZipCode VAL 35901 COL CountyName VAL etowah COL PhoneNumber VAL 2565435200 COL HospitalType VAL acutexcarexhospitals COL HospitalOwner VAL proprietary COL EmergencyService VAL yes COL Condition VAL children s asthma care COL MeasureCode VAL cac-1 COL MeasureName VAL childrenxwhoxreceivedxrelieverxmedicationxwhilexhospitalizedxforxasthma COL Score VAL 100% COL Sample VAL 4 patients COL Stateavg VAL al_cac-1 ,COL Address1 VAL 600 sxuth third street ,1
411,COL ProviderNumber VAL 10046 COL HospitalName VAL riverview regional medical center COL Address1 VAL 600 south third street COL Address2 VAL empty COL Address3 VAL empty COL City VAL gadsden COL State VAL al COL ZipCode VAL 35901 COL CountyName VAL etowah COL PhoneNumber VAL 2565435200 COL HospitalType VAL acutexcarexhospitals COL HospitalOwner VAL proprietary COL EmergencyService VAL yes COL Condition VAL children s asthma care COL MeasureCode VAL cac-1 COL MeasureName VAL childrenxwhoxreceivedxrelieverxmedicationxwhilexhospitalizedxforxasthma COL Score VAL 100% COL Sample VAL 4 patients COL Stateavg VAL al_cac-1 ,COL Address1 VAL 600 south third street ,0
412,COL ProviderNumber VAL 10047 COL HospitalName VAL georgiana hospital COL Address1 VAL 515 miranda st COL Address2 VAL empty COL Address3 VAL empty COL City VAL georgiana COL State VAL al COL ZipCode VAL 36033 COL CountyName VAL butler COL PhoneNumber VAL 3343762205 COL HospitalType VAL acute care hospitals COL HospitalOwner VAL voluntary non-profit - private COL EmergencyService VAL no COL Condition VAL heart attack COL MeasureCode VAL amix1 COL MeasureName VAL heart attack patients given aspirin at arrival COL Score VAL 53% COL Sample VAL 19 patients COL Stateavg VAL al_ami-1 ,COL Address1 VAL 515 miranxa st ,1
413,COL ProviderNumber VAL 10047 COL HospitalName VAL georgiana hospital COL Address1 VAL 515 miranda st COL Address2 VAL empty COL Address3 VAL empty COL City VAL georgiana COL State VAL al COL ZipCode VAL 36033 COL CountyName VAL butler COL PhoneNumber VAL 3343762205 COL HospitalType VAL acute care hospitals COL HospitalOwner VAL voluntary non-profit - private COL EmergencyService VAL no COL Condition VAL heart attack COL MeasureCode VAL amix1 COL MeasureName VAL heart attack patients given aspirin at arrival COL Score VAL 53% COL Sample VAL 19 patients COL Stateavg VAL al_ami-1 ,COL Address1 VAL 515 miranda st ,0
414,COL ProviderNumber VAL 1004x COL HospitalName VAL medical center enterprise COL Address1 VAL 400 n edwards street COL Address2 VAL empty COL Address3 VAL empty COL City VAL enterprise COL State VAL al COL ZipCode VAL 36330 COL CountyName VAL coffee COL PhoneNumber VAL 3343470584 COL HospitalType VAL acute care hospitals COL HospitalOwner VAL proprietary COL EmergencyService VAL yes COL Condition VAL hexrt attxck COL MeasureCode VAL ami-1 COL MeasureName VAL heart attack patients given aspirin at arrival COL Score VAL 100% COL Sample VAL 4 patients COL Stateavg VAL al_ami-1 ,COL Address1 VAL 400xnxedwardsxstreet ,1
415,COL ProviderNumber VAL 1004x COL HospitalName VAL medical center enterprise COL Address1 VAL 400 n edwards street COL Address2 VAL empty COL Address3 VAL empty COL City VAL enterprise COL State VAL al COL ZipCode VAL 36330 COL CountyName VAL coffee COL PhoneNumber VAL 3343470584 COL HospitalType VAL acute care hospitals COL HospitalOwner VAL proprietary COL EmergencyService VAL yes COL Condition VAL hexrt attxck COL MeasureCode VAL ami-1 COL MeasureName VAL heart attack patients given aspirin at arrival COL Score VAL 100% COL Sample VAL 4 patients COL Stateavg VAL al_ami-1 ,COL Address1 VAL 400 n edwards street ,0
416,COL ProviderNumber VAL 10050 COL HospitalName VAL st vincents blount COL Address1 VAL 150 gilbreath drive COL Address2 VAL empty COL Address3 VAL empty COL City VAL oneonta COL State VAL al COL ZipCode VAL 35121 COL CountyName VAL blount COL PhoneNumber VAL 2052743000 COL HospitalType VAL acute care hospitals COL HospitalOwner VAL voluntary non-profit - private COL EmergencyService VAL yes COL Condition VAL heart attack COL MeasureCode VAL ami-1 COL MeasureName VAL heart attack patients given aspirin at arrival COL Score VAL 100% COL Sample VAL 7 patients COL Stateavg VAL al_ami-1 ,COL Address1 VAL 150 gilbrxath drivx ,1
417,COL ProviderNumber VAL 10050 COL HospitalName VAL st vincents blount COL Address1 VAL 150 gilbreath drive COL Address2 VAL empty COL Address3 VAL empty COL City VAL oneonta COL State VAL al COL ZipCode VAL 35121 COL CountyName VAL blount COL PhoneNumber VAL 2052743000 COL HospitalType VAL acute care hospitals COL HospitalOwner VAL voluntary non-profit - private COL EmergencyService VAL yes COL Condition VAL heart attack COL MeasureCode VAL ami-1 COL MeasureName VAL heart attack patients given aspirin at arrival COL Score VAL 100% COL Sample VAL 7 patients COL Stateavg VAL al_ami-1 ,COL Address1 VAL 150 gilbreath drive ,0
418,COL ProviderNumber VAL 10018 COL HospitalName VAL callahan eye foundation hospital COL Address1 VAL 1720 university blvd COL Address2 VAL empty COL Address3 VAL empty COL City VAL birmingham COL State VAL al COL ZipCode VAL 35233 COL CountyName VAL jefferson COL PhoneNumber VAL 2053258100 COL HospitalType VAL acute care hospitals COL HospitalOwner VAL voluntary non-profit - private COL EmergencyService VAL yes COL Condition VAL surgical infection prevention COL MeasureCode VAL scip-inf-1 COL MeasureName VAL surgery patients who were given an antibiotic at the right time (within one hour before surgery) to help prevent infection COL Score VAL empty COL Sample VAL empty COL Stateavg VAL al_scip-inf-1 ,COL City VAL bixmingham ,1
419,COL ProviderNumber VAL 10018 COL HospitalName VAL callahan eye foundation hospital COL Address1 VAL 1720 university blvd COL Address2 VAL empty COL Address3 VAL empty COL City VAL birmingham COL State VAL al COL ZipCode VAL 35233 COL CountyName VAL jefferson COL PhoneNumber VAL 2053258100 COL HospitalType VAL acute care hospitals COL HospitalOwner VAL voluntary non-profit - private COL EmergencyService VAL yes COL Condition VAL surgical infection prevention COL MeasureCode VAL scip-inf-1 COL MeasureName VAL surgery patients who were given an antibiotic at the right time (within one hour before surgery) to help prevent infection COL Score VAL empty COL Sample VAL empty COL Stateavg VAL al_scip-inf-1 ,COL City VAL birmingham ,0
420,COL ProviderNumber VAL 10019 COL HospitalName VAL helen keller memorial hospital COL Address1 VAL 1300 south montgomery avenue COL Address2 VAL empty COL Address3 VAL empty COL City VAL sheffield COL State VAL al COL ZipCode VAL 35660 COL CountyName VAL jefferson COL PhoneNumber VAL 2563864556 COL HospitalType VAL acute care hospitals COL HospitalOwner VAL government - hospital district or authority COL EmergencyService VAL yes COL Condition VAL heart attack COL MeasureCode VAL ami-1 COL MeasureName VAL heart attack patients given aspirin at arrival COL Score VAL 97% COL Sample VAL 33 patients COL Stateavg VAL al_ami-1 ,COL City VAL shexxield ,1
421,COL ProviderNumber VAL 10019 COL HospitalName VAL helen keller memorial hospital COL Address1 VAL 1300 south montgomery avenue COL Address2 VAL empty COL Address3 VAL empty COL City VAL sheffield COL State VAL al COL ZipCode VAL 35660 COL CountyName VAL jefferson COL PhoneNumber VAL 2563864556 COL HospitalType VAL acute care hospitals COL HospitalOwner VAL government - hospital district or authority COL EmergencyService VAL yes COL Condition VAL heart attack COL MeasureCode VAL ami-1 COL MeasureName VAL heart attack patients given aspirin at arrival COL Score VAL 97% COL Sample VAL 33 patients COL Stateavg VAL al_ami-1 ,COL City VAL sheffield ,0
422,COL ProviderNumber VAL 10001 COL HospitalName VAL southeast alabama medical center COL Address1 VAL 1108 ross clark circle COL Address2 VAL empty COL Address3 VAL empty COL City VAL dothan COL State VAL al COL ZipCode VAL 36302 COL CountyName VAL houston COL PhoneNumber VAL 3347938701 COL HospitalType VAL acute care hospitals COL HospitalOwner VAL government - hospital district or authority COL EmergencyService VAL yes COL Condition VAL heart attack COL MeasureCode VAL ami-1 COL MeasureName VAL heart attack patients given aspirin at arrival COL Score VAL 98% COL Sample VAL 270 patients COL Stateavg VAL al_ami-1 ,COL City VAL dothax ,1
423,COL ProviderNumber VAL 10001 COL HospitalName VAL southeast alabama medical center COL Address1 VAL 1108 ross clark circle COL Address2 VAL empty COL Address3 VAL empty COL City VAL dothan COL State VAL al COL ZipCode VAL 36302 COL CountyName VAL houston COL PhoneNumber VAL 3347938701 COL HospitalType VAL acute care hospitals COL HospitalOwner VAL government - hospital district or authority COL EmergencyService VAL yes COL Condition VAL heart attack COL MeasureCode VAL ami-1 COL MeasureName VAL heart attack patients given aspirin at arrival COL Score VAL 98% COL Sample VAL 270 patients COL Stateavg VAL al_ami-1 ,COL City VAL dothan ,0
424,COL ProviderNumber VAL x0005 COL HospitalName VAL marshall medical center south COL Address1 VAL 2505 u s highway 431 north COL Address2 VAL empty COL Address3 VAL empty COL City VAL boaz COL State VAL al COL ZipCode VAL 35957 COL CountyName VAL marshall COL PhoneNumber VAL 2565938310 COL HospitalType VAL acute care hospitals COL HospitalOwner VAL government - hospital district or authority COL EmergencyService VAL yes COL Condition VAL heart attack COL MeasureCode VAL ami-2 COL MeasureName VAL heart attack patients given aspirin at discharge COL Score VAL 60% COL Sample VAL 5 patients COL Stateavg VAL al_ami-2 ,COL City VAL boax ,1
425,COL ProviderNumber VAL x0005 COL HospitalName VAL marshall medical center south COL Address1 VAL 2505 u s highway 431 north COL Address2 VAL empty COL Address3 VAL empty COL City VAL boaz COL State VAL al COL ZipCode VAL 35957 COL CountyName VAL marshall COL PhoneNumber VAL 2565938310 COL HospitalType VAL acute care hospitals COL HospitalOwner VAL government - hospital district or authority COL EmergencyService VAL yes COL Condition VAL heart attack COL MeasureCode VAL ami-2 COL MeasureName VAL heart attack patients given aspirin at discharge COL Score VAL 60% COL Sample VAL 5 patients COL Stateavg VAL al_ami-2 ,COL City VAL boaz ,0
426,COL ProviderNumber VAL 10006 COL HospitalName VAL eliza coffee memorial hospital COL Address1 VAL 205 marengo street COL Address2 VAL empty COL Address3 VAL empty COL City VAL florence COL State VAL al COL ZipCode VAL 3563x COL CountyName VAL lauderdale COL PhoneNumber VAL 2567688400 COL HospitalType VAL acute care hospitals COL HospitalOwner VAL voluntary non-profit - other COL EmergencyService VAL yes COL Condition VAL heart attack COL MeasureCode VAL ami-2 COL MeasureName VAL heart attack patients given aspirin at discharge COL Score VAL 96% COL Sample VAL 247 patients COL Stateavg VAL al_ami-2 ,COL City VAL florxncx ,1
427,COL ProviderNumber VAL 10006 COL HospitalName VAL eliza coffee memorial hospital COL Address1 VAL 205 marengo street COL Address2 VAL empty COL Address3 VAL empty COL City VAL florence COL State VAL al COL ZipCode VAL 3563x COL CountyName VAL lauderdale COL PhoneNumber VAL 2567688400 COL HospitalType VAL acute care hospitals COL HospitalOwner VAL voluntary non-profit - other COL EmergencyService VAL yes COL Condition VAL heart attack COL MeasureCode VAL ami-2 COL MeasureName VAL heart attack patients given aspirin at discharge COL Score VAL 96% COL Sample VAL 247 patients COL Stateavg VAL al_ami-2 ,COL City VAL florence ,0
428,COL ProviderNumber VAL 10007 COL HospitalName VAL mizell memorial hospital COL Address1 VAL 702 n main st COL Address2 VAL empty COL Address3 VAL empty COL City VAL opp COL State VAL al COL ZipCode VAL 36467 COL CountyName VAL covington COL PhoneNumber VAL 3344933541 COL HospitalType VAL acute care hospitals COL HospitalOwner VAL voluntary non-profit - private COL EmergencyService VAL no COL Condition VAL heart attack COL MeasureCode VAL ami-2 COL MeasureName VAL heart attack patients given aspirin at discharge COL Score VAL 50% COL Sample VAL 2 patients COL Stateavg VAL al_ami-2 ,COL City VAL oxx ,1
429,COL ProviderNumber VAL 10007 COL HospitalName VAL mizell memorial hospital COL Address1 VAL 702 n main st COL Address2 VAL empty COL Address3 VAL empty COL City VAL opp COL State VAL al COL ZipCode VAL 36467 COL CountyName VAL covington COL PhoneNumber VAL 3344933541 COL HospitalType VAL acute care hospitals COL HospitalOwner VAL voluntary non-profit - private COL EmergencyService VAL no COL Condition VAL heart attack COL MeasureCode VAL ami-2 COL MeasureName VAL heart attack patients given aspirin at discharge COL Score VAL 50% COL Sample VAL 2 patients COL Stateavg VAL al_ami-2 ,COL City VAL opp ,0
430,COL ProviderNumber VAL 10008 COL HospitalName VAL crenshaw community hospital COL Address1 VAL 101 hospital circle COL Address2 VAL empty COL Address3 VAL empty COL City VAL luverne COL State VAL al COL ZipCode VAL 36049 COL CountyName VAL crenshaw COL PhoneNumber VAL 3343353374 COL HospitalType VAL acute care hospitals COL HospitalOwner VAL government - federal COL EmergencyService VAL yes COL Condition VAL heart attack COL MeasureCode VAL axi-2 COL MeasureName VAL heart attack patients given aspirin at discharge COL Score VAL x00% COL Sample VAL 1 patients COL Stateavg VAL al_ami-2 ,COL City VAL xuverne ,1
431,COL ProviderNumber VAL 10008 COL HospitalName VAL crenshaw community hospital COL Address1 VAL 101 hospital circle COL Address2 VAL empty COL Address3 VAL empty COL City VAL luverne COL State VAL al COL ZipCode VAL 36049 COL CountyName VAL crenshaw COL PhoneNumber VAL 3343353374 COL HospitalType VAL acute care hospitals COL HospitalOwner VAL government - federal COL EmergencyService VAL yes COL Condition VAL heart attack COL MeasureCode VAL axi-2 COL MeasureName VAL heart attack patients given aspirin at discharge COL Score VAL x00% COL Sample VAL 1 patients COL Stateavg VAL al_ami-2 ,COL City VAL luverne ,0
432,COL ProviderNumber VAL 10009 COL HospitalName VAL hartselle medical center COL Address1 VAL 201 pine street northwest COL Address2 VAL empty COL Address3 VAL empty COL City VAL hartselle COL State VAL al COL ZipCode VAL 35640 COL CountyName VAL morgan COL PhoneNumber VAL 2567736511 COL HospitalType VAL acute care hospitals COL HospitalOwner VAL proprietary COL EmergencyService VAL yes COL Condition VAL heart attack COL MeasureCode VAL ami-1 COL MeasureName VAL heart attack patients given aspirin at arrival COL Score VAL 100% COL Sample VAL 6 patients COL Stateavg VAL al_ami-1 ,COL City VAL hartsxllx ,1
433,COL ProviderNumber VAL 10009 COL HospitalName VAL hartselle medical center COL Address1 VAL 201 pine street northwest COL Address2 VAL empty COL Address3 VAL empty COL City VAL hartselle COL State VAL al COL ZipCode VAL 35640 COL CountyName VAL morgan COL PhoneNumber VAL 2567736511 COL HospitalType VAL acute care hospitals COL HospitalOwner VAL proprietary COL EmergencyService VAL yes COL Condition VAL heart attack COL MeasureCode VAL ami-1 COL MeasureName VAL heart attack patients given aspirin at arrival COL Score VAL 100% COL Sample VAL 6 patients COL Stateavg VAL al_ami-1 ,COL City VAL hartselle ,0
434,COL ProviderNumber VAL 10010 COL HospitalName VAL marshall medical center north COL Address1 VAL 8000 alabama highway 69 COL Address2 VAL empty COL Address3 VAL empty COL City VAL guntersville COL State VAL al COL ZipCode VAL 35976 COL CountyName VAL marshall COL PhoneNumber VAL 2565718000 COL HospitalType VAL acute care hospitals COL HospitalOwner VAL government - hospital district or authority COL EmergencyService VAL yes COL Condition VAL heart attack COL MeasureCode VAL ami-1 COL MeasureName VAL heart attack patients given aspirin at arrival COL Score VAL 100% COL Sample VAL 8 patients COL Stateavg VAL al_ami-1 ,COL City VAL xuntersville ,1
435,COL ProviderNumber VAL 10010 COL HospitalName VAL marshall medical center north COL Address1 VAL 8000 alabama highway 69 COL Address2 VAL empty COL Address3 VAL empty COL City VAL guntersville COL State VAL al COL ZipCode VAL 35976 COL CountyName VAL marshall COL PhoneNumber VAL 2565718000 COL HospitalType VAL acute care hospitals COL HospitalOwner VAL government - hospital district or authority COL EmergencyService VAL yes COL Condition VAL heart attack COL MeasureCode VAL ami-1 COL MeasureName VAL heart attack patients given aspirin at arrival COL Score VAL 100% COL Sample VAL 8 patients COL Stateavg VAL al_ami-1 ,COL City VAL guntersville ,0
436,COL ProviderNumber VAL 10012 COL HospitalName VAL dekalb regional medical center COL Address1 VAL 200 med center drive COL Address2 VAL empty COL Address3 VAL empty COL City VAL fort payne COL State VAL al COL ZipCode VAL 35968 COL CountyName VAL de kalb COL PhoneNumber VAL 2568453150 COL HospitalType VAL acute care hospitals COL HospitalOwner VAL voluntary non-profit - church COL EmergencyService VAL yes COL Condition VAL heart attack COL MeasureCode VAL ami-2 COL MeasureName VAL heart attack patients given aspirin at discharge COL Score VAL 95% COL Sample VAL 39 patients COL Stateavg VAL al_ami-2 ,COL City VAL fort paxne ,1
437,COL ProviderNumber VAL 10012 COL HospitalName VAL dekalb regional medical center COL Address1 VAL 200 med center drive COL Address2 VAL empty COL Address3 VAL empty COL City VAL fort payne COL State VAL al COL ZipCode VAL 35968 COL CountyName VAL de kalb COL PhoneNumber VAL 2568453150 COL HospitalType VAL acute care hospitals COL HospitalOwner VAL voluntary non-profit - church COL EmergencyService VAL yes COL Condition VAL heart attack COL MeasureCode VAL ami-2 COL MeasureName VAL heart attack patients given aspirin at discharge COL Score VAL 95% COL Sample VAL 39 patients COL Stateavg VAL al_ami-2 ,COL City VAL fort payne ,0
438,COL ProviderNumber VAL x00x5 COL HospitalName VAL southwest alabama medical center COL Address1 VAL 33700 highway 43 COL Address2 VAL empty COL Address3 VAL empty COL City VAL thomasville COL State VAL al COL ZipCode VAL 36784 COL CountyName VAL clarke COL PhoneNumber VAL 3346366221 COL HospitalType VAL acute care hospitals COL HospitalOwner VAL government - federal COL EmergencyService VAL yes COL Condition VAL heart attack COL MeasureCode VAL ami-1 COL MeasureName VAL heart attack patients given aspirin at arrival COL Score VAL empty COL Sample VAL 0 patients COL Stateavg VAL ax_ami-1 ,COL City VAL thomaxville ,1
439,COL ProviderNumber VAL x00x5 COL HospitalName VAL southwest alabama medical center COL Address1 VAL 33700 highway 43 COL Address2 VAL empty COL Address3 VAL empty COL City VAL thomasville COL State VAL al COL ZipCode VAL 36784 COL CountyName VAL clarke COL PhoneNumber VAL 3346366221 COL HospitalType VAL acute care hospitals COL HospitalOwner VAL government - federal COL EmergencyService VAL yes COL Condition VAL heart attack COL MeasureCode VAL ami-1 COL MeasureName VAL heart attack patients given aspirin at arrival COL Score VAL empty COL Sample VAL 0 patients COL Stateavg VAL ax_ami-1 ,COL City VAL thomasville ,0
440,COL ProviderNumber VAL 10016 COL HospitalName VAL shelby baptist medical center COL Address1 VAL 1000 first street north COL Address2 VAL empty COL Address3 VAL empty COL City VAL alabaster COL State VAL al COL ZipCode VAL 35007 COL CountyName VAL shelby COL PhoneNumber VAL 2056208100 COL HospitalType VAL acute care hospitals COL HospitalOwner VAL voluntary non-profit - church COL EmergencyService VAL yes COL Condition VAL heart attack COL MeasureCode VAL ami-2 COL MeasureName VAL heart attack patients given aspirin at discharge COL Score VAL 97% COL Sample VAL 208 patients COL Stateavg VAL al_ami-2 ,COL City VAL xlxbxster ,1
441,COL ProviderNumber VAL 10016 COL HospitalName VAL shelby baptist medical center COL Address1 VAL 1000 first street north COL Address2 VAL empty COL Address3 VAL empty COL City VAL alabaster COL State VAL al COL ZipCode VAL 35007 COL CountyName VAL shelby COL PhoneNumber VAL 2056208100 COL HospitalType VAL acute care hospitals COL HospitalOwner VAL voluntary non-profit - church COL EmergencyService VAL yes COL Condition VAL heart attack COL MeasureCode VAL ami-2 COL MeasureName VAL heart attack patients given aspirin at discharge COL Score VAL 97% COL Sample VAL 208 patients COL Stateavg VAL al_ami-2 ,COL City VAL alabaster ,0
442,COL ProviderNumber VAL 10038 COL HospitalName VAL stringfellow memorial hospital COL Address1 VAL 301 east 18th st COL Address2 VAL empty COL Address3 VAL empty COL City VAL anniston COL State VAL al COL ZipCode VAL 36201 COL CountyName VAL calhoxn COL PhoneNumber VAL 2562358900 COL HospitalType VAL acute care hospitals COL HospitalOwner VAL proprietary COL EmergencyService VAL yes COL Condition VAL children s asthma care COL MeasureCode VAL cac-3 COL MeasureName VAL children and their caregivers who received a home management plan of care document while hospitalized for asthma COL Score VAL 33% COL Sample VAL 9 patients COL Stateavg VAL al_cac-3 ,COL City VAL axxistox ,1
443,COL ProviderNumber VAL 10038 COL HospitalName VAL stringfellow memorial hospital COL Address1 VAL 301 east 18th st COL Address2 VAL empty COL Address3 VAL empty COL City VAL anniston COL State VAL al COL ZipCode VAL 36201 COL CountyName VAL calhoxn COL PhoneNumber VAL 2562358900 COL HospitalType VAL acute care hospitals COL HospitalOwner VAL proprietary COL EmergencyService VAL yes COL Condition VAL children s asthma care COL MeasureCode VAL cac-3 COL MeasureName VAL children and their caregivers who received a home management plan of care document while hospitalized for asthma COL Score VAL 33% COL Sample VAL 9 patients COL Stateavg VAL al_cac-3 ,COL City VAL anniston ,0
444,COL ProviderNumber VAL 10085 COL HospitalName VAL decatur general hospital COL Address1 VAL 1201 7th street se COL Address2 VAL empty COL Address3 VAL empty COL City VAL decatur COL State VAL al COL ZipCode VAL 35609 COL CountyName VAL morgan COL PhoneNumber VAL 2563412000 COL HospitalType VAL acute care hospitals COL HospitalOwner VAL government - hospital district or authority COL EmergencyService VAL yes COL Condition VAL surgical infection prevention COL MeasureCode VAL scip-vte-2 COL MeasureName VAL patients who got treatment  at the right time (within 24 hours before or after their surgery) to help prevent blood clots after certain types of surgery COL Score VAL 87% COL Sample VAL 205 patients COL Stateavg VAL al_scip-vte-2 ,COL City VAL decaxur ,1
445,COL ProviderNumber VAL 10085 COL HospitalName VAL decatur general hospital COL Address1 VAL 1201 7th street se COL Address2 VAL empty COL Address3 VAL empty COL City VAL decatur COL State VAL al COL ZipCode VAL 35609 COL CountyName VAL morgan COL PhoneNumber VAL 2563412000 COL HospitalType VAL acute care hospitals COL HospitalOwner VAL government - hospital district or authority COL EmergencyService VAL yes COL Condition VAL surgical infection prevention COL MeasureCode VAL scip-vte-2 COL MeasureName VAL patients who got treatment  at the right time (within 24 hours before or after their surgery) to help prevent blood clots after certain types of surgery COL Score VAL 87% COL Sample VAL 205 patients COL Stateavg VAL al_scip-vte-2 ,COL City VAL decatur ,0
446,COL ProviderNumber VAL 10086 COL HospitalName VAL northwest medical center COL Address1 VAL 1530 u s highway 43 COL Address2 VAL empty COL Address3 VAL empty COL City VAL winfield COL State VAL al COL ZipCode VAL 35594 COL CountyName VAL marion COL PhoneNumber VAL 2054877736 COL HospitalType VAL acute care hospitals COL HospitalOwner VAL proprietary COL EmergencyService VAL yes COL Condition VAL heart attack COL MeasureCode VAL ami-1 COL MeasureName VAL heart attack patients given aspirin at arrival COL Score VAL 100% COL Sample VAL 1x patients COL Stateavg VAL al_ami-1 ,COL City VAL wxnfxeld ,1
447,COL ProviderNumber VAL 10086 COL HospitalName VAL northwest medical center COL Address1 VAL 1530 u s highway 43 COL Address2 VAL empty COL Address3 VAL empty COL City VAL winfield COL State VAL al COL ZipCode VAL 35594 COL CountyName VAL marion COL PhoneNumber VAL 2054877736 COL HospitalType VAL acute care hospitals COL HospitalOwner VAL proprietary COL EmergencyService VAL yes COL Condition VAL heart attack COL MeasureCode VAL ami-1 COL MeasureName VAL heart attack patients given aspirin at arrival COL Score VAL 100% COL Sample VAL 1x patients COL Stateavg VAL al_ami-1 ,COL City VAL winfield ,0
448,COL ProviderNumber VAL 10087 COL HospitalName VAL univ of south alabama medical center COL Address1 VAL 2451 fillingim street COL Address2 VAL empty COL Address3 VAL empty COL City VAL mobile COL State VAL al COL ZipCode VAL 36617 COL CountyName VAL mobile COL PhoneNumber VAL 2514717110 COL HospitalType VAL acute care hospitals COL HospitalOwner VAL government - state COL EmergencyService VAL yes COL Condition VAL heart attack COL MeasureCode VAL ami-1 COL MeasureName VAL heart attack patients given aspirin at arrival COL Score VAL 99% COL Sample VAL 86 patients COL Stateavg VAL al_ami-1 ,COL City VAL xobile ,1
449,COL ProviderNumber VAL 10087 COL HospitalName VAL univ of south alabama medical center COL Address1 VAL 2451 fillingim street COL Address2 VAL empty COL Address3 VAL empty COL City VAL mobile COL State VAL al COL ZipCode VAL 36617 COL CountyName VAL mobile COL PhoneNumber VAL 2514717110 COL HospitalType VAL acute care hospitals COL HospitalOwner VAL government - state COL EmergencyService VAL yes COL Condition VAL heart attack COL MeasureCode VAL ami-1 COL MeasureName VAL heart attack patients given aspirin at arrival COL Score VAL 99% COL Sample VAL 86 patients COL Stateavg VAL al_ami-1 ,COL City VAL mobile ,0
450,COL ProviderNumber VAL 10108 COL HospitalName VAL prattville baptist hospital COL Address1 VAL 124 s memorial dr COL Address2 VAL empty COL Address3 VAL empty COL City VAL prattville COL State VAL al COL ZipCode VAL 36067 COL CountyName VAL autauga COL PhoneNumber VAL 3343614267 COL HospitalType VAL acute care hospitals COL HospitalOwner VAL voluntary non-profit - private COL EmergencyService VAL yes COL Condition VAL heart attack COL MeasureCode VAL ami-2 COL MeasureName VAL heart attack patients given aspirin at discharge COL Score VAL 100% COL Sample VAL 4 patients COL Stateavg VAL al_ami-2 ,COL City VAL prattvixxe ,1
451,COL ProviderNumber VAL 10108 COL HospitalName VAL prattville baptist hospital COL Address1 VAL 124 s memorial dr COL Address2 VAL empty COL Address3 VAL empty COL City VAL prattville COL State VAL al COL ZipCode VAL 36067 COL CountyName VAL autauga COL PhoneNumber VAL 3343614267 COL HospitalType VAL acute care hospitals COL HospitalOwner VAL voluntary non-profit - private COL EmergencyService VAL yes COL Condition VAL heart attack COL MeasureCode VAL ami-2 COL MeasureName VAL heart attack patients given aspirin at discharge COL Score VAL 100% COL Sample VAL 4 patients COL Stateavg VAL al_ami-2 ,COL City VAL prattville ,0
452,COL ProviderNumber VAL 10158 COL HospitalName VAL russellville hospital COL Address1 VAL 15155 highway 43 COL Address2 VAL empty COL Address3 VAL empty COL City VAL russellville COL State VAL al COL ZipCode VAL 35653 COL CountyName VAL franklin COL PhoneNumber VAL 2563321611 COL HospitalType VAL acute care hospitals COL HospitalOwner VAL proprietary COL EmergencyService VAL yes COL Condition VAL surgical infection prevention COL MeasureCode VAL scip-vte-1 COL MeasureName VAL surgery patients whose doctors ordered treatments to prevent blood clots after certain types of surgeries COL Score VAL 100% COL Sample VAL 125 patients COL Stateavg VAL al_scip-vte-1 ,COL City VAL russexxvixxe ,1
453,COL ProviderNumber VAL 10158 COL HospitalName VAL russellville hospital COL Address1 VAL 15155 highway 43 COL Address2 VAL empty COL Address3 VAL empty COL City VAL russellville COL State VAL al COL ZipCode VAL 35653 COL CountyName VAL franklin COL PhoneNumber VAL 2563321611 COL HospitalType VAL acute care hospitals COL HospitalOwner VAL proprietary COL EmergencyService VAL yes COL Condition VAL surgical infection prevention COL MeasureCode VAL scip-vte-1 COL MeasureName VAL surgery patients whose doctors ordered treatments to prevent blood clots after certain types of surgeries COL Score VAL 100% COL Sample VAL 125 patients COL Stateavg VAL al_scip-vte-1 ,COL City VAL russellville ,0
454,COL ProviderNumber VAL 10164 COL HospitalName VAL coosa valley medical center COL Address1 VAL 315 w hickory st COL Address2 VAL empty COL Address3 VAL empty COL City VAL sylacauga COL State VAL al COL ZipCode VAL 35150 COL CountyName VAL talladega COL PhoneNumber VAL 2562495000 COL HospitalType VAL acute care hospitals COL HospitalOwner VAL voluntary non-profit - other COL EmergencyService VAL no COL Condition VAL heart attack COL MeasureCode VAL ami-1 COL MeasureName VAL heart attack patients given aspirin at arrival COL Score VAL 90% COL Sample VAL 10 patients COL Stateavg VAL al_ami-1 ,COL City VAL sylacaxga ,1
455,COL ProviderNumber VAL 10164 COL HospitalName VAL coosa valley medical center COL Address1 VAL 315 w hickory st COL Address2 VAL empty COL Address3 VAL empty COL City VAL sylacauga COL State VAL al COL ZipCode VAL 35150 COL CountyName VAL talladega COL PhoneNumber VAL 2562495000 COL HospitalType VAL acute care hospitals COL HospitalOwner VAL voluntary non-profit - other COL EmergencyService VAL no COL Condition VAL heart attack COL MeasureCode VAL ami-1 COL MeasureName VAL heart attack patients given aspirin at arrival COL Score VAL 90% COL Sample VAL 10 patients COL Stateavg VAL al_ami-1 ,COL City VAL sylacauga ,0
456,COL ProviderNumber VAL 20017 COL HospitalName VAL alaska regional hospital COL Address1 VAL 2801 debarr road COL Address2 VAL empty COL Address3 VAL empty COL City VAL anchorage COL State VAL ak COL ZipCode VAL 99508 COL CountyName VAL anchorage COL PhoneNumber VAL 9072761131 COL HospitalType VAL acute care hospitals COL HospitalOwner VAL proprietary COL EmergencyService VAL yes COL Condition VAL heart failure COL MeasureCode VAL hf-1 COL MeasureName VAL heart failure patients given discharge instructions COL Score VAL 91% COL Sample VAL 57 patients COL Stateavg VAL ak_hf-1 ,COL City VAL ancxorage ,1
457,COL ProviderNumber VAL 20017 COL HospitalName VAL alaska regional hospital COL Address1 VAL 2801 debarr road COL Address2 VAL empty COL Address3 VAL empty COL City VAL anchorage COL State VAL ak COL ZipCode VAL 99508 COL CountyName VAL anchorage COL PhoneNumber VAL 9072761131 COL HospitalType VAL acute care hospitals COL HospitalOwner VAL proprietary COL EmergencyService VAL yes COL Condition VAL heart failure COL MeasureCode VAL hf-1 COL MeasureName VAL heart failure patients given discharge instructions COL Score VAL 91% COL Sample VAL 57 patients COL Stateavg VAL ak_hf-1 ,COL City VAL anchorage ,0
458,COL ProviderNumber VAL 20018 COL HospitalName VAL yukon kuskokwim delta reg hospital COL Address1 VAL po box 287 COL Address2 VAL empty COL Address3 VAL empty COL City VAL bethel COL State VAL ak COL ZipCode VAL 99559 COL CountyName VAL bethel COL PhoneNumber VAL 9075436300 COL HospitalType VAL acute care hospitals COL HospitalOwner VAL government - federal COL EmergencyService VAL no COL Condition VAL heart attack COL MeasureCode VAL ami-1 COL MeasureName VAL heart attack patients given aspirin at arrival COL Score VAL empty COL Sample VAL empty COL Stateavg VAL ak_ami-1 ,COL City VAL bethex ,1
459,COL ProviderNumber VAL 20018 COL HospitalName VAL yukon kuskokwim delta reg hospital COL Address1 VAL po box 287 COL Address2 VAL empty COL Address3 VAL empty COL City VAL bethel COL State VAL ak COL ZipCode VAL 99559 COL CountyName VAL bethel COL PhoneNumber VAL 9075436300 COL HospitalType VAL acute care hospitals COL HospitalOwner VAL government - federal COL EmergencyService VAL no COL Condition VAL heart attack COL MeasureCode VAL ami-1 COL MeasureName VAL heart attack patients given aspirin at arrival COL Score VAL empty COL Sample VAL empty COL Stateavg VAL ak_ami-1 ,COL City VAL bethel ,0
460,COL ProviderNumber VAL 10021 COL HospitalName VAL dale medical center COL Address1 VAL 126 hospital ave COL Address2 VAL empty COL Address3 VAL empty COL City VAL ozark COL State VAL al COL ZipCode VAL 36360 COL CountyName VAL dale COL PhoneNumber VAL 3347742601 COL HospitalType VAL acute care hospitals COL HospitalOwner VAL government - hospital district or authority COL EmergencyService VAL yes COL Condition VAL heart attack COL MeasureCode VAL ami-1 COL MeasureName VAL heart attack patients given aspirin at arrival COL Score VAL 100% COL Sample VAL 11 patients COL Stateavg VAL al_ami-1 ,COL City VAL ozarx ,1
461,COL ProviderNumber VAL 10021 COL HospitalName VAL dale medical center COL Address1 VAL 126 hospital ave COL Address2 VAL empty COL Address3 VAL empty COL City VAL ozark COL State VAL al COL ZipCode VAL 36360 COL CountyName VAL dale COL PhoneNumber VAL 3347742601 COL HospitalType VAL acute care hospitals COL HospitalOwner VAL government - hospital district or authority COL EmergencyService VAL yes COL Condition VAL heart attack COL MeasureCode VAL ami-1 COL MeasureName VAL heart attack patients given aspirin at arrival COL Score VAL 100% COL Sample VAL 11 patients COL Stateavg VAL al_ami-1 ,COL City VAL ozark ,0
462,COL ProviderNumber VAL 10022 COL HospitalName VAL cherokee medical center COL Address1 VAL 400 northwood dr COL Address2 VAL empty COL Address3 VAL empty COL City VAL centre COL State VAL al COL ZipCode VAL 35960 COL CountyName VAL cherokee COL PhoneNumber VAL 2569275531 COL HospitalType VAL acute care hospitals COL HospitalOwner VAL voluntary non-profit - private COL EmergencyService VAL yes COL Condition VAL heart attack COL MeasureCode VAL ami-1 COL MeasureName VAL heart attack patients given aspirin at arrival COL Score VAL empty COL Sample VAL 0 patients COL Stateavg VAL al_ami-1 ,COL City VAL cextre ,1
463,COL ProviderNumber VAL 10022 COL HospitalName VAL cherokee medical center COL Address1 VAL 400 northwood dr COL Address2 VAL empty COL Address3 VAL empty COL City VAL centre COL State VAL al COL ZipCode VAL 35960 COL CountyName VAL cherokee COL PhoneNumber VAL 2569275531 COL HospitalType VAL acute care hospitals COL HospitalOwner VAL voluntary non-profit - private COL EmergencyService VAL yes COL Condition VAL heart attack COL MeasureCode VAL ami-1 COL MeasureName VAL heart attack patients given aspirin at arrival COL Score VAL empty COL Sample VAL 0 patients COL Stateavg VAL al_ami-1 ,COL City VAL centre ,0
464,COL ProviderNumber VAL 10023 COL HospitalName VAL baptist medical center south COL Address1 VAL 2105 east south boulevard COL Address2 VAL empty COL Address3 VAL empty COL City VAL montgomery COL State VAL al COL ZipCode VAL 36116 COL CountyName VAL montgomery COL PhoneNumber VAL 3342882100 COL HospitalType VAL acute care hospitals COL HospitalOwner VAL voluntary non-profit - church COL EmergencyService VAL yes COL Condition VAL heart attack COL MeasureCode VAL ami-3 COL MeasureName VAL heart attack patients given ace inhibitor or arb for left ventricular systolic dysfunction (lvsd) COL Score VAL 100% COL Sample VAL 53 patients COL Stateavg VAL al_ami-3 ,COL City VAL mxntgxmery ,1
465,COL ProviderNumber VAL 10023 COL HospitalName VAL baptist medical center south COL Address1 VAL 2105 east south boulevard COL Address2 VAL empty COL Address3 VAL empty COL City VAL montgomery COL State VAL al COL ZipCode VAL 36116 COL CountyName VAL montgomery COL PhoneNumber VAL 3342882100 COL HospitalType VAL acute care hospitals COL HospitalOwner VAL voluntary non-profit - church COL EmergencyService VAL yes COL Condition VAL heart attack COL MeasureCode VAL ami-3 COL MeasureName VAL heart attack patients given ace inhibitor or arb for left ventricular systolic dysfunction (lvsd) COL Score VAL 100% COL Sample VAL 53 patients COL Stateavg VAL al_ami-3 ,COL City VAL montgomery ,0
466,COL ProviderNumber VAL 10025 COL HospitalName VAL g h lanier memorial hospital COL Address1 VAL 4800 48th st COL Address2 VAL empty COL Address3 VAL empty COL City VAL valley COL State VAL al COL ZipCode VAL 36854 COL CountyName VAL chambers COL PhoneNumber VAL 3347561400 COL HospitalType VAL acute care hospitals COL HospitalOwner VAL voluntary non-profit - other COL EmergencyService VAL yes COL Condition VAL heart attack COL MeasureCode VAL ami-1 COL MeasureName VAL heart attack patients given aspirin at arrival COL Score VAL 92% COL Sample VAL 24 patients COL Stateavg VAL al_ami-1 ,COL City VAL vaxxey ,1
467,COL ProviderNumber VAL 10025 COL HospitalName VAL g h lanier memorial hospital COL Address1 VAL 4800 48th st COL Address2 VAL empty COL Address3 VAL empty COL City VAL valley COL State VAL al COL ZipCode VAL 36854 COL CountyName VAL chambers COL PhoneNumber VAL 3347561400 COL HospitalType VAL acute care hospitals COL HospitalOwner VAL voluntary non-profit - other COL EmergencyService VAL yes COL Condition VAL heart attack COL MeasureCode VAL ami-1 COL MeasureName VAL heart attack patients given aspirin at arrival COL Score VAL 92% COL Sample VAL 24 patients COL Stateavg VAL al_ami-1 ,COL City VAL valley ,0
468,COL ProviderNumber VAL 10027 COL HospitalName VAL elba general hospital COL Address1 VAL 987 drayton street COL Address2 VAL empty COL Address3 VAL empty COL City VAL elba COL State VAL al COL ZipCode VAL 36323 COL CountyName VAL coffee COL PhoneNumber VAL 3348972257 COL HospitalType VAL acute care hospitals COL HospitalOwner VAL voluntary non-profit - other COL EmergencyService VAL yes COL Condition VAL heart attack COL MeasureCode VAL ami-1 COL MeasureName VAL heart attack patients given aspirin at arrival COL Score VAL empty COL Sample VAL empty COL Stateavg VAL al_ami-1 ,COL City VAL elxa ,1
469,COL ProviderNumber VAL 10027 COL HospitalName VAL elba general hospital COL Address1 VAL 987 drayton street COL Address2 VAL empty COL Address3 VAL empty COL City VAL elba COL State VAL al COL ZipCode VAL 36323 COL CountyName VAL coffee COL PhoneNumber VAL 3348972257 COL HospitalType VAL acute care hospitals COL HospitalOwner VAL voluntary non-profit - other COL EmergencyService VAL yes COL Condition VAL heart attack COL MeasureCode VAL ami-1 COL MeasureName VAL heart attack patients given aspirin at arrival COL Score VAL empty COL Sample VAL empty COL Stateavg VAL al_ami-1 ,COL City VAL elba ,0
470,COL ProviderNumber VAL 10029 COL HospitalName VAL east alabama medical center and snf COL Address1 VAL 2000 pepperell parkway COL Address2 VAL empty COL Address3 VAL empty COL City VAL opelika COL State VAL al COL ZipCode VAL 36801 COL CountyName VAL lee COL PhoneNumber VAL 3347493411 COL HospitalType VAL acute care hospitals COL HospitalOwner VAL government - hospital district or authority COL EmergencyService VAL yes COL Condition VAL heart attack COL MeasureCode VAL ami-1 COL MeasureName VAL heart attack patients given aspirin at arrival COL Score VAL 98% COL Sample VAL 185 patients COL Stateavg VAL al_ami-1 ,COL City VAL opelixa ,1
471,COL ProviderNumber VAL 10029 COL HospitalName VAL east alabama medical center and snf COL Address1 VAL 2000 pepperell parkway COL Address2 VAL empty COL Address3 VAL empty COL City VAL opelika COL State VAL al COL ZipCode VAL 36801 COL CountyName VAL lee COL PhoneNumber VAL 3347493411 COL HospitalType VAL acute care hospitals COL HospitalOwner VAL government - hospital district or authority COL EmergencyService VAL yes COL Condition VAL heart attack COL MeasureCode VAL ami-1 COL MeasureName VAL heart attack patients given aspirin at arrival COL Score VAL 98% COL Sample VAL 185 patients COL Stateavg VAL al_ami-1 ,COL City VAL opelika ,0
472,COL ProviderNumber VAL 10032 COL HospitalName VAL wedowee hospital COL Address1 VAL 209 north main street COL Address2 VAL empty COL Address3 VAL empty COL City VAL wedowee COL State VAL al COL ZipCode VAL 36278 COL CountyName VAL randolph COL PhoneNumber VAL 2563572111 COL HospitalType VAL acute care hospitals COL HospitalOwner VAL government - local COL EmergencyService VAL no COL Condition VAL heart attack COL MeasureCode VAL ami-1 COL MeasureName VAL heart attack patients given aspirin at arrival COL Score VAL 50% COL Sample VAL 4 patients COL Stateavg VAL al_ami-1 ,COL City VAL xedoxee ,1
473,COL ProviderNumber VAL 10032 COL HospitalName VAL wedowee hospital COL Address1 VAL 209 north main street COL Address2 VAL empty COL Address3 VAL empty COL City VAL wedowee COL State VAL al COL ZipCode VAL 36278 COL CountyName VAL randolph COL PhoneNumber VAL 2563572111 COL HospitalType VAL acute care hospitals COL HospitalOwner VAL government - local COL EmergencyService VAL no COL Condition VAL heart attack COL MeasureCode VAL ami-1 COL MeasureName VAL heart attack patients given aspirin at arrival COL Score VAL 50% COL Sample VAL 4 patients COL Stateavg VAL al_ami-1 ,COL City VAL wedowee ,0
474,COL ProviderNumber VAL 10034 COL HospitalName VAL community hospital inc COL Address1 VAL 805 friendship road COL Address2 VAL empty COL Address3 VAL empty COL City VAL tallassee COL State VAL al COL ZipCode VAL 36078 COL CountyName VAL elmore COL PhoneNumber VAL 3342836541 COL HospitalType VAL acute care hospitals COL HospitalOwner VAL voluntary non-profit - private COL EmergencyService VAL no COL Condition VAL heart attack COL MeasureCode VAL amix1 COL MeasureName VAL heart attack patients given aspirin at arrival COL Score VAL 77% COL Sample VAL 13 patients COL Stateavg VAL al_ami-1 ,COL City VAL taxxassee ,1
475,COL ProviderNumber VAL 10034 COL HospitalName VAL community hospital inc COL Address1 VAL 805 friendship road COL Address2 VAL empty COL Address3 VAL empty COL City VAL tallassee COL State VAL al COL ZipCode VAL 36078 COL CountyName VAL elmore COL PhoneNumber VAL 3342836541 COL HospitalType VAL acute care hospitals COL HospitalOwner VAL voluntary non-profit - private COL EmergencyService VAL no COL Condition VAL heart attack COL MeasureCode VAL amix1 COL MeasureName VAL heart attack patients given aspirin at arrival COL Score VAL 77% COL Sample VAL 13 patients COL Stateavg VAL al_ami-1 ,COL City VAL tallassee ,0
476,COL ProviderNumber VAL 10035 COL HospitalName VAL cullman regional medical center COL Address1 VAL 1912 alabama highway 157 COL Address2 VAL empty COL Address3 VAL empty COL City VAL cullman COL State VAL al COL ZipCode VAL 35058 COL CountyName VAL cullman COL PhoneNumber VAL 2567372000 COL HospitalType VAL acute care hospitals COL HospitalOwner VAL government - hospital district or authority COL EmergencyService VAL yes COL Condition VAL heartxattack COL MeasureCode VAL ami-1 COL MeasureName VAL heart attack patients given aspirin at arrival COL Score VAL 100% COL Sample VAL 51 patients COL Stateavg VAL al_ami-1 ,COL City VAL cullmax ,1
477,COL ProviderNumber VAL 10035 COL HospitalName VAL cullman regional medical center COL Address1 VAL 1912 alabama highway 157 COL Address2 VAL empty COL Address3 VAL empty COL City VAL cullman COL State VAL al COL ZipCode VAL 35058 COL CountyName VAL cullman COL PhoneNumber VAL 2567372000 COL HospitalType VAL acute care hospitals COL HospitalOwner VAL government - hospital district or authority COL EmergencyService VAL yes COL Condition VAL heartxattack COL MeasureCode VAL ami-1 COL MeasureName VAL heart attack patients given aspirin at arrival COL Score VAL 100% COL Sample VAL 51 patients COL Stateavg VAL al_ami-1 ,COL City VAL cullman ,0
478,COL ProviderNumber VAL 10036 COL HospitalName VAL andalusia regional hospital COL Address1 VAL 849 south three notch street COL Address2 VAL empty COL Address3 VAL empty COL City VAL andalusia COL State VAL al COL ZipCode VAL 36420 COL CountyName VAL covington COL PhoneNumber VAL 3342228466 COL HospitalType VAL acute care hospitals COL HospitalOwner VAL proprietary COL EmergencyService VAL no COL Condition VAL heart attack COL MeasureCode VAL ami-1 COL MeasureName VAL heart attack patients given aspirin at arrival COL Score VAL 100% COL Sample VAL 8 patients COL Stateavg VAL al_ami-1 ,COL City VAL andalxsia ,1
479,COL ProviderNumber VAL 10036 COL HospitalName VAL andalusia regional hospital COL Address1 VAL 849 south three notch street COL Address2 VAL empty COL Address3 VAL empty COL City VAL andalusia COL State VAL al COL ZipCode VAL 36420 COL CountyName VAL covington COL PhoneNumber VAL 3342228466 COL HospitalType VAL acute care hospitals COL HospitalOwner VAL proprietary COL EmergencyService VAL no COL Condition VAL heart attack COL MeasureCode VAL ami-1 COL MeasureName VAL heart attack patients given aspirin at arrival COL Score VAL 100% COL Sample VAL 8 patients COL Stateavg VAL al_ami-1 ,COL City VAL andalusia ,0
480,COL ProviderNumber VAL 10039 COL HospitalName VAL huntsville hospital COL Address1 VAL 101 sivley rd COL Address2 VAL empty COL Address3 VAL empty COL City VAL huntsville COL State VAL al COL ZipCode VAL 35801 COL CountyName VAL madison COL PhoneNumber VAL 2562651000 COL HospitalType VAL acute care hospitals COL HospitalOwner VAL government - hospital district or authority COL EmergencyService VAL yes COL Condition VAL children s asthma care COL MeasureCode VAL xax-1 COL MeasureName VAL children who received reliever medication while hospitalized for asthma COL Score VAL 100% COL Sample VAL 193 patients COL Stateavg VAL al_cac-1 ,COL City VAL huntsvixxe ,1
481,COL ProviderNumber VAL 10039 COL HospitalName VAL huntsville hospital COL Address1 VAL 101 sivley rd COL Address2 VAL empty COL Address3 VAL empty COL City VAL huntsville COL State VAL al COL ZipCode VAL 35801 COL CountyName VAL madison COL PhoneNumber VAL 2562651000 COL HospitalType VAL acute care hospitals COL HospitalOwner VAL government - hospital district or authority COL EmergencyService VAL yes COL Condition VAL children s asthma care COL MeasureCode VAL xax-1 COL MeasureName VAL children who received reliever medication while hospitalized for asthma COL Score VAL 100% COL Sample VAL 193 patients COL Stateavg VAL al_cac-1 ,COL City VAL huntsville ,0
482,COL ProviderNumber VAL 10040 COL HospitalName VAL gadsden regional medical center COL Address1 VAL 1007 goodyear avenue COL Address2 VAL empty COL Address3 VAL empty COL City VAL gadsden COL State VAL al COL ZipCode VAL 35903 COL CountyName VAL etowah COL PhoneNumber VAL 2564944000 COL HospitalType VAL acute care hospitals COL HospitalOwner VAL proprietary COL EmergencyService VAL yes COL Condition VAL heart attack COL MeasureCode VAL ami-1 COL MeasureName VAL heart attack patxents gxven aspxrxn at arrxval COL Score VAL 94% COL Sample VAL 123 patients COL Stateavg VAL al_ami-1 ,COL City VAL gadsdex ,1
483,COL ProviderNumber VAL 10040 COL HospitalName VAL gadsden regional medical center COL Address1 VAL 1007 goodyear avenue COL Address2 VAL empty COL Address3 VAL empty COL City VAL gadsden COL State VAL al COL ZipCode VAL 35903 COL CountyName VAL etowah COL PhoneNumber VAL 2564944000 COL HospitalType VAL acute care hospitals COL HospitalOwner VAL proprietary COL EmergencyService VAL yes COL Condition VAL heart attack COL MeasureCode VAL ami-1 COL MeasureName VAL heart attack patxents gxven aspxrxn at arrxval COL Score VAL 94% COL Sample VAL 123 patients COL Stateavg VAL al_ami-1 ,COL City VAL gadsden ,0
484,COL ProviderNumber VAL 10043 COL HospitalName VAL chilton medical center COL Address1 VAL 1010 lay dam road COL Address2 VAL empty COL Address3 VAL empty COL City VAL clanton COL State VAL al COL ZipCode VAL 35045 COL CountyName VAL chilton COL PhoneNumber VAL 2057552500 COL HospitalType VAL acute care hospitals COL HospitalOwner VAL voluntary non-profit - private COL EmergencyService VAL yes COL Condition VAL heart attack COL MeasureCode VAL ami-1 COL MeasureName VAL heart attack patients given aspirin at arrival COL Score VAL 100% COL Sample VAL 1 patients COL Stateavg VAL xl_xmi-1 ,COL City VAL clxnton ,1
485,COL ProviderNumber VAL 10043 COL HospitalName VAL chilton medical center COL Address1 VAL 1010 lay dam road COL Address2 VAL empty COL Address3 VAL empty COL City VAL clanton COL State VAL al COL ZipCode VAL 35045 COL CountyName VAL chilton COL PhoneNumber VAL 2057552500 COL HospitalType VAL acute care hospitals COL HospitalOwner VAL voluntary non-profit - private COL EmergencyService VAL yes COL Condition VAL heart attack COL MeasureCode VAL ami-1 COL MeasureName VAL heart attack patients given aspirin at arrival COL Score VAL 100% COL Sample VAL 1 patients COL Stateavg VAL xl_xmi-1 ,COL City VAL clanton ,0
486,COL ProviderNumber VAL 10044 COL HospitalName VAL marion regional medical center COL Address1 VAL 1256 military street south COL Address2 VAL empty COL Address3 VAL empty COL City VAL hamilton COL State VAL al COL ZipCode VAL 35570 COL CountyName VAL marion COL PhoneNumber VAL 2059216200 COL HospitalType VAL acute care hospitals COL HospitalOwner VAL voluntary non-profit - private COL EmergencyService VAL yes COL Condition VAL heart attack COL MeasureCode VAL ami-1 COL MeasureName VAL heart attack patients given aspirin at arrival COL Score VAL 67% COL Sample VAL 3 patients COL Stateavg VAL al_ami-1 ,COL City VAL hamilxon ,1
487,COL ProviderNumber VAL 10044 COL HospitalName VAL marion regional medical center COL Address1 VAL 1256 military street south COL Address2 VAL empty COL Address3 VAL empty COL City VAL hamilton COL State VAL al COL ZipCode VAL 35570 COL CountyName VAL marion COL PhoneNumber VAL 2059216200 COL HospitalType VAL acute care hospitals COL HospitalOwner VAL voluntary non-profit - private COL EmergencyService VAL yes COL Condition VAL heart attack COL MeasureCode VAL ami-1 COL MeasureName VAL heart attack patients given aspirin at arrival COL Score VAL 67% COL Sample VAL 3 patients COL Stateavg VAL al_ami-1 ,COL City VAL hamilton ,0
488,COL ProviderNumber VAL 10045 COL HospitalName VAL fayette medical center COL Address1 VAL 1653 temple avenue north COL Address2 VAL empty COL Address3 VAL empty COL City VAL fayette COL State VAL al COL ZipCode VAL 35555 COL CountyName VAL fayette COL PhoneNumber VAL 2059325966 COL HospitalType VAL acute care hoxpitalx COL HospitalOwner VAL voluntary non-profit - other COL EmergencyService VAL yes COL Condition VAL heart attack COL MeasureCode VAL ami-1 COL MeasureName VAL heart attack patients given aspirin at arrival COL Score VAL 100% COL Sample VAL 18 patients COL Stateavg VAL al_ami-1 ,COL City VAL fayxttx ,1
489,COL ProviderNumber VAL 10045 COL HospitalName VAL fayette medical center COL Address1 VAL 1653 temple avenue north COL Address2 VAL empty COL Address3 VAL empty COL City VAL fayette COL State VAL al COL ZipCode VAL 35555 COL CountyName VAL fayette COL PhoneNumber VAL 2059325966 COL HospitalType VAL acute care hoxpitalx COL HospitalOwner VAL voluntary non-profit - other COL EmergencyService VAL yes COL Condition VAL heart attack COL MeasureCode VAL ami-1 COL MeasureName VAL heart attack patients given aspirin at arrival COL Score VAL 100% COL Sample VAL 18 patients COL Stateavg VAL al_ami-1 ,COL City VAL fayette ,0
490,COL ProviderNumber VAL 10047 COL HospitalName VAL georgiana hospital COL Address1 VAL 515 miranda st COL Address2 VAL empty COL Address3 VAL empty COL City VAL georgiana COL State VAL al COL ZipCode VAL 36033 COL CountyName VAL butler COL PhoneNumber VAL 3343762205 COL HospitalType VAL acute care hospitals COL HospitalOwner VAL voluntary non-profit - private COL EmergencyService VAL no COL Condition VAL heart attack COL MeasureCode VAL amix1 COL MeasureName VAL heart attack patients given aspirin at arrival COL Score VAL 53% COL Sample VAL 19 patients COL Stateavg VAL al_ami-1 ,COL City VAL gxorgiana ,1
491,COL ProviderNumber VAL 10047 COL HospitalName VAL georgiana hospital COL Address1 VAL 515 miranda st COL Address2 VAL empty COL Address3 VAL empty COL City VAL georgiana COL State VAL al COL ZipCode VAL 36033 COL CountyName VAL butler COL PhoneNumber VAL 3343762205 COL HospitalType VAL acute care hospitals COL HospitalOwner VAL voluntary non-profit - private COL EmergencyService VAL no COL Condition VAL heart attack COL MeasureCode VAL amix1 COL MeasureName VAL heart attack patients given aspirin at arrival COL Score VAL 53% COL Sample VAL 19 patients COL Stateavg VAL al_ami-1 ,COL City VAL georgiana ,0
492,COL ProviderNumber VAL 1004x COL HospitalName VAL medical center enterprise COL Address1 VAL 400 n edwards street COL Address2 VAL empty COL Address3 VAL empty COL City VAL enterprise COL State VAL al COL ZipCode VAL 36330 COL CountyName VAL coffee COL PhoneNumber VAL 3343470584 COL HospitalType VAL acute care hospitals COL HospitalOwner VAL proprietary COL EmergencyService VAL yes COL Condition VAL hexrt attxck COL MeasureCode VAL ami-1 COL MeasureName VAL heart attack patients given aspirin at arrival COL Score VAL 100% COL Sample VAL 4 patients COL Stateavg VAL al_ami-1 ,COL City VAL exterprise ,1
493,COL ProviderNumber VAL 1004x COL HospitalName VAL medical center enterprise COL Address1 VAL 400 n edwards street COL Address2 VAL empty COL Address3 VAL empty COL City VAL enterprise COL State VAL al COL ZipCode VAL 36330 COL CountyName VAL coffee COL PhoneNumber VAL 3343470584 COL HospitalType VAL acute care hospitals COL HospitalOwner VAL proprietary COL EmergencyService VAL yes COL Condition VAL hexrt attxck COL MeasureCode VAL ami-1 COL MeasureName VAL heart attack patients given aspirin at arrival COL Score VAL 100% COL Sample VAL 4 patients COL Stateavg VAL al_ami-1 ,COL City VAL enterprise ,0
494,COL ProviderNumber VAL 10050 COL HospitalName VAL st vincents blount COL Address1 VAL 150 gilbreath drive COL Address2 VAL empty COL Address3 VAL empty COL City VAL oneonta COL State VAL al COL ZipCode VAL 35121 COL CountyName VAL blount COL PhoneNumber VAL 2052743000 COL HospitalType VAL acute care hospitals COL HospitalOwner VAL voluntary non-profit - private COL EmergencyService VAL yes COL Condition VAL heart attack COL MeasureCode VAL ami-1 COL MeasureName VAL heart attack patients given aspirin at arrival COL Score VAL 100% COL Sample VAL 7 patients COL Stateavg VAL al_ami-1 ,COL City VAL xnexnta ,1
495,COL ProviderNumber VAL 10050 COL HospitalName VAL st vincents blount COL Address1 VAL 150 gilbreath drive COL Address2 VAL empty COL Address3 VAL empty COL City VAL oneonta COL State VAL al COL ZipCode VAL 35121 COL CountyName VAL blount COL PhoneNumber VAL 2052743000 COL HospitalType VAL acute care hospitals COL HospitalOwner VAL voluntary non-profit - private COL EmergencyService VAL yes COL Condition VAL heart attack COL MeasureCode VAL ami-1 COL MeasureName VAL heart attack patients given aspirin at arrival COL Score VAL 100% COL Sample VAL 7 patients COL Stateavg VAL al_ami-1 ,COL City VAL oneonta ,0
496,COL ProviderNumber VAL 10018 COL HospitalName VAL callahan eye foundation hospital COL Address1 VAL 1720 university blvd COL Address2 VAL empty COL Address3 VAL empty COL City VAL birmingham COL State VAL al COL ZipCode VAL 35233 COL CountyName VAL jefferson COL PhoneNumber VAL 2053258100 COL HospitalType VAL acute care hospitals COL HospitalOwner VAL voluntary non-profit - private COL EmergencyService VAL yes COL Condition VAL surgical infection prevention COL MeasureCode VAL scip-inf-1 COL MeasureName VAL surgery patients who were given an antibiotic at the right time (within one hour before surgery) to help prevent infection COL Score VAL empty COL Sample VAL empty COL Stateavg VAL al_scip-inf-1 ,COL State VAL xl ,1
497,COL ProviderNumber VAL 10018 COL HospitalName VAL callahan eye foundation hospital COL Address1 VAL 1720 university blvd COL Address2 VAL empty COL Address3 VAL empty COL City VAL birmingham COL State VAL al COL ZipCode VAL 35233 COL CountyName VAL jefferson COL PhoneNumber VAL 2053258100 COL HospitalType VAL acute care hospitals COL HospitalOwner VAL voluntary non-profit - private COL EmergencyService VAL yes COL Condition VAL surgical infection prevention COL MeasureCode VAL scip-inf-1 COL MeasureName VAL surgery patients who were given an antibiotic at the right time (within one hour before surgery) to help prevent infection COL Score VAL empty COL Sample VAL empty COL Stateavg VAL al_scip-inf-1 ,COL State VAL al ,0
498,COL ProviderNumber VAL 20017 COL HospitalName VAL alaska regional hospital COL Address1 VAL 2801 debarr road COL Address2 VAL empty COL Address3 VAL empty COL City VAL anchorage COL State VAL ak COL ZipCode VAL 99508 COL CountyName VAL anchorage COL PhoneNumber VAL 9072761131 COL HospitalType VAL acute care hospitals COL HospitalOwner VAL proprietary COL EmergencyService VAL yes COL Condition VAL heart failure COL MeasureCode VAL hf-1 COL MeasureName VAL heart failure patients given discharge instructions COL Score VAL 91% COL Sample VAL 57 patients COL Stateavg VAL ak_hf-1 ,COL State VAL ax ,1
499,COL ProviderNumber VAL 20017 COL HospitalName VAL alaska regional hospital COL Address1 VAL 2801 debarr road COL Address2 VAL empty COL Address3 VAL empty COL City VAL anchorage COL State VAL ak COL ZipCode VAL 99508 COL CountyName VAL anchorage COL PhoneNumber VAL 9072761131 COL HospitalType VAL acute care hospitals COL HospitalOwner VAL proprietary COL EmergencyService VAL yes COL Condition VAL heart failure COL MeasureCode VAL hf-1 COL MeasureName VAL heart failure patients given discharge instructions COL Score VAL 91% COL Sample VAL 57 patients COL Stateavg VAL ak_hf-1 ,COL State VAL ak ,0
500,COL ProviderNumber VAL 10018 COL HospitalName VAL callahan eye foundation hospital COL Address1 VAL 1720 university blvd COL Address2 VAL empty COL Address3 VAL empty COL City VAL birmingham COL State VAL al COL ZipCode VAL 35233 COL CountyName VAL jefferson COL PhoneNumber VAL 2053258100 COL HospitalType VAL acute care hospitals COL HospitalOwner VAL voluntary non-profit - private COL EmergencyService VAL yes COL Condition VAL surgical infection prevention COL MeasureCode VAL scip-inf-1 COL MeasureName VAL surgery patients who were given an antibiotic at the right time (within one hour before surgery) to help prevent infection COL Score VAL empty COL Sample VAL empty COL Stateavg VAL al_scip-inf-1 ,COL ZipCode VAL x52xx ,1
501,COL ProviderNumber VAL 10018 COL HospitalName VAL callahan eye foundation hospital COL Address1 VAL 1720 university blvd COL Address2 VAL empty COL Address3 VAL empty COL City VAL birmingham COL State VAL al COL ZipCode VAL 35233 COL CountyName VAL jefferson COL PhoneNumber VAL 2053258100 COL HospitalType VAL acute care hospitals COL HospitalOwner VAL voluntary non-profit - private COL EmergencyService VAL yes COL Condition VAL surgical infection prevention COL MeasureCode VAL scip-inf-1 COL MeasureName VAL surgery patients who were given an antibiotic at the right time (within one hour before surgery) to help prevent infection COL Score VAL empty COL Sample VAL empty COL Stateavg VAL al_scip-inf-1 ,COL ZipCode VAL 35233 ,0
502,COL ProviderNumber VAL 10019 COL HospitalName VAL helen keller memorial hospital COL Address1 VAL 1300 south montgomery avenue COL Address2 VAL empty COL Address3 VAL empty COL City VAL sheffield COL State VAL al COL ZipCode VAL 35660 COL CountyName VAL jefferson COL PhoneNumber VAL 2563864556 COL HospitalType VAL acute care hospitals COL HospitalOwner VAL government - hospital district or authority COL EmergencyService VAL yes COL Condition VAL heart attack COL MeasureCode VAL ami-1 COL MeasureName VAL heart attack patients given aspirin at arrival COL Score VAL 97% COL Sample VAL 33 patients COL Stateavg VAL al_ami-1 ,COL ZipCode VAL 3x660 ,1
503,COL ProviderNumber VAL 10019 COL HospitalName VAL helen keller memorial hospital COL Address1 VAL 1300 south montgomery avenue COL Address2 VAL empty COL Address3 VAL empty COL City VAL sheffield COL State VAL al COL ZipCode VAL 35660 COL CountyName VAL jefferson COL PhoneNumber VAL 2563864556 COL HospitalType VAL acute care hospitals COL HospitalOwner VAL government - hospital district or authority COL EmergencyService VAL yes COL Condition VAL heart attack COL MeasureCode VAL ami-1 COL MeasureName VAL heart attack patients given aspirin at arrival COL Score VAL 97% COL Sample VAL 33 patients COL Stateavg VAL al_ami-1 ,COL ZipCode VAL 35660 ,0
504,COL ProviderNumber VAL 10001 COL HospitalName VAL southeast alabama medical center COL Address1 VAL 1108 ross clark circle COL Address2 VAL empty COL Address3 VAL empty COL City VAL dothan COL State VAL al COL ZipCode VAL 36302 COL CountyName VAL houston COL PhoneNumber VAL 3347938701 COL HospitalType VAL acute care hospitals COL HospitalOwner VAL government - hospital district or authority COL EmergencyService VAL yes COL Condition VAL heart attack COL MeasureCode VAL ami-1 COL MeasureName VAL heart attack patients given aspirin at arrival COL Score VAL 98% COL Sample VAL 270 patients COL Stateavg VAL al_ami-1 ,COL ZipCode VAL x6x02 ,1
505,COL ProviderNumber VAL 10001 COL HospitalName VAL southeast alabama medical center COL Address1 VAL 1108 ross clark circle COL Address2 VAL empty COL Address3 VAL empty COL City VAL dothan COL State VAL al COL ZipCode VAL 36302 COL CountyName VAL houston COL PhoneNumber VAL 3347938701 COL HospitalType VAL acute care hospitals COL HospitalOwner VAL government - hospital district or authority COL EmergencyService VAL yes COL Condition VAL heart attack COL MeasureCode VAL ami-1 COL MeasureName VAL heart attack patients given aspirin at arrival COL Score VAL 98% COL Sample VAL 270 patients COL Stateavg VAL al_ami-1 ,COL ZipCode VAL 36302 ,0
506,COL ProviderNumber VAL x0005 COL HospitalName VAL marshall medical center south COL Address1 VAL 2505 u s highway 431 north COL Address2 VAL empty COL Address3 VAL empty COL City VAL boaz COL State VAL al COL ZipCode VAL 35957 COL CountyName VAL marshall COL PhoneNumber VAL 2565938310 COL HospitalType VAL acute care hospitals COL HospitalOwner VAL government - hospital district or authority COL EmergencyService VAL yes COL Condition VAL heart attack COL MeasureCode VAL ami-2 COL MeasureName VAL heart attack patients given aspirin at discharge COL Score VAL 60% COL Sample VAL 5 patients COL Stateavg VAL al_ami-2 ,COL ZipCode VAL 3x9x7 ,1
507,COL ProviderNumber VAL x0005 COL HospitalName VAL marshall medical center south COL Address1 VAL 2505 u s highway 431 north COL Address2 VAL empty COL Address3 VAL empty COL City VAL boaz COL State VAL al COL ZipCode VAL 35957 COL CountyName VAL marshall COL PhoneNumber VAL 2565938310 COL HospitalType VAL acute care hospitals COL HospitalOwner VAL government - hospital district or authority COL EmergencyService VAL yes COL Condition VAL heart attack COL MeasureCode VAL ami-2 COL MeasureName VAL heart attack patients given aspirin at discharge COL Score VAL 60% COL Sample VAL 5 patients COL Stateavg VAL al_ami-2 ,COL ZipCode VAL 35957 ,0
508,COL ProviderNumber VAL 10006 COL HospitalName VAL eliza coffee memorial hospital COL Address1 VAL 205 marengo street COL Address2 VAL empty COL Address3 VAL empty COL City VAL florence COL State VAL al COL ZipCode VAL 35631 COL CountyName VAL lauderdale COL PhoneNumber VAL 2567688400 COL HospitalType VAL acute care hospitals COL HospitalOwner VAL voluntary non-profit - other COL EmergencyService VAL yes COL Condition VAL heart attack COL MeasureCode VAL ami-3 COL MeasureName VAL heart attack patients given ace inhibitor or arb for left ventricular systolic dysfunction (lvsd) COL Score VAL 93% COL Sample VAL 43 patients COL Stateavg VAL al_ami-3 ,COL ZipCode VAL x56x1 ,1
509,COL ProviderNumber VAL 10006 COL HospitalName VAL eliza coffee memorial hospital COL Address1 VAL 205 marengo street COL Address2 VAL empty COL Address3 VAL empty COL City VAL florence COL State VAL al COL ZipCode VAL 35631 COL CountyName VAL lauderdale COL PhoneNumber VAL 2567688400 COL HospitalType VAL acute care hospitals COL HospitalOwner VAL voluntary non-profit - other COL EmergencyService VAL yes COL Condition VAL heart attack COL MeasureCode VAL ami-3 COL MeasureName VAL heart attack patients given ace inhibitor or arb for left ventricular systolic dysfunction (lvsd) COL Score VAL 93% COL Sample VAL 43 patients COL Stateavg VAL al_ami-3 ,COL ZipCode VAL 35631 ,0
510,COL ProviderNumber VAL 10007 COL HospitalName VAL mizell memorial hospital COL Address1 VAL 702 n main st COL Address2 VAL empty COL Address3 VAL empty COL City VAL opp COL State VAL al COL ZipCode VAL 36467 COL CountyName VAL covington COL PhoneNumber VAL 3344933541 COL HospitalType VAL acute care hospitals COL HospitalOwner VAL voluntary non-profit - private COL EmergencyService VAL no COL Condition VAL heart attack COL MeasureCode VAL ami-2 COL MeasureName VAL heart attack patients given aspirin at discharge COL Score VAL 50% COL Sample VAL 2 patients COL Stateavg VAL al_ami-2 ,COL ZipCode VAL 36x67 ,1
511,COL ProviderNumber VAL 10007 COL HospitalName VAL mizell memorial hospital COL Address1 VAL 702 n main st COL Address2 VAL empty COL Address3 VAL empty COL City VAL opp COL State VAL al COL ZipCode VAL 36467 COL CountyName VAL covington COL PhoneNumber VAL 3344933541 COL HospitalType VAL acute care hospitals COL HospitalOwner VAL voluntary non-profit - private COL EmergencyService VAL no COL Condition VAL heart attack COL MeasureCode VAL ami-2 COL MeasureName VAL heart attack patients given aspirin at discharge COL Score VAL 50% COL Sample VAL 2 patients COL Stateavg VAL al_ami-2 ,COL ZipCode VAL 36467 ,0
512,COL ProviderNumber VAL 10008 COL HospitalName VAL crenshaw community hospital COL Address1 VAL 101 hospital circle COL Address2 VAL empty COL Address3 VAL empty COL City VAL luverne COL State VAL al COL ZipCode VAL 36049 COL CountyName VAL crenshaw COL PhoneNumber VAL 3343353374 COL HospitalType VAL acute care hospitals COL HospitalOwner VAL government - federal COL EmergencyService VAL yes COL Condition VAL heart attack COL MeasureCode VAL axi-2 COL MeasureName VAL heart attack patients given aspirin at discharge COL Score VAL x00% COL Sample VAL 1 patients COL Stateavg VAL al_ami-2 ,COL ZipCode VAL 36x49 ,1
513,COL ProviderNumber VAL 10008 COL HospitalName VAL crenshaw community hospital COL Address1 VAL 101 hospital circle COL Address2 VAL empty COL Address3 VAL empty COL City VAL luverne COL State VAL al COL ZipCode VAL 36049 COL CountyName VAL crenshaw COL PhoneNumber VAL 3343353374 COL HospitalType VAL acute care hospitals COL HospitalOwner VAL government - federal COL EmergencyService VAL yes COL Condition VAL heart attack COL MeasureCode VAL axi-2 COL MeasureName VAL heart attack patients given aspirin at discharge COL Score VAL x00% COL Sample VAL 1 patients COL Stateavg VAL al_ami-2 ,COL ZipCode VAL 36049 ,0
514,COL ProviderNumber VAL 10009 COL HospitalName VAL hartselle medical center COL Address1 VAL 201 pine street northwest COL Address2 VAL empty COL Address3 VAL empty COL City VAL hartselle COL State VAL al COL ZipCode VAL 35640 COL CountyName VAL morgan COL PhoneNumber VAL 2567736511 COL HospitalType VAL acute care hospitals COL HospitalOwner VAL proprietary COL EmergencyService VAL yes COL Condition VAL heart attack COL MeasureCode VAL ami-1 COL MeasureName VAL heart attack patients given aspirin at arrival COL Score VAL 100% COL Sample VAL 6 patients COL Stateavg VAL al_ami-1 ,COL ZipCode VAL 3564x ,1
515,COL ProviderNumber VAL 10009 COL HospitalName VAL hartselle medical center COL Address1 VAL 201 pine street northwest COL Address2 VAL empty COL Address3 VAL empty COL City VAL hartselle COL State VAL al COL ZipCode VAL 35640 COL CountyName VAL morgan COL PhoneNumber VAL 2567736511 COL HospitalType VAL acute care hospitals COL HospitalOwner VAL proprietary COL EmergencyService VAL yes COL Condition VAL heart attack COL MeasureCode VAL ami-1 COL MeasureName VAL heart attack patients given aspirin at arrival COL Score VAL 100% COL Sample VAL 6 patients COL Stateavg VAL al_ami-1 ,COL ZipCode VAL 35640 ,0
516,COL ProviderNumber VAL 10010 COL HospitalName VAL marshall medical center north COL Address1 VAL 8000 alabama highway 69 COL Address2 VAL empty COL Address3 VAL empty COL City VAL guntersville COL State VAL al COL ZipCode VAL 35976 COL CountyName VAL marshall COL PhoneNumber VAL 2565718000 COL HospitalType VAL acute care hospitals COL HospitalOwner VAL government - hospital district or authority COL EmergencyService VAL yes COL Condition VAL heart attack COL MeasureCode VAL ami-1 COL MeasureName VAL heart attack patients given aspirin at arrival COL Score VAL 100% COL Sample VAL 8 patients COL Stateavg VAL al_ami-1 ,COL ZipCode VAL 3x976 ,1
517,COL ProviderNumber VAL 10010 COL HospitalName VAL marshall medical center north COL Address1 VAL 8000 alabama highway 69 COL Address2 VAL empty COL Address3 VAL empty COL City VAL guntersville COL State VAL al COL ZipCode VAL 35976 COL CountyName VAL marshall COL PhoneNumber VAL 2565718000 COL HospitalType VAL acute care hospitals COL HospitalOwner VAL government - hospital district or authority COL EmergencyService VAL yes COL Condition VAL heart attack COL MeasureCode VAL ami-1 COL MeasureName VAL heart attack patients given aspirin at arrival COL Score VAL 100% COL Sample VAL 8 patients COL Stateavg VAL al_ami-1 ,COL ZipCode VAL 35976 ,0
518,COL ProviderNumber VAL 10011 COL HospitalName VAL st vincents east COL Address1 VAL 50 medical park east drive COL Address2 VAL empty COL Address3 VAL empty COL City VAL birmingham COL State VAL al COL ZipCode VAL 35235 COL CountyName VAL jefferson COL PhoneNumber VAL 2058383122 COL HospitalType VAL acute care hospitals COL HospitalOwner VAL voluntary non-profit - private COL EmergencyService VAL yes COL Condition VAL heart attack COL MeasureCode VAL ami-1 COL MeasureName VAL heart attack patients given aspirin at arrival COL Score VAL 99% COL Sample VAL 240 patients COL Stateavg VAL al_ami-1 ,COL ZipCode VAL 3x23x ,1
519,COL ProviderNumber VAL 10011 COL HospitalName VAL st vincents east COL Address1 VAL 50 medical park east drive COL Address2 VAL empty COL Address3 VAL empty COL City VAL birmingham COL State VAL al COL ZipCode VAL 35235 COL CountyName VAL jefferson COL PhoneNumber VAL 2058383122 COL HospitalType VAL acute care hospitals COL HospitalOwner VAL voluntary non-profit - private COL EmergencyService VAL yes COL Condition VAL heart attack COL MeasureCode VAL ami-1 COL MeasureName VAL heart attack patients given aspirin at arrival COL Score VAL 99% COL Sample VAL 240 patients COL Stateavg VAL al_ami-1 ,COL ZipCode VAL 35235 ,0
520,COL ProviderNumber VAL 10012 COL HospitalName VAL dekalb regional medical center COL Address1 VAL 200 med center drive COL Address2 VAL empty COL Address3 VAL empty COL City VAL fort payne COL State VAL al COL ZipCode VAL 35968 COL CountyName VAL de kalb COL PhoneNumber VAL 2568453150 COL HospitalType VAL acute care hospitals COL HospitalOwner VAL voluntary non-profit - church COL EmergencyService VAL yes COL Condition VAL heart attack COL MeasureCode VAL ami-2 COL MeasureName VAL heart attack patients given aspirin at discharge COL Score VAL 95% COL Sample VAL 39 patients COL Stateavg VAL al_ami-2 ,COL ZipCode VAL x5968 ,1
521,COL ProviderNumber VAL 10012 COL HospitalName VAL dekalb regional medical center COL Address1 VAL 200 med center drive COL Address2 VAL empty COL Address3 VAL empty COL City VAL fort payne COL State VAL al COL ZipCode VAL 35968 COL CountyName VAL de kalb COL PhoneNumber VAL 2568453150 COL HospitalType VAL acute care hospitals COL HospitalOwner VAL voluntary non-profit - church COL EmergencyService VAL yes COL Condition VAL heart attack COL MeasureCode VAL ami-2 COL MeasureName VAL heart attack patients given aspirin at discharge COL Score VAL 95% COL Sample VAL 39 patients COL Stateavg VAL al_ami-2 ,COL ZipCode VAL 35968 ,0
522,COL ProviderNumber VAL x00x5 COL HospitalName VAL southwest alabama medical center COL Address1 VAL 33700 highway 43 COL Address2 VAL empty COL Address3 VAL empty COL City VAL thomasville COL State VAL al COL ZipCode VAL 36784 COL CountyName VAL clarke COL PhoneNumber VAL 3346366221 COL HospitalType VAL acute care hospitals COL HospitalOwner VAL government - federal COL EmergencyService VAL yes COL Condition VAL heart attack COL MeasureCode VAL ami-1 COL MeasureName VAL heart attack patients given aspirin at arrival COL Score VAL empty COL Sample VAL 0 patients COL Stateavg VAL ax_ami-1 ,COL ZipCode VAL 36x84 ,1
523,COL ProviderNumber VAL x00x5 COL HospitalName VAL southwest alabama medical center COL Address1 VAL 33700 highway 43 COL Address2 VAL empty COL Address3 VAL empty COL City VAL thomasville COL State VAL al COL ZipCode VAL 36784 COL CountyName VAL clarke COL PhoneNumber VAL 3346366221 COL HospitalType VAL acute care hospitals COL HospitalOwner VAL government - federal COL EmergencyService VAL yes COL Condition VAL heart attack COL MeasureCode VAL ami-1 COL MeasureName VAL heart attack patients given aspirin at arrival COL Score VAL empty COL Sample VAL 0 patients COL Stateavg VAL ax_ami-1 ,COL ZipCode VAL 36784 ,0
524,COL ProviderNumber VAL 10016 COL HospitalName VAL shelby baptist medical center COL Address1 VAL 1000 first street north COL Address2 VAL empty COL Address3 VAL empty COL City VAL alabaster COL State VAL al COL ZipCode VAL 35007 COL CountyName VAL shelby COL PhoneNumber VAL 2056208100 COL HospitalType VAL acute care hospitals COL HospitalOwner VAL voluntary non-profit - church COL EmergencyService VAL yes COL Condition VAL heart attack COL MeasureCode VAL ami-2 COL MeasureName VAL heart attack patients given aspirin at discharge COL Score VAL 97% COL Sample VAL 208 patients COL Stateavg VAL al_ami-2 ,COL ZipCode VAL 35xx7 ,1
525,COL ProviderNumber VAL 10016 COL HospitalName VAL shelby baptist medical center COL Address1 VAL 1000 first street north COL Address2 VAL empty COL Address3 VAL empty COL City VAL alabaster COL State VAL al COL ZipCode VAL 35007 COL CountyName VAL shelby COL PhoneNumber VAL 2056208100 COL HospitalType VAL acute care hospitals COL HospitalOwner VAL voluntary non-profit - church COL EmergencyService VAL yes COL Condition VAL heart attack COL MeasureCode VAL ami-2 COL MeasureName VAL heart attack patients given aspirin at discharge COL Score VAL 97% COL Sample VAL 208 patients COL Stateavg VAL al_ami-2 ,COL ZipCode VAL 35007 ,0
526,COL ProviderNumber VAL 10038 COL HospitalName VAL stringfellow memorial hospital COL Address1 VAL 301 east 18th st COL Address2 VAL empty COL Address3 VAL empty COL City VAL axxistox COL State VAL al COL ZipCode VAL 36201 COL CountyName VAL calhoun COL PhoneNumber VAL 2562358900 COL HospitalType VAL acute care hospitals COL HospitalOwner VAL proprietary COL EmergencyService VAL yes COL Condition VAL children s asthma care COL MeasureCode VAL cac-2 COL MeasureName VAL children who received systemic corticosteroid medication (oral and iv medication that reduces inflammation and controls symptoms) while hospitalized for asthma COL Score VAL 100% COL Sample VAL 9 patients COL Stateavg VAL al_cac-2 ,COL ZipCode VAL x6201 ,1
527,COL ProviderNumber VAL 10038 COL HospitalName VAL stringfellow memorial hospital COL Address1 VAL 301 east 18th st COL Address2 VAL empty COL Address3 VAL empty COL City VAL axxistox COL State VAL al COL ZipCode VAL 36201 COL CountyName VAL calhoun COL PhoneNumber VAL 2562358900 COL HospitalType VAL acute care hospitals COL HospitalOwner VAL proprietary COL EmergencyService VAL yes COL Condition VAL children s asthma care COL MeasureCode VAL cac-2 COL MeasureName VAL children who received systemic corticosteroid medication (oral and iv medication that reduces inflammation and controls symptoms) while hospitalized for asthma COL Score VAL 100% COL Sample VAL 9 patients COL Stateavg VAL al_cac-2 ,COL ZipCode VAL 36201 ,0
528,COL ProviderNumber VAL 10055 COL HospitalName VAL flowers hospital COL Address1 VAL 4370 west main street COL Address2 VAL empty COL Address3 VAL empty COL City VAL dothan COL State VAL al COL ZipCode VAL 36305 COL CountyName VAL houston COL PhoneNumber VAL 3347935000 COL HospitalType VAL acute care hospitals COL HospitalOwner VAL proprietary COL EmergencyService VAL yes COL Condition VAL heart failure COL MeasureCode VAL hf-2 COL MeasureName VAL heart failure patients given an evaluation of left ventricular systolic (lvs) function COL Score VAL 100% COL Sample VAL 342 patients COL Stateavg VAL al_hf-2 ,COL ZipCode VAL x6x05 ,1
529,COL ProviderNumber VAL 10055 COL HospitalName VAL flowers hospital COL Address1 VAL 4370 west main street COL Address2 VAL empty COL Address3 VAL empty COL City VAL dothan COL State VAL al COL ZipCode VAL 36305 COL CountyName VAL houston COL PhoneNumber VAL 3347935000 COL HospitalType VAL acute care hospitals COL HospitalOwner VAL proprietary COL EmergencyService VAL yes COL Condition VAL heart failure COL MeasureCode VAL hf-2 COL MeasureName VAL heart failure patients given an evaluation of left ventricular systolic (lvs) function COL Score VAL 100% COL Sample VAL 342 patients COL Stateavg VAL al_hf-2 ,COL ZipCode VAL 36305 ,0
530,COL ProviderNumber VAL 10056 COL HospitalName VAL st vincents hospital COL Address1 VAL 810 st vincents drive COL Address2 VAL empty COL Address3 VAL empty COL City VAL birmingham COL State VAL al COL ZipCode VAL 35205 COL CountyName VAL jefferson COL PhoneNumber VAL 2059397000 COL HospitalType VAL acute care hospitals COL HospitalOwner VAL voluntary non-profit - other COL EmergencyService VAL yes COL Condition VAL heart attack COL MeasureCode VAL ami-1 COL MeasureName VAL heart attack patients given aspirin at arrival COL Score VAL 97% COL Sample VAL 239 patients COL Stateavg VAL al_ami-1 ,COL ZipCode VAL 35x05 ,1
531,COL ProviderNumber VAL 10056 COL HospitalName VAL st vincents hospital COL Address1 VAL 810 st vincents drive COL Address2 VAL empty COL Address3 VAL empty COL City VAL birmingham COL State VAL al COL ZipCode VAL 35205 COL CountyName VAL jefferson COL PhoneNumber VAL 2059397000 COL HospitalType VAL acute care hospitals COL HospitalOwner VAL voluntary non-profit - other COL EmergencyService VAL yes COL Condition VAL heart attack COL MeasureCode VAL ami-1 COL MeasureName VAL heart attack patients given aspirin at arrival COL Score VAL 97% COL Sample VAL 239 patients COL Stateavg VAL al_ami-1 ,COL ZipCode VAL 35205 ,0
532,COL ProviderNumber VAL 10085 COL HospitalName VAL decatur general hospital COL Address1 VAL 1201 7th street se COL Address2 VAL empty COL Address3 VAL empty COL City VAL decatur COL State VAL al COL ZipCode VAL 35609 COL CountyName VAL morgan COL PhoneNumber VAL 2563412000 COL HospitalType VAL acute care hospitals COL HospitalOwner VAL government - hospital district or authority COL EmergencyService VAL yes COL Condition VAL surgical infection prevention COL MeasureCode VAL scip-vte-2 COL MeasureName VAL patients who got treatment  at the right time (within 24 hours before or after their surgery) to help prevent blood clots after certain types of surgery COL Score VAL 87% COL Sample VAL 205 patients COL Stateavg VAL al_scip-vte-2 ,COL ZipCode VAL 3x609 ,1
533,COL ProviderNumber VAL 10085 COL HospitalName VAL decatur general hospital COL Address1 VAL 1201 7th street se COL Address2 VAL empty COL Address3 VAL empty COL City VAL decatur COL State VAL al COL ZipCode VAL 35609 COL CountyName VAL morgan COL PhoneNumber VAL 2563412000 COL HospitalType VAL acute care hospitals COL HospitalOwner VAL government - hospital district or authority COL EmergencyService VAL yes COL Condition VAL surgical infection prevention COL MeasureCode VAL scip-vte-2 COL MeasureName VAL patients who got treatment  at the right time (within 24 hours before or after their surgery) to help prevent blood clots after certain types of surgery COL Score VAL 87% COL Sample VAL 205 patients COL Stateavg VAL al_scip-vte-2 ,COL ZipCode VAL 35609 ,0
534,COL ProviderNumber VAL 10086 COL HospitalName VAL northwest medical center COL Address1 VAL 1530 u s highway 43 COL Address2 VAL empty COL Address3 VAL empty COL City VAL winfield COL State VAL al COL ZipCode VAL 35594 COL CountyName VAL marion COL PhoneNumber VAL 2054877736 COL HospitalType VAL acute care hospitals COL HospitalOwner VAL proprietary COL EmergencyService VAL yes COL Condition VAL heart attack COL MeasureCode VAL ami-1 COL MeasureName VAL heart attack patients given aspirin at arrival COL Score VAL 100% COL Sample VAL 1x patients COL Stateavg VAL al_ami-1 ,COL ZipCode VAL 355x4 ,1
535,COL ProviderNumber VAL 10086 COL HospitalName VAL northwest medical center COL Address1 VAL 1530 u s highway 43 COL Address2 VAL empty COL Address3 VAL empty COL City VAL winfield COL State VAL al COL ZipCode VAL 35594 COL CountyName VAL marion COL PhoneNumber VAL 2054877736 COL HospitalType VAL acute care hospitals COL HospitalOwner VAL proprietary COL EmergencyService VAL yes COL Condition VAL heart attack COL MeasureCode VAL ami-1 COL MeasureName VAL heart attack patients given aspirin at arrival COL Score VAL 100% COL Sample VAL 1x patients COL Stateavg VAL al_ami-1 ,COL ZipCode VAL 35594 ,0
536,COL ProviderNumber VAL 10087 COL HospitalName VAL univ of south alabama medical center COL Address1 VAL 2451 fillingim street COL Address2 VAL empty COL Address3 VAL empty COL City VAL mobile COL State VAL al COL ZipCode VAL 36617 COL CountyName VAL mobile COL PhoneNumber VAL 2514717110 COL HospitalType VAL acute care hospitals COL HospitalOwner VAL government - state COL EmergencyService VAL yes COL Condition VAL heart attack COL MeasureCode VAL ami-1 COL MeasureName VAL heart attack patients given aspirin at arrival COL Score VAL 99% COL Sample VAL 86 patients COL Stateavg VAL al_ami-1 ,COL ZipCode VAL 3661x ,1
537,COL ProviderNumber VAL 10087 COL HospitalName VAL univ of south alabama medical center COL Address1 VAL 2451 fillingim street COL Address2 VAL empty COL Address3 VAL empty COL City VAL mobile COL State VAL al COL ZipCode VAL 36617 COL CountyName VAL mobile COL PhoneNumber VAL 2514717110 COL HospitalType VAL acute care hospitals COL HospitalOwner VAL government - state COL EmergencyService VAL yes COL Condition VAL heart attack COL MeasureCode VAL ami-1 COL MeasureName VAL heart attack patients given aspirin at arrival COL Score VAL 99% COL Sample VAL 86 patients COL Stateavg VAL al_ami-1 ,COL ZipCode VAL 36617 ,0
538,COL ProviderNumber VAL 10108 COL HospitalName VAL prattville baptist hospital COL Address1 VAL 124 s memorial dr COL Address2 VAL empty COL Address3 VAL empty COL City VAL prattville COL State VAL al COL ZipCode VAL 36067 COL CountyName VAL autauga COL PhoneNumber VAL 3343614267 COL HospitalType VAL acute care hospitals COL HospitalOwner VAL voluntary non-profit - private COL EmergencyService VAL yes COL Condition VAL heart attack COL MeasureCode VAL ami-2 COL MeasureName VAL heart attack patients given aspirin at discharge COL Score VAL 100% COL Sample VAL 4 patients COL Stateavg VAL al_ami-2 ,COL ZipCode VAL 3x0x7 ,1
539,COL ProviderNumber VAL 10108 COL HospitalName VAL prattville baptist hospital COL Address1 VAL 124 s memorial dr COL Address2 VAL empty COL Address3 VAL empty COL City VAL prattville COL State VAL al COL ZipCode VAL 36067 COL CountyName VAL autauga COL PhoneNumber VAL 3343614267 COL HospitalType VAL acute care hospitals COL HospitalOwner VAL voluntary non-profit - private COL EmergencyService VAL yes COL Condition VAL heart attack COL MeasureCode VAL ami-2 COL MeasureName VAL heart attack patients given aspirin at discharge COL Score VAL 100% COL Sample VAL 4 patients COL Stateavg VAL al_ami-2 ,COL ZipCode VAL 36067 ,0
540,COL ProviderNumber VAL 10158 COL HospitalName VAL russellville hospital COL Address1 VAL 15155 highway 43 COL Address2 VAL empty COL Address3 VAL empty COL City VAL russellville COL State VAL al COL ZipCode VAL 35653 COL CountyName VAL franklin COL PhoneNumber VAL 2563321611 COL HospitalType VAL acute care hospitals COL HospitalOwner VAL proprietary COL EmergencyService VAL yes COL Condition VAL surgical infection prevention COL MeasureCode VAL scip-vte-1 COL MeasureName VAL surgery patients whose doctors ordered treatments to prevent blood clots after certain types of surgeries COL Score VAL 100% COL Sample VAL 125 patients COL Stateavg VAL al_scip-vte-1 ,COL ZipCode VAL x565x ,1
541,COL ProviderNumber VAL 10158 COL HospitalName VAL russellville hospital COL Address1 VAL 15155 highway 43 COL Address2 VAL empty COL Address3 VAL empty COL City VAL russellville COL State VAL al COL ZipCode VAL 35653 COL CountyName VAL franklin COL PhoneNumber VAL 2563321611 COL HospitalType VAL acute care hospitals COL HospitalOwner VAL proprietary COL EmergencyService VAL yes COL Condition VAL surgical infection prevention COL MeasureCode VAL scip-vte-1 COL MeasureName VAL surgery patients whose doctors ordered treatments to prevent blood clots after certain types of surgeries COL Score VAL 100% COL Sample VAL 125 patients COL Stateavg VAL al_scip-vte-1 ,COL ZipCode VAL 35653 ,0
542,COL ProviderNumber VAL 10164 COL HospitalName VAL coosa valley medical center COL Address1 VAL 315 w hickory st COL Address2 VAL empty COL Address3 VAL empty COL City VAL sylacauga COL State VAL al COL ZipCode VAL 35150 COL CountyName VAL talladega COL PhoneNumber VAL 2562495000 COL HospitalType VAL acute care hospitals COL HospitalOwner VAL voluntary non-profit - other COL EmergencyService VAL no COL Condition VAL heart attack COL MeasureCode VAL ami-1 COL MeasureName VAL heart attack patients given aspirin at arrival COL Score VAL 90% COL Sample VAL 10 patients COL Stateavg VAL al_ami-1 ,COL ZipCode VAL x5150 ,1
543,COL ProviderNumber VAL 10164 COL HospitalName VAL coosa valley medical center COL Address1 VAL 315 w hickory st COL Address2 VAL empty COL Address3 VAL empty COL City VAL sylacauga COL State VAL al COL ZipCode VAL 35150 COL CountyName VAL talladega COL PhoneNumber VAL 2562495000 COL HospitalType VAL acute care hospitals COL HospitalOwner VAL voluntary non-profit - other COL EmergencyService VAL no COL Condition VAL heart attack COL MeasureCode VAL ami-1 COL MeasureName VAL heart attack patients given aspirin at arrival COL Score VAL 90% COL Sample VAL 10 patients COL Stateavg VAL al_ami-1 ,COL ZipCode VAL 35150 ,0
544,COL ProviderNumber VAL 20017 COL HospitalName VAL alaska regional hospital COL Address1 VAL 2801 debarr road COL Address2 VAL empty COL Address3 VAL empty COL City VAL anchorage COL State VAL ak COL ZipCode VAL 99508 COL CountyName VAL anchorage COL PhoneNumber VAL 9072761131 COL HospitalType VAL acute care hospitals COL HospitalOwner VAL proprietary COL EmergencyService VAL yes COL Condition VAL heart failure COL MeasureCode VAL hf-1 COL MeasureName VAL heart failure patients given discharge instructions COL Score VAL 91% COL Sample VAL 57 patients COL Stateavg VAL ak_hf-1 ,COL ZipCode VAL 99x08 ,1
545,COL ProviderNumber VAL 20017 COL HospitalName VAL alaska regional hospital COL Address1 VAL 2801 debarr road COL Address2 VAL empty COL Address3 VAL empty COL City VAL anchorage COL State VAL ak COL ZipCode VAL 99508 COL CountyName VAL anchorage COL PhoneNumber VAL 9072761131 COL HospitalType VAL acute care hospitals COL HospitalOwner VAL proprietary COL EmergencyService VAL yes COL Condition VAL heart failure COL MeasureCode VAL hf-1 COL MeasureName VAL heart failure patients given discharge instructions COL Score VAL 91% COL Sample VAL 57 patients COL Stateavg VAL ak_hf-1 ,COL ZipCode VAL 99508 ,0
546,COL ProviderNumber VAL 20018 COL HospitalName VAL yukon kuskokwim delta reg hospital COL Address1 VAL po box 287 COL Address2 VAL empty COL Address3 VAL empty COL City VAL bethel COL State VAL ak COL ZipCode VAL 99559 COL CountyName VAL bethel COL PhoneNumber VAL 9075436300 COL HospitalType VAL acute care hospitals COL HospitalOwner VAL government - federal COL EmergencyService VAL no COL Condition VAL heart attack COL MeasureCode VAL ami-1 COL MeasureName VAL heart attack patients given aspirin at arrival COL Score VAL empty COL Sample VAL empty COL Stateavg VAL ak_ami-1 ,COL ZipCode VAL xx55x ,1
547,COL ProviderNumber VAL 20018 COL HospitalName VAL yukon kuskokwim delta reg hospital COL Address1 VAL po box 287 COL Address2 VAL empty COL Address3 VAL empty COL City VAL bethel COL State VAL ak COL ZipCode VAL 99559 COL CountyName VAL bethel COL PhoneNumber VAL 9075436300 COL HospitalType VAL acute care hospitals COL HospitalOwner VAL government - federal COL EmergencyService VAL no COL Condition VAL heart attack COL MeasureCode VAL ami-1 COL MeasureName VAL heart attack patients given aspirin at arrival COL Score VAL empty COL Sample VAL empty COL Stateavg VAL ak_ami-1 ,COL ZipCode VAL 99559 ,0
548,COL ProviderNumber VAL 10021 COL HospitalName VAL dale medical center COL Address1 VAL 126 hospital ave COL Address2 VAL empty COL Address3 VAL empty COL City VAL ozark COL State VAL al COL ZipCode VAL 36360 COL CountyName VAL dale COL PhoneNumber VAL 3347742601 COL HospitalType VAL acute care hospitals COL HospitalOwner VAL government - hospital district or authority COL EmergencyService VAL yes COL Condition VAL heart attack COL MeasureCode VAL ami-1 COL MeasureName VAL heart attack patients given aspirin at arrival COL Score VAL 100% COL Sample VAL 11 patients COL Stateavg VAL al_ami-1 ,COL ZipCode VAL 3x3x0 ,1
549,COL ProviderNumber VAL 10021 COL HospitalName VAL dale medical center COL Address1 VAL 126 hospital ave COL Address2 VAL empty COL Address3 VAL empty COL City VAL ozark COL State VAL al COL ZipCode VAL 36360 COL CountyName VAL dale COL PhoneNumber VAL 3347742601 COL HospitalType VAL acute care hospitals COL HospitalOwner VAL government - hospital district or authority COL EmergencyService VAL yes COL Condition VAL heart attack COL MeasureCode VAL ami-1 COL MeasureName VAL heart attack patients given aspirin at arrival COL Score VAL 100% COL Sample VAL 11 patients COL Stateavg VAL al_ami-1 ,COL ZipCode VAL 36360 ,0
550,COL ProviderNumber VAL 10022 COL HospitalName VAL cherokee medical center COL Address1 VAL 400 northwood dr COL Address2 VAL empty COL Address3 VAL empty COL City VAL centre COL State VAL al COL ZipCode VAL 35960 COL CountyName VAL cherokee COL PhoneNumber VAL 2569275531 COL HospitalType VAL acute care hospitals COL HospitalOwner VAL voluntary non-profit - private COL EmergencyService VAL yes COL Condition VAL heart attack COL MeasureCode VAL ami-1 COL MeasureName VAL heart attack patients given aspirin at arrival COL Score VAL empty COL Sample VAL 0 patients COL Stateavg VAL al_ami-1 ,COL ZipCode VAL 3596x ,1
551,COL ProviderNumber VAL 10022 COL HospitalName VAL cherokee medical center COL Address1 VAL 400 northwood dr COL Address2 VAL empty COL Address3 VAL empty COL City VAL centre COL State VAL al COL ZipCode VAL 35960 COL CountyName VAL cherokee COL PhoneNumber VAL 2569275531 COL HospitalType VAL acute care hospitals COL HospitalOwner VAL voluntary non-profit - private COL EmergencyService VAL yes COL Condition VAL heart attack COL MeasureCode VAL ami-1 COL MeasureName VAL heart attack patients given aspirin at arrival COL Score VAL empty COL Sample VAL 0 patients COL Stateavg VAL al_ami-1 ,COL ZipCode VAL 35960 ,0
552,COL ProviderNumber VAL 10023 COL HospitalName VAL baptist medical center south COL Address1 VAL 2105 east south boulevard COL Address2 VAL empty COL Address3 VAL empty COL City VAL montxomery COL State VAL al COL ZipCode VAL 36116 COL CountyName VAL montgomery COL PhoneNumber VAL 3342882100 COL HospitalType VAL acute care hospitals COL HospitalOwner VAL voluntary non-profit - church COL EmergencyService VAL yes COL Condition VAL heart attack COL MeasureCode VAL ami-2 COL MeasureName VAL heart attack patients given aspirin at discharge COL Score VAL 100% COL Sample VAL 282 patients COL Stateavg VAL al_ami-2 ,COL ZipCode VAL 3x11x ,1
553,COL ProviderNumber VAL 10023 COL HospitalName VAL baptist medical center south COL Address1 VAL 2105 east south boulevard COL Address2 VAL empty COL Address3 VAL empty COL City VAL montxomery COL State VAL al COL ZipCode VAL 36116 COL CountyName VAL montgomery COL PhoneNumber VAL 3342882100 COL HospitalType VAL acute care hospitals COL HospitalOwner VAL voluntary non-profit - church COL EmergencyService VAL yes COL Condition VAL heart attack COL MeasureCode VAL ami-2 COL MeasureName VAL heart attack patients given aspirin at discharge COL Score VAL 100% COL Sample VAL 282 patients COL Stateavg VAL al_ami-2 ,COL ZipCode VAL 36116 ,0
554,COL ProviderNumber VAL 10024 COL HospitalName VAL jackson hospital & clinic inc COL Address1 VAL 1725 pine street COL Address2 VAL empty COL Address3 VAL empty COL City VAL montgomery COL State VAL al COL ZipCode VAL 36106 COL CountyName VAL montgomery COL PhoneNumber VAL 3342938000 COL HospitalType VAL acute care hospitals COL HospitalOwner VAL voluntary non-profit - private COL EmergencyService VAL yes COL Condition VAL heart attack COL MeasureCode VAL ami-2 COL MeasureName VAL heart attack patients given aspirin at discharge COL Score VAL 92% COL Sample VAL 165 patients COL Stateavg VAL al_ami-2 ,COL ZipCode VAL 361x6 ,1
555,COL ProviderNumber VAL 10024 COL HospitalName VAL jackson hospital & clinic inc COL Address1 VAL 1725 pine street COL Address2 VAL empty COL Address3 VAL empty COL City VAL montgomery COL State VAL al COL ZipCode VAL 36106 COL CountyName VAL montgomery COL PhoneNumber VAL 3342938000 COL HospitalType VAL acute care hospitals COL HospitalOwner VAL voluntary non-profit - private COL EmergencyService VAL yes COL Condition VAL heart attack COL MeasureCode VAL ami-2 COL MeasureName VAL heart attack patients given aspirin at discharge COL Score VAL 92% COL Sample VAL 165 patients COL Stateavg VAL al_ami-2 ,COL ZipCode VAL 36106 ,0
556,COL ProviderNumber VAL 10025 COL HospitalName VAL g h lanier memorial hospital COL Address1 VAL 4800 48th st COL Address2 VAL empty COL Address3 VAL empty COL City VAL valley COL State VAL al COL ZipCode VAL 36854 COL CountyName VAL chambers COL PhoneNumber VAL 3347561400 COL HospitalType VAL acute care hospitals COL HospitalOwner VAL voluntary non-profit - other COL EmergencyService VAL yes COL Condition VAL heart attack COL MeasureCode VAL ami-1 COL MeasureName VAL heart attack patients given aspirin at arrival COL Score VAL 92% COL Sample VAL 24 patients COL Stateavg VAL al_ami-1 ,COL ZipCode VAL x6854 ,1
557,COL ProviderNumber VAL 10025 COL HospitalName VAL g h lanier memorial hospital COL Address1 VAL 4800 48th st COL Address2 VAL empty COL Address3 VAL empty COL City VAL valley COL State VAL al COL ZipCode VAL 36854 COL CountyName VAL chambers COL PhoneNumber VAL 3347561400 COL HospitalType VAL acute care hospitals COL HospitalOwner VAL voluntary non-profit - other COL EmergencyService VAL yes COL Condition VAL heart attack COL MeasureCode VAL ami-1 COL MeasureName VAL heart attack patients given aspirin at arrival COL Score VAL 92% COL Sample VAL 24 patients COL Stateavg VAL al_ami-1 ,COL ZipCode VAL 36854 ,0
558,COL ProviderNumber VAL 10027 COL HospitalName VAL elba general hospital COL Address1 VAL 987 drayton street COL Address2 VAL empty COL Address3 VAL empty COL City VAL elba COL State VAL al COL ZipCode VAL 36323 COL CountyName VAL coffee COL PhoneNumber VAL 3348972257 COL HospitalType VAL acute care hospitals COL HospitalOwner VAL voluntary non-profit - other COL EmergencyService VAL yes COL Condition VAL heart attack COL MeasureCode VAL ami-1 COL MeasureName VAL heart attack patients given aspirin at arrival COL Score VAL empty COL Sample VAL empty COL Stateavg VAL al_ami-1 ,COL ZipCode VAL x6x2x ,1
559,COL ProviderNumber VAL 10027 COL HospitalName VAL elba general hospital COL Address1 VAL 987 drayton street COL Address2 VAL empty COL Address3 VAL empty COL City VAL elba COL State VAL al COL ZipCode VAL 36323 COL CountyName VAL coffee COL PhoneNumber VAL 3348972257 COL HospitalType VAL acute care hospitals COL HospitalOwner VAL voluntary non-profit - other COL EmergencyService VAL yes COL Condition VAL heart attack COL MeasureCode VAL ami-1 COL MeasureName VAL heart attack patients given aspirin at arrival COL Score VAL empty COL Sample VAL empty COL Stateavg VAL al_ami-1 ,COL ZipCode VAL 36323 ,0
560,COL ProviderNumber VAL 10029 COL HospitalName VAL east alabama medical center and snf COL Address1 VAL 2000 pepperell parkway COL Address2 VAL empty COL Address3 VAL empty COL City VAL opelika COL State VAL al COL ZipCode VAL 36801 COL CountyName VAL lee COL PhoneNumber VAL 3347493411 COL HospitalType VAL acute care hospitals COL HospitalOwner VAL government - hospital district or authority COL EmergencyService VAL yes COL Condition VAL heart attack COL MeasureCode VAL ami-1 COL MeasureName VAL heart attack patients given aspirin at arrival COL Score VAL 98% COL Sample VAL 185 patients COL Stateavg VAL al_ami-1 ,COL ZipCode VAL 3x801 ,1
561,COL ProviderNumber VAL 10029 COL HospitalName VAL east alabama medical center and snf COL Address1 VAL 2000 pepperell parkway COL Address2 VAL empty COL Address3 VAL empty COL City VAL opelika COL State VAL al COL ZipCode VAL 36801 COL CountyName VAL lee COL PhoneNumber VAL 3347493411 COL HospitalType VAL acute care hospitals COL HospitalOwner VAL government - hospital district or authority COL EmergencyService VAL yes COL Condition VAL heart attack COL MeasureCode VAL ami-1 COL MeasureName VAL heart attack patients given aspirin at arrival COL Score VAL 98% COL Sample VAL 185 patients COL Stateavg VAL al_ami-1 ,COL ZipCode VAL 36801 ,0
562,COL ProviderNumber VAL 10032 COL HospitalName VAL wedowee hospital COL Address1 VAL 209 north main street COL Address2 VAL empty COL Address3 VAL empty COL City VAL wedowee COL State VAL al COL ZipCode VAL 36278 COL CountyName VAL randolph COL PhoneNumber VAL 2563572111 COL HospitalType VAL acute care hospitals COL HospitalOwner VAL government - local COL EmergencyService VAL no COL Condition VAL heart attack COL MeasureCode VAL ami-1 COL MeasureName VAL heart attack patients given aspirin at arrival COL Score VAL 50% COL Sample VAL 4 patients COL Stateavg VAL al_ami-1 ,COL ZipCode VAL 362x8 ,1
563,COL ProviderNumber VAL 10032 COL HospitalName VAL wedowee hospital COL Address1 VAL 209 north main street COL Address2 VAL empty COL Address3 VAL empty COL City VAL wedowee COL State VAL al COL ZipCode VAL 36278 COL CountyName VAL randolph COL PhoneNumber VAL 2563572111 COL HospitalType VAL acute care hospitals COL HospitalOwner VAL government - local COL EmergencyService VAL no COL Condition VAL heart attack COL MeasureCode VAL ami-1 COL MeasureName VAL heart attack patients given aspirin at arrival COL Score VAL 50% COL Sample VAL 4 patients COL Stateavg VAL al_ami-1 ,COL ZipCode VAL 36278 ,0
564,COL ProviderNumber VAL 10034 COL HospitalName VAL community hospital inc COL Address1 VAL 805 friendship road COL Address2 VAL empty COL Address3 VAL empty COL City VAL tallassee COL State VAL al COL ZipCode VAL 36078 COL CountyName VAL elmore COL PhoneNumber VAL 3342836541 COL HospitalType VAL acute care hospitals COL HospitalOwner VAL voluntary non-profit - private COL EmergencyService VAL no COL Condition VAL heart attack COL MeasureCode VAL amix1 COL MeasureName VAL heart attack patients given aspirin at arrival COL Score VAL 77% COL Sample VAL 13 patients COL Stateavg VAL al_ami-1 ,COL ZipCode VAL 36x78 ,1
565,COL ProviderNumber VAL 10034 COL HospitalName VAL community hospital inc COL Address1 VAL 805 friendship road COL Address2 VAL empty COL Address3 VAL empty COL City VAL tallassee COL State VAL al COL ZipCode VAL 36078 COL CountyName VAL elmore COL PhoneNumber VAL 3342836541 COL HospitalType VAL acute care hospitals COL HospitalOwner VAL voluntary non-profit - private COL EmergencyService VAL no COL Condition VAL heart attack COL MeasureCode VAL amix1 COL MeasureName VAL heart attack patients given aspirin at arrival COL Score VAL 77% COL Sample VAL 13 patients COL Stateavg VAL al_ami-1 ,COL ZipCode VAL 36078 ,0
566,COL ProviderNumber VAL 10035 COL HospitalName VAL cullman regional medical center COL Address1 VAL 1912 alabama highway 157 COL Address2 VAL empty COL Address3 VAL empty COL City VAL cullman COL State VAL al COL ZipCode VAL 35058 COL CountyName VAL cullman COL PhoneNumber VAL 2567372000 COL HospitalType VAL acute care hospitals COL HospitalOwner VAL government - hospital district or authority COL EmergencyService VAL yes COL Condition VAL heartxattack COL MeasureCode VAL ami-1 COL MeasureName VAL heart attack patients given aspirin at arrival COL Score VAL 100% COL Sample VAL 51 patients COL Stateavg VAL al_ami-1 ,COL ZipCode VAL 35x58 ,1
567,COL ProviderNumber VAL 10035 COL HospitalName VAL cullman regional medical center COL Address1 VAL 1912 alabama highway 157 COL Address2 VAL empty COL Address3 VAL empty COL City VAL cullman COL State VAL al COL ZipCode VAL 35058 COL CountyName VAL cullman COL PhoneNumber VAL 2567372000 COL HospitalType VAL acute care hospitals COL HospitalOwner VAL government - hospital district or authority COL EmergencyService VAL yes COL Condition VAL heartxattack COL MeasureCode VAL ami-1 COL MeasureName VAL heart attack patients given aspirin at arrival COL Score VAL 100% COL Sample VAL 51 patients COL Stateavg VAL al_ami-1 ,COL ZipCode VAL 35058 ,0
568,COL ProviderNumber VAL 10036 COL HospitalName VAL andalusia regional hospital COL Address1 VAL 849 south three notch street COL Address2 VAL empty COL Address3 VAL empty COL City VAL andalusia COL State VAL al COL ZipCode VAL 36420 COL CountyName VAL covington COL PhoneNumber VAL 3342228466 COL HospitalType VAL acute care hospitals COL HospitalOwner VAL proprietary COL EmergencyService VAL no COL Condition VAL heart attack COL MeasureCode VAL ami-1 COL MeasureName VAL heart attack patients given aspirin at arrival COL Score VAL 100% COL Sample VAL 8 patients COL Stateavg VAL al_ami-1 ,COL ZipCode VAL 3642x ,1
569,COL ProviderNumber VAL 10036 COL HospitalName VAL andalusia regional hospital COL Address1 VAL 849 south three notch street COL Address2 VAL empty COL Address3 VAL empty COL City VAL andalusia COL State VAL al COL ZipCode VAL 36420 COL CountyName VAL covington COL PhoneNumber VAL 3342228466 COL HospitalType VAL acute care hospitals COL HospitalOwner VAL proprietary COL EmergencyService VAL no COL Condition VAL heart attack COL MeasureCode VAL ami-1 COL MeasureName VAL heart attack patients given aspirin at arrival COL Score VAL 100% COL Sample VAL 8 patients COL Stateavg VAL al_ami-1 ,COL ZipCode VAL 36420 ,0
570,COL ProviderNumber VAL 10039 COL HospitalName VAL huntsville hospital COL Address1 VAL 101 sivley rd COL Address2 VAL empty COL Address3 VAL empty COL City VAL huntsville COL State VAL al COL ZipCode VAL 35801 COL CountyName VAL madison COL PhoneNumber VAL 2562651000 COL HospitalType VAL acute care hospitals COL HospitalOwner VAL government - hospital district or authority COL EmergencyService VAL yes COL Condition VAL children s asthma care COL MeasureCode VAL xax-1 COL MeasureName VAL children who received reliever medication while hospitalized for asthma COL Score VAL 100% COL Sample VAL 193 patients COL Stateavg VAL al_cac-1 ,COL ZipCode VAL 358x1 ,1
571,COL ProviderNumber VAL 10039 COL HospitalName VAL huntsville hospital COL Address1 VAL 101 sivley rd COL Address2 VAL empty COL Address3 VAL empty COL City VAL huntsville COL State VAL al COL ZipCode VAL 35801 COL CountyName VAL madison COL PhoneNumber VAL 2562651000 COL HospitalType VAL acute care hospitals COL HospitalOwner VAL government - hospital district or authority COL EmergencyService VAL yes COL Condition VAL children s asthma care COL MeasureCode VAL xax-1 COL MeasureName VAL children who received reliever medication while hospitalized for asthma COL Score VAL 100% COL Sample VAL 193 patients COL Stateavg VAL al_cac-1 ,COL ZipCode VAL 35801 ,0
572,COL ProviderNumber VAL 10040 COL HospitalName VAL gadsden regional medical center COL Address1 VAL 1007 goodyear avenue COL Address2 VAL empty COL Address3 VAL empty COL City VAL gadsden COL State VAL al COL ZipCode VAL 35903 COL CountyName VAL etowah COL PhoneNumber VAL 2564944000 COL HospitalType VAL acute care hospitals COL HospitalOwner VAL proprietary COL EmergencyService VAL yes COL Condition VAL heart attack COL MeasureCode VAL ami-1 COL MeasureName VAL heart attack patxents gxven aspxrxn at arrxval COL Score VAL 94% COL Sample VAL 123 patients COL Stateavg VAL al_ami-1 ,COL ZipCode VAL x590x ,1
573,COL ProviderNumber VAL 10040 COL HospitalName VAL gadsden regional medical center COL Address1 VAL 1007 goodyear avenue COL Address2 VAL empty COL Address3 VAL empty COL City VAL gadsden COL State VAL al COL ZipCode VAL 35903 COL CountyName VAL etowah COL PhoneNumber VAL 2564944000 COL HospitalType VAL acute care hospitals COL HospitalOwner VAL proprietary COL EmergencyService VAL yes COL Condition VAL heart attack COL MeasureCode VAL ami-1 COL MeasureName VAL heart attack patxents gxven aspxrxn at arrxval COL Score VAL 94% COL Sample VAL 123 patients COL Stateavg VAL al_ami-1 ,COL ZipCode VAL 35903 ,0
574,COL ProviderNumber VAL 10043 COL HospitalName VAL chilton medical center COL Address1 VAL 1010 lay dam road COL Address2 VAL empty COL Address3 VAL empty COL City VAL clanton COL State VAL al COL ZipCode VAL 35045 COL CountyName VAL chilton COL PhoneNumber VAL 2057552500 COL HospitalType VAL acute care hospitals COL HospitalOwner VAL voluntary non-profit - private COL EmergencyService VAL yes COL Condition VAL heart attack COL MeasureCode VAL ami-1 COL MeasureName VAL heart attack patients given aspirin at arrival COL Score VAL 100% COL Sample VAL 1 patients COL Stateavg VAL xl_xmi-1 ,COL ZipCode VAL 35x45 ,1
575,COL ProviderNumber VAL 10043 COL HospitalName VAL chilton medical center COL Address1 VAL 1010 lay dam road COL Address2 VAL empty COL Address3 VAL empty COL City VAL clanton COL State VAL al COL ZipCode VAL 35045 COL CountyName VAL chilton COL PhoneNumber VAL 2057552500 COL HospitalType VAL acute care hospitals COL HospitalOwner VAL voluntary non-profit - private COL EmergencyService VAL yes COL Condition VAL heart attack COL MeasureCode VAL ami-1 COL MeasureName VAL heart attack patients given aspirin at arrival COL Score VAL 100% COL Sample VAL 1 patients COL Stateavg VAL xl_xmi-1 ,COL ZipCode VAL 35045 ,0
576,COL ProviderNumber VAL 10044 COL HospitalName VAL marion regional medical center COL Address1 VAL 1256 military street south COL Address2 VAL empty COL Address3 VAL empty COL City VAL hamilton COL State VAL al COL ZipCode VAL 35570 COL CountyName VAL marion COL PhoneNumber VAL 2059216200 COL HospitalType VAL acute care hospitals COL HospitalOwner VAL voluntary non-profit - private COL EmergencyService VAL yes COL Condition VAL heart attack COL MeasureCode VAL ami-1 COL MeasureName VAL heart attack patients given aspirin at arrival COL Score VAL 67% COL Sample VAL 3 patients COL Stateavg VAL al_ami-1 ,COL ZipCode VAL 3557x ,1
577,COL ProviderNumber VAL 10044 COL HospitalName VAL marion regional medical center COL Address1 VAL 1256 military street south COL Address2 VAL empty COL Address3 VAL empty COL City VAL hamilton COL State VAL al COL ZipCode VAL 35570 COL CountyName VAL marion COL PhoneNumber VAL 2059216200 COL HospitalType VAL acute care hospitals COL HospitalOwner VAL voluntary non-profit - private COL EmergencyService VAL yes COL Condition VAL heart attack COL MeasureCode VAL ami-1 COL MeasureName VAL heart attack patients given aspirin at arrival COL Score VAL 67% COL Sample VAL 3 patients COL Stateavg VAL al_ami-1 ,COL ZipCode VAL 35570 ,0
578,COL ProviderNumber VAL 10045 COL HospitalName VAL fayette medical center COL Address1 VAL 1653 temple avenue north COL Address2 VAL empty COL Address3 VAL empty COL City VAL fayette COL State VAL al COL ZipCode VAL 35555 COL CountyName VAL fayette COL PhoneNumber VAL 2059325966 COL HospitalType VAL acute care hoxpitalx COL HospitalOwner VAL voluntary non-profit - other COL EmergencyService VAL yes COL Condition VAL heart attack COL MeasureCode VAL ami-1 COL MeasureName VAL heart attack patients given aspirin at arrival COL Score VAL 100% COL Sample VAL 18 patients COL Stateavg VAL al_ami-1 ,COL ZipCode VAL x5555 ,1
579,COL ProviderNumber VAL 10045 COL HospitalName VAL fayette medical center COL Address1 VAL 1653 temple avenue north COL Address2 VAL empty COL Address3 VAL empty COL City VAL fayette COL State VAL al COL ZipCode VAL 35555 COL CountyName VAL fayette COL PhoneNumber VAL 2059325966 COL HospitalType VAL acute care hoxpitalx COL HospitalOwner VAL voluntary non-profit - other COL EmergencyService VAL yes COL Condition VAL heart attack COL MeasureCode VAL ami-1 COL MeasureName VAL heart attack patients given aspirin at arrival COL Score VAL 100% COL Sample VAL 18 patients COL Stateavg VAL al_ami-1 ,COL ZipCode VAL 35555 ,0
580,COL ProviderNumber VAL 10046 COL HospitalName VAL riverview regional medical center COL Address1 VAL 600 south third street COL Address2 VAL empty COL Address3 VAL empty COL City VAL gadsden COL State VAL al COL ZipCode VAL 35901 COL CountyName VAL etowah COL PhoneNumber VAL 2565435200 COL HospitalType VAL acutexcarexhospitals COL HospitalOwner VAL proprietary COL EmergencyService VAL yes COL Condition VAL children s asthma care COL MeasureCode VAL cac-1 COL MeasureName VAL childrenxwhoxreceivedxrelieverxmedicationxwhilexhospitalizedxforxasthma COL Score VAL 100% COL Sample VAL 4 patients COL Stateavg VAL al_cac-1 ,COL ZipCode VAL 359x1 ,1
581,COL ProviderNumber VAL 10046 COL HospitalName VAL riverview regional medical center COL Address1 VAL 600 south third street COL Address2 VAL empty COL Address3 VAL empty COL City VAL gadsden COL State VAL al COL ZipCode VAL 35901 COL CountyName VAL etowah COL PhoneNumber VAL 2565435200 COL HospitalType VAL acutexcarexhospitals COL HospitalOwner VAL proprietary COL EmergencyService VAL yes COL Condition VAL children s asthma care COL MeasureCode VAL cac-1 COL MeasureName VAL childrenxwhoxreceivedxrelieverxmedicationxwhilexhospitalizedxforxasthma COL Score VAL 100% COL Sample VAL 4 patients COL Stateavg VAL al_cac-1 ,COL ZipCode VAL 35901 ,0
582,COL ProviderNumber VAL 10047 COL HospitalName VAL georgiana hospital COL Address1 VAL 515 miranda st COL Address2 VAL empty COL Address3 VAL empty COL City VAL georgiana COL State VAL al COL ZipCode VAL 36033 COL CountyName VAL butler COL PhoneNumber VAL 3343762205 COL HospitalType VAL acute care hospitals COL HospitalOwner VAL voluntary non-profit - private COL EmergencyService VAL no COL Condition VAL heart attack COL MeasureCode VAL amix1 COL MeasureName VAL heart attack patients given aspirin at arrival COL Score VAL 53% COL Sample VAL 19 patients COL Stateavg VAL al_ami-1 ,COL ZipCode VAL x60xx ,1
583,COL ProviderNumber VAL 10047 COL HospitalName VAL georgiana hospital COL Address1 VAL 515 miranda st COL Address2 VAL empty COL Address3 VAL empty COL City VAL georgiana COL State VAL al COL ZipCode VAL 36033 COL CountyName VAL butler COL PhoneNumber VAL 3343762205 COL HospitalType VAL acute care hospitals COL HospitalOwner VAL voluntary non-profit - private COL EmergencyService VAL no COL Condition VAL heart attack COL MeasureCode VAL amix1 COL MeasureName VAL heart attack patients given aspirin at arrival COL Score VAL 53% COL Sample VAL 19 patients COL Stateavg VAL al_ami-1 ,COL ZipCode VAL 36033 ,0
584,COL ProviderNumber VAL 1004x COL HospitalName VAL medical center enterprise COL Address1 VAL 400 n edwards street COL Address2 VAL empty COL Address3 VAL empty COL City VAL enterprise COL State VAL al COL ZipCode VAL 36330 COL CountyName VAL coffee COL PhoneNumber VAL 3343470584 COL HospitalType VAL acute care hospitals COL HospitalOwner VAL proprietary COL EmergencyService VAL yes COL Condition VAL hexrt attxck COL MeasureCode VAL ami-1 COL MeasureName VAL heart attack patients given aspirin at arrival COL Score VAL 100% COL Sample VAL 4 patients COL Stateavg VAL al_ami-1 ,COL ZipCode VAL 3633x ,1
585,COL ProviderNumber VAL 1004x COL HospitalName VAL medical center enterprise COL Address1 VAL 400 n edwards street COL Address2 VAL empty COL Address3 VAL empty COL City VAL enterprise COL State VAL al COL ZipCode VAL 36330 COL CountyName VAL coffee COL PhoneNumber VAL 3343470584 COL HospitalType VAL acute care hospitals COL HospitalOwner VAL proprietary COL EmergencyService VAL yes COL Condition VAL hexrt attxck COL MeasureCode VAL ami-1 COL MeasureName VAL heart attack patients given aspirin at arrival COL Score VAL 100% COL Sample VAL 4 patients COL Stateavg VAL al_ami-1 ,COL ZipCode VAL 36330 ,0
586,COL ProviderNumber VAL 10050 COL HospitalName VAL st vincents blount COL Address1 VAL 150 gilbreath drive COL Address2 VAL empty COL Address3 VAL empty COL City VAL oneonta COL State VAL al COL ZipCode VAL 35121 COL CountyName VAL blount COL PhoneNumber VAL 2052743000 COL HospitalType VAL acute care hospitals COL HospitalOwner VAL voluntary non-profit - private COL EmergencyService VAL yes COL Condition VAL heart attack COL MeasureCode VAL ami-1 COL MeasureName VAL heart attack patients given aspirin at arrival COL Score VAL 100% COL Sample VAL 7 patients COL Stateavg VAL al_ami-1 ,COL ZipCode VAL x5121 ,1
587,COL ProviderNumber VAL 10050 COL HospitalName VAL st vincents blount COL Address1 VAL 150 gilbreath drive COL Address2 VAL empty COL Address3 VAL empty COL City VAL oneonta COL State VAL al COL ZipCode VAL 35121 COL CountyName VAL blount COL PhoneNumber VAL 2052743000 COL HospitalType VAL acute care hospitals COL HospitalOwner VAL voluntary non-profit - private COL EmergencyService VAL yes COL Condition VAL heart attack COL MeasureCode VAL ami-1 COL MeasureName VAL heart attack patients given aspirin at arrival COL Score VAL 100% COL Sample VAL 7 patients COL Stateavg VAL al_ami-1 ,COL ZipCode VAL 35121 ,0
588,COL ProviderNumber VAL 10018 COL HospitalName VAL callahan eye foundation hospital COL Address1 VAL 1720 university blvd COL Address2 VAL empty COL Address3 VAL empty COL City VAL birmingham COL State VAL al COL ZipCode VAL 35233 COL CountyName VAL jefferson COL PhoneNumber VAL 2053258100 COL HospitalType VAL acute care hospitals COL HospitalOwner VAL voluntary non-profit - private COL EmergencyService VAL yes COL Condition VAL surgical infection prevention COL MeasureCode VAL scip-inf-1 COL MeasureName VAL surgery patients who were given an antibiotic at the right time (within one hour before surgery) to help prevent infection COL Score VAL empty COL Sample VAL empty COL Stateavg VAL al_scip-inf-1 ,COL PhoneNumber VAL 20x32x8100 ,1
589,COL ProviderNumber VAL 10018 COL HospitalName VAL callahan eye foundation hospital COL Address1 VAL 1720 university blvd COL Address2 VAL empty COL Address3 VAL empty COL City VAL birmingham COL State VAL al COL ZipCode VAL 35233 COL CountyName VAL jefferson COL PhoneNumber VAL 2053258100 COL HospitalType VAL acute care hospitals COL HospitalOwner VAL voluntary non-profit - private COL EmergencyService VAL yes COL Condition VAL surgical infection prevention COL MeasureCode VAL scip-inf-1 COL MeasureName VAL surgery patients who were given an antibiotic at the right time (within one hour before surgery) to help prevent infection COL Score VAL empty COL Sample VAL empty COL Stateavg VAL al_scip-inf-1 ,COL PhoneNumber VAL 2053258100 ,0
590,COL ProviderNumber VAL 10019 COL HospitalName VAL helen keller memorial hospital COL Address1 VAL 1300 south montgomery avenue COL Address2 VAL empty COL Address3 VAL empty COL City VAL sheffield COL State VAL al COL ZipCode VAL 35660 COL CountyName VAL jefferson COL PhoneNumber VAL 2563864556 COL HospitalType VAL acute care hospitals COL HospitalOwner VAL government - hospital district or authority COL EmergencyService VAL yes COL Condition VAL heart attack COL MeasureCode VAL ami-1 COL MeasureName VAL heart attack patients given aspirin at arrival COL Score VAL 97% COL Sample VAL 33 patients COL Stateavg VAL al_ami-1 ,COL PhoneNumber VAL 25x38x455x ,1
591,COL ProviderNumber VAL 10019 COL HospitalName VAL helen keller memorial hospital COL Address1 VAL 1300 south montgomery avenue COL Address2 VAL empty COL Address3 VAL empty COL City VAL sheffield COL State VAL al COL ZipCode VAL 35660 COL CountyName VAL jefferson COL PhoneNumber VAL 2563864556 COL HospitalType VAL acute care hospitals COL HospitalOwner VAL government - hospital district or authority COL EmergencyService VAL yes COL Condition VAL heart attack COL MeasureCode VAL ami-1 COL MeasureName VAL heart attack patients given aspirin at arrival COL Score VAL 97% COL Sample VAL 33 patients COL Stateavg VAL al_ami-1 ,COL PhoneNumber VAL 2563864556 ,0
592,COL ProviderNumber VAL 10001 COL HospitalName VAL southeast alabama medical center COL Address1 VAL 1108 ross clark circle COL Address2 VAL empty COL Address3 VAL empty COL City VAL dothan COL State VAL al COL ZipCode VAL 36302 COL CountyName VAL houston COL PhoneNumber VAL 3347938701 COL HospitalType VAL acute care hospitals COL HospitalOwner VAL government - hospital district or authority COL EmergencyService VAL yes COL Condition VAL heart attack COL MeasureCode VAL ami-1 COL MeasureName VAL heart attack patients given aspirin at arrival COL Score VAL 98% COL Sample VAL 270 patients COL Stateavg VAL al_ami-1 ,COL PhoneNumber VAL xx479x8701 ,1
593,COL ProviderNumber VAL 10001 COL HospitalName VAL southeast alabama medical center COL Address1 VAL 1108 ross clark circle COL Address2 VAL empty COL Address3 VAL empty COL City VAL dothan COL State VAL al COL ZipCode VAL 36302 COL CountyName VAL houston COL PhoneNumber VAL 3347938701 COL HospitalType VAL acute care hospitals COL HospitalOwner VAL government - hospital district or authority COL EmergencyService VAL yes COL Condition VAL heart attack COL MeasureCode VAL ami-1 COL MeasureName VAL heart attack patients given aspirin at arrival COL Score VAL 98% COL Sample VAL 270 patients COL Stateavg VAL al_ami-1 ,COL PhoneNumber VAL 3347938701 ,0
594,COL ProviderNumber VAL x0005 COL HospitalName VAL marshall medical center south COL Address1 VAL 2505 u s highway 431 north COL Address2 VAL empty COL Address3 VAL empty COL City VAL boaz COL State VAL al COL ZipCode VAL 35957 COL CountyName VAL marshall COL PhoneNumber VAL 2565938310 COL HospitalType VAL acute care hospitals COL HospitalOwner VAL government - hospital district or authority COL EmergencyService VAL yes COL Condition VAL heart attack COL MeasureCode VAL ami-2 COL MeasureName VAL heart attack patients given aspirin at discharge COL Score VAL 60% COL Sample VAL 5 patients COL Stateavg VAL al_ami-2 ,COL PhoneNumber VAL 256593x310 ,1
595,COL ProviderNumber VAL x0005 COL HospitalName VAL marshall medical center south COL Address1 VAL 2505 u s highway 431 north COL Address2 VAL empty COL Address3 VAL empty COL City VAL boaz COL State VAL al COL ZipCode VAL 35957 COL CountyName VAL marshall COL PhoneNumber VAL 2565938310 COL HospitalType VAL acute care hospitals COL HospitalOwner VAL government - hospital district or authority COL EmergencyService VAL yes COL Condition VAL heart attack COL MeasureCode VAL ami-2 COL MeasureName VAL heart attack patients given aspirin at discharge COL Score VAL 60% COL Sample VAL 5 patients COL Stateavg VAL al_ami-2 ,COL PhoneNumber VAL 2565938310 ,0
596,COL ProviderNumber VAL 10006 COL HospitalName VAL eliza coffee memorial hospital COL Address1 VAL 205 marengo street COL Address2 VAL empty COL Address3 VAL empty COL City VAL florence COL State VAL al COL ZipCode VAL 3563x COL CountyName VAL lauderdale COL PhoneNumber VAL 2567688400 COL HospitalType VAL acute care hospitals COL HospitalOwner VAL voluntary non-profit - other COL EmergencyService VAL yes COL Condition VAL heart attack COL MeasureCode VAL ami-2 COL MeasureName VAL heart attack patients given aspirin at discharge COL Score VAL 96% COL Sample VAL 247 patients COL Stateavg VAL al_ami-2 ,COL PhoneNumber VAL 25676884xx ,1
597,COL ProviderNumber VAL 10006 COL HospitalName VAL eliza coffee memorial hospital COL Address1 VAL 205 marengo street COL Address2 VAL empty COL Address3 VAL empty COL City VAL florence COL State VAL al COL ZipCode VAL 3563x COL CountyName VAL lauderdale COL PhoneNumber VAL 2567688400 COL HospitalType VAL acute care hospitals COL HospitalOwner VAL voluntary non-profit - other COL EmergencyService VAL yes COL Condition VAL heart attack COL MeasureCode VAL ami-2 COL MeasureName VAL heart attack patients given aspirin at discharge COL Score VAL 96% COL Sample VAL 247 patients COL Stateavg VAL al_ami-2 ,COL PhoneNumber VAL 2567688400 ,0
598,COL ProviderNumber VAL 10007 COL HospitalName VAL mizell memorial hospital COL Address1 VAL 702 n main st COL Address2 VAL empty COL Address3 VAL empty COL City VAL opp COL State VAL al COL ZipCode VAL 36467 COL CountyName VAL covington COL PhoneNumber VAL 3344933541 COL HospitalType VAL acute care hospitals COL HospitalOwner VAL voluntary non-profit - private COL EmergencyService VAL no COL Condition VAL heart attack COL MeasureCode VAL ami-2 COL MeasureName VAL heart attack patients given aspirin at discharge COL Score VAL 50% COL Sample VAL 2 patients COL Stateavg VAL al_ami-2 ,COL PhoneNumber VAL xx449xx541 ,1
599,COL ProviderNumber VAL 10007 COL HospitalName VAL mizell memorial hospital COL Address1 VAL 702 n main st COL Address2 VAL empty COL Address3 VAL empty COL City VAL opp COL State VAL al COL ZipCode VAL 36467 COL CountyName VAL covington COL PhoneNumber VAL 3344933541 COL HospitalType VAL acute care hospitals COL HospitalOwner VAL voluntary non-profit - private COL EmergencyService VAL no COL Condition VAL heart attack COL MeasureCode VAL ami-2 COL MeasureName VAL heart attack patients given aspirin at discharge COL Score VAL 50% COL Sample VAL 2 patients COL Stateavg VAL al_ami-2 ,COL PhoneNumber VAL 3344933541 ,0
600,COL ProviderNumber VAL 10008 COL HospitalName VAL crenshaw community hospital COL Address1 VAL 101 hospital circle COL Address2 VAL empty COL Address3 VAL empty COL City VAL luverne COL State VAL al COL ZipCode VAL 36049 COL CountyName VAL crenshaw COL PhoneNumber VAL 3343353374 COL HospitalType VAL acute care hospitals COL HospitalOwner VAL government - federal COL EmergencyService VAL yes COL Condition VAL heart attack COL MeasureCode VAL axi-2 COL MeasureName VAL heart attack patients given aspirin at discharge COL Score VAL x00% COL Sample VAL 1 patients COL Stateavg VAL al_ami-2 ,COL PhoneNumber VAL 33x335337x ,1
601,COL ProviderNumber VAL 10008 COL HospitalName VAL crenshaw community hospital COL Address1 VAL 101 hospital circle COL Address2 VAL empty COL Address3 VAL empty COL City VAL luverne COL State VAL al COL ZipCode VAL 36049 COL CountyName VAL crenshaw COL PhoneNumber VAL 3343353374 COL HospitalType VAL acute care hospitals COL HospitalOwner VAL government - federal COL EmergencyService VAL yes COL Condition VAL heart attack COL MeasureCode VAL axi-2 COL MeasureName VAL heart attack patients given aspirin at discharge COL Score VAL x00% COL Sample VAL 1 patients COL Stateavg VAL al_ami-2 ,COL PhoneNumber VAL 3343353374 ,0
602,COL ProviderNumber VAL 10009 COL HospitalName VAL hartselle medical center COL Address1 VAL 201 pine street northwest COL Address2 VAL empty COL Address3 VAL empty COL City VAL hartselle COL State VAL al COL ZipCode VAL 35640 COL CountyName VAL morgan COL PhoneNumber VAL 2567736511 COL HospitalType VAL acute care hospitals COL HospitalOwner VAL proprietary COL EmergencyService VAL yes COL Condition VAL heart attack COL MeasureCode VAL ami-1 COL MeasureName VAL heart attack patients given aspirin at arrival COL Score VAL 100% COL Sample VAL 6 patients COL Stateavg VAL al_ami-1 ,COL PhoneNumber VAL 25x773x511 ,1
603,COL ProviderNumber VAL 10009 COL HospitalName VAL hartselle medical center COL Address1 VAL 201 pine street northwest COL Address2 VAL empty COL Address3 VAL empty COL City VAL hartselle COL State VAL al COL ZipCode VAL 35640 COL CountyName VAL morgan COL PhoneNumber VAL 2567736511 COL HospitalType VAL acute care hospitals COL HospitalOwner VAL proprietary COL EmergencyService VAL yes COL Condition VAL heart attack COL MeasureCode VAL ami-1 COL MeasureName VAL heart attack patients given aspirin at arrival COL Score VAL 100% COL Sample VAL 6 patients COL Stateavg VAL al_ami-1 ,COL PhoneNumber VAL 2567736511 ,0
604,COL ProviderNumber VAL 10010 COL HospitalName VAL marshall medical center north COL Address1 VAL 8000 alabama highway 69 COL Address2 VAL empty COL Address3 VAL empty COL City VAL guntersville COL State VAL al COL ZipCode VAL 35976 COL CountyName VAL marshall COL PhoneNumber VAL 2565718000 COL HospitalType VAL acute care hospitals COL HospitalOwner VAL government - hospital district or authority COL EmergencyService VAL yes COL Condition VAL heart attack COL MeasureCode VAL ami-1 COL MeasureName VAL heart attack patients given aspirin at arrival COL Score VAL 100% COL Sample VAL 8 patients COL Stateavg VAL al_ami-1 ,COL PhoneNumber VAL x565718000 ,1
605,COL ProviderNumber VAL 10010 COL HospitalName VAL marshall medical center north COL Address1 VAL 8000 alabama highway 69 COL Address2 VAL empty COL Address3 VAL empty COL City VAL guntersville COL State VAL al COL ZipCode VAL 35976 COL CountyName VAL marshall COL PhoneNumber VAL 2565718000 COL HospitalType VAL acute care hospitals COL HospitalOwner VAL government - hospital district or authority COL EmergencyService VAL yes COL Condition VAL heart attack COL MeasureCode VAL ami-1 COL MeasureName VAL heart attack patients given aspirin at arrival COL Score VAL 100% COL Sample VAL 8 patients COL Stateavg VAL al_ami-1 ,COL PhoneNumber VAL 2565718000 ,0
606,COL ProviderNumber VAL 10011 COL HospitalName VAL st vincents east COL Address1 VAL 50 medical park east drive COL Address2 VAL empty COL Address3 VAL empty COL City VAL birmingham COL State VAL al COL ZipCode VAL 35235 COL CountyName VAL jefferson COL PhoneNumber VAL 2058383122 COL HospitalType VAL acute care hospitals COL HospitalOwner VAL voluntary non-profit - private COL EmergencyService VAL yes COL Condition VAL heart attack COL MeasureCode VAL ami-1 COL MeasureName VAL heart attack patients given aspirin at arrival COL Score VAL 99% COL Sample VAL 240 patients COL Stateavg VAL al_ami-1 ,COL PhoneNumber VAL 2058x8x122 ,1
607,COL ProviderNumber VAL 10011 COL HospitalName VAL st vincents east COL Address1 VAL 50 medical park east drive COL Address2 VAL empty COL Address3 VAL empty COL City VAL birmingham COL State VAL al COL ZipCode VAL 35235 COL CountyName VAL jefferson COL PhoneNumber VAL 2058383122 COL HospitalType VAL acute care hospitals COL HospitalOwner VAL voluntary non-profit - private COL EmergencyService VAL yes COL Condition VAL heart attack COL MeasureCode VAL ami-1 COL MeasureName VAL heart attack patients given aspirin at arrival COL Score VAL 99% COL Sample VAL 240 patients COL Stateavg VAL al_ami-1 ,COL PhoneNumber VAL 2058383122 ,0
608,COL ProviderNumber VAL 10012 COL HospitalName VAL dekalb regional medical center COL Address1 VAL 200 med center drive COL Address2 VAL empty COL Address3 VAL empty COL City VAL fort payne COL State VAL al COL ZipCode VAL 35968 COL CountyName VAL de kalb COL PhoneNumber VAL 2568453150 COL HospitalType VAL acute care hospitals COL HospitalOwner VAL voluntary non-profit - church COL EmergencyService VAL yes COL Condition VAL heart attack COL MeasureCode VAL ami-2 COL MeasureName VAL heart attack patients given aspirin at discharge COL Score VAL 95% COL Sample VAL 39 patients COL Stateavg VAL al_ami-2 ,COL PhoneNumber VAL 2x684x31x0 ,1
609,COL ProviderNumber VAL 10012 COL HospitalName VAL dekalb regional medical center COL Address1 VAL 200 med center drive COL Address2 VAL empty COL Address3 VAL empty COL City VAL fort payne COL State VAL al COL ZipCode VAL 35968 COL CountyName VAL de kalb COL PhoneNumber VAL 2568453150 COL HospitalType VAL acute care hospitals COL HospitalOwner VAL voluntary non-profit - church COL EmergencyService VAL yes COL Condition VAL heart attack COL MeasureCode VAL ami-2 COL MeasureName VAL heart attack patients given aspirin at discharge COL Score VAL 95% COL Sample VAL 39 patients COL Stateavg VAL al_ami-2 ,COL PhoneNumber VAL 2568453150 ,0
610,COL ProviderNumber VAL x00x5 COL HospitalName VAL southwest alabama medical center COL Address1 VAL 33700 highway 43 COL Address2 VAL empty COL Address3 VAL empty COL City VAL thomasville COL State VAL al COL ZipCode VAL 36784 COL CountyName VAL clarke COL PhoneNumber VAL 3346366221 COL HospitalType VAL acute care hospitals COL HospitalOwner VAL government - federal COL EmergencyService VAL yes COL Condition VAL heart attack COL MeasureCode VAL ami-1 COL MeasureName VAL heart attack patients given aspirin at arrival COL Score VAL empty COL Sample VAL 0 patients COL Stateavg VAL ax_ami-1 ,COL PhoneNumber VAL 33x6366221 ,1
611,COL ProviderNumber VAL x00x5 COL HospitalName VAL southwest alabama medical center COL Address1 VAL 33700 highway 43 COL Address2 VAL empty COL Address3 VAL empty COL City VAL thomasville COL State VAL al COL ZipCode VAL 36784 COL CountyName VAL clarke COL PhoneNumber VAL 3346366221 COL HospitalType VAL acute care hospitals COL HospitalOwner VAL government - federal COL EmergencyService VAL yes COL Condition VAL heart attack COL MeasureCode VAL ami-1 COL MeasureName VAL heart attack patients given aspirin at arrival COL Score VAL empty COL Sample VAL 0 patients COL Stateavg VAL ax_ami-1 ,COL PhoneNumber VAL 3346366221 ,0
612,COL ProviderNumber VAL 10016 COL HospitalName VAL shelby baptist medical center COL Address1 VAL 1000 first street north COL Address2 VAL empty COL Address3 VAL empty COL City VAL alabaster COL State VAL al COL ZipCode VAL 35007 COL CountyName VAL shelby COL PhoneNumber VAL 2056208100 COL HospitalType VAL acute care hospitals COL HospitalOwner VAL voluntary non-profit - church COL EmergencyService VAL yes COL Condition VAL heart attack COL MeasureCode VAL ami-2 COL MeasureName VAL heart attack patients given aspirin at discharge COL Score VAL 97% COL Sample VAL 208 patients COL Stateavg VAL al_ami-2 ,COL PhoneNumber VAL 2x562x81xx ,1
613,COL ProviderNumber VAL 10016 COL HospitalName VAL shelby baptist medical center COL Address1 VAL 1000 first street north COL Address2 VAL empty COL Address3 VAL empty COL City VAL alabaster COL State VAL al COL ZipCode VAL 35007 COL CountyName VAL shelby COL PhoneNumber VAL 2056208100 COL HospitalType VAL acute care hospitals COL HospitalOwner VAL voluntary non-profit - church COL EmergencyService VAL yes COL Condition VAL heart attack COL MeasureCode VAL ami-2 COL MeasureName VAL heart attack patients given aspirin at discharge COL Score VAL 97% COL Sample VAL 208 patients COL Stateavg VAL al_ami-2 ,COL PhoneNumber VAL 2056208100 ,0
614,COL ProviderNumber VAL 10038 COL HospitalName VAL stringfellow memorial hospital COL Address1 VAL 301 east 18th st COL Address2 VAL empty COL Address3 VAL empty COL City VAL axxistox COL State VAL al COL ZipCode VAL 36201 COL CountyName VAL calhoun COL PhoneNumber VAL 2562358900 COL HospitalType VAL acute care hospitals COL HospitalOwner VAL proprietary COL EmergencyService VAL yes COL Condition VAL children s asthma care COL MeasureCode VAL cac-2 COL MeasureName VAL children who received systemic corticosteroid medication (oral and iv medication that reduces inflammation and controls symptoms) while hospitalized for asthma COL Score VAL 100% COL Sample VAL 9 patients COL Stateavg VAL al_cac-2 ,COL PhoneNumber VAL x56x358900 ,1
615,COL ProviderNumber VAL 10038 COL HospitalName VAL stringfellow memorial hospital COL Address1 VAL 301 east 18th st COL Address2 VAL empty COL Address3 VAL empty COL City VAL axxistox COL State VAL al COL ZipCode VAL 36201 COL CountyName VAL calhoun COL PhoneNumber VAL 2562358900 COL HospitalType VAL acute care hospitals COL HospitalOwner VAL proprietary COL EmergencyService VAL yes COL Condition VAL children s asthma care COL MeasureCode VAL cac-2 COL MeasureName VAL children who received systemic corticosteroid medication (oral and iv medication that reduces inflammation and controls symptoms) while hospitalized for asthma COL Score VAL 100% COL Sample VAL 9 patients COL Stateavg VAL al_cac-2 ,COL PhoneNumber VAL 2562358900 ,0
616,COL ProviderNumber VAL 10055 COL HospitalName VAL flowers hospital COL Address1 VAL 4370 west main street COL Address2 VAL empty COL Address3 VAL empty COL City VAL dothan COL State VAL al COL ZipCode VAL 36305 COL CountyName VAL houston COL PhoneNumber VAL 3347935000 COL HospitalType VAL acute care hospitals COL HospitalOwner VAL proprietary COL EmergencyService VAL yes COL Condition VAL heart failure COL MeasureCode VAL hf-2 COL MeasureName VAL heart failure patients given an evaluation of left ventricular systolic (lvs) function COL Score VAL 100% COL Sample VAL 342 patients COL Stateavg VAL al_hf-2 ,COL PhoneNumber VAL 334793x000 ,1
617,COL ProviderNumber VAL 10055 COL HospitalName VAL flowers hospital COL Address1 VAL 4370 west main street COL Address2 VAL empty COL Address3 VAL empty COL City VAL dothan COL State VAL al COL ZipCode VAL 36305 COL CountyName VAL houston COL PhoneNumber VAL 3347935000 COL HospitalType VAL acute care hospitals COL HospitalOwner VAL proprietary COL EmergencyService VAL yes COL Condition VAL heart failure COL MeasureCode VAL hf-2 COL MeasureName VAL heart failure patients given an evaluation of left ventricular systolic (lvs) function COL Score VAL 100% COL Sample VAL 342 patients COL Stateavg VAL al_hf-2 ,COL PhoneNumber VAL 3347935000 ,0
618,COL ProviderNumber VAL 10056 COL HospitalName VAL st vincents hospital COL Address1 VAL 810 st vincents drive COL Address2 VAL empty COL Address3 VAL empty COL City VAL birmingham COL State VAL al COL ZipCode VAL 35205 COL CountyName VAL jefferson COL PhoneNumber VAL 2059397000 COL HospitalType VAL acute care hospitals COL HospitalOwner VAL voluntary non-profit - other COL EmergencyService VAL yes COL Condition VAL heart attack COL MeasureCode VAL ami-1 COL MeasureName VAL heart attack patients given aspirin at arrival COL Score VAL 97% COL Sample VAL 239 patients COL Stateavg VAL al_ami-1 ,COL PhoneNumber VAL 2059x97000 ,1
619,COL ProviderNumber VAL 10056 COL HospitalName VAL st vincents hospital COL Address1 VAL 810 st vincents drive COL Address2 VAL empty COL Address3 VAL empty COL City VAL birmingham COL State VAL al COL ZipCode VAL 35205 COL CountyName VAL jefferson COL PhoneNumber VAL 2059397000 COL HospitalType VAL acute care hospitals COL HospitalOwner VAL voluntary non-profit - other COL EmergencyService VAL yes COL Condition VAL heart attack COL MeasureCode VAL ami-1 COL MeasureName VAL heart attack patients given aspirin at arrival COL Score VAL 97% COL Sample VAL 239 patients COL Stateavg VAL al_ami-1 ,COL PhoneNumber VAL 2059397000 ,0
620,COL ProviderNumber VAL 10085 COL HospitalName VAL decatur general hospital COL Address1 VAL 1201 7th street se COL Address2 VAL empty COL Address3 VAL empty COL City VAL decatur COL State VAL al COL ZipCode VAL 35609 COL CountyName VAL morgan COL PhoneNumber VAL 2563412000 COL HospitalType VAL acute care hospitals COL HospitalOwner VAL government - hospital district or authority COL EmergencyService VAL yes COL Condition VAL surgical infection prevention COL MeasureCode VAL scip-vte-2 COL MeasureName VAL patients who got treatment  at the right time (within 24 hours before or after their surgery) to help prevent blood clots after certain types of surgery COL Score VAL 87% COL Sample VAL 205 patients COL Stateavg VAL al_scip-vte-2 ,COL PhoneNumber VAL 2563412xxx ,1
621,COL ProviderNumber VAL 10085 COL HospitalName VAL decatur general hospital COL Address1 VAL 1201 7th street se COL Address2 VAL empty COL Address3 VAL empty COL City VAL decatur COL State VAL al COL ZipCode VAL 35609 COL CountyName VAL morgan COL PhoneNumber VAL 2563412000 COL HospitalType VAL acute care hospitals COL HospitalOwner VAL government - hospital district or authority COL EmergencyService VAL yes COL Condition VAL surgical infection prevention COL MeasureCode VAL scip-vte-2 COL MeasureName VAL patients who got treatment  at the right time (within 24 hours before or after their surgery) to help prevent blood clots after certain types of surgery COL Score VAL 87% COL Sample VAL 205 patients COL Stateavg VAL al_scip-vte-2 ,COL PhoneNumber VAL 2563412000 ,0
622,COL ProviderNumber VAL 10086 COL HospitalName VAL northwest medical center COL Address1 VAL 1530 u s highway 43 COL Address2 VAL empty COL Address3 VAL empty COL City VAL winfield COL State VAL al COL ZipCode VAL 35594 COL CountyName VAL marion COL PhoneNumber VAL 2054877736 COL HospitalType VAL acute care hospitals COL HospitalOwner VAL proprietary COL EmergencyService VAL yes COL Condition VAL heart attack COL MeasureCode VAL ami-1 COL MeasureName VAL heart attack patients given aspirin at arrival COL Score VAL 100% COL Sample VAL 1x patients COL Stateavg VAL al_ami-1 ,COL PhoneNumber VAL 20548xxx36 ,1
623,COL ProviderNumber VAL 10086 COL HospitalName VAL northwest medical center COL Address1 VAL 1530 u s highway 43 COL Address2 VAL empty COL Address3 VAL empty COL City VAL winfield COL State VAL al COL ZipCode VAL 35594 COL CountyName VAL marion COL PhoneNumber VAL 2054877736 COL HospitalType VAL acute care hospitals COL HospitalOwner VAL proprietary COL EmergencyService VAL yes COL Condition VAL heart attack COL MeasureCode VAL ami-1 COL MeasureName VAL heart attack patients given aspirin at arrival COL Score VAL 100% COL Sample VAL 1x patients COL Stateavg VAL al_ami-1 ,COL PhoneNumber VAL 2054877736 ,0
624,COL ProviderNumber VAL 10087 COL HospitalName VAL univ of south alabama medical center COL Address1 VAL 2451 fillingim street COL Address2 VAL empty COL Address3 VAL empty COL City VAL mobile COL State VAL al COL ZipCode VAL 36617 COL CountyName VAL mobile COL PhoneNumber VAL 2514717110 COL HospitalType VAL acute care hospitals COL HospitalOwner VAL government - state COL EmergencyService VAL yes COL Condition VAL heart attack COL MeasureCode VAL ami-1 COL MeasureName VAL heart attack patients given aspirin at arrival COL Score VAL 99% COL Sample VAL 86 patients COL Stateavg VAL al_ami-1 ,COL PhoneNumber VAL 25x47x7xx0 ,1
625,COL ProviderNumber VAL 10087 COL HospitalName VAL univ of south alabama medical center COL Address1 VAL 2451 fillingim street COL Address2 VAL empty COL Address3 VAL empty COL City VAL mobile COL State VAL al COL ZipCode VAL 36617 COL CountyName VAL mobile COL PhoneNumber VAL 2514717110 COL HospitalType VAL acute care hospitals COL HospitalOwner VAL government - state COL EmergencyService VAL yes COL Condition VAL heart attack COL MeasureCode VAL ami-1 COL MeasureName VAL heart attack patients given aspirin at arrival COL Score VAL 99% COL Sample VAL 86 patients COL Stateavg VAL al_ami-1 ,COL PhoneNumber VAL 2514717110 ,0
626,COL ProviderNumber VAL 10108 COL HospitalName VAL prattville baptist hospital COL Address1 VAL 124 s memorial dr COL Address2 VAL empty COL Address3 VAL empty COL City VAL prattville COL State VAL al COL ZipCode VAL 36067 COL CountyName VAL autauga COL PhoneNumber VAL 3343614267 COL HospitalType VAL acute care hospitals COL HospitalOwner VAL voluntary non-profit - private COL EmergencyService VAL yes COL Condition VAL heart attack COL MeasureCode VAL ami-2 COL MeasureName VAL heart attack patients given aspirin at discharge COL Score VAL 100% COL Sample VAL 4 patients COL Stateavg VAL al_ami-2 ,COL PhoneNumber VAL 33x361x267 ,1
627,COL ProviderNumber VAL 10108 COL HospitalName VAL prattville baptist hospital COL Address1 VAL 124 s memorial dr COL Address2 VAL empty COL Address3 VAL empty COL City VAL prattville COL State VAL al COL ZipCode VAL 36067 COL CountyName VAL autauga COL PhoneNumber VAL 3343614267 COL HospitalType VAL acute care hospitals COL HospitalOwner VAL voluntary non-profit - private COL EmergencyService VAL yes COL Condition VAL heart attack COL MeasureCode VAL ami-2 COL MeasureName VAL heart attack patients given aspirin at discharge COL Score VAL 100% COL Sample VAL 4 patients COL Stateavg VAL al_ami-2 ,COL PhoneNumber VAL 3343614267 ,0
628,COL ProviderNumber VAL 10158 COL HospitalName VAL russellville hospital COL Address1 VAL 15155 highway 43 COL Address2 VAL empty COL Address3 VAL empty COL City VAL russellville COL State VAL al COL ZipCode VAL 35653 COL CountyName VAL franklin COL PhoneNumber VAL 2563321611 COL HospitalType VAL acute care hospitals COL HospitalOwner VAL proprietary COL EmergencyService VAL yes COL Condition VAL surgical infection prevention COL MeasureCode VAL scip-vte-1 COL MeasureName VAL surgery patients whose doctors ordered treatments to prevent blood clots after certain types of surgeries COL Score VAL 100% COL Sample VAL 125 patients COL Stateavg VAL al_scip-vte-1 ,COL PhoneNumber VAL 256xx21611 ,1
629,COL ProviderNumber VAL 10158 COL HospitalName VAL russellville hospital COL Address1 VAL 15155 highway 43 COL Address2 VAL empty COL Address3 VAL empty COL City VAL russellville COL State VAL al COL ZipCode VAL 35653 COL CountyName VAL franklin COL PhoneNumber VAL 2563321611 COL HospitalType VAL acute care hospitals COL HospitalOwner VAL proprietary COL EmergencyService VAL yes COL Condition VAL surgical infection prevention COL MeasureCode VAL scip-vte-1 COL MeasureName VAL surgery patients whose doctors ordered treatments to prevent blood clots after certain types of surgeries COL Score VAL 100% COL Sample VAL 125 patients COL Stateavg VAL al_scip-vte-1 ,COL PhoneNumber VAL 2563321611 ,0
630,COL ProviderNumber VAL 10164 COL HospitalName VAL coosa valley medical center COL Address1 VAL 315 w hickory st COL Address2 VAL empty COL Address3 VAL empty COL City VAL sylacauga COL State VAL al COL ZipCode VAL 35150 COL CountyName VAL talladega COL PhoneNumber VAL 2562495000 COL HospitalType VAL acute care hospitals COL HospitalOwner VAL voluntary non-profit - other COL EmergencyService VAL no COL Condition VAL heart attack COL MeasureCode VAL ami-1 COL MeasureName VAL heart attack patients given aspirin at arrival COL Score VAL 90% COL Sample VAL 10 patients COL Stateavg VAL al_ami-1 ,COL PhoneNumber VAL x56x495000 ,1
631,COL ProviderNumber VAL 10164 COL HospitalName VAL coosa valley medical center COL Address1 VAL 315 w hickory st COL Address2 VAL empty COL Address3 VAL empty COL City VAL sylacauga COL State VAL al COL ZipCode VAL 35150 COL CountyName VAL talladega COL PhoneNumber VAL 2562495000 COL HospitalType VAL acute care hospitals COL HospitalOwner VAL voluntary non-profit - other COL EmergencyService VAL no COL Condition VAL heart attack COL MeasureCode VAL ami-1 COL MeasureName VAL heart attack patients given aspirin at arrival COL Score VAL 90% COL Sample VAL 10 patients COL Stateavg VAL al_ami-1 ,COL PhoneNumber VAL 2562495000 ,0
632,COL ProviderNumber VAL 20017 COL HospitalName VAL alaska regional hospital COL Address1 VAL 2801 debarr road COL Address2 VAL empty COL Address3 VAL empty COL City VAL anchorage COL State VAL ak COL ZipCode VAL 99508 COL CountyName VAL anchorage COL PhoneNumber VAL 9072761131 COL HospitalType VAL acute care hospitals COL HospitalOwner VAL proprietary COL EmergencyService VAL yes COL Condition VAL heart failure COL MeasureCode VAL hf-1 COL MeasureName VAL heart failure patients given discharge instructions COL Score VAL 91% COL Sample VAL 57 patients COL Stateavg VAL ak_hf-1 ,COL PhoneNumber VAL 907276xx3x ,1
633,COL ProviderNumber VAL 20017 COL HospitalName VAL alaska regional hospital COL Address1 VAL 2801 debarr road COL Address2 VAL empty COL Address3 VAL empty COL City VAL anchorage COL State VAL ak COL ZipCode VAL 99508 COL CountyName VAL anchorage COL PhoneNumber VAL 9072761131 COL HospitalType VAL acute care hospitals COL HospitalOwner VAL proprietary COL EmergencyService VAL yes COL Condition VAL heart failure COL MeasureCode VAL hf-1 COL MeasureName VAL heart failure patients given discharge instructions COL Score VAL 91% COL Sample VAL 57 patients COL Stateavg VAL ak_hf-1 ,COL PhoneNumber VAL 9072761131 ,0
634,COL ProviderNumber VAL 20018 COL HospitalName VAL yukon kuskokwim delta reg hospital COL Address1 VAL po box 287 COL Address2 VAL empty COL Address3 VAL empty COL City VAL bethel COL State VAL ak COL ZipCode VAL 99559 COL CountyName VAL bethel COL PhoneNumber VAL 9075436300 COL HospitalType VAL acute care hospitals COL HospitalOwner VAL government - federal COL EmergencyService VAL no COL Condition VAL heart attack COL MeasureCode VAL ami-1 COL MeasureName VAL heart attack patients given aspirin at arrival COL Score VAL empty COL Sample VAL empty COL Stateavg VAL ak_ami-1 ,COL PhoneNumber VAL x075436300 ,1
635,COL ProviderNumber VAL 20018 COL HospitalName VAL yukon kuskokwim delta reg hospital COL Address1 VAL po box 287 COL Address2 VAL empty COL Address3 VAL empty COL City VAL bethel COL State VAL ak COL ZipCode VAL 99559 COL CountyName VAL bethel COL PhoneNumber VAL 9075436300 COL HospitalType VAL acute care hospitals COL HospitalOwner VAL government - federal COL EmergencyService VAL no COL Condition VAL heart attack COL MeasureCode VAL ami-1 COL MeasureName VAL heart attack patients given aspirin at arrival COL Score VAL empty COL Sample VAL empty COL Stateavg VAL ak_ami-1 ,COL PhoneNumber VAL 9075436300 ,0
636,COL ProviderNumber VAL 10021 COL HospitalName VAL dale medical center COL Address1 VAL 126 hospital ave COL Address2 VAL empty COL Address3 VAL empty COL City VAL ozark COL State VAL al COL ZipCode VAL 36360 COL CountyName VAL dale COL PhoneNumber VAL 3347742601 COL HospitalType VAL acute care hospitals COL HospitalOwner VAL government - hospital district or authority COL EmergencyService VAL yes COL Condition VAL heart attack COL MeasureCode VAL ami-1 COL MeasureName VAL heart attack patients given aspirin at arrival COL Score VAL 100% COL Sample VAL 11 patients COL Stateavg VAL al_ami-1 ,COL PhoneNumber VAL 3347742x01 ,1
637,COL ProviderNumber VAL 10021 COL HospitalName VAL dale medical center COL Address1 VAL 126 hospital ave COL Address2 VAL empty COL Address3 VAL empty COL City VAL ozark COL State VAL al COL ZipCode VAL 36360 COL CountyName VAL dale COL PhoneNumber VAL 3347742601 COL HospitalType VAL acute care hospitals COL HospitalOwner VAL government - hospital district or authority COL EmergencyService VAL yes COL Condition VAL heart attack COL MeasureCode VAL ami-1 COL MeasureName VAL heart attack patients given aspirin at arrival COL Score VAL 100% COL Sample VAL 11 patients COL Stateavg VAL al_ami-1 ,COL PhoneNumber VAL 3347742601 ,0
638,COL ProviderNumber VAL 10022 COL HospitalName VAL cherokee medical center COL Address1 VAL 400 northwood dr COL Address2 VAL empty COL Address3 VAL empty COL City VAL centre COL State VAL al COL ZipCode VAL 35960 COL CountyName VAL cherokee COL PhoneNumber VAL 2569275531 COL HospitalType VAL acute care hospitals COL HospitalOwner VAL voluntary non-profit - private COL EmergencyService VAL yes COL Condition VAL heart attack COL MeasureCode VAL ami-1 COL MeasureName VAL heart attack patients given aspirin at arrival COL Score VAL empty COL Sample VAL 0 patients COL Stateavg VAL al_ami-1 ,COL PhoneNumber VAL 25692x5531 ,1
639,COL ProviderNumber VAL 10022 COL HospitalName VAL cherokee medical center COL Address1 VAL 400 northwood dr COL Address2 VAL empty COL Address3 VAL empty COL City VAL centre COL State VAL al COL ZipCode VAL 35960 COL CountyName VAL cherokee COL PhoneNumber VAL 2569275531 COL HospitalType VAL acute care hospitals COL HospitalOwner VAL voluntary non-profit - private COL EmergencyService VAL yes COL Condition VAL heart attack COL MeasureCode VAL ami-1 COL MeasureName VAL heart attack patients given aspirin at arrival COL Score VAL empty COL Sample VAL 0 patients COL Stateavg VAL al_ami-1 ,COL PhoneNumber VAL 2569275531 ,0
640,COL ProviderNumber VAL 10023 COL HospitalName VAL baptist medical center south COL Address1 VAL 2105 east south boulevard COL Address2 VAL empty COL Address3 VAL empty COL City VAL montxomery COL State VAL al COL ZipCode VAL 36116 COL CountyName VAL montgomery COL PhoneNumber VAL 3342882100 COL HospitalType VAL acute care hospitals COL HospitalOwner VAL voluntary non-profit - church COL EmergencyService VAL yes COL Condition VAL heart attack COL MeasureCode VAL ami-2 COL MeasureName VAL heart attack patients given aspirin at discharge COL Score VAL 100% COL Sample VAL 282 patients COL Stateavg VAL al_ami-2 ,COL PhoneNumber VAL 3342xx2100 ,1
641,COL ProviderNumber VAL 10023 COL HospitalName VAL baptist medical center south COL Address1 VAL 2105 east south boulevard COL Address2 VAL empty COL Address3 VAL empty COL City VAL montxomery COL State VAL al COL ZipCode VAL 36116 COL CountyName VAL montgomery COL PhoneNumber VAL 3342882100 COL HospitalType VAL acute care hospitals COL HospitalOwner VAL voluntary non-profit - church COL EmergencyService VAL yes COL Condition VAL heart attack COL MeasureCode VAL ami-2 COL MeasureName VAL heart attack patients given aspirin at discharge COL Score VAL 100% COL Sample VAL 282 patients COL Stateavg VAL al_ami-2 ,COL PhoneNumber VAL 3342882100 ,0
642,COL ProviderNumber VAL 10024 COL HospitalName VAL jackson hospital & clinic inc COL Address1 VAL 1725 pine street COL Address2 VAL empty COL Address3 VAL empty COL City VAL montgomery COL State VAL al COL ZipCode VAL 36106 COL CountyName VAL montgomery COL PhoneNumber VAL 3342938000 COL HospitalType VAL acute care hospitals COL HospitalOwner VAL voluntary non-profit - private COL EmergencyService VAL yes COL Condition VAL heart attack COL MeasureCode VAL ami-2 COL MeasureName VAL heart attack patients given aspirin at discharge COL Score VAL 92% COL Sample VAL 165 patients COL Stateavg VAL al_ami-2 ,COL PhoneNumber VAL 3342938xxx ,1
643,COL ProviderNumber VAL 10024 COL HospitalName VAL jackson hospital & clinic inc COL Address1 VAL 1725 pine street COL Address2 VAL empty COL Address3 VAL empty COL City VAL montgomery COL State VAL al COL ZipCode VAL 36106 COL CountyName VAL montgomery COL PhoneNumber VAL 3342938000 COL HospitalType VAL acute care hospitals COL HospitalOwner VAL voluntary non-profit - private COL EmergencyService VAL yes COL Condition VAL heart attack COL MeasureCode VAL ami-2 COL MeasureName VAL heart attack patients given aspirin at discharge COL Score VAL 92% COL Sample VAL 165 patients COL Stateavg VAL al_ami-2 ,COL PhoneNumber VAL 3342938000 ,0
644,COL ProviderNumber VAL 10025 COL HospitalName VAL g h lanier memorial hospital COL Address1 VAL 4800 48th st COL Address2 VAL empty COL Address3 VAL empty COL City VAL valley COL State VAL al COL ZipCode VAL 36854 COL CountyName VAL chambers COL PhoneNumber VAL 3347561400 COL HospitalType VAL acute care hospitals COL HospitalOwner VAL voluntary non-profit - other COL EmergencyService VAL yes COL Condition VAL heart attack COL MeasureCode VAL ami-1 COL MeasureName VAL heart attack patients given aspirin at arrival COL Score VAL 92% COL Sample VAL 24 patients COL Stateavg VAL al_ami-1 ,COL PhoneNumber VAL 334x561400 ,1
645,COL ProviderNumber VAL 10025 COL HospitalName VAL g h lanier memorial hospital COL Address1 VAL 4800 48th st COL Address2 VAL empty COL Address3 VAL empty COL City VAL valley COL State VAL al COL ZipCode VAL 36854 COL CountyName VAL chambers COL PhoneNumber VAL 3347561400 COL HospitalType VAL acute care hospitals COL HospitalOwner VAL voluntary non-profit - other COL EmergencyService VAL yes COL Condition VAL heart attack COL MeasureCode VAL ami-1 COL MeasureName VAL heart attack patients given aspirin at arrival COL Score VAL 92% COL Sample VAL 24 patients COL Stateavg VAL al_ami-1 ,COL PhoneNumber VAL 3347561400 ,0
646,COL ProviderNumber VAL 10027 COL HospitalName VAL elba general hospital COL Address1 VAL 987 drayton street COL Address2 VAL empty COL Address3 VAL empty COL City VAL elba COL State VAL al COL ZipCode VAL 36323 COL CountyName VAL coffee COL PhoneNumber VAL 3348972257 COL HospitalType VAL acute care hospitals COL HospitalOwner VAL voluntary non-profit - other COL EmergencyService VAL yes COL Condition VAL heart attack COL MeasureCode VAL ami-1 COL MeasureName VAL heart attack patients given aspirin at arrival COL Score VAL empty COL Sample VAL empty COL Stateavg VAL al_ami-1 ,COL PhoneNumber VAL 33489722x7 ,1
647,COL ProviderNumber VAL 10027 COL HospitalName VAL elba general hospital COL Address1 VAL 987 drayton street COL Address2 VAL empty COL Address3 VAL empty COL City VAL elba COL State VAL al COL ZipCode VAL 36323 COL CountyName VAL coffee COL PhoneNumber VAL 3348972257 COL HospitalType VAL acute care hospitals COL HospitalOwner VAL voluntary non-profit - other COL EmergencyService VAL yes COL Condition VAL heart attack COL MeasureCode VAL ami-1 COL MeasureName VAL heart attack patients given aspirin at arrival COL Score VAL empty COL Sample VAL empty COL Stateavg VAL al_ami-1 ,COL PhoneNumber VAL 3348972257 ,0
648,COL ProviderNumber VAL 10029 COL HospitalName VAL east alabama medical center and snf COL Address1 VAL 2000 pepperell parkway COL Address2 VAL empty COL Address3 VAL empty COL City VAL opelika COL State VAL al COL ZipCode VAL 36801 COL CountyName VAL lee COL PhoneNumber VAL 3347493411 COL HospitalType VAL acute care hospitals COL HospitalOwner VAL government - hospital district or authority COL EmergencyService VAL yes COL Condition VAL heart attack COL MeasureCode VAL ami-1 COL MeasureName VAL heart attack patients given aspirin at arrival COL Score VAL 98% COL Sample VAL 185 patients COL Stateavg VAL al_ami-1 ,COL PhoneNumber VAL 33474934xx ,1
649,COL ProviderNumber VAL 10029 COL HospitalName VAL east alabama medical center and snf COL Address1 VAL 2000 pepperell parkway COL Address2 VAL empty COL Address3 VAL empty COL City VAL opelika COL State VAL al COL ZipCode VAL 36801 COL CountyName VAL lee COL PhoneNumber VAL 3347493411 COL HospitalType VAL acute care hospitals COL HospitalOwner VAL government - hospital district or authority COL EmergencyService VAL yes COL Condition VAL heart attack COL MeasureCode VAL ami-1 COL MeasureName VAL heart attack patients given aspirin at arrival COL Score VAL 98% COL Sample VAL 185 patients COL Stateavg VAL al_ami-1 ,COL PhoneNumber VAL 3347493411 ,0
650,COL ProviderNumber VAL 10032 COL HospitalName VAL wedowee hospital COL Address1 VAL 209 north main street COL Address2 VAL empty COL Address3 VAL empty COL City VAL wedowee COL State VAL al COL ZipCode VAL 36278 COL CountyName VAL randolph COL PhoneNumber VAL 2563572111 COL HospitalType VAL acute care hospitals COL HospitalOwner VAL government - local COL EmergencyService VAL no COL Condition VAL heart attack COL MeasureCode VAL ami-1 COL MeasureName VAL heart attack patients given aspirin at arrival COL Score VAL 50% COL Sample VAL 4 patients COL Stateavg VAL al_ami-1 ,COL PhoneNumber VAL x56357x111 ,1
651,COL ProviderNumber VAL 10032 COL HospitalName VAL wedowee hospital COL Address1 VAL 209 north main street COL Address2 VAL empty COL Address3 VAL empty COL City VAL wedowee COL State VAL al COL ZipCode VAL 36278 COL CountyName VAL randolph COL PhoneNumber VAL 2563572111 COL HospitalType VAL acute care hospitals COL HospitalOwner VAL government - local COL EmergencyService VAL no COL Condition VAL heart attack COL MeasureCode VAL ami-1 COL MeasureName VAL heart attack patients given aspirin at arrival COL Score VAL 50% COL Sample VAL 4 patients COL Stateavg VAL al_ami-1 ,COL PhoneNumber VAL 2563572111 ,0
652,COL ProviderNumber VAL 10033 COL HospitalName VAL university of alabama hospital COL Address1 VAL 619 south 19th street COL Address2 VAL empty COL Address3 VAL empty COL City VAL birmingham COL State VAL al COL ZipCode VAL 35233 COL CountyName VAL jefferson COL PhoneNumber VAL 2059344011 COL HospitalType VAL acute care hospitals COL HospitalOwner VAL government - state COL EmergencyService VAL yes COL Condition VAL heart attack COL MeasureCode VAL ami-2 COL MeasureName VAL heart attack patients given aspirin at discharge COL Score VAL 98% COL Sample VAL 316 patients COL Stateavg VAL al_ami-2 ,COL PhoneNumber VAL 20x9344011 ,1
653,COL ProviderNumber VAL 10033 COL HospitalName VAL university of alabama hospital COL Address1 VAL 619 south 19th street COL Address2 VAL empty COL Address3 VAL empty COL City VAL birmingham COL State VAL al COL ZipCode VAL 35233 COL CountyName VAL jefferson COL PhoneNumber VAL 2059344011 COL HospitalType VAL acute care hospitals COL HospitalOwner VAL government - state COL EmergencyService VAL yes COL Condition VAL heart attack COL MeasureCode VAL ami-2 COL MeasureName VAL heart attack patients given aspirin at discharge COL Score VAL 98% COL Sample VAL 316 patients COL Stateavg VAL al_ami-2 ,COL PhoneNumber VAL 2059344011 ,0
654,COL ProviderNumber VAL 10034 COL HospitalName VAL community hospital inc COL Address1 VAL 805 friendship road COL Address2 VAL empty COL Address3 VAL empty COL City VAL tallassee COL State VAL al COL ZipCode VAL 36078 COL CountyName VAL elmore COL PhoneNumber VAL 3342836541 COL HospitalType VAL acute care hospitals COL HospitalOwner VAL voluntary non-profit - private COL EmergencyService VAL no COL Condition VAL heart attack COL MeasureCode VAL amix1 COL MeasureName VAL heart attack patients given aspirin at arrival COL Score VAL 77% COL Sample VAL 13 patients COL Stateavg VAL al_ami-1 ,COL PhoneNumber VAL 33x28365x1 ,1
655,COL ProviderNumber VAL 10034 COL HospitalName VAL community hospital inc COL Address1 VAL 805 friendship road COL Address2 VAL empty COL Address3 VAL empty COL City VAL tallassee COL State VAL al COL ZipCode VAL 36078 COL CountyName VAL elmore COL PhoneNumber VAL 3342836541 COL HospitalType VAL acute care hospitals COL HospitalOwner VAL voluntary non-profit - private COL EmergencyService VAL no COL Condition VAL heart attack COL MeasureCode VAL amix1 COL MeasureName VAL heart attack patients given aspirin at arrival COL Score VAL 77% COL Sample VAL 13 patients COL Stateavg VAL al_ami-1 ,COL PhoneNumber VAL 3342836541 ,0
656,COL ProviderNumber VAL 10035 COL HospitalName VAL cullman regional medical center COL Address1 VAL 1912 alabama highway 157 COL Address2 VAL empty COL Address3 VAL empty COL City VAL cullman COL State VAL al COL ZipCode VAL 35058 COL CountyName VAL cullman COL PhoneNumber VAL 2567372000 COL HospitalType VAL acute care hospitals COL HospitalOwner VAL government - hospital district or authority COL EmergencyService VAL yes COL Condition VAL heartxattack COL MeasureCode VAL ami-1 COL MeasureName VAL heart attack patients given aspirin at arrival COL Score VAL 100% COL Sample VAL 51 patients COL Stateavg VAL al_ami-1 ,COL PhoneNumber VAL 2567372xxx ,1
657,COL ProviderNumber VAL 10035 COL HospitalName VAL cullman regional medical center COL Address1 VAL 1912 alabama highway 157 COL Address2 VAL empty COL Address3 VAL empty COL City VAL cullman COL State VAL al COL ZipCode VAL 35058 COL CountyName VAL cullman COL PhoneNumber VAL 2567372000 COL HospitalType VAL acute care hospitals COL HospitalOwner VAL government - hospital district or authority COL EmergencyService VAL yes COL Condition VAL heartxattack COL MeasureCode VAL ami-1 COL MeasureName VAL heart attack patients given aspirin at arrival COL Score VAL 100% COL Sample VAL 51 patients COL Stateavg VAL al_ami-1 ,COL PhoneNumber VAL 2567372000 ,0
658,COL ProviderNumber VAL 10036 COL HospitalName VAL andalusia regional hospital COL Address1 VAL 849 south three notch street COL Address2 VAL empty COL Address3 VAL empty COL City VAL andalusia COL State VAL al COL ZipCode VAL 36420 COL CountyName VAL covington COL PhoneNumber VAL 3342228466 COL HospitalType VAL acute care hospitals COL HospitalOwner VAL proprietary COL EmergencyService VAL no COL Condition VAL heart attack COL MeasureCode VAL ami-1 COL MeasureName VAL heart attack patients given aspirin at arrival COL Score VAL 100% COL Sample VAL 8 patients COL Stateavg VAL al_ami-1 ,COL PhoneNumber VAL 33x2228x66 ,1
659,COL ProviderNumber VAL 10036 COL HospitalName VAL andalusia regional hospital COL Address1 VAL 849 south three notch street COL Address2 VAL empty COL Address3 VAL empty COL City VAL andalusia COL State VAL al COL ZipCode VAL 36420 COL CountyName VAL covington COL PhoneNumber VAL 3342228466 COL HospitalType VAL acute care hospitals COL HospitalOwner VAL proprietary COL EmergencyService VAL no COL Condition VAL heart attack COL MeasureCode VAL ami-1 COL MeasureName VAL heart attack patients given aspirin at arrival COL Score VAL 100% COL Sample VAL 8 patients COL Stateavg VAL al_ami-1 ,COL PhoneNumber VAL 3342228466 ,0
660,COL ProviderNumber VAL 10039 COL HospitalName VAL huntsville hospital COL Address1 VAL 101 sivley rd COL Address2 VAL empty COL Address3 VAL empty COL City VAL huntsville COL State VAL al COL ZipCode VAL 35801 COL CountyName VAL madison COL PhoneNumber VAL 2562651000 COL HospitalType VAL acute care hospitals COL HospitalOwner VAL government - hospital district or authority COL EmergencyService VAL yes COL Condition VAL children s asthma care COL MeasureCode VAL xax-1 COL MeasureName VAL children who received reliever medication while hospitalized for asthma COL Score VAL 100% COL Sample VAL 193 patients COL Stateavg VAL al_cac-1 ,COL PhoneNumber VAL 2x626x1000 ,1
661,COL ProviderNumber VAL 10039 COL HospitalName VAL huntsville hospital COL Address1 VAL 101 sivley rd COL Address2 VAL empty COL Address3 VAL empty COL City VAL huntsville COL State VAL al COL ZipCode VAL 35801 COL CountyName VAL madison COL PhoneNumber VAL 2562651000 COL HospitalType VAL acute care hospitals COL HospitalOwner VAL government - hospital district or authority COL EmergencyService VAL yes COL Condition VAL children s asthma care COL MeasureCode VAL xax-1 COL MeasureName VAL children who received reliever medication while hospitalized for asthma COL Score VAL 100% COL Sample VAL 193 patients COL Stateavg VAL al_cac-1 ,COL PhoneNumber VAL 2562651000 ,0
662,COL ProviderNumber VAL 10040 COL HospitalName VAL gadsden regional medical center COL Address1 VAL 1007 goodyear avenue COL Address2 VAL empty COL Address3 VAL empty COL City VAL gadsden COL State VAL al COL ZipCode VAL 35903 COL CountyName VAL etowah COL PhoneNumber VAL 2564944000 COL HospitalType VAL acute care hospitals COL HospitalOwner VAL proprietary COL EmergencyService VAL yes COL Condition VAL heart attack COL MeasureCode VAL ami-1 COL MeasureName VAL heart attack patxents gxven aspxrxn at arrxval COL Score VAL 94% COL Sample VAL 123 patients COL Stateavg VAL al_ami-1 ,COL PhoneNumber VAL 2564944xxx ,1
663,COL ProviderNumber VAL 10040 COL HospitalName VAL gadsden regional medical center COL Address1 VAL 1007 goodyear avenue COL Address2 VAL empty COL Address3 VAL empty COL City VAL gadsden COL State VAL al COL ZipCode VAL 35903 COL CountyName VAL etowah COL PhoneNumber VAL 2564944000 COL HospitalType VAL acute care hospitals COL HospitalOwner VAL proprietary COL EmergencyService VAL yes COL Condition VAL heart attack COL MeasureCode VAL ami-1 COL MeasureName VAL heart attack patxents gxven aspxrxn at arrxval COL Score VAL 94% COL Sample VAL 123 patients COL Stateavg VAL al_ami-1 ,COL PhoneNumber VAL 2564944000 ,0
664,COL ProviderNumber VAL 10043 COL HospitalName VAL chilton medical center COL Address1 VAL 1010 lay dam road COL Address2 VAL empty COL Address3 VAL empty COL City VAL clanton COL State VAL al COL ZipCode VAL 35045 COL CountyName VAL chilton COL PhoneNumber VAL 2057552500 COL HospitalType VAL acute care hospitals COL HospitalOwner VAL voluntary non-profit - private COL EmergencyService VAL yes COL Condition VAL heart attack COL MeasureCode VAL ami-1 COL MeasureName VAL heart attack patients given aspirin at arrival COL Score VAL 100% COL Sample VAL 1 patients COL Stateavg VAL xl_xmi-1 ,COL PhoneNumber VAL 2x575525xx ,1
665,COL ProviderNumber VAL 10043 COL HospitalName VAL chilton medical center COL Address1 VAL 1010 lay dam road COL Address2 VAL empty COL Address3 VAL empty COL City VAL clanton COL State VAL al COL ZipCode VAL 35045 COL CountyName VAL chilton COL PhoneNumber VAL 2057552500 COL HospitalType VAL acute care hospitals COL HospitalOwner VAL voluntary non-profit - private COL EmergencyService VAL yes COL Condition VAL heart attack COL MeasureCode VAL ami-1 COL MeasureName VAL heart attack patients given aspirin at arrival COL Score VAL 100% COL Sample VAL 1 patients COL Stateavg VAL xl_xmi-1 ,COL PhoneNumber VAL 2057552500 ,0
666,COL ProviderNumber VAL 10044 COL HospitalName VAL marion regional medical center COL Address1 VAL 1256 military street south COL Address2 VAL empty COL Address3 VAL empty COL City VAL hamilton COL State VAL al COL ZipCode VAL 35570 COL CountyName VAL marion COL PhoneNumber VAL 2059216200 COL HospitalType VAL acute care hospitals COL HospitalOwner VAL voluntary non-profit - private COL EmergencyService VAL yes COL Condition VAL heart attack COL MeasureCode VAL ami-1 COL MeasureName VAL heart attack patients given aspirin at arrival COL Score VAL 67% COL Sample VAL 3 patients COL Stateavg VAL al_ami-1 ,COL PhoneNumber VAL x059x16x00 ,1
667,COL ProviderNumber VAL 10044 COL HospitalName VAL marion regional medical center COL Address1 VAL 1256 military street south COL Address2 VAL empty COL Address3 VAL empty COL City VAL hamilton COL State VAL al COL ZipCode VAL 35570 COL CountyName VAL marion COL PhoneNumber VAL 2059216200 COL HospitalType VAL acute care hospitals COL HospitalOwner VAL voluntary non-profit - private COL EmergencyService VAL yes COL Condition VAL heart attack COL MeasureCode VAL ami-1 COL MeasureName VAL heart attack patients given aspirin at arrival COL Score VAL 67% COL Sample VAL 3 patients COL Stateavg VAL al_ami-1 ,COL PhoneNumber VAL 2059216200 ,0
668,COL ProviderNumber VAL 10045 COL HospitalName VAL fayette medical center COL Address1 VAL 1653 temple avenue north COL Address2 VAL empty COL Address3 VAL empty COL City VAL fayette COL State VAL al COL ZipCode VAL 35555 COL CountyName VAL fayette COL PhoneNumber VAL 2059325966 COL HospitalType VAL acute care hoxpitalx COL HospitalOwner VAL voluntary non-profit - other COL EmergencyService VAL yes COL Condition VAL heart attack COL MeasureCode VAL ami-1 COL MeasureName VAL heart attack patients given aspirin at arrival COL Score VAL 100% COL Sample VAL 18 patients COL Stateavg VAL al_ami-1 ,COL PhoneNumber VAL x0593x5966 ,1
669,COL ProviderNumber VAL 10045 COL HospitalName VAL fayette medical center COL Address1 VAL 1653 temple avenue north COL Address2 VAL empty COL Address3 VAL empty COL City VAL fayette COL State VAL al COL ZipCode VAL 35555 COL CountyName VAL fayette COL PhoneNumber VAL 2059325966 COL HospitalType VAL acute care hoxpitalx COL HospitalOwner VAL voluntary non-profit - other COL EmergencyService VAL yes COL Condition VAL heart attack COL MeasureCode VAL ami-1 COL MeasureName VAL heart attack patients given aspirin at arrival COL Score VAL 100% COL Sample VAL 18 patients COL Stateavg VAL al_ami-1 ,COL PhoneNumber VAL 2059325966 ,0
670,COL ProviderNumber VAL 10046 COL HospitalName VAL riverview regional medical center COL Address1 VAL 600 south third street COL Address2 VAL empty COL Address3 VAL empty COL City VAL gadsden COL State VAL al COL ZipCode VAL 35901 COL CountyName VAL etowah COL PhoneNumber VAL 2565435200 COL HospitalType VAL acutexcarexhospitals COL HospitalOwner VAL proprietary COL EmergencyService VAL yes COL Condition VAL children s asthma care COL MeasureCode VAL cac-1 COL MeasureName VAL childrenxwhoxreceivedxrelieverxmedicationxwhilexhospitalizedxforxasthma COL Score VAL 100% COL Sample VAL 4 patients COL Stateavg VAL al_cac-1 ,COL PhoneNumber VAL 25x5435200 ,1
671,COL ProviderNumber VAL 10046 COL HospitalName VAL riverview regional medical center COL Address1 VAL 600 south third street COL Address2 VAL empty COL Address3 VAL empty COL City VAL gadsden COL State VAL al COL ZipCode VAL 35901 COL CountyName VAL etowah COL PhoneNumber VAL 2565435200 COL HospitalType VAL acutexcarexhospitals COL HospitalOwner VAL proprietary COL EmergencyService VAL yes COL Condition VAL children s asthma care COL MeasureCode VAL cac-1 COL MeasureName VAL childrenxwhoxreceivedxrelieverxmedicationxwhilexhospitalizedxforxasthma COL Score VAL 100% COL Sample VAL 4 patients COL Stateavg VAL al_cac-1 ,COL PhoneNumber VAL 2565435200 ,0
672,COL ProviderNumber VAL 10047 COL HospitalName VAL georgiana hospital COL Address1 VAL 515 miranda st COL Address2 VAL empty COL Address3 VAL empty COL City VAL georgiana COL State VAL al COL ZipCode VAL 36033 COL CountyName VAL butler COL PhoneNumber VAL 3343762205 COL HospitalType VAL acute care hospitals COL HospitalOwner VAL voluntary non-profit - private COL EmergencyService VAL no COL Condition VAL heart attack COL MeasureCode VAL amix1 COL MeasureName VAL heart attack patients given aspirin at arrival COL Score VAL 53% COL Sample VAL 19 patients COL Stateavg VAL al_ami-1 ,COL PhoneNumber VAL 334376220x ,1
673,COL ProviderNumber VAL 10047 COL HospitalName VAL georgiana hospital COL Address1 VAL 515 miranda st COL Address2 VAL empty COL Address3 VAL empty COL City VAL georgiana COL State VAL al COL ZipCode VAL 36033 COL CountyName VAL butler COL PhoneNumber VAL 3343762205 COL HospitalType VAL acute care hospitals COL HospitalOwner VAL voluntary non-profit - private COL EmergencyService VAL no COL Condition VAL heart attack COL MeasureCode VAL amix1 COL MeasureName VAL heart attack patients given aspirin at arrival COL Score VAL 53% COL Sample VAL 19 patients COL Stateavg VAL al_ami-1 ,COL PhoneNumber VAL 3343762205 ,0
674,COL ProviderNumber VAL 1004x COL HospitalName VAL medical center enterprise COL Address1 VAL 400 n edwards street COL Address2 VAL empty COL Address3 VAL empty COL City VAL enterprise COL State VAL al COL ZipCode VAL 36330 COL CountyName VAL coffee COL PhoneNumber VAL 3343470584 COL HospitalType VAL acute care hospitals COL HospitalOwner VAL proprietary COL EmergencyService VAL yes COL Condition VAL hexrt attxck COL MeasureCode VAL ami-1 COL MeasureName VAL heart attack patients given aspirin at arrival COL Score VAL 100% COL Sample VAL 4 patients COL Stateavg VAL al_ami-1 ,COL PhoneNumber VAL 33x3x7058x ,1
675,COL ProviderNumber VAL 1004x COL HospitalName VAL medical center enterprise COL Address1 VAL 400 n edwards street COL Address2 VAL empty COL Address3 VAL empty COL City VAL enterprise COL State VAL al COL ZipCode VAL 36330 COL CountyName VAL coffee COL PhoneNumber VAL 3343470584 COL HospitalType VAL acute care hospitals COL HospitalOwner VAL proprietary COL EmergencyService VAL yes COL Condition VAL hexrt attxck COL MeasureCode VAL ami-1 COL MeasureName VAL heart attack patients given aspirin at arrival COL Score VAL 100% COL Sample VAL 4 patients COL Stateavg VAL al_ami-1 ,COL PhoneNumber VAL 3343470584 ,0
676,COL ProviderNumber VAL 10050 COL HospitalName VAL st vincents blount COL Address1 VAL 150 gilbreath drive COL Address2 VAL empty COL Address3 VAL empty COL City VAL oneonta COL State VAL al COL ZipCode VAL 35121 COL CountyName VAL blount COL PhoneNumber VAL 2052743000 COL HospitalType VAL acute care hospitals COL HospitalOwner VAL voluntary non-profit - private COL EmergencyService VAL yes COL Condition VAL heart attack COL MeasureCode VAL ami-1 COL MeasureName VAL heart attack patients given aspirin at arrival COL Score VAL 100% COL Sample VAL 7 patients COL Stateavg VAL al_ami-1 ,COL PhoneNumber VAL 205274x000 ,1
677,COL ProviderNumber VAL 10050 COL HospitalName VAL st vincents blount COL Address1 VAL 150 gilbreath drive COL Address2 VAL empty COL Address3 VAL empty COL City VAL oneonta COL State VAL al COL ZipCode VAL 35121 COL CountyName VAL blount COL PhoneNumber VAL 2052743000 COL HospitalType VAL acute care hospitals COL HospitalOwner VAL voluntary non-profit - private COL EmergencyService VAL yes COL Condition VAL heart attack COL MeasureCode VAL ami-1 COL MeasureName VAL heart attack patients given aspirin at arrival COL Score VAL 100% COL Sample VAL 7 patients COL Stateavg VAL al_ami-1 ,COL PhoneNumber VAL 2052743000 ,0
678,COL ProviderNumber VAL 10018 COL HospitalName VAL callahan eye foundation hospital COL Address1 VAL 1720 university blvd COL Address2 VAL empty COL Address3 VAL empty COL City VAL birmingham COL State VAL al COL ZipCode VAL 35233 COL CountyName VAL jefferson COL PhoneNumber VAL 2053258100 COL HospitalType VAL acute care hospitals COL HospitalOwner VAL voluntary non-profit - private COL EmergencyService VAL yes COL Condition VAL surgical infection prevention COL MeasureCode VAL scip-inf-1 COL MeasureName VAL surgery patients who were given an antibiotic at the right time (within one hour before surgery) to help prevent infection COL Score VAL empty COL Sample VAL empty COL Stateavg VAL al_scip-inf-1 ,COL HospitalOwner VAL volunxary non-profix - privaxe ,1
679,COL ProviderNumber VAL 10018 COL HospitalName VAL callahan eye foundation hospital COL Address1 VAL 1720 university blvd COL Address2 VAL empty COL Address3 VAL empty COL City VAL birmingham COL State VAL al COL ZipCode VAL 35233 COL CountyName VAL jefferson COL PhoneNumber VAL 2053258100 COL HospitalType VAL acute care hospitals COL HospitalOwner VAL voluntary non-profit - private COL EmergencyService VAL yes COL Condition VAL surgical infection prevention COL MeasureCode VAL scip-inf-1 COL MeasureName VAL surgery patients who were given an antibiotic at the right time (within one hour before surgery) to help prevent infection COL Score VAL empty COL Sample VAL empty COL Stateavg VAL al_scip-inf-1 ,COL HospitalOwner VAL voluntary non-profit - private ,0
680,COL ProviderNumber VAL 10019 COL HospitalName VAL helen keller memorial hospital COL Address1 VAL 1300 south montgomery avenue COL Address2 VAL empty COL Address3 VAL empty COL City VAL sheffield COL State VAL al COL ZipCode VAL 35660 COL CountyName VAL jefferson COL PhoneNumber VAL 2563864556 COL HospitalType VAL acute care hospitals COL HospitalOwner VAL government - hospital district or authority COL EmergencyService VAL yes COL Condition VAL heart attack COL MeasureCode VAL ami-1 COL MeasureName VAL heart attack patients given aspirin at arrival COL Score VAL 97% COL Sample VAL 33 patients COL Stateavg VAL al_ami-1 ,COL HospitalOwner VAL government - hospital distrixt or authority ,1
681,COL ProviderNumber VAL 10019 COL HospitalName VAL helen keller memorial hospital COL Address1 VAL 1300 south montgomery avenue COL Address2 VAL empty COL Address3 VAL empty COL City VAL sheffield COL State VAL al COL ZipCode VAL 35660 COL CountyName VAL jefferson COL PhoneNumber VAL 2563864556 COL HospitalType VAL acute care hospitals COL HospitalOwner VAL government - hospital district or authority COL EmergencyService VAL yes COL Condition VAL heart attack COL MeasureCode VAL ami-1 COL MeasureName VAL heart attack patients given aspirin at arrival COL Score VAL 97% COL Sample VAL 33 patients COL Stateavg VAL al_ami-1 ,COL HospitalOwner VAL government - hospital district or authority ,0
682,COL ProviderNumber VAL 10006 COL HospitalName VAL eliza coffee memorial hospital COL Address1 VAL 205 marengo street COL Address2 VAL empty COL Address3 VAL empty COL City VAL florence COL State VAL al COL ZipCode VAL 3563x COL CountyName VAL lauderdale COL PhoneNumber VAL 2567688400 COL HospitalType VAL acute care hospitals COL HospitalOwner VAL voluntary non-profit - other COL EmergencyService VAL yes COL Condition VAL heart attack COL MeasureCode VAL ami-2 COL MeasureName VAL heart attack patients given aspirin at discharge COL Score VAL 96% COL Sample VAL 247 patients COL Stateavg VAL al_ami-2 ,COL HospitalOwner VAL voluntary non-xrofit - other ,1
683,COL ProviderNumber VAL 10006 COL HospitalName VAL eliza coffee memorial hospital COL Address1 VAL 205 marengo street COL Address2 VAL empty COL Address3 VAL empty COL City VAL florence COL State VAL al COL ZipCode VAL 3563x COL CountyName VAL lauderdale COL PhoneNumber VAL 2567688400 COL HospitalType VAL acute care hospitals COL HospitalOwner VAL voluntary non-profit - other COL EmergencyService VAL yes COL Condition VAL heart attack COL MeasureCode VAL ami-2 COL MeasureName VAL heart attack patients given aspirin at discharge COL Score VAL 96% COL Sample VAL 247 patients COL Stateavg VAL al_ami-2 ,COL HospitalOwner VAL voluntary non-profit - other ,0
684,COL ProviderNumber VAL 10008 COL HospitalName VAL crenshaw community hospital COL Address1 VAL 101 hospital circle COL Address2 VAL empty COL Address3 VAL empty COL City VAL luverne COL State VAL al COL ZipCode VAL 36049 COL CountyName VAL crenshaw COL PhoneNumber VAL 3343353374 COL HospitalType VAL acute care hospitals COL HospitalOwner VAL government - federal COL EmergencyService VAL yes COL Condition VAL heart attack COL MeasureCode VAL axi-2 COL MeasureName VAL heart attack patients given aspirin at discharge COL Score VAL x00% COL Sample VAL 1 patients COL Stateavg VAL al_ami-2 ,COL HospitalOwner VAL goverxmext - federal ,1
685,COL ProviderNumber VAL 10008 COL HospitalName VAL crenshaw community hospital COL Address1 VAL 101 hospital circle COL Address2 VAL empty COL Address3 VAL empty COL City VAL luverne COL State VAL al COL ZipCode VAL 36049 COL CountyName VAL crenshaw COL PhoneNumber VAL 3343353374 COL HospitalType VAL acute care hospitals COL HospitalOwner VAL government - federal COL EmergencyService VAL yes COL Condition VAL heart attack COL MeasureCode VAL axi-2 COL MeasureName VAL heart attack patients given aspirin at discharge COL Score VAL x00% COL Sample VAL 1 patients COL Stateavg VAL al_ami-2 ,COL HospitalOwner VAL government - federal ,0
686,COL ProviderNumber VAL 10009 COL HospitalName VAL hartselle medical center COL Address1 VAL 201 pine street northwest COL Address2 VAL empty COL Address3 VAL empty COL City VAL hartselle COL State VAL al COL ZipCode VAL 35640 COL CountyName VAL morgan COL PhoneNumber VAL 2567736511 COL HospitalType VAL acute care hospitals COL HospitalOwner VAL proprietary COL EmergencyService VAL yes COL Condition VAL heart attack COL MeasureCode VAL ami-1 COL MeasureName VAL heart attack patients given aspirin at arrival COL Score VAL 100% COL Sample VAL 6 patients COL Stateavg VAL al_ami-1 ,COL HospitalOwner VAL xroxrietary ,1
687,COL ProviderNumber VAL 10009 COL HospitalName VAL hartselle medical center COL Address1 VAL 201 pine street northwest COL Address2 VAL empty COL Address3 VAL empty COL City VAL hartselle COL State VAL al COL ZipCode VAL 35640 COL CountyName VAL morgan COL PhoneNumber VAL 2567736511 COL HospitalType VAL acute care hospitals COL HospitalOwner VAL proprietary COL EmergencyService VAL yes COL Condition VAL heart attack COL MeasureCode VAL ami-1 COL MeasureName VAL heart attack patients given aspirin at arrival COL Score VAL 100% COL Sample VAL 6 patients COL Stateavg VAL al_ami-1 ,COL HospitalOwner VAL proprietary ,0
688,COL ProviderNumber VAL 10012 COL HospitalName VAL dekalb regional medical center COL Address1 VAL 200 med center drive COL Address2 VAL empty COL Address3 VAL empty COL City VAL fort payne COL State VAL al COL ZipCode VAL 35968 COL CountyName VAL de kalb COL PhoneNumber VAL 2568453150 COL HospitalType VAL acute care hospitals COL HospitalOwner VAL voluntary non-profit - church COL EmergencyService VAL yes COL Condition VAL heart attack COL MeasureCode VAL ami-2 COL MeasureName VAL heart attack patients given aspirin at discharge COL Score VAL 95% COL Sample VAL 39 patients COL Stateavg VAL al_ami-2 ,COL HospitalOwner VAL voxuntary non-profit - church ,1
689,COL ProviderNumber VAL 10012 COL HospitalName VAL dekalb regional medical center COL Address1 VAL 200 med center drive COL Address2 VAL empty COL Address3 VAL empty COL City VAL fort payne COL State VAL al COL ZipCode VAL 35968 COL CountyName VAL de kalb COL PhoneNumber VAL 2568453150 COL HospitalType VAL acute care hospitals COL HospitalOwner VAL voluntary non-profit - church COL EmergencyService VAL yes COL Condition VAL heart attack COL MeasureCode VAL ami-2 COL MeasureName VAL heart attack patients given aspirin at discharge COL Score VAL 95% COL Sample VAL 39 patients COL Stateavg VAL al_ami-2 ,COL HospitalOwner VAL voluntary non-profit - church ,0
690,COL ProviderNumber VAL 10087 COL HospitalName VAL univ of south alabama medical center COL Address1 VAL 2451 fillingim street COL Address2 VAL empty COL Address3 VAL empty COL City VAL mobile COL State VAL al COL ZipCode VAL 36617 COL CountyName VAL mobile COL PhoneNumber VAL 2514717110 COL HospitalType VAL acute care hospitals COL HospitalOwner VAL government - state COL EmergencyService VAL yes COL Condition VAL heart attack COL MeasureCode VAL ami-1 COL MeasureName VAL heart attack patients given aspirin at arrival COL Score VAL 99% COL Sample VAL 86 patients COL Stateavg VAL al_ami-1 ,COL HospitalOwner VAL governmenx - sxaxe ,1
691,COL ProviderNumber VAL 10087 COL HospitalName VAL univ of south alabama medical center COL Address1 VAL 2451 fillingim street COL Address2 VAL empty COL Address3 VAL empty COL City VAL mobile COL State VAL al COL ZipCode VAL 36617 COL CountyName VAL mobile COL PhoneNumber VAL 2514717110 COL HospitalType VAL acute care hospitals COL HospitalOwner VAL government - state COL EmergencyService VAL yes COL Condition VAL heart attack COL MeasureCode VAL ami-1 COL MeasureName VAL heart attack patients given aspirin at arrival COL Score VAL 99% COL Sample VAL 86 patients COL Stateavg VAL al_ami-1 ,COL HospitalOwner VAL government - state ,0
692,COL ProviderNumber VAL 10032 COL HospitalName VAL wedowee hospital COL Address1 VAL 209 north main street COL Address2 VAL empty COL Address3 VAL empty COL City VAL wedowee COL State VAL al COL ZipCode VAL 36278 COL CountyName VAL randolph COL PhoneNumber VAL 2563572111 COL HospitalType VAL acute care hospitals COL HospitalOwner VAL government - local COL EmergencyService VAL no COL Condition VAL heart attack COL MeasureCode VAL ami-1 COL MeasureName VAL heart attack patients given aspirin at arrival COL Score VAL 50% COL Sample VAL 4 patients COL Stateavg VAL al_ami-1 ,COL HospitalOwner VAL government - locxl ,1
693,COL ProviderNumber VAL 10032 COL HospitalName VAL wedowee hospital COL Address1 VAL 209 north main street COL Address2 VAL empty COL Address3 VAL empty COL City VAL wedowee COL State VAL al COL ZipCode VAL 36278 COL CountyName VAL randolph COL PhoneNumber VAL 2563572111 COL HospitalType VAL acute care hospitals COL HospitalOwner VAL government - local COL EmergencyService VAL no COL Condition VAL heart attack COL MeasureCode VAL ami-1 COL MeasureName VAL heart attack patients given aspirin at arrival COL Score VAL 50% COL Sample VAL 4 patients COL Stateavg VAL al_ami-1 ,COL HospitalOwner VAL government - local ,0
694,COL ProviderNumber VAL 10018 COL HospitalName VAL callahan eye foundation hospital COL Address1 VAL 1720 university blvd COL Address2 VAL empty COL Address3 VAL empty COL City VAL birmingham COL State VAL al COL ZipCode VAL 35233 COL CountyName VAL jefferson COL PhoneNumber VAL 2053258100 COL HospitalType VAL acute care hospitals COL HospitalOwner VAL voluntary non-profit - private COL EmergencyService VAL yes COL Condition VAL surgical infection prevention COL MeasureCode VAL scip-inf-1 COL MeasureName VAL surgery patients who were given an antibiotic at the right time (within one hour before surgery) to help prevent infection COL Score VAL empty COL Sample VAL empty COL Stateavg VAL al_scip-inf-1 ,COL EmergencyService VAL xes ,1
695,COL ProviderNumber VAL 10018 COL HospitalName VAL callahan eye foundation hospital COL Address1 VAL 1720 university blvd COL Address2 VAL empty COL Address3 VAL empty COL City VAL birmingham COL State VAL al COL ZipCode VAL 35233 COL CountyName VAL jefferson COL PhoneNumber VAL 2053258100 COL HospitalType VAL acute care hospitals COL HospitalOwner VAL voluntary non-profit - private COL EmergencyService VAL yes COL Condition VAL surgical infection prevention COL MeasureCode VAL scip-inf-1 COL MeasureName VAL surgery patients who were given an antibiotic at the right time (within one hour before surgery) to help prevent infection COL Score VAL empty COL Sample VAL empty COL Stateavg VAL al_scip-inf-1 ,COL EmergencyService VAL yes ,0
696,COL ProviderNumber VAL 10007 COL HospitalName VAL mizell memorial hospital COL Address1 VAL 702 n main st COL Address2 VAL empty COL Address3 VAL empty COL City VAL opp COL State VAL al COL ZipCode VAL 36467 COL CountyName VAL covington COL PhoneNumber VAL 3344933541 COL HospitalType VAL acute care hospitals COL HospitalOwner VAL voluntary non-profit - private COL EmergencyService VAL no COL Condition VAL heart attack COL MeasureCode VAL ami-2 COL MeasureName VAL heart attack patients given aspirin at discharge COL Score VAL 50% COL Sample VAL 2 patients COL Stateavg VAL al_ami-2 ,COL EmergencyService VAL xo ,1
697,COL ProviderNumber VAL 10007 COL HospitalName VAL mizell memorial hospital COL Address1 VAL 702 n main st COL Address2 VAL empty COL Address3 VAL empty COL City VAL opp COL State VAL al COL ZipCode VAL 36467 COL CountyName VAL covington COL PhoneNumber VAL 3344933541 COL HospitalType VAL acute care hospitals COL HospitalOwner VAL voluntary non-profit - private COL EmergencyService VAL no COL Condition VAL heart attack COL MeasureCode VAL ami-2 COL MeasureName VAL heart attack patients given aspirin at discharge COL Score VAL 50% COL Sample VAL 2 patients COL Stateavg VAL al_ami-2 ,COL EmergencyService VAL no ,0
698,COL ProviderNumber VAL 10018 COL HospitalName VAL callahan eye foundation hospital COL Address1 VAL 1720 university blvd COL Address2 VAL empty COL Address3 VAL empty COL City VAL birmingham COL State VAL al COL ZipCode VAL 35233 COL CountyName VAL jefferson COL PhoneNumber VAL 2053258100 COL HospitalType VAL acute care hospitals COL HospitalOwner VAL voluntary non-profit - private COL EmergencyService VAL yes COL Condition VAL surgical infection prevention COL MeasureCode VAL scip-inf-1 COL MeasureName VAL surgery patients who were given an antibiotic at the right time (within one hour before surgery) to help prevent infection COL Score VAL empty COL Sample VAL empty COL Stateavg VAL al_scip-inf-1 ,COL Condition VAL surgical infxction prxvxntion ,1
699,COL ProviderNumber VAL 10018 COL HospitalName VAL callahan eye foundation hospital COL Address1 VAL 1720 university blvd COL Address2 VAL empty COL Address3 VAL empty COL City VAL birmingham COL State VAL al COL ZipCode VAL 35233 COL CountyName VAL jefferson COL PhoneNumber VAL 2053258100 COL HospitalType VAL acute care hospitals COL HospitalOwner VAL voluntary non-profit - private COL EmergencyService VAL yes COL Condition VAL surgical infection prevention COL MeasureCode VAL scip-inf-1 COL MeasureName VAL surgery patients who were given an antibiotic at the right time (within one hour before surgery) to help prevent infection COL Score VAL empty COL Sample VAL empty COL Stateavg VAL al_scip-inf-1 ,COL Condition VAL surgical infection prevention ,0
700,COL ProviderNumber VAL 10019 COL HospitalName VAL helen keller memorial hospital COL Address1 VAL 1300 south montgomery avenue COL Address2 VAL empty COL Address3 VAL empty COL City VAL sheffield COL State VAL al COL ZipCode VAL 35660 COL CountyName VAL jefferson COL PhoneNumber VAL 2563864556 COL HospitalType VAL acute care hospitals COL HospitalOwner VAL government - hospital district or authority COL EmergencyService VAL yes COL Condition VAL heart attack COL MeasureCode VAL ami-1 COL MeasureName VAL heart attack patients given aspirin at arrival COL Score VAL 97% COL Sample VAL 33 patients COL Stateavg VAL al_ami-1 ,COL Condition VAL xeart attack ,1
701,COL ProviderNumber VAL 10019 COL HospitalName VAL helen keller memorial hospital COL Address1 VAL 1300 south montgomery avenue COL Address2 VAL empty COL Address3 VAL empty COL City VAL sheffield COL State VAL al COL ZipCode VAL 35660 COL CountyName VAL jefferson COL PhoneNumber VAL 2563864556 COL HospitalType VAL acute care hospitals COL HospitalOwner VAL government - hospital district or authority COL EmergencyService VAL yes COL Condition VAL heart attack COL MeasureCode VAL ami-1 COL MeasureName VAL heart attack patients given aspirin at arrival COL Score VAL 97% COL Sample VAL 33 patients COL Stateavg VAL al_ami-1 ,COL Condition VAL heart attack ,0
702,COL ProviderNumber VAL 10019 COL HospitalName VAL helen keller memorial hospital COL Address1 VAL 1300 south montgomery avenue COL Address2 VAL empty COL Address3 VAL empty COL City VAL sheffield COL State VAL al COL ZipCode VAL 35660 COL CountyName VAL jefferson COL PhoneNumber VAL 2563864556 COL HospitalType VAL acute care hospitals COL HospitalOwner VAL government - hospital district or authority COL EmergencyService VAL yes COL Condition VAL heart failure COL MeasureCode VAL hf-1 COL MeasureName VAL heart failure patients given discharge instructions COL Score VAL 80% COL Sample VAL 114 patients COL Stateavg VAL al_hf-1 ,COL Condition VAL hexrt fxilure ,1
703,COL ProviderNumber VAL 10019 COL HospitalName VAL helen keller memorial hospital COL Address1 VAL 1300 south montgomery avenue COL Address2 VAL empty COL Address3 VAL empty COL City VAL sheffield COL State VAL al COL ZipCode VAL 35660 COL CountyName VAL jefferson COL PhoneNumber VAL 2563864556 COL HospitalType VAL acute care hospitals COL HospitalOwner VAL government - hospital district or authority COL EmergencyService VAL yes COL Condition VAL heart failure COL MeasureCode VAL hf-1 COL MeasureName VAL heart failure patients given discharge instructions COL Score VAL 80% COL Sample VAL 114 patients COL Stateavg VAL al_hf-1 ,COL Condition VAL heart failure ,0
704,COL ProviderNumber VAL 10001 COL HospitalName VAL southeast alabama medical center COL Address1 VAL 1108 ross clark circle COL Address2 VAL empty COL Address3 VAL empty COL City VAL dothan COL State VAL al COL ZipCode VAL 36302 COL CountyName VAL houston COL PhoneNumber VAL 3347938701 COL HospitalType VAL acute care hospitals COL HospitalOwner VAL government - hospital district or authority COL EmergencyService VAL yes COL Condition VAL pneumonia COL MeasureCode VAL pn-2 COL MeasureName VAL pneumonia patients assessed and given pneumococcal vaccination COL Score VAL 93% COL Sample VAL 191 patients COL Stateavg VAL al_pn-2 ,COL Condition VAL pnxumonia ,1
705,COL ProviderNumber VAL 10001 COL HospitalName VAL southeast alabama medical center COL Address1 VAL 1108 ross clark circle COL Address2 VAL empty COL Address3 VAL empty COL City VAL dothan COL State VAL al COL ZipCode VAL 36302 COL CountyName VAL houston COL PhoneNumber VAL 3347938701 COL HospitalType VAL acute care hospitals COL HospitalOwner VAL government - hospital district or authority COL EmergencyService VAL yes COL Condition VAL pneumonia COL MeasureCode VAL pn-2 COL MeasureName VAL pneumonia patients assessed and given pneumococcal vaccination COL Score VAL 93% COL Sample VAL 191 patients COL Stateavg VAL al_pn-2 ,COL Condition VAL pneumonia ,0
706,COL ProviderNumber VAL 10038 COL HospitalName VAL stringfellow memorial hospital COL Address1 VAL 301 east 18th st COL Address2 VAL empty COL Address3 VAL empty COL City VAL axxistox COL State VAL al COL ZipCode VAL 36201 COL CountyName VAL calhoun COL PhoneNumber VAL 2562358900 COL HospitalType VAL acute care hospitals COL HospitalOwner VAL proprietary COL EmergencyService VAL yes COL Condition VAL children s asthma care COL MeasureCode VAL cac-2 COL MeasureName VAL children who received systemic corticosteroid medication (oral and iv medication that reduces inflammation and controls symptoms) while hospitalized for asthma COL Score VAL 100% COL Sample VAL 9 patients COL Stateavg VAL al_cac-2 ,COL Condition VAL xhildren s asthma xare ,1
707,COL ProviderNumber VAL 10038 COL HospitalName VAL stringfellow memorial hospital COL Address1 VAL 301 east 18th st COL Address2 VAL empty COL Address3 VAL empty COL City VAL axxistox COL State VAL al COL ZipCode VAL 36201 COL CountyName VAL calhoun COL PhoneNumber VAL 2562358900 COL HospitalType VAL acute care hospitals COL HospitalOwner VAL proprietary COL EmergencyService VAL yes COL Condition VAL children s asthma care COL MeasureCode VAL cac-2 COL MeasureName VAL children who received systemic corticosteroid medication (oral and iv medication that reduces inflammation and controls symptoms) while hospitalized for asthma COL Score VAL 100% COL Sample VAL 9 patients COL Stateavg VAL al_cac-2 ,COL Condition VAL children s asthma care ,0
708,COL ProviderNumber VAL 10018 COL HospitalName VAL callahan eye foundation hospital COL Address1 VAL 1720 university blvd COL Address2 VAL empty COL Address3 VAL empty COL City VAL birmingham COL State VAL al COL ZipCode VAL 35233 COL CountyName VAL jefferson COL PhoneNumber VAL 2053258100 COL HospitalType VAL acute care hospitals COL HospitalOwner VAL voluntary non-profit - private COL EmergencyService VAL yes COL Condition VAL surgical infection prevention COL MeasureCode VAL scip-inf-1 COL MeasureName VAL surgery patients who were given an antibiotic at the right time (within one hour before surgery) to help prevent infection COL Score VAL empty COL Sample VAL empty COL Stateavg VAL al_scip-inf-1 ,COL MeasureName VAL surxery patients who were xiven an antibiotic at the rixht time (within one hour before surxery) to help prevent infection ,1
709,COL ProviderNumber VAL 10018 COL HospitalName VAL callahan eye foundation hospital COL Address1 VAL 1720 university blvd COL Address2 VAL empty COL Address3 VAL empty COL City VAL birmingham COL State VAL al COL ZipCode VAL 35233 COL CountyName VAL jefferson COL PhoneNumber VAL 2053258100 COL HospitalType VAL acute care hospitals COL HospitalOwner VAL voluntary non-profit - private COL EmergencyService VAL yes COL Condition VAL surgical infection prevention COL MeasureCode VAL scip-inf-1 COL MeasureName VAL surgery patients who were given an antibiotic at the right time (within one hour before surgery) to help prevent infection COL Score VAL empty COL Sample VAL empty COL Stateavg VAL al_scip-inf-1 ,COL MeasureName VAL surgery patients who were given an antibiotic at the right time (within one hour before surgery) to help prevent infection ,0
710,COL ProviderNumber VAL 10018 COL HospitalName VAL callahan eye foundation hospital COL Address1 VAL 1720 university blvd COL Address2 VAL empty COL Address3 VAL empty COL City VAL birmingham COL State VAL al COL ZipCode VAL 35233 COL CountyName VAL jefferson COL PhoneNumber VAL 2053258100 COL HospitalType VAL acute care hospitals COL HospitalOwner VAL voluntary non-profit - private COL EmergencyService VAL yes COL Condition VAL surgical infection prevention COL MeasureCode VAL scip-inf-2 COL MeasureName VAL surgery patients who were given the  right kind  of antibiotic to help prevent infection COL Score VAL empty COL Sample VAL empty COL Stateavg VAL al_scip-inf-2 ,COL MeasureName VAL surgery xatients who were given the  right kind  of antibiotic to helx xrevent infection ,1
711,COL ProviderNumber VAL 10018 COL HospitalName VAL callahan eye foundation hospital COL Address1 VAL 1720 university blvd COL Address2 VAL empty COL Address3 VAL empty COL City VAL birmingham COL State VAL al COL ZipCode VAL 35233 COL CountyName VAL jefferson COL PhoneNumber VAL 2053258100 COL HospitalType VAL acute care hospitals COL HospitalOwner VAL voluntary non-profit - private COL EmergencyService VAL yes COL Condition VAL surgical infection prevention COL MeasureCode VAL scip-inf-2 COL MeasureName VAL surgery patients who were given the  right kind  of antibiotic to help prevent infection COL Score VAL empty COL Sample VAL empty COL Stateavg VAL al_scip-inf-2 ,COL MeasureName VAL surgery patients who were given the  right kind  of antibiotic to help prevent infection ,0
712,COL ProviderNumber VAL 10018 COL HospitalName VAL callahan eye foundation hospital COL Address1 VAL 1720 university blvd COL Address2 VAL empty COL Address3 VAL empty COL City VAL birminghxm COL State VAL al COL ZipCode VAL 35233 COL CountyName VAL jefferson COL PhoneNumber VAL 2053258100 COL HospitalType VAL acute care hospitals COL HospitalOwner VAL voluntary non-profit - private COL EmergencyService VAL yes COL Condition VAL surgical infection prevention COL MeasureCode VAL scip-inf-3 COL MeasureName VAL surgery patients whose preventive antibiotics were stopped at the right time (within 24 hours after surgery) COL Score VAL empty COL Sample VAL empty COL Stateavg VAL al_scip-inf-3 ,COL MeasureName VAL surgery pxtients whose preventive xntibiotics were stopped xt the right time (within 24 hours xfter surgery) ,1
713,COL ProviderNumber VAL 10018 COL HospitalName VAL callahan eye foundation hospital COL Address1 VAL 1720 university blvd COL Address2 VAL empty COL Address3 VAL empty COL City VAL birminghxm COL State VAL al COL ZipCode VAL 35233 COL CountyName VAL jefferson COL PhoneNumber VAL 2053258100 COL HospitalType VAL acute care hospitals COL HospitalOwner VAL voluntary non-profit - private COL EmergencyService VAL yes COL Condition VAL surgical infection prevention COL MeasureCode VAL scip-inf-3 COL MeasureName VAL surgery patients whose preventive antibiotics were stopped at the right time (within 24 hours after surgery) COL Score VAL empty COL Sample VAL empty COL Stateavg VAL al_scip-inf-3 ,COL MeasureName VAL surgery patients whose preventive antibiotics were stopped at the right time (within 24 hours after surgery) ,0
714,COL ProviderNumber VAL 10018 COL HospitalName VAL callahan eye foundation hospital COL Address1 VAL 1720 university blvd COL Address2 VAL empty COL Address3 VAL empty COL City VAL birmingham COL State VAL al COL ZipCode VAL 35233 COL CountyName VAL jefferson COL PhoneNumber VAL 2053258100 COL HospitalType VAL acute care hospitals COL HospitalOwner VAL voluntary non-profit - private COL EmergencyService VAL yes COL Condition VAL surgical infection prevention COL MeasureCode VAL scip-inf-4 COL MeasureName VAL all heart surgery patients whose blood sugar (blood glucose) is kept under good control in the days right after surgery COL Score VAL empty COL Sample VAL empty COL Stateavg VAL al_scip-inf-4 ,COL MeasureName VAL axx heart surgery patients whose bxood sugar (bxood gxucose) is kept under good controx in the days right after surgery ,1
715,COL ProviderNumber VAL 10018 COL HospitalName VAL callahan eye foundation hospital COL Address1 VAL 1720 university blvd COL Address2 VAL empty COL Address3 VAL empty COL City VAL birmingham COL State VAL al COL ZipCode VAL 35233 COL CountyName VAL jefferson COL PhoneNumber VAL 2053258100 COL HospitalType VAL acute care hospitals COL HospitalOwner VAL voluntary non-profit - private COL EmergencyService VAL yes COL Condition VAL surgical infection prevention COL MeasureCode VAL scip-inf-4 COL MeasureName VAL all heart surgery patients whose blood sugar (blood glucose) is kept under good control in the days right after surgery COL Score VAL empty COL Sample VAL empty COL Stateavg VAL al_scip-inf-4 ,COL MeasureName VAL all heart surgery patients whose blood sugar (blood glucose) is kept under good control in the days right after surgery ,0
716,COL ProviderNumber VAL 10018 COL HospitalName VAL callahan eye foundation hospital COL Address1 VAL 1720 university blvd COL Address2 VAL empty COL Address3 VAL empty COL City VAL birmingham COL State VAL al COL ZipCode VAL 35233 COL CountyName VAL jefferson COL PhoneNumber VAL 2053258100 COL HospitalType VAL acute care hospitals COL HospitalOwner VAL voluntary non-profit - private COL EmergencyService VAL yes COL Condition VAL surgical infection prevention COL MeasureCode VAL scip-inf-6 COL MeasureName VAL surgery patients needing hair removed from the surgical area before surgery who had hair removed using a safer method (electric clippers or hair removal cream c not a razor) COL Score VAL empty COL Sample VAL empty COL Stateavg VAL al_scip-inf-6 ,COL MeasureName VAL surgery pxtients needing hxir removed from the surgicxl xrex before surgery who hxd hxir removed using x sxfer method (electric clippers or hxir removxl crexm c not x rxzor) ,1
717,COL ProviderNumber VAL 10018 COL HospitalName VAL callahan eye foundation hospital COL Address1 VAL 1720 university blvd COL Address2 VAL empty COL Address3 VAL empty COL City VAL birmingham COL State VAL al COL ZipCode VAL 35233 COL CountyName VAL jefferson COL PhoneNumber VAL 2053258100 COL HospitalType VAL acute care hospitals COL HospitalOwner VAL voluntary non-profit - private COL EmergencyService VAL yes COL Condition VAL surgical infection prevention COL MeasureCode VAL scip-inf-6 COL MeasureName VAL surgery patients needing hair removed from the surgical area before surgery who had hair removed using a safer method (electric clippers or hair removal cream c not a razor) COL Score VAL empty COL Sample VAL empty COL Stateavg VAL al_scip-inf-6 ,COL MeasureName VAL surgery patients needing hair removed from the surgical area before surgery who had hair removed using a safer method (electric clippers or hair removal cream c not a razor) ,0
718,COL ProviderNumber VAL 10018 COL HospitalName VAL callahan eye foundation hospital COL Address1 VAL 1720 university blvd COL Address2 VAL empty COL Address3 VAL empty COL City VAL birmingham COL State VAL al COL ZipCode VAL 35233 COL CountyName VAL jefferson COL PhoneNumber VAL 2053258100 COL HospitalType VAL acute care hospitals COL HospitalOwner VAL voluntary non-profit - private COL EmergencyService VAL yes COL Condition VAL surgical infection prevention COL MeasureCode VAL scip-vte-1 COL MeasureName VAL surgery patients whose doctors ordered treatments to prevent blood clots after certain types of surgeries COL Score VAL empty COL Sample VAL empty COL Stateavg VAL al_scip-vte-1 ,COL MeasureName VAL surgery patients xhose doctors ordered treatments to prevent blood clots after certain types of surgeries ,1
719,COL ProviderNumber VAL 10018 COL HospitalName VAL callahan eye foundation hospital COL Address1 VAL 1720 university blvd COL Address2 VAL empty COL Address3 VAL empty COL City VAL birmingham COL State VAL al COL ZipCode VAL 35233 COL CountyName VAL jefferson COL PhoneNumber VAL 2053258100 COL HospitalType VAL acute care hospitals COL HospitalOwner VAL voluntary non-profit - private COL EmergencyService VAL yes COL Condition VAL surgical infection prevention COL MeasureCode VAL scip-vte-1 COL MeasureName VAL surgery patients whose doctors ordered treatments to prevent blood clots after certain types of surgeries COL Score VAL empty COL Sample VAL empty COL Stateavg VAL al_scip-vte-1 ,COL MeasureName VAL surgery patients whose doctors ordered treatments to prevent blood clots after certain types of surgeries ,0
720,COL ProviderNumber VAL 10018 COL HospitalName VAL callahan eye foundation hospital COL Address1 VAL 1720 university blvd COL Address2 VAL empty COL Address3 VAL empty COL City VAL birmingxam COL State VAL al COL ZipCode VAL 35233 COL CountyName VAL jefferson COL PhoneNumber VAL 2053258100 COL HospitalType VAL acute care hospitals COL HospitalOwner VAL voluntary non-profit - private COL EmergencyService VAL yes COL Condition VAL surgical infection prevention COL MeasureCode VAL scip-vte-2 COL MeasureName VAL patients who got treatment  at the right time (within 24 hours before or after their surgery) to help prevent blood clots after certain types of surgery COL Score VAL empty COL Sample VAL empty COL Stateavg VAL al_scip-vte-2 ,COL MeasureName VAL patients wxo got treatment  at txe rigxt time (witxin 24 xours before or after txeir surgery) to xelp prevent blood clots after certain types of surgery ,1
721,COL ProviderNumber VAL 10018 COL HospitalName VAL callahan eye foundation hospital COL Address1 VAL 1720 university blvd COL Address2 VAL empty COL Address3 VAL empty COL City VAL birmingxam COL State VAL al COL ZipCode VAL 35233 COL CountyName VAL jefferson COL PhoneNumber VAL 2053258100 COL HospitalType VAL acute care hospitals COL HospitalOwner VAL voluntary non-profit - private COL EmergencyService VAL yes COL Condition VAL surgical infection prevention COL MeasureCode VAL scip-vte-2 COL MeasureName VAL patients who got treatment  at the right time (within 24 hours before or after their surgery) to help prevent blood clots after certain types of surgery COL Score VAL empty COL Sample VAL empty COL Stateavg VAL al_scip-vte-2 ,COL MeasureName VAL patients who got treatment  at the right time (within 24 hours before or after their surgery) to help prevent blood clots after certain types of surgery ,0
722,COL ProviderNumber VAL 10019 COL HospitalName VAL helen keller memorial hospital COL Address1 VAL 1300 south montgomery avenue COL Address2 VAL empty COL Address3 VAL empty COL City VAL sheffield COL State VAL al COL ZipCode VAL 35660 COL CountyName VAL jefferson COL PhoneNumber VAL 2563864556 COL HospitalType VAL acute care hospitals COL HospitalOwner VAL government - hospital district or authority COL EmergencyService VAL yes COL Condition VAL heart attack COL MeasureCode VAL ami-1 COL MeasureName VAL heart attack patients given aspirin at arrival COL Score VAL 97% COL Sample VAL 33 patients COL Stateavg VAL al_ami-1 ,COL MeasureName VAL heart attack patxents gxven aspxrxn at arrxval ,1
723,COL ProviderNumber VAL 10019 COL HospitalName VAL helen keller memorial hospital COL Address1 VAL 1300 south montgomery avenue COL Address2 VAL empty COL Address3 VAL empty COL City VAL sheffield COL State VAL al COL ZipCode VAL 35660 COL CountyName VAL jefferson COL PhoneNumber VAL 2563864556 COL HospitalType VAL acute care hospitals COL HospitalOwner VAL government - hospital district or authority COL EmergencyService VAL yes COL Condition VAL heart attack COL MeasureCode VAL ami-1 COL MeasureName VAL heart attack patients given aspirin at arrival COL Score VAL 97% COL Sample VAL 33 patients COL Stateavg VAL al_ami-1 ,COL MeasureName VAL heart attack patients given aspirin at arrival ,0
724,COL ProviderNumber VAL 10019 COL HospitalName VAL helen keller memorial hospital COL Address1 VAL 1300 south montgomery avenue COL Address2 VAL empty COL Address3 VAL empty COL City VAL sheffield COL State VAL al COL ZipCode VAL 35660 COL CountyName VAL jefferson COL PhoneNumber VAL 2563864556 COL HospitalType VAL acute care hospitals COL HospitalOwner VAL government - hospital district or authority COL EmergencyService VAL yes COL Condition VAL heart attack COL MeasureCode VAL ami-2 COL MeasureName VAL heart attack patients given aspirin at discharge COL Score VAL 92% COL Sample VAL 13 patients COL Stateavg VAL al_ami-2 ,COL MeasureName VAL heartxattackxpatientsxgivenxaspirinxatxdischarge ,1
725,COL ProviderNumber VAL 10019 COL HospitalName VAL helen keller memorial hospital COL Address1 VAL 1300 south montgomery avenue COL Address2 VAL empty COL Address3 VAL empty COL City VAL sheffield COL State VAL al COL ZipCode VAL 35660 COL CountyName VAL jefferson COL PhoneNumber VAL 2563864556 COL HospitalType VAL acute care hospitals COL HospitalOwner VAL government - hospital district or authority COL EmergencyService VAL yes COL Condition VAL heart attack COL MeasureCode VAL ami-2 COL MeasureName VAL heart attack patients given aspirin at discharge COL Score VAL 92% COL Sample VAL 13 patients COL Stateavg VAL al_ami-2 ,COL MeasureName VAL heart attack patients given aspirin at discharge ,0
726,COL ProviderNumber VAL 10005 COL HospitalName VAL marshall medical center south COL Address1 VAL 2505 u s highway 431 north COL Address2 VAL empty COL Address3 VAL empty COL City VAL boaz COL State VAL xl COL ZipCode VAL 35957 COL CountyName VAL marshall COL PhoneNumber VAL 2565938310 COL HospitalType VAL acute care hospitals COL HospitalOwner VAL government - hospital district or authority COL EmergencyService VAL yes COL Condition VAL heart attack COL MeasureCode VAL ami-3 COL MeasureName VAL heart attack patients given ace inhibitor or arb for left ventricular systolic dysfunction (lvsd) COL Score VAL 100% COL Sample VAL 2 patients COL Stateavg VAL al_ami-3 ,COL MeasureName VAL heart attacx patients given ace inhibitor or arb for left ventricular systolic dysfunction (lvsd) ,1
727,COL ProviderNumber VAL 10005 COL HospitalName VAL marshall medical center south COL Address1 VAL 2505 u s highway 431 north COL Address2 VAL empty COL Address3 VAL empty COL City VAL boaz COL State VAL xl COL ZipCode VAL 35957 COL CountyName VAL marshall COL PhoneNumber VAL 2565938310 COL HospitalType VAL acute care hospitals COL HospitalOwner VAL government - hospital district or authority COL EmergencyService VAL yes COL Condition VAL heart attack COL MeasureCode VAL ami-3 COL MeasureName VAL heart attack patients given ace inhibitor or arb for left ventricular systolic dysfunction (lvsd) COL Score VAL 100% COL Sample VAL 2 patients COL Stateavg VAL al_ami-3 ,COL MeasureName VAL heart attack patients given ace inhibitor or arb for left ventricular systolic dysfunction (lvsd) ,0
728,COL ProviderNumber VAL 10019 COL HospitalName VAL helen keller memorial hospital COL Address1 VAL 1300 south montgomery avenue COL Address2 VAL empty COL Address3 VAL empty COL City VAL sheffield COL State VAL al COL ZipCode VAL 35660 COL CountyName VAL jefferson COL PhoneNumber VAL 2563864556 COL HospitalType VAL acute care hospitals COL HospitalOwner VAL government - hospital district or authority COL EmergencyService VAL yes COL Condition VAL heart attack COL MeasureCode VAL ami-4 COL MeasureName VAL heart attack patients given smoking cessation advice/counseling COL Score VAL 100% COL Sample VAL 4 patients COL Stateavg VAL al_ami-4 ,COL MeasureName VAL heart attack patientx given xmoking cexxation advice/counxeling ,1
729,COL ProviderNumber VAL 10019 COL HospitalName VAL helen keller memorial hospital COL Address1 VAL 1300 south montgomery avenue COL Address2 VAL empty COL Address3 VAL empty COL City VAL sheffield COL State VAL al COL ZipCode VAL 35660 COL CountyName VAL jefferson COL PhoneNumber VAL 2563864556 COL HospitalType VAL acute care hospitals COL HospitalOwner VAL government - hospital district or authority COL EmergencyService VAL yes COL Condition VAL heart attack COL MeasureCode VAL ami-4 COL MeasureName VAL heart attack patients given smoking cessation advice/counseling COL Score VAL 100% COL Sample VAL 4 patients COL Stateavg VAL al_ami-4 ,COL MeasureName VAL heart attack patients given smoking cessation advice/counseling ,0
730,COL ProviderNumber VAL 10019 COL HospitalName VAL helen keller memorial hospital COL Address1 VAL 1300 south montgomery avenue COL Address2 VAL empty COL Address3 VAL empty COL City VAL sheffield COL State VAL al COL ZipCode VAL 35660 COL CountyName VAL jefferson COL PhoneNumber VAL 2563864556 COL HospitalType VAL acute care hospitals COL HospitalOwner VAL government - hospital district or authority COL EmergencyService VAL yes COL Condition VAL heart attack COL MeasureCode VAL ami-5 COL MeasureName VAL heart attack patients given beta blocker at discharge COL Score VAL 86% COL Sample VAL 14 patients COL Stateavg VAL al_ami-5 ,COL MeasureName VAL hearx axxack paxienxs given bexa blocker ax discharge ,1
731,COL ProviderNumber VAL 10019 COL HospitalName VAL helen keller memorial hospital COL Address1 VAL 1300 south montgomery avenue COL Address2 VAL empty COL Address3 VAL empty COL City VAL sheffield COL State VAL al COL ZipCode VAL 35660 COL CountyName VAL jefferson COL PhoneNumber VAL 2563864556 COL HospitalType VAL acute care hospitals COL HospitalOwner VAL government - hospital district or authority COL EmergencyService VAL yes COL Condition VAL heart attack COL MeasureCode VAL ami-5 COL MeasureName VAL heart attack patients given beta blocker at discharge COL Score VAL 86% COL Sample VAL 14 patients COL Stateavg VAL al_ami-5 ,COL MeasureName VAL heart attack patients given beta blocker at discharge ,0
732,COL ProviderNumber VAL 1xx19 COL HospitalName VAL helen keller memorial hospital COL Address1 VAL 1300 south montgomery avenue COL Address2 VAL empty COL Address3 VAL empty COL City VAL sheffield COL State VAL al COL ZipCode VAL 35660 COL CountyName VAL jefferson COL PhoneNumber VAL 2563864556 COL HospitalType VAL acute care hospitals COL HospitalOwner VAL government - hospital district or authority COL EmergencyService VAL yes COL Condition VAL heart attack COL MeasureCode VAL ami-7a COL MeasureName VAL heart attack patients given fibrinolytic medication within 30 minutes of arrival COL Score VAL empty COL Sample VAL 0 patients COL Stateavg VAL al_ami-7a ,COL MeasureName VAL hexrt xttxck pxtients given fibrinolytic medicxtion within 30 minutes of xrrivxl ,1
733,COL ProviderNumber VAL 1xx19 COL HospitalName VAL helen keller memorial hospital COL Address1 VAL 1300 south montgomery avenue COL Address2 VAL empty COL Address3 VAL empty COL City VAL sheffield COL State VAL al COL ZipCode VAL 35660 COL CountyName VAL jefferson COL PhoneNumber VAL 2563864556 COL HospitalType VAL acute care hospitals COL HospitalOwner VAL government - hospital district or authority COL EmergencyService VAL yes COL Condition VAL heart attack COL MeasureCode VAL ami-7a COL MeasureName VAL heart attack patients given fibrinolytic medication within 30 minutes of arrival COL Score VAL empty COL Sample VAL 0 patients COL Stateavg VAL al_ami-7a ,COL MeasureName VAL heart attack patients given fibrinolytic medication within 30 minutes of arrival ,0
734,COL ProviderNumber VAL 10019 COL HospitalName VAL helen keller memorial hospital COL Address1 VAL 1300 south montgomery avenue COL Address2 VAL empty COL Address3 VAL empty COL City VAL sheffield COL State VAL al COL ZipCode VAL 35660 COL CountyName VAL jefferson COL PhoneNumber VAL 2563864556 COL HospitalType VAL acute care hospitals COL HospitalOwner VAL government - hospital district or authority COL EmergencyService VAL yes COL Condition VAL heart attack COL MeasureCode VAL ami-8a COL MeasureName VAL heart attack patients given pci within 90 minutes of arrival COL Score VAL empty COL Sample VAL 0 patients COL Stateavg VAL al_ami-8a ,COL MeasureName VAL heart attack patxents gxven pcx wxthxn 90 mxnutes of arrxval ,1
735,COL ProviderNumber VAL 10019 COL HospitalName VAL helen keller memorial hospital COL Address1 VAL 1300 south montgomery avenue COL Address2 VAL empty COL Address3 VAL empty COL City VAL sheffield COL State VAL al COL ZipCode VAL 35660 COL CountyName VAL jefferson COL PhoneNumber VAL 2563864556 COL HospitalType VAL acute care hospitals COL HospitalOwner VAL government - hospital district or authority COL EmergencyService VAL yes COL Condition VAL heart attack COL MeasureCode VAL ami-8a COL MeasureName VAL heart attack patients given pci within 90 minutes of arrival COL Score VAL empty COL Sample VAL 0 patients COL Stateavg VAL al_ami-8a ,COL MeasureName VAL heart attack patients given pci within 90 minutes of arrival ,0
736,COL ProviderNumber VAL 10019 COL HospitalName VAL helen keller memorial hospital COL Address1 VAL 1300 south montgomery avenue COL Address2 VAL empty COL Address3 VAL empty COL City VAL sheffield COL State VAL al COL ZipCode VAL 35660 COL CountyName VAL jefferson COL PhoneNumber VAL 2563864556 COL HospitalType VAL acute care hospitals COL HospitalOwner VAL government - hospital district or authority COL EmergencyService VAL yes COL Condition VAL heart failure COL MeasureCode VAL hf-1 COL MeasureName VAL heart failure patients given discharge instructions COL Score VAL 80% COL Sample VAL 114 patients COL Stateavg VAL al_hf-1 ,COL MeasureName VAL heart failure patientx given dixcharge inxtructionx ,1
737,COL ProviderNumber VAL 10019 COL HospitalName VAL helen keller memorial hospital COL Address1 VAL 1300 south montgomery avenue COL Address2 VAL empty COL Address3 VAL empty COL City VAL sheffield COL State VAL al COL ZipCode VAL 35660 COL CountyName VAL jefferson COL PhoneNumber VAL 2563864556 COL HospitalType VAL acute care hospitals COL HospitalOwner VAL government - hospital district or authority COL EmergencyService VAL yes COL Condition VAL heart failure COL MeasureCode VAL hf-1 COL MeasureName VAL heart failure patients given discharge instructions COL Score VAL 80% COL Sample VAL 114 patients COL Stateavg VAL al_hf-1 ,COL MeasureName VAL heart failure patients given discharge instructions ,0
738,COL ProviderNumber VAL 10019 COL HospitalName VAL helen keller memorial hospital COL Address1 VAL 1300 south montgomery avenue COL Address2 VAL empty COL Address3 VAL empty COL City VAL sheffield COL State VAL al COL ZipCode VAL 35660 COL CountyName VAL jefferson COL PhoneNumber VAL 2563864556 COL HospitalType VAL acuxe care hospixals COL HospitalOwner VAL government - hospital district or authority COL EmergencyService VAL yes COL Condition VAL heart failure COL MeasureCode VAL hf-2 COL MeasureName VAL heart failure patients given an evaluation of left ventricular systolic (lvs) function COL Score VAL 99% COL Sample VAL 149 patients COL Stateavg VAL al_hf-2 ,COL MeasureName VAL heartxfailurexpatientsxgivenxanxevaluationxofxleftxventricularxsystolicx(lvs)xfunction ,1
739,COL ProviderNumber VAL 10019 COL HospitalName VAL helen keller memorial hospital COL Address1 VAL 1300 south montgomery avenue COL Address2 VAL empty COL Address3 VAL empty COL City VAL sheffield COL State VAL al COL ZipCode VAL 35660 COL CountyName VAL jefferson COL PhoneNumber VAL 2563864556 COL HospitalType VAL acuxe care hospixals COL HospitalOwner VAL government - hospital district or authority COL EmergencyService VAL yes COL Condition VAL heart failure COL MeasureCode VAL hf-2 COL MeasureName VAL heart failure patients given an evaluation of left ventricular systolic (lvs) function COL Score VAL 99% COL Sample VAL 149 patients COL Stateavg VAL al_hf-2 ,COL MeasureName VAL heart failure patients given an evaluation of left ventricular systolic (lvs) function ,0
740,COL ProviderNumber VAL 10019 COL HospitalName VAL helen keller memorial hospital COL Address1 VAL 1300 south montgomery avenue COL Address2 VAL empty COL Address3 VAL empty COL City VAL sheffield COL State VAL al COL ZipCode VAL 35660 COL CountyName VAL jefferson COL PhoneNumber VAL 2563864556 COL HospitalType VAL acute care hospitals COL HospitalOwner VAL government - hospital district or authority COL EmergencyService VAL yes COL Condition VAL heart failure COL MeasureCode VAL hf-3 COL MeasureName VAL heart failure patients given ace inhibitor or arb for left ventricular systolic dysfunction (lvsd) COL Score VAL 92% COL Sample VAL 3x patients COL Stateavg VAL al_hf-3 ,COL MeasureName VAL heart faixure patients given ace inhibitor or arb for xeft ventricuxar systoxic dysfunction (xvsd) ,1
741,COL ProviderNumber VAL 10019 COL HospitalName VAL helen keller memorial hospital COL Address1 VAL 1300 south montgomery avenue COL Address2 VAL empty COL Address3 VAL empty COL City VAL sheffield COL State VAL al COL ZipCode VAL 35660 COL CountyName VAL jefferson COL PhoneNumber VAL 2563864556 COL HospitalType VAL acute care hospitals COL HospitalOwner VAL government - hospital district or authority COL EmergencyService VAL yes COL Condition VAL heart failure COL MeasureCode VAL hf-3 COL MeasureName VAL heart failure patients given ace inhibitor or arb for left ventricular systolic dysfunction (lvsd) COL Score VAL 92% COL Sample VAL 3x patients COL Stateavg VAL al_hf-3 ,COL MeasureName VAL heart failure patients given ace inhibitor or arb for left ventricular systolic dysfunction (lvsd) ,0
742,COL ProviderNumber VAL 10019 COL HospitalName VAL helen keller memorial hospital COL Address1 VAL 1300 south montgomery avenue COL Address2 VAL empty COL Address3 VAL empty COL City VAL sheffield COL State VAL al COL ZipCode VAL 35660 COL CountyName VAL jefferson COL PhoneNumber VAL 2563864556 COL HospitalType VAL acute care hospitals COL HospitalOwner VAL government - hospital district or authority COL EmergencyService VAL yes COL Condition VAL heart failure COL MeasureCode VAL hf-4 COL MeasureName VAL heart failure patients given smoking cessation advice/counseling COL Score VAL 100% COL Sample VAL 41 patients COL Stateavg VAL al_hf-4 ,COL MeasureName VAL heart failure patiexts givex smokixg cessatiox advice/couxselixg ,1
743,COL ProviderNumber VAL 10019 COL HospitalName VAL helen keller memorial hospital COL Address1 VAL 1300 south montgomery avenue COL Address2 VAL empty COL Address3 VAL empty COL City VAL sheffield COL State VAL al COL ZipCode VAL 35660 COL CountyName VAL jefferson COL PhoneNumber VAL 2563864556 COL HospitalType VAL acute care hospitals COL HospitalOwner VAL government - hospital district or authority COL EmergencyService VAL yes COL Condition VAL heart failure COL MeasureCode VAL hf-4 COL MeasureName VAL heart failure patients given smoking cessation advice/counseling COL Score VAL 100% COL Sample VAL 41 patients COL Stateavg VAL al_hf-4 ,COL MeasureName VAL heart failure patients given smoking cessation advice/counseling ,0
744,COL ProviderNumber VAL 10001 COL HospitalName VAL southeast alabama medical center COL Address1 VAL 1108 ross clark circle COL Address2 VAL empty COL Address3 VAL empty COL City VAL dothan COL State VAL al COL ZipCode VAL 36302 COL CountyName VAL houston COL PhoneNumber VAL 3347938701 COL HospitalType VAL acute care hospitals COL HospitalOwner VAL government - hospital district or authority COL EmergencyService VAL yes COL Condition VAL pneumonia COL MeasureCode VAL pn-2 COL MeasureName VAL pneumonia patients assessed and given pneumococcal vaccination COL Score VAL 93% COL Sample VAL 191 patients COL Stateavg VAL al_pn-2 ,COL MeasureName VAL pneumonix pxtients xssessed xnd given pneumococcxl vxccinxtion ,1
745,COL ProviderNumber VAL 10001 COL HospitalName VAL southeast alabama medical center COL Address1 VAL 1108 ross clark circle COL Address2 VAL empty COL Address3 VAL empty COL City VAL dothan COL State VAL al COL ZipCode VAL 36302 COL CountyName VAL houston COL PhoneNumber VAL 3347938701 COL HospitalType VAL acute care hospitals COL HospitalOwner VAL government - hospital district or authority COL EmergencyService VAL yes COL Condition VAL pneumonia COL MeasureCode VAL pn-2 COL MeasureName VAL pneumonia patients assessed and given pneumococcal vaccination COL Score VAL 93% COL Sample VAL 191 patients COL Stateavg VAL al_pn-2 ,COL MeasureName VAL pneumonia patients assessed and given pneumococcal vaccination ,0
746,COL ProviderNumber VAL 10001 COL HospitalName VAL southeast alabama medical center COL Address1 VAL 1108 ross clark circle COL Address2 VAL empty COL Address3 VAL empty COL City VAL dothan COL State VAL al COL ZipCode VAL 36302 COL CountyName VAL houston COL PhoneNumber VAL 3347938701 COL HospitalType VAL acute care hospitals COL HospitalOwner VAL governmenx - hospixal disxricx or auxhorixy COL EmergencyService VAL yes COL Condition VAL pneumonia COL MeasureCode VAL pn-3b COL MeasureName VAL pneumonia patients whose initial emergency room blood culture was performed prior to the administration of the first hospital dose of antibiotics COL Score VAL 89% COL Sample VAL 125 patients COL Stateavg VAL al_pn-3b ,COL MeasureName VAL pneumxnia patients whxse initial emergency rxxm blxxd culture was perfxrmed prixr tx the administratixn xf the first hxspital dxse xf antibixtics ,1
747,COL ProviderNumber VAL 10001 COL HospitalName VAL southeast alabama medical center COL Address1 VAL 1108 ross clark circle COL Address2 VAL empty COL Address3 VAL empty COL City VAL dothan COL State VAL al COL ZipCode VAL 36302 COL CountyName VAL houston COL PhoneNumber VAL 3347938701 COL HospitalType VAL acute care hospitals COL HospitalOwner VAL governmenx - hospixal disxricx or auxhorixy COL EmergencyService VAL yes COL Condition VAL pneumonia COL MeasureCode VAL pn-3b COL MeasureName VAL pneumonia patients whose initial emergency room blood culture was performed prior to the administration of the first hospital dose of antibiotics COL Score VAL 89% COL Sample VAL 125 patients COL Stateavg VAL al_pn-3b ,COL MeasureName VAL pneumonia patients whose initial emergency room blood culture was performed prior to the administration of the first hospital dose of antibiotics ,0
748,COL ProviderNumber VAL 10001 COL HospitalName VAL southeast alabama medical center COL Address1 VAL 1108 ross clark circle COL Address2 VAL empty COL Address3 VAL empty COL City VAL dothan COL State VAL al COL ZipCode VAL 36302 COL CountyName VAL houston COL PhoneNumber VAL 3347938701 COL HospitalType VAL acute care hospitals COL HospitalOwner VAL government - hospital district or authority COL EmergencyService VAL yes COL Condition VAL pneumonia COL MeasureCode VAL pn-4 COL MeasureName VAL pneumonia patients given smoking cessation advice/counseling COL Score VAL 99% COL Sample VAL 107 patients COL Stateavg VAL al_pn-4 ,COL MeasureName VAL pneumxnia patients given smxking cessatixn advice/cxunseling ,1
749,COL ProviderNumber VAL 10001 COL HospitalName VAL southeast alabama medical center COL Address1 VAL 1108 ross clark circle COL Address2 VAL empty COL Address3 VAL empty COL City VAL dothan COL State VAL al COL ZipCode VAL 36302 COL CountyName VAL houston COL PhoneNumber VAL 3347938701 COL HospitalType VAL acute care hospitals COL HospitalOwner VAL government - hospital district or authority COL EmergencyService VAL yes COL Condition VAL pneumonia COL MeasureCode VAL pn-4 COL MeasureName VAL pneumonia patients given smoking cessation advice/counseling COL Score VAL 99% COL Sample VAL 107 patients COL Stateavg VAL al_pn-4 ,COL MeasureName VAL pneumonia patients given smoking cessation advice/counseling ,0
750,COL ProviderNumber VAL 10001 COL HospitalName VAL southeast alabama medical center COL Address1 VAL 1108 ross clark circle COL Address2 VAL empty COL Address3 VAL empty COL City VAL dothan COL State VAL al COL ZipCode VAL 36302 COL CountyName VAL houston COL PhoneNumber VAL 3347938701 COL HospitalType VAL acute care hospitals COL HospitalOwner VAL government - hospital district or authority COL EmergencyService VAL yes COL Condition VAL pneumonia COL MeasureCode VAL pn-5c COL MeasureName VAL pneumonia patients given initial antibiotic(s) within 6 hours after arrival COL Score VAL 92% COL Sample VAL 196 patients COL Stateavg VAL al_pn-5c ,COL MeasureName VAL pxeumoxia patiexts givex ixitial axtibiotic(s) withix 6 hours after arrival ,1
751,COL ProviderNumber VAL 10001 COL HospitalName VAL southeast alabama medical center COL Address1 VAL 1108 ross clark circle COL Address2 VAL empty COL Address3 VAL empty COL City VAL dothan COL State VAL al COL ZipCode VAL 36302 COL CountyName VAL houston COL PhoneNumber VAL 3347938701 COL HospitalType VAL acute care hospitals COL HospitalOwner VAL government - hospital district or authority COL EmergencyService VAL yes COL Condition VAL pneumonia COL MeasureCode VAL pn-5c COL MeasureName VAL pneumonia patients given initial antibiotic(s) within 6 hours after arrival COL Score VAL 92% COL Sample VAL 196 patients COL Stateavg VAL al_pn-5c ,COL MeasureName VAL pneumonia patients given initial antibiotic(s) within 6 hours after arrival ,0
752,COL ProviderNumber VAL 10001 COL HospitalName VAL southeast alabama medical center COL Address1 VAL 1108 ross clark circle COL Address2 VAL empty COL Address3 VAL empty COL City VAL dothan COL State VAL al COL ZipCode VAL 36302 COL CountyName VAL houston COL PhoneNumber VAL 3347938701 COL HospitalType VAL acute care hospitals COL HospitalOwner VAL government - hospital district or authority COL EmergencyService VAL yes COL Condition VAL pneumonia COL MeasureCode VAL pn-6 COL MeasureName VAL pneumonia patients given the most appropriate initial antibiotic(s) COL Score VAL 80% COL Sample VAL 147 patients COL Stateavg VAL al_pn-6 ,COL MeasureName VAL pneumonia paxienxs given xhe mosx appropriaxe inixial anxibioxic(s) ,1
753,COL ProviderNumber VAL 10001 COL HospitalName VAL southeast alabama medical center COL Address1 VAL 1108 ross clark circle COL Address2 VAL empty COL Address3 VAL empty COL City VAL dothan COL State VAL al COL ZipCode VAL 36302 COL CountyName VAL houston COL PhoneNumber VAL 3347938701 COL HospitalType VAL acute care hospitals COL HospitalOwner VAL government - hospital district or authority COL EmergencyService VAL yes COL Condition VAL pneumonia COL MeasureCode VAL pn-6 COL MeasureName VAL pneumonia patients given the most appropriate initial antibiotic(s) COL Score VAL 80% COL Sample VAL 147 patients COL Stateavg VAL al_pn-6 ,COL MeasureName VAL pneumonia patients given the most appropriate initial antibiotic(s) ,0
754,COL ProviderNumber VAL 10001 COL HospitalName VAL southeast alabama medical center COL Address1 VAL 1108 ross clark circle COL Address2 VAL empty COL Address3 VAL empty COL City VAL dothan COL State VAL al COL ZipCode VAL 36302 COL CountyName VAL houston COL PhoneNumber VAL 3347938701 COL HospitalType VAL acute care hospitals COL HospitalOwner VAL government - hospital district or authority COL EmergencyService VAL yes COL Condition VAL pneumonia COL MeasureCode VAL pn-7 COL MeasureName VAL pneumonia patients assessed and given influenza vaccination COL Score VAL 84% COL Sample VAL 160 patients COL Stateavg VAL al_pn-7 ,COL MeasureName VAL pneumonxa patxents assessed and gxven xnfluenza vaccxnatxon ,1
755,COL ProviderNumber VAL 10001 COL HospitalName VAL southeast alabama medical center COL Address1 VAL 1108 ross clark circle COL Address2 VAL empty COL Address3 VAL empty COL City VAL dothan COL State VAL al COL ZipCode VAL 36302 COL CountyName VAL houston COL PhoneNumber VAL 3347938701 COL HospitalType VAL acute care hospitals COL HospitalOwner VAL government - hospital district or authority COL EmergencyService VAL yes COL Condition VAL pneumonia COL MeasureCode VAL pn-7 COL MeasureName VAL pneumonia patients assessed and given influenza vaccination COL Score VAL 84% COL Sample VAL 160 patients COL Stateavg VAL al_pn-7 ,COL MeasureName VAL pneumonia patients assessed and given influenza vaccination ,0
756,COL ProviderNumber VAL 10001 COL HospitalName VAL southeast alabama medical center COL Address1 VAL 1108 ross clark circle COL Address2 VAL empty COL Address3 VAL empty COL City VAL dothan COL State VAL al COL ZipCode VAL 36302 COL CountyName VAL houston COL PhoneNumber VAL xx479x8701 COL HospitalType VAL acute care hospitals COL HospitalOwner VAL government - hospital district or authority COL EmergencyService VAL yes COL Condition VAL surgical infection prevention COL MeasureCode VAL scip-card-2 COL MeasureName VAL surgery patients who were taking heart drugs called beta blockers before coming to the hospital who were kept on the beta blockers during the period just before and after their surgery COL Score VAL 72% COL Sample VAL 79 patients COL Stateavg VAL al_scip-card-2 ,COL MeasureName VAL surgery patients whx were taking heart drugs called beta blxckers befxre cxming tx the hxspital whx were kept xn the beta blxckers during the perixd just befxre and after their surgery ,1
757,COL ProviderNumber VAL 10001 COL HospitalName VAL southeast alabama medical center COL Address1 VAL 1108 ross clark circle COL Address2 VAL empty COL Address3 VAL empty COL City VAL dothan COL State VAL al COL ZipCode VAL 36302 COL CountyName VAL houston COL PhoneNumber VAL xx479x8701 COL HospitalType VAL acute care hospitals COL HospitalOwner VAL government - hospital district or authority COL EmergencyService VAL yes COL Condition VAL surgical infection prevention COL MeasureCode VAL scip-card-2 COL MeasureName VAL surgery patients who were taking heart drugs called beta blockers before coming to the hospital who were kept on the beta blockers during the period just before and after their surgery COL Score VAL 72% COL Sample VAL 79 patients COL Stateavg VAL al_scip-card-2 ,COL MeasureName VAL surgery patients who were taking heart drugs called beta blockers before coming to the hospital who were kept on the beta blockers during the period just before and after their surgery ,0
758,COL ProviderNumber VAL 10038 COL HospitalName VAL stringfellow memorial hospital COL Address1 VAL 301 east 18th st COL Address2 VAL empty COL Address3 VAL empty COL City VAL axxistox COL State VAL al COL ZipCode VAL 36201 COL CountyName VAL calhoun COL PhoneNumber VAL 2562358900 COL HospitalType VAL acute care hospitals COL HospitalOwner VAL proprietary COL EmergencyService VAL yes COL Condition VAL children s asthma care COL MeasureCode VAL cac-2 COL MeasureName VAL children who received systemic corticosteroid medication (oral and iv medication that reduces inflammation and controls symptoms) while hospitalized for asthma COL Score VAL 100% COL Sample VAL 9 patients COL Stateavg VAL al_cac-2 ,COL MeasureName VAL children whx received systemic cxrticxsterxid medicatixn (xral and iv medicatixn that reduces inflammatixn and cxntrxls symptxms) while hxspitalized fxr asthma ,1
759,COL ProviderNumber VAL 10038 COL HospitalName VAL stringfellow memorial hospital COL Address1 VAL 301 east 18th st COL Address2 VAL empty COL Address3 VAL empty COL City VAL axxistox COL State VAL al COL ZipCode VAL 36201 COL CountyName VAL calhoun COL PhoneNumber VAL 2562358900 COL HospitalType VAL acute care hospitals COL HospitalOwner VAL proprietary COL EmergencyService VAL yes COL Condition VAL children s asthma care COL MeasureCode VAL cac-2 COL MeasureName VAL children who received systemic corticosteroid medication (oral and iv medication that reduces inflammation and controls symptoms) while hospitalized for asthma COL Score VAL 100% COL Sample VAL 9 patients COL Stateavg VAL al_cac-2 ,COL MeasureName VAL children who received systemic corticosteroid medication (oral and iv medication that reduces inflammation and controls symptoms) while hospitalized for asthma ,0
760,COL ProviderNumber VAL 10038 COL HospitalName VAL stringfellow memorial hospital COL Address1 VAL 301 east 18th st COL Address2 VAL empty COL Address3 VAL empty COL City VAL anniston COL State VAL al COL ZipCode VAL 36201 COL CountyName VAL calhoxn COL PhoneNumber VAL 2562358900 COL HospitalType VAL acute care hospitals COL HospitalOwner VAL proprietary COL EmergencyService VAL yes COL Condition VAL children s asthma care COL MeasureCode VAL cac-3 COL MeasureName VAL children and their caregivers who received a home management plan of care document while hospitalized for asthma COL Score VAL 33% COL Sample VAL 9 patients COL Stateavg VAL al_cac-3 ,COL MeasureName VAL chixdren and their caregivers who received a home management pxan of care document whixe hospitaxized for asthma ,1
761,COL ProviderNumber VAL 10038 COL HospitalName VAL stringfellow memorial hospital COL Address1 VAL 301 east 18th st COL Address2 VAL empty COL Address3 VAL empty COL City VAL anniston COL State VAL al COL ZipCode VAL 36201 COL CountyName VAL calhoxn COL PhoneNumber VAL 2562358900 COL HospitalType VAL acute care hospitals COL HospitalOwner VAL proprietary COL EmergencyService VAL yes COL Condition VAL children s asthma care COL MeasureCode VAL cac-3 COL MeasureName VAL children and their caregivers who received a home management plan of care document while hospitalized for asthma COL Score VAL 33% COL Sample VAL 9 patients COL Stateavg VAL al_cac-3 ,COL MeasureName VAL children and their caregivers who received a home management plan of care document while hospitalized for asthma ,0
762,COL ProviderNumber VAL 10038 COL HospitalName VAL stringfellow memorial hospital COL Address1 VAL 301 east 18th st COL Address2 VAL empty COL Address3 VAL empty COL City VAL anniston COL State VAL al COL ZipCode VAL 36201 COL CountyName VAL calhoun COL PhoneNumber VAL 2562358900 COL HospitalType VAL acute care hospitals COL HospitalOwner VAL proprietary COL EmergencyService VAL yes COL Condition VAL children s asthma care COL MeasureCode VAL cac-1 COL MeasureName VAL children who received reliever medication while hospitalized for asthma COL Score VAL 100% COL Sample VAL 9 patients COL Stateavg VAL al_cac-1 ,COL MeasureName VAL childrxn who rxcxivxd rxlixvxr mxdication whilx hospitalizxd for asthma ,1
763,COL ProviderNumber VAL 10038 COL HospitalName VAL stringfellow memorial hospital COL Address1 VAL 301 east 18th st COL Address2 VAL empty COL Address3 VAL empty COL City VAL anniston COL State VAL al COL ZipCode VAL 36201 COL CountyName VAL calhoun COL PhoneNumber VAL 2562358900 COL HospitalType VAL acute care hospitals COL HospitalOwner VAL proprietary COL EmergencyService VAL yes COL Condition VAL children s asthma care COL MeasureCode VAL cac-1 COL MeasureName VAL children who received reliever medication while hospitalized for asthma COL Score VAL 100% COL Sample VAL 9 patients COL Stateavg VAL al_cac-1 ,COL MeasureName VAL children who received reliever medication while hospitalized for asthma ,0
764,COL ProviderNumber VAL 10018 COL HospitalName VAL callahan eye foundation hospital COL Address1 VAL 1720 university blvd COL Address2 VAL empty COL Address3 VAL empty COL City VAL birmingham COL State VAL al COL ZipCode VAL 35233 COL CountyName VAL jefferson COL PhoneNumber VAL 2053258100 COL HospitalType VAL acute care hospitals COL HospitalOwner VAL voluntary non-profit - private COL EmergencyService VAL yes COL Condition VAL surgical infection prevention COL MeasureCode VAL scip-inf-1 COL MeasureName VAL surgery patients who were given an antibiotic at the right time (within one hour before surgery) to help prevent infection COL Score VAL empty COL Sample VAL empty COL Stateavg VAL al_scip-inf-1 ,COL Sample VAL emxty ,1
765,COL ProviderNumber VAL 10018 COL HospitalName VAL callahan eye foundation hospital COL Address1 VAL 1720 university blvd COL Address2 VAL empty COL Address3 VAL empty COL City VAL birmingham COL State VAL al COL ZipCode VAL 35233 COL CountyName VAL jefferson COL PhoneNumber VAL 2053258100 COL HospitalType VAL acute care hospitals COL HospitalOwner VAL voluntary non-profit - private COL EmergencyService VAL yes COL Condition VAL surgical infection prevention COL MeasureCode VAL scip-inf-1 COL MeasureName VAL surgery patients who were given an antibiotic at the right time (within one hour before surgery) to help prevent infection COL Score VAL empty COL Sample VAL empty COL Stateavg VAL al_scip-inf-1 ,COL Sample VAL empty ,0
766,COL ProviderNumber VAL 10019 COL HospitalName VAL helen keller memorial hospital COL Address1 VAL 1300 south montgomery avenue COL Address2 VAL empty COL Address3 VAL empty COL City VAL sheffield COL State VAL al COL ZipCode VAL 35660 COL CountyName VAL jefferson COL PhoneNumber VAL 2563864556 COL HospitalType VAL acute care hospitals COL HospitalOwner VAL government - hospital district or authority COL EmergencyService VAL yes COL Condition VAL heart attack COL MeasureCode VAL ami-1 COL MeasureName VAL heart attack patients given aspirin at arrival COL Score VAL 97% COL Sample VAL 33 patients COL Stateavg VAL al_ami-1 ,COL Sample VAL 33 paxienxs ,1
767,COL ProviderNumber VAL 10019 COL HospitalName VAL helen keller memorial hospital COL Address1 VAL 1300 south montgomery avenue COL Address2 VAL empty COL Address3 VAL empty COL City VAL sheffield COL State VAL al COL ZipCode VAL 35660 COL CountyName VAL jefferson COL PhoneNumber VAL 2563864556 COL HospitalType VAL acute care hospitals COL HospitalOwner VAL government - hospital district or authority COL EmergencyService VAL yes COL Condition VAL heart attack COL MeasureCode VAL ami-1 COL MeasureName VAL heart attack patients given aspirin at arrival COL Score VAL 97% COL Sample VAL 33 patients COL Stateavg VAL al_ami-1 ,COL Sample VAL 33 patients ,0
768,COL ProviderNumber VAL 10019 COL HospitalName VAL helen keller memorial hospital COL Address1 VAL 1300 south montgomery avenue COL Address2 VAL empty COL Address3 VAL empty COL City VAL sheffield COL State VAL al COL ZipCode VAL 35660 COL CountyName VAL jefferson COL PhoneNumber VAL 2563864556 COL HospitalType VAL acute care hospitals COL HospitalOwner VAL government - hospital district or authority COL EmergencyService VAL yes COL Condition VAL heart attack COL MeasureCode VAL ami-2 COL MeasureName VAL heart attack patients given aspirin at discharge COL Score VAL 92% COL Sample VAL 13 patients COL Stateavg VAL al_ami-2 ,COL Sample VAL 13 paxienxs ,1
769,COL ProviderNumber VAL 10019 COL HospitalName VAL helen keller memorial hospital COL Address1 VAL 1300 south montgomery avenue COL Address2 VAL empty COL Address3 VAL empty COL City VAL sheffield COL State VAL al COL ZipCode VAL 35660 COL CountyName VAL jefferson COL PhoneNumber VAL 2563864556 COL HospitalType VAL acute care hospitals COL HospitalOwner VAL government - hospital district or authority COL EmergencyService VAL yes COL Condition VAL heart attack COL MeasureCode VAL ami-2 COL MeasureName VAL heart attack patients given aspirin at discharge COL Score VAL 92% COL Sample VAL 13 patients COL Stateavg VAL al_ami-2 ,COL Sample VAL 13 patients ,0
770,COL ProviderNumber VAL 10019 COL HospitalName VAL helen keller memorial hospital COL Address1 VAL 1300 south montgomery avenue COL Address2 VAL empty COL Address3 VAL empty COL City VAL sheffield COL State VAL al COL ZipCode VAL 35660 COL CountyName VAL jefferson COL PhoneNumber VAL 2563864556 COL HospitalType VAL acute care hospitals COL HospitalOwner VAL government - hospital district or authority COL EmergencyService VAL yes COL Condition VAL heart attack COL MeasureCode VAL ami-4 COL MeasureName VAL heart attack patients given smoking cessation advice/counseling COL Score VAL 100% COL Sample VAL 4 patients COL Stateavg VAL al_ami-4 ,COL Sample VAL 4 paxienxs ,1
771,COL ProviderNumber VAL 10019 COL HospitalName VAL helen keller memorial hospital COL Address1 VAL 1300 south montgomery avenue COL Address2 VAL empty COL Address3 VAL empty COL City VAL sheffield COL State VAL al COL ZipCode VAL 35660 COL CountyName VAL jefferson COL PhoneNumber VAL 2563864556 COL HospitalType VAL acute care hospitals COL HospitalOwner VAL government - hospital district or authority COL EmergencyService VAL yes COL Condition VAL heart attack COL MeasureCode VAL ami-4 COL MeasureName VAL heart attack patients given smoking cessation advice/counseling COL Score VAL 100% COL Sample VAL 4 patients COL Stateavg VAL al_ami-4 ,COL Sample VAL 4 patients ,0
772,COL ProviderNumber VAL 10019 COL HospitalName VAL helen keller memorial hospital COL Address1 VAL 1300 south montgomery avenue COL Address2 VAL empty COL Address3 VAL empty COL City VAL sheffield COL State VAL al COL ZipCode VAL 35660 COL CountyName VAL jefferson COL PhoneNumber VAL 2563864556 COL HospitalType VAL acute care hospitals COL HospitalOwner VAL government - hospital district or authority COL EmergencyService VAL yes COL Condition VAL heart attack COL MeasureCode VAL ami-5 COL MeasureName VAL heart attack patients given beta blocker at discharge COL Score VAL 86% COL Sample VAL 14 patients COL Stateavg VAL al_ami-5 ,COL Sample VAL 14 patxents ,1
773,COL ProviderNumber VAL 10019 COL HospitalName VAL helen keller memorial hospital COL Address1 VAL 1300 south montgomery avenue COL Address2 VAL empty COL Address3 VAL empty COL City VAL sheffield COL State VAL al COL ZipCode VAL 35660 COL CountyName VAL jefferson COL PhoneNumber VAL 2563864556 COL HospitalType VAL acute care hospitals COL HospitalOwner VAL government - hospital district or authority COL EmergencyService VAL yes COL Condition VAL heart attack COL MeasureCode VAL ami-5 COL MeasureName VAL heart attack patients given beta blocker at discharge COL Score VAL 86% COL Sample VAL 14 patients COL Stateavg VAL al_ami-5 ,COL Sample VAL 14 patients ,0
774,COL ProviderNumber VAL 1xx19 COL HospitalName VAL helen keller memorial hospital COL Address1 VAL 1300 south montgomery avenue COL Address2 VAL empty COL Address3 VAL empty COL City VAL sheffield COL State VAL al COL ZipCode VAL 35660 COL CountyName VAL jefferson COL PhoneNumber VAL 2563864556 COL HospitalType VAL acute care hospitals COL HospitalOwner VAL government - hospital district or authority COL EmergencyService VAL yes COL Condition VAL heart attack COL MeasureCode VAL ami-7a COL MeasureName VAL heart attack patients given fibrinolytic medication within 30 minutes of arrival COL Score VAL empty COL Sample VAL 0 patients COL Stateavg VAL al_ami-7a ,COL Sample VAL 0xpatients ,1
775,COL ProviderNumber VAL 1xx19 COL HospitalName VAL helen keller memorial hospital COL Address1 VAL 1300 south montgomery avenue COL Address2 VAL empty COL Address3 VAL empty COL City VAL sheffield COL State VAL al COL ZipCode VAL 35660 COL CountyName VAL jefferson COL PhoneNumber VAL 2563864556 COL HospitalType VAL acute care hospitals COL HospitalOwner VAL government - hospital district or authority COL EmergencyService VAL yes COL Condition VAL heart attack COL MeasureCode VAL ami-7a COL MeasureName VAL heart attack patients given fibrinolytic medication within 30 minutes of arrival COL Score VAL empty COL Sample VAL 0 patients COL Stateavg VAL al_ami-7a ,COL Sample VAL 0 patients ,0
776,COL ProviderNumber VAL 10019 COL HospitalName VAL helen keller memorial hospital COL Address1 VAL 1300 south montgomery avenue COL Address2 VAL empty COL Address3 VAL empty COL City VAL sheffield COL State VAL al COL ZipCode VAL 35660 COL CountyName VAL jefferson COL PhoneNumber VAL 2563864556 COL HospitalType VAL acute care hospitals COL HospitalOwner VAL government - hospital district or authority COL EmergencyService VAL yes COL Condition VAL heart failure COL MeasureCode VAL hf-1 COL MeasureName VAL heart failure patients given discharge instructions COL Score VAL 80% COL Sample VAL 114 patients COL Stateavg VAL al_hf-1 ,COL Sample VAL 114 xatients ,1
777,COL ProviderNumber VAL 10019 COL HospitalName VAL helen keller memorial hospital COL Address1 VAL 1300 south montgomery avenue COL Address2 VAL empty COL Address3 VAL empty COL City VAL sheffield COL State VAL al COL ZipCode VAL 35660 COL CountyName VAL jefferson COL PhoneNumber VAL 2563864556 COL HospitalType VAL acute care hospitals COL HospitalOwner VAL government - hospital district or authority COL EmergencyService VAL yes COL Condition VAL heart failure COL MeasureCode VAL hf-1 COL MeasureName VAL heart failure patients given discharge instructions COL Score VAL 80% COL Sample VAL 114 patients COL Stateavg VAL al_hf-1 ,COL Sample VAL 114 patients ,0
778,COL ProviderNumber VAL 10019 COL HospitalName VAL helen keller memorial hospital COL Address1 VAL 1300 south montgomery avenue COL Address2 VAL empty COL Address3 VAL empty COL City VAL sheffield COL State VAL al COL ZipCode VAL 35660 COL CountyName VAL jefferson COL PhoneNumber VAL 2563864556 COL HospitalType VAL acuxe care hospixals COL HospitalOwner VAL government - hospital district or authority COL EmergencyService VAL yes COL Condition VAL heart failure COL MeasureCode VAL hf-2 COL MeasureName VAL heart failure patients given an evaluation of left ventricular systolic (lvs) function COL Score VAL 99% COL Sample VAL 149 patients COL Stateavg VAL al_hf-2 ,COL Sample VAL 149 pxtients ,1
779,COL ProviderNumber VAL 10019 COL HospitalName VAL helen keller memorial hospital COL Address1 VAL 1300 south montgomery avenue COL Address2 VAL empty COL Address3 VAL empty COL City VAL sheffield COL State VAL al COL ZipCode VAL 35660 COL CountyName VAL jefferson COL PhoneNumber VAL 2563864556 COL HospitalType VAL acuxe care hospixals COL HospitalOwner VAL government - hospital district or authority COL EmergencyService VAL yes COL Condition VAL heart failure COL MeasureCode VAL hf-2 COL MeasureName VAL heart failure patients given an evaluation of left ventricular systolic (lvs) function COL Score VAL 99% COL Sample VAL 149 patients COL Stateavg VAL al_hf-2 ,COL Sample VAL 149 patients ,0
780,COL ProviderNumber VAL 10019 COL HospitalName VAL helen keller memorial hospital COL Address1 VAL 1300 south montgomery avenue COL Address2 VAL empty COL Address3 VAL empty COL City VAL sheffield COL State VAL al COL ZipCode VAL 35660 COL CountyName VAL jefferson COL PhoneNumber VAL 2563864556 COL HospitalType VAL acute care hospitals COL HospitalOwner VAL government - hospital district or authority COL EmergencyService VAL yes COL Condition VAL heart failure COL MeasureCode VAL hf-4 COL MeasureName VAL heart failure patients given smoking cessation advice/counseling COL Score VAL 100% COL Sample VAL 41 patients COL Stateavg VAL al_hf-4 ,COL Sample VAL 41xpatients ,1
781,COL ProviderNumber VAL 10019 COL HospitalName VAL helen keller memorial hospital COL Address1 VAL 1300 south montgomery avenue COL Address2 VAL empty COL Address3 VAL empty COL City VAL sheffield COL State VAL al COL ZipCode VAL 35660 COL CountyName VAL jefferson COL PhoneNumber VAL 2563864556 COL HospitalType VAL acute care hospitals COL HospitalOwner VAL government - hospital district or authority COL EmergencyService VAL yes COL Condition VAL heart failure COL MeasureCode VAL hf-4 COL MeasureName VAL heart failure patients given smoking cessation advice/counseling COL Score VAL 100% COL Sample VAL 41 patients COL Stateavg VAL al_hf-4 ,COL Sample VAL 41 patients ,0
782,COL ProviderNumber VAL 10001 COL HospitalName VAL southeast alabama medical center COL Address1 VAL 1108 ross clark circle COL Address2 VAL empty COL Address3 VAL empty COL City VAL dothan COL State VAL al COL ZipCode VAL 36302 COL CountyName VAL houston COL PhoneNumber VAL 3347938701 COL HospitalType VAL acute care hospitals COL HospitalOwner VAL government - hospital district or authority COL EmergencyService VAL yes COL Condition VAL heart attack COL MeasureCode VAL ami-1 COL MeasureName VAL heart attack patients given aspirin at arrival COL Score VAL 98% COL Sample VAL 270 patients COL Stateavg VAL al_ami-1 ,COL Sample VAL 270 patixnts ,1
783,COL ProviderNumber VAL 10001 COL HospitalName VAL southeast alabama medical center COL Address1 VAL 1108 ross clark circle COL Address2 VAL empty COL Address3 VAL empty COL City VAL dothan COL State VAL al COL ZipCode VAL 36302 COL CountyName VAL houston COL PhoneNumber VAL 3347938701 COL HospitalType VAL acute care hospitals COL HospitalOwner VAL government - hospital district or authority COL EmergencyService VAL yes COL Condition VAL heart attack COL MeasureCode VAL ami-1 COL MeasureName VAL heart attack patients given aspirin at arrival COL Score VAL 98% COL Sample VAL 270 patients COL Stateavg VAL al_ami-1 ,COL Sample VAL 270 patients ,0
784,COL ProviderNumber VAL 10001 COL HospitalName VAL southeast alabama medical center COL Address1 VAL 1108 ross clark circle COL Address2 VAL empty COL Address3 VAL empty COL City VAL dothan COL State VAL al COL ZipCode VAL 36302 COL CountyName VAL houston COL PhoneNumber VAL 3347938701 COL HospitalType VAL acute care hospitals COL HospitalOwner VAL government - hospital district or authority COL EmergencyService VAL yes COL Condition VAL heart attack COL MeasureCode VAL ami-2 COL MeasureName VAL heart attack patients given aspirin at discharge COL Score VAL 99% COL Sample VAL 516 patients COL Stateavg VAL al_ami-2 ,COL Sample VAL 516 xatients ,1
785,COL ProviderNumber VAL 10001 COL HospitalName VAL southeast alabama medical center COL Address1 VAL 1108 ross clark circle COL Address2 VAL empty COL Address3 VAL empty COL City VAL dothan COL State VAL al COL ZipCode VAL 36302 COL CountyName VAL houston COL PhoneNumber VAL 3347938701 COL HospitalType VAL acute care hospitals COL HospitalOwner VAL government - hospital district or authority COL EmergencyService VAL yes COL Condition VAL heart attack COL MeasureCode VAL ami-2 COL MeasureName VAL heart attack patients given aspirin at discharge COL Score VAL 99% COL Sample VAL 516 patients COL Stateavg VAL al_ami-2 ,COL Sample VAL 516 patients ,0
786,COL ProviderNumber VAL 10016 COL HospitalName VAL shelby baptist medical center COL Address1 VAL 1000 first street north COL Address2 VAL empty COL Address3 VAL empty COL City VAL alabaster COL State VAL xl COL ZipCode VAL 35007 COL CountyName VAL shelby COL PhoneNumber VAL 2056208100 COL HospitalType VAL acute care hospitals COL HospitalOwner VAL voluntary non-profit - church COL EmergencyService VAL yes COL Condition VAL heart failure COL MeasureCode VAL hf-3 COL MeasureName VAL heart failure patients given ace inhibitor or arb for left ventricular systolic dysfunction (lvsd) COL Score VAL 97% COL Sample VAL 71 patients COL Stateavg VAL al_hf-3 ,COL Sample VAL 71 paxienxs ,1
787,COL ProviderNumber VAL 10016 COL HospitalName VAL shelby baptist medical center COL Address1 VAL 1000 first street north COL Address2 VAL empty COL Address3 VAL empty COL City VAL alabaster COL State VAL xl COL ZipCode VAL 35007 COL CountyName VAL shelby COL PhoneNumber VAL 2056208100 COL HospitalType VAL acute care hospitals COL HospitalOwner VAL voluntary non-profit - church COL EmergencyService VAL yes COL Condition VAL heart failure COL MeasureCode VAL hf-3 COL MeasureName VAL heart failure patients given ace inhibitor or arb for left ventricular systolic dysfunction (lvsd) COL Score VAL 97% COL Sample VAL 71 patients COL Stateavg VAL al_hf-3 ,COL Sample VAL 71 patients ,0
788,COL ProviderNumber VAL 10001 COL HospitalName VAL southeast alabama medical center COL Address1 VAL 1108 ross clark circle COL Address2 VAL empty COL Address3 VAL empty COL City VAL dothan COL State VAL al COL ZipCode VAL 36302 COL CountyName VAL houston COL PhoneNumber VAL 3347938701 COL HospitalType VAL acute care hospitals COL HospitalOwner VAL government - hospxtal dxstrxct or authorxty COL EmergencyService VAL yes COL Condition VAL hearx axxack COL MeasureCode VAL ami-4 COL MeasureName VAL heart attack patients given smoking cessation advice/counseling COL Score VAL 100% COL Sample VAL 244 patients COL Stateavg VAL al_ami-4 ,COL Sample VAL 244 paxienxs ,1
789,COL ProviderNumber VAL 10001 COL HospitalName VAL southeast alabama medical center COL Address1 VAL 1108 ross clark circle COL Address2 VAL empty COL Address3 VAL empty COL City VAL dothan COL State VAL al COL ZipCode VAL 36302 COL CountyName VAL houston COL PhoneNumber VAL 3347938701 COL HospitalType VAL acute care hospitals COL HospitalOwner VAL government - hospxtal dxstrxct or authorxty COL EmergencyService VAL yes COL Condition VAL hearx axxack COL MeasureCode VAL ami-4 COL MeasureName VAL heart attack patients given smoking cessation advice/counseling COL Score VAL 100% COL Sample VAL 244 patients COL Stateavg VAL al_ami-4 ,COL Sample VAL 244 patients ,0
790,COL ProviderNumber VAL 10001 COL HospitalName VAL southeast alabama medical center COL Address1 VAL 1108 ross clark circle COL Address2 VAL empty COL Address3 VAL empty COL City VAL dothan COL State VAL al COL ZipCode VAL 36302 COL CountyName VAL houston COL PhoneNumber VAL 3347938701 COL HospitalType VAL acute care hospitals COL HospitalOwner VAL government - hospital district or authority COL EmergencyService VAL yes COL Condition VAL heart attack COL MeasureCode VAL ami-5 COL MeasureName VAL heart attack patients given beta blocker at discharge COL Score VAL 99% COL Sample VAL 441 patients COL Stateavg VAL al_ami-5 ,COL Sample VAL 441xpatients ,1
791,COL ProviderNumber VAL 10001 COL HospitalName VAL southeast alabama medical center COL Address1 VAL 1108 ross clark circle COL Address2 VAL empty COL Address3 VAL empty COL City VAL dothan COL State VAL al COL ZipCode VAL 36302 COL CountyName VAL houston COL PhoneNumber VAL 3347938701 COL HospitalType VAL acute care hospitals COL HospitalOwner VAL government - hospital district or authority COL EmergencyService VAL yes COL Condition VAL heart attack COL MeasureCode VAL ami-5 COL MeasureName VAL heart attack patients given beta blocker at discharge COL Score VAL 99% COL Sample VAL 441 patients COL Stateavg VAL al_ami-5 ,COL Sample VAL 441 patients ,0
792,COL ProviderNumber VAL 10001 COL HospitalName VAL southeast alabama medical center COL Address1 VAL 1108 ross clark circle COL Address2 VAL empty COL Address3 VAL empty COL City VAL dothan COL State VAL al COL ZipCode VAL 36302 COL CountyName VAL houston COL PhoneNumber VAL 3347938701 COL HospitalType VAL acute care hospitals COL HospitalOwner VAL government - hospital district or authority COL EmergencyService VAL yes COL Condition VAL heart attack COL MeasureCode VAL ami-8a COL MeasureName VAL heart attack patients given pci within 90 minutes of arrival COL Score VAL 72% COL Sample VAL 40 patients COL Stateavg VAL al_ami-8a ,COL Sample VAL 40 pxtients ,1
793,COL ProviderNumber VAL 10001 COL HospitalName VAL southeast alabama medical center COL Address1 VAL 1108 ross clark circle COL Address2 VAL empty COL Address3 VAL empty COL City VAL dothan COL State VAL al COL ZipCode VAL 36302 COL CountyName VAL houston COL PhoneNumber VAL 3347938701 COL HospitalType VAL acute care hospitals COL HospitalOwner VAL government - hospital district or authority COL EmergencyService VAL yes COL Condition VAL heart attack COL MeasureCode VAL ami-8a COL MeasureName VAL heart attack patients given pci within 90 minutes of arrival COL Score VAL 72% COL Sample VAL 40 patients COL Stateavg VAL al_ami-8a ,COL Sample VAL 40 patients ,0
794,COL ProviderNumber VAL 10001 COL HospitalName VAL southeast alabama medxcal center COL Address1 VAL 1108 ross clark circle COL Address2 VAL empty COL Address3 VAL empty COL City VAL dothan COL State VAL al COL ZipCode VAL 36302 COL CountyName VAL houston COL PhoneNumber VAL 3347938701 COL HospitalType VAL acute care hospitals COL HospitalOwner VAL government - hospital district or authority COL EmergencyService VAL yes COL Condition VAL heart failure COL MeasureCode VAL hf-1 COL MeasureName VAL heart failure patients given discharge instructions COL Score VAL 78% COL Sample VAL 455 patients COL Stateavg VAL al_hf-1 ,COL Sample VAL 455 paxienxs ,1
795,COL ProviderNumber VAL 10001 COL HospitalName VAL southeast alabama medxcal center COL Address1 VAL 1108 ross clark circle COL Address2 VAL empty COL Address3 VAL empty COL City VAL dothan COL State VAL al COL ZipCode VAL 36302 COL CountyName VAL houston COL PhoneNumber VAL 3347938701 COL HospitalType VAL acute care hospitals COL HospitalOwner VAL government - hospital district or authority COL EmergencyService VAL yes COL Condition VAL heart failure COL MeasureCode VAL hf-1 COL MeasureName VAL heart failure patients given discharge instructions COL Score VAL 78% COL Sample VAL 455 patients COL Stateavg VAL al_hf-1 ,COL Sample VAL 455 patients ,0
796,COL ProviderNumber VAL 10001 COL HospitalName VAL southeast alabama medical center COL Address1 VAL 1108 ross clark circle COL Address2 VAL empty COL Address3 VAL empty COL City VAL dothan COL State VAL al COL ZipCode VAL 36302 COL CountyName VAL houston COL PhoneNumber VAL 3347938701 COL HospitalType VAL acute care hospitals COL HospitalOwner VAL government - hospital xistrict or authority COL EmergencyService VAL yes COL Condition VAL heart failure COL MeasureCode VAL hf-2 COL MeasureName VAL heart failure patients given an evaluation of left ventricular systolic (lvs) function COL Score VAL 99% COL Sample VAL 514 patients COL Stateavg VAL al_hf-2 ,COL Sample VAL 514 paxienxs ,1
797,COL ProviderNumber VAL 10001 COL HospitalName VAL southeast alabama medical center COL Address1 VAL 1108 ross clark circle COL Address2 VAL empty COL Address3 VAL empty COL City VAL dothan COL State VAL al COL ZipCode VAL 36302 COL CountyName VAL houston COL PhoneNumber VAL 3347938701 COL HospitalType VAL acute care hospitals COL HospitalOwner VAL government - hospital xistrict or authority COL EmergencyService VAL yes COL Condition VAL heart failure COL MeasureCode VAL hf-2 COL MeasureName VAL heart failure patients given an evaluation of left ventricular systolic (lvs) function COL Score VAL 99% COL Sample VAL 514 patients COL Stateavg VAL al_hf-2 ,COL Sample VAL 514 patients ,0
798,COL ProviderNumber VAL 10001 COL HospitalName VAL southeast alabama medical center COL Address1 VAL 1108 ross clark circle COL Address2 VAL empty COL Address3 VAL empty COL City VAL dothan COL State VAL al COL ZipCode VAL 36302 COL CountyName VAL houston COL PhoneNumber VAL 3347938701 COL HospitalType VAL acute care hospitals COL HospitalOwner VAL government - hospital district or authority COL EmergencyService VAL yes COL Condition VAL heart failure COL MeasureCode VAL hf-3 COL MeasureName VAL heart failure patients given ace inhibitor or arb for left ventricular systolic dysfunction (lvsd) COL Score VAL 91% COL Sample VAL 165 patients COL Stateavg VAL al_hf-3 ,COL Sample VAL 165 patientx ,1
799,COL ProviderNumber VAL 10001 COL HospitalName VAL southeast alabama medical center COL Address1 VAL 1108 ross clark circle COL Address2 VAL empty COL Address3 VAL empty COL City VAL dothan COL State VAL al COL ZipCode VAL 36302 COL CountyName VAL houston COL PhoneNumber VAL 3347938701 COL HospitalType VAL acute care hospitals COL HospitalOwner VAL government - hospital district or authority COL EmergencyService VAL yes COL Condition VAL heart failure COL MeasureCode VAL hf-3 COL MeasureName VAL heart failure patients given ace inhibitor or arb for left ventricular systolic dysfunction (lvsd) COL Score VAL 91% COL Sample VAL 165 patients COL Stateavg VAL al_hf-3 ,COL Sample VAL 165 patients ,0
800,COL ProviderNumber VAL 10001 COL HospitalName VAL southeast alabama medical center COL Address1 VAL 1108 ross clark circle COL Address2 VAL empty COL Address3 VAL empty COL City VAL dothan COL State VAL al COL ZipCode VAL 36302 COL CountyName VAL houston COL PhoneNumber VAL 3347938701 COL HospitalType VAL acute care hospitals COL HospitalOwner VAL government - hospital district or authority COL EmergencyService VAL yes COL Condition VAL heart failure COL MeasureCode VAL hf-4 COL MeasureName VAL heart failure patients given smoking cessation advice/counseling COL Score VAL 100% COL Sample VAL 110 patients COL Stateavg VAL al_hf-4 ,COL Sample VAL 110 paxienxs ,1
801,COL ProviderNumber VAL 10001 COL HospitalName VAL southeast alabama medical center COL Address1 VAL 1108 ross clark circle COL Address2 VAL empty COL Address3 VAL empty COL City VAL dothan COL State VAL al COL ZipCode VAL 36302 COL CountyName VAL houston COL PhoneNumber VAL 3347938701 COL HospitalType VAL acute care hospitals COL HospitalOwner VAL government - hospital district or authority COL EmergencyService VAL yes COL Condition VAL heart failure COL MeasureCode VAL hf-4 COL MeasureName VAL heart failure patients given smoking cessation advice/counseling COL Score VAL 100% COL Sample VAL 110 patients COL Stateavg VAL al_hf-4 ,COL Sample VAL 110 patients ,0
802,COL ProviderNumber VAL 10001 COL HospitalName VAL southeast alabama medical center COL Address1 VAL 1108 ross clark circle COL Address2 VAL empty COL Address3 VAL empty COL City VAL dothan COL State VAL al COL ZipCode VAL 36302 COL CountyName VAL houston COL PhoneNumber VAL 3347938701 COL HospitalType VAL acute care hospitals COL HospitalOwner VAL government - hospital district or authority COL EmergencyService VAL yes COL Condition VAL pneumonia COL MeasureCode VAL pn-2 COL MeasureName VAL pneumonia patients assessed and given pneumococcal vaccination COL Score VAL 93% COL Sample VAL 191 patients COL Stateavg VAL al_pn-2 ,COL Sample VAL 191 pxtients ,1
803,COL ProviderNumber VAL 10001 COL HospitalName VAL southeast alabama medical center COL Address1 VAL 1108 ross clark circle COL Address2 VAL empty COL Address3 VAL empty COL City VAL dothan COL State VAL al COL ZipCode VAL 36302 COL CountyName VAL houston COL PhoneNumber VAL 3347938701 COL HospitalType VAL acute care hospitals COL HospitalOwner VAL government - hospital district or authority COL EmergencyService VAL yes COL Condition VAL pneumonia COL MeasureCode VAL pn-2 COL MeasureName VAL pneumonia patients assessed and given pneumococcal vaccination COL Score VAL 93% COL Sample VAL 191 patients COL Stateavg VAL al_pn-2 ,COL Sample VAL 191 patients ,0
804,COL ProviderNumber VAL 10001 COL HospitalName VAL southeast alabama medical center COL Address1 VAL 1108 ross clark circle COL Address2 VAL empty COL Address3 VAL empty COL City VAL dothan COL State VAL al COL ZipCode VAL 36302 COL CountyName VAL houston COL PhoneNumber VAL 3347938701 COL HospitalType VAL acute care hospitals COL HospitalOwner VAL governmenx - hospixal disxricx or auxhorixy COL EmergencyService VAL yes COL Condition VAL pneumonia COL MeasureCode VAL pn-3b COL MeasureName VAL pneumonia patients whose initial emergency room blood culture was performed prior to the administration of the first hospital dose of antibiotics COL Score VAL 89% COL Sample VAL 125 patients COL Stateavg VAL al_pn-3b ,COL Sample VAL 125 patientx ,1
805,COL ProviderNumber VAL 10001 COL HospitalName VAL southeast alabama medical center COL Address1 VAL 1108 ross clark circle COL Address2 VAL empty COL Address3 VAL empty COL City VAL dothan COL State VAL al COL ZipCode VAL 36302 COL CountyName VAL houston COL PhoneNumber VAL 3347938701 COL HospitalType VAL acute care hospitals COL HospitalOwner VAL governmenx - hospixal disxricx or auxhorixy COL EmergencyService VAL yes COL Condition VAL pneumonia COL MeasureCode VAL pn-3b COL MeasureName VAL pneumonia patients whose initial emergency room blood culture was performed prior to the administration of the first hospital dose of antibiotics COL Score VAL 89% COL Sample VAL 125 patients COL Stateavg VAL al_pn-3b ,COL Sample VAL 125 patients ,0
806,COL ProviderNumber VAL 10001 COL HospitalName VAL southeast alabama medical center COL Address1 VAL 1108 ross clark circle COL Address2 VAL empty COL Address3 VAL empty COL City VAL dothan COL State VAL al COL ZipCode VAL 36302 COL CountyName VAL houston COL PhoneNumber VAL 3347938701 COL HospitalType VAL acute care hospitals COL HospitalOwner VAL government - hospital district or authority COL EmergencyService VAL yes COL Condition VAL pneumonia COL MeasureCode VAL pn-4 COL MeasureName VAL pneumonia patients given smoking cessation advice/counseling COL Score VAL 99% COL Sample VAL 107 patients COL Stateavg VAL al_pn-4 ,COL Sample VAL 107 xatients ,1
807,COL ProviderNumber VAL 10001 COL HospitalName VAL southeast alabama medical center COL Address1 VAL 1108 ross clark circle COL Address2 VAL empty COL Address3 VAL empty COL City VAL dothan COL State VAL al COL ZipCode VAL 36302 COL CountyName VAL houston COL PhoneNumber VAL 3347938701 COL HospitalType VAL acute care hospitals COL HospitalOwner VAL government - hospital district or authority COL EmergencyService VAL yes COL Condition VAL pneumonia COL MeasureCode VAL pn-4 COL MeasureName VAL pneumonia patients given smoking cessation advice/counseling COL Score VAL 99% COL Sample VAL 107 patients COL Stateavg VAL al_pn-4 ,COL Sample VAL 107 patients ,0
808,COL ProviderNumber VAL 10001 COL HospitalName VAL southeast alabama medical center COL Address1 VAL 1108 ross clark circle COL Address2 VAL empty COL Address3 VAL empty COL City VAL dothan COL State VAL al COL ZipCode VAL 36302 COL CountyName VAL houston COL PhoneNumber VAL 3347938701 COL HospitalType VAL acute care hospitals COL HospitalOwner VAL government - hospital district or authority COL EmergencyService VAL yes COL Condition VAL pneumonia COL MeasureCode VAL pn-5c COL MeasureName VAL pneumonia patients given initial antibiotic(s) within 6 hours after arrival COL Score VAL 92% COL Sample VAL 196 patients COL Stateavg VAL al_pn-5c ,COL Sample VAL 196 paxienxs ,1
809,COL ProviderNumber VAL 10001 COL HospitalName VAL southeast alabama medical center COL Address1 VAL 1108 ross clark circle COL Address2 VAL empty COL Address3 VAL empty COL City VAL dothan COL State VAL al COL ZipCode VAL 36302 COL CountyName VAL houston COL PhoneNumber VAL 3347938701 COL HospitalType VAL acute care hospitals COL HospitalOwner VAL government - hospital district or authority COL EmergencyService VAL yes COL Condition VAL pneumonia COL MeasureCode VAL pn-5c COL MeasureName VAL pneumonia patients given initial antibiotic(s) within 6 hours after arrival COL Score VAL 92% COL Sample VAL 196 patients COL Stateavg VAL al_pn-5c ,COL Sample VAL 196 patients ,0
810,COL ProviderNumber VAL 10001 COL HospitalName VAL southeast alabama medical center COL Address1 VAL 1108 ross clark circle COL Address2 VAL empty COL Address3 VAL empty COL City VAL dothan COL State VAL al COL ZipCode VAL 36302 COL CountyName VAL houston COL PhoneNumber VAL 3347938701 COL HospitalType VAL acute care hospitals COL HospitalOwner VAL government - hospital district or authority COL EmergencyService VAL yes COL Condition VAL pneumonia COL MeasureCode VAL pn-6 COL MeasureName VAL pneumonia patients given the most appropriate initial antibiotic(s) COL Score VAL 80% COL Sample VAL 147 patients COL Stateavg VAL al_pn-6 ,COL Sample VAL 1x7 patients ,1
811,COL ProviderNumber VAL 10001 COL HospitalName VAL southeast alabama medical center COL Address1 VAL 1108 ross clark circle COL Address2 VAL empty COL Address3 VAL empty COL City VAL dothan COL State VAL al COL ZipCode VAL 36302 COL CountyName VAL houston COL PhoneNumber VAL 3347938701 COL HospitalType VAL acute care hospitals COL HospitalOwner VAL government - hospital district or authority COL EmergencyService VAL yes COL Condition VAL pneumonia COL MeasureCode VAL pn-6 COL MeasureName VAL pneumonia patients given the most appropriate initial antibiotic(s) COL Score VAL 80% COL Sample VAL 147 patients COL Stateavg VAL al_pn-6 ,COL Sample VAL 147 patients ,0
812,COL ProviderNumber VAL 10001 COL HospitalName VAL southeast alabama medical center COL Address1 VAL 1108 ross clark circle COL Address2 VAL empty COL Address3 VAL empty COL City VAL dothan COL State VAL al COL ZipCode VAL 36302 COL CountyName VAL houston COL PhoneNumber VAL 3347938701 COL HospitalType VAL acute care hospitals COL HospitalOwner VAL government - hospital district or authority COL EmergencyService VAL yes COL Condition VAL pneumonia COL MeasureCode VAL pn-7 COL MeasureName VAL pneumonia patients assessed and given influenza vaccination COL Score VAL 84% COL Sample VAL 160 patients COL Stateavg VAL al_pn-7 ,COL Sample VAL 160 paxienxs ,1
813,COL ProviderNumber VAL 10001 COL HospitalName VAL southeast alabama medical center COL Address1 VAL 1108 ross clark circle COL Address2 VAL empty COL Address3 VAL empty COL City VAL dothan COL State VAL al COL ZipCode VAL 36302 COL CountyName VAL houston COL PhoneNumber VAL 3347938701 COL HospitalType VAL acute care hospitals COL HospitalOwner VAL government - hospital district or authority COL EmergencyService VAL yes COL Condition VAL pneumonia COL MeasureCode VAL pn-7 COL MeasureName VAL pneumonia patients assessed and given influenza vaccination COL Score VAL 84% COL Sample VAL 160 patients COL Stateavg VAL al_pn-7 ,COL Sample VAL 160 patients ,0
814,COL ProviderNumber VAL 10001 COL HospitalName VAL southeast alabama medical center COL Address1 VAL 1108 ross clark circle COL Address2 VAL empty COL Address3 VAL empty COL City VAL dothan COL State VAL al COL ZipCode VAL 36302 COL CountyName VAL houston COL PhoneNumber VAL xx479x8701 COL HospitalType VAL acute care hospitals COL HospitalOwner VAL government - hospital district or authority COL EmergencyService VAL yes COL Condition VAL surgical infection prevention COL MeasureCode VAL scip-card-2 COL MeasureName VAL surgery patients who were taking heart drugs called beta blockers before coming to the hospital who were kept on the beta blockers during the period just before and after their surgery COL Score VAL 72% COL Sample VAL 79 patients COL Stateavg VAL al_scip-card-2 ,COL Sample VAL x9 patients ,1
815,COL ProviderNumber VAL 10001 COL HospitalName VAL southeast alabama medical center COL Address1 VAL 1108 ross clark circle COL Address2 VAL empty COL Address3 VAL empty COL City VAL dothan COL State VAL al COL ZipCode VAL 36302 COL CountyName VAL houston COL PhoneNumber VAL xx479x8701 COL HospitalType VAL acute care hospitals COL HospitalOwner VAL government - hospital district or authority COL EmergencyService VAL yes COL Condition VAL surgical infection prevention COL MeasureCode VAL scip-card-2 COL MeasureName VAL surgery patients who were taking heart drugs called beta blockers before coming to the hospital who were kept on the beta blockers during the period just before and after their surgery COL Score VAL 72% COL Sample VAL 79 patients COL Stateavg VAL al_scip-card-2 ,COL Sample VAL 79 patients ,0
816,COL ProviderNumber VAL 10001 COL HospitalName VAL southeast alabama medical center COL Address1 VAL 1108 ross clark circle COL Address2 VAL empty COL Address3 VAL empty COL City VAL dothan COL State VAL al COL ZipCode VAL 36302 COL CountyName VAL houston COL PhoneNumber VAL 3347938701 COL HospitalType VAL acute care hospitals COL HospitalOwner VAL government - hospital district or authority COL EmergencyService VAL yes COL Condition VAL surgical infection prevention COL MeasureCode VAL scip-inf-1 COL MeasureName VAL surgery patients who were given an antibiotic at the right time (within one hour before surgery) to help prevent infection COL Score VAL 94% COL Sample VAL 399 patients COL Stateavg VAL al_scip-inf-1 ,COL Sample VAL 3xx patients ,1
817,COL ProviderNumber VAL 10001 COL HospitalName VAL southeast alabama medical center COL Address1 VAL 1108 ross clark circle COL Address2 VAL empty COL Address3 VAL empty COL City VAL dothan COL State VAL al COL ZipCode VAL 36302 COL CountyName VAL houston COL PhoneNumber VAL 3347938701 COL HospitalType VAL acute care hospitals COL HospitalOwner VAL government - hospital district or authority COL EmergencyService VAL yes COL Condition VAL surgical infection prevention COL MeasureCode VAL scip-inf-1 COL MeasureName VAL surgery patients who were given an antibiotic at the right time (within one hour before surgery) to help prevent infection COL Score VAL 94% COL Sample VAL 399 patients COL Stateavg VAL al_scip-inf-1 ,COL Sample VAL 399 patients ,0
818,COL ProviderNumber VAL 10001 COL HospitalName VAL southeast alabama medical center COL Address1 VAL 1108 ross clark circle COL Address2 VAL empty COL Address3 VAL empty COL City VAL dothan COL State VAL al COL ZipCode VAL 36302 COL CountyName VAL houston COL PhoneNumber VAL 3347938701 COL HospitalType VAL acute care hospitals COL HospitalOwner VAL government - hospital district or authority COL EmergencyService VAL yes COL Condition VAL surgical infection prevention COL MeasureCode VAL scip-inf-2 COL MeasureName VAL surgery patients who were given the  right kind  of antibiotic to help prevent infection COL Score VAL 98% COL Sample VAL 405 patients COL Stateavg VAL al_scip-inf-2 ,COL Sample VAL 40x patients ,1
819,COL ProviderNumber VAL 10001 COL HospitalName VAL southeast alabama medical center COL Address1 VAL 1108 ross clark circle COL Address2 VAL empty COL Address3 VAL empty COL City VAL dothan COL State VAL al COL ZipCode VAL 36302 COL CountyName VAL houston COL PhoneNumber VAL 3347938701 COL HospitalType VAL acute care hospitals COL HospitalOwner VAL government - hospital district or authority COL EmergencyService VAL yes COL Condition VAL surgical infection prevention COL MeasureCode VAL scip-inf-2 COL MeasureName VAL surgery patients who were given the  right kind  of antibiotic to help prevent infection COL Score VAL 98% COL Sample VAL 405 patients COL Stateavg VAL al_scip-inf-2 ,COL Sample VAL 405 patients ,0
820,COL ProviderNumber VAL 10001 COL HospitalName VAL southeast alabama medical center COL Address1 VAL 1108 ross clark circle COL Address2 VAL empty COL Address3 VAL empty COL City VAL dothan COL State VAL al COL ZipCode VAL 36302 COL CountyName VAL houston COL PhoneNumber VAL 3347938701 COL HospitalType VAL acxte care hospitals COL HospitalOwner VAL government - hospital district or authority COL EmergencyService VAL yes COL Condition VAL surgical infection prevention COL MeasureCode VAL scip-inf-3 COL MeasureName VAL surgery patients whose preventive antibiotics were stopped at the right time (within 24 hours after surgery) COL Score VAL 88% COL Sample VAL 385 patients COL Stateavg VAL al_scip-inf-3 ,COL Sample VAL 385 patientx ,1
821,COL ProviderNumber VAL 10001 COL HospitalName VAL southeast alabama medical center COL Address1 VAL 1108 ross clark circle COL Address2 VAL empty COL Address3 VAL empty COL City VAL dothan COL State VAL al COL ZipCode VAL 36302 COL CountyName VAL houston COL PhoneNumber VAL 3347938701 COL HospitalType VAL acxte care hospitals COL HospitalOwner VAL government - hospital district or authority COL EmergencyService VAL yes COL Condition VAL surgical infection prevention COL MeasureCode VAL scip-inf-3 COL MeasureName VAL surgery patients whose preventive antibiotics were stopped at the right time (within 24 hours after surgery) COL Score VAL 88% COL Sample VAL 385 patients COL Stateavg VAL al_scip-inf-3 ,COL Sample VAL 385 patients ,0
822,COL ProviderNumber VAL 10001 COL HospitalName VAL southeast alabama medical center COL Address1 VAL 1108 ross clark circle COL Address2 VAL empty COL Address3 VAL empty COL City VAL dothan COL State VAL al COL ZipCode VAL 36302 COL CountyName VAL houston COL PhoneNumber VAL 3347938701 COL HospitalType VAL acute care hospitals COL HospitalOwner VAL government - hospital district or authority COL EmergencyService VAL yes COL Condition VAL surgical infection prevention COL MeasureCode VAL scip-inf-4 COL MeasureName VAL all heart surgery patients whose blood sugar (blood glucose) is kept under good control in the days right after surgery COL Score VAL 96% COL Sample VAL 136 patients COL Stateavg VAL al_scip-inf-4 ,COL Sample VAL 136 paxienxs ,1
823,COL ProviderNumber VAL 10001 COL HospitalName VAL southeast alabama medical center COL Address1 VAL 1108 ross clark circle COL Address2 VAL empty COL Address3 VAL empty COL City VAL dothan COL State VAL al COL ZipCode VAL 36302 COL CountyName VAL houston COL PhoneNumber VAL 3347938701 COL HospitalType VAL acute care hospitals COL HospitalOwner VAL government - hospital district or authority COL EmergencyService VAL yes COL Condition VAL surgical infection prevention COL MeasureCode VAL scip-inf-4 COL MeasureName VAL all heart surgery patients whose blood sugar (blood glucose) is kept under good control in the days right after surgery COL Score VAL 96% COL Sample VAL 136 patients COL Stateavg VAL al_scip-inf-4 ,COL Sample VAL 136 patients ,0
824,COL ProviderNumber VAL 10001 COL HospitalName VAL southeast alabama medical center COL Address1 VAL 1108 ross clark circle COL Address2 VAL empty COL Address3 VAL empty COL City VAL dothan COL State VAL al COL ZipCode VAL 36302 COL CountyName VAL houston COL PhoneNumber VAL 3347938701 COL HospitalType VAL acute care hospitals COL HospitalOwner VAL government - hospital district or authority COL EmergencyService VAL yes COL Condition VAL surgical infection prevention COL MeasureCode VAL scip-inf-6 COL MeasureName VAL surgery patients needing hair removed from the surgical area before surgery who had hair removed using a safer method (electric clippers or hair removal cream c not a razor) COL Score VAL 90% COL Sample VAL 537 patients COL Stateavg VAL al_scip-inf-6 ,COL Sample VAL x37 patients ,1
825,COL ProviderNumber VAL 10001 COL HospitalName VAL southeast alabama medical center COL Address1 VAL 1108 ross clark circle COL Address2 VAL empty COL Address3 VAL empty COL City VAL dothan COL State VAL al COL ZipCode VAL 36302 COL CountyName VAL houston COL PhoneNumber VAL 3347938701 COL HospitalType VAL acute care hospitals COL HospitalOwner VAL government - hospital district or authority COL EmergencyService VAL yes COL Condition VAL surgical infection prevention COL MeasureCode VAL scip-inf-6 COL MeasureName VAL surgery patients needing hair removed from the surgical area before surgery who had hair removed using a safer method (electric clippers or hair removal cream c not a razor) COL Score VAL 90% COL Sample VAL 537 patients COL Stateavg VAL al_scip-inf-6 ,COL Sample VAL 537 patients ,0
826,COL ProviderNumber VAL 10001 COL HospitalName VAL southeast alabama medical center COL Address1 VAL 1108 ross clark circle COL Address2 VAL empty COL Address3 VAL empty COL City VAL dothan COL State VAL xl COL ZipCode VAL 36302 COL CountyName VAL houston COL PhoneNumber VAL 3347938701 COL HospitalType VAL acute care hospitals COL HospitalOwner VAL gxvernment - hxspital district xr authxrity COL EmergencyService VAL yes COL Condition VAL surgical infection prevention COL MeasureCode VAL scip-vte-1 COL MeasureName VAL surgery patients whose doctors ordered treatments to prevent blood clots after certain types of surgeries COL Score VAL 86% COL Sample VAL 185 patients COL Stateavg VAL al_scip-vte-1 ,COL Sample VAL 18x patients ,1
827,COL ProviderNumber VAL 10001 COL HospitalName VAL southeast alabama medical center COL Address1 VAL 1108 ross clark circle COL Address2 VAL empty COL Address3 VAL empty COL City VAL dothan COL State VAL xl COL ZipCode VAL 36302 COL CountyName VAL houston COL PhoneNumber VAL 3347938701 COL HospitalType VAL acute care hospitals COL HospitalOwner VAL gxvernment - hxspital district xr authxrity COL EmergencyService VAL yes COL Condition VAL surgical infection prevention COL MeasureCode VAL scip-vte-1 COL MeasureName VAL surgery patients whose doctors ordered treatments to prevent blood clots after certain types of surgeries COL Score VAL 86% COL Sample VAL 185 patients COL Stateavg VAL al_scip-vte-1 ,COL Sample VAL 185 patients ,0
828,COL ProviderNumber VAL 10001 COL HospitalName VAL southeast alabama medical center COL Address1 VAL 1108 ross clark circle COL Address2 VAL empty COL Address3 VAL empty COL City VAL dothan COL State VAL al COL ZipCode VAL 36302 COL CountyName VAL houston COL PhoneNumber VAL 3347938701 COL HospitalType VAL acute care hospitals COL HospitalOwner VAL government - hospital district or authority COL EmergencyService VAL yex COL Condition VAL surgical infection prevention COL MeasureCode VAL scip-vte-2 COL MeasureName VAL patients who got treatment  at the right time (within 24 hours before or after their surgery) to help prevent blood clots after certain types of surgery COL Score VAL 83% COL Sample VAL 184 patients COL Stateavg VAL al_scip-vte-2 ,COL Sample VAL 1x4 patients ,1
829,COL ProviderNumber VAL 10001 COL HospitalName VAL southeast alabama medical center COL Address1 VAL 1108 ross clark circle COL Address2 VAL empty COL Address3 VAL empty COL City VAL dothan COL State VAL al COL ZipCode VAL 36302 COL CountyName VAL houston COL PhoneNumber VAL 3347938701 COL HospitalType VAL acute care hospitals COL HospitalOwner VAL government - hospital district or authority COL EmergencyService VAL yex COL Condition VAL surgical infection prevention COL MeasureCode VAL scip-vte-2 COL MeasureName VAL patients who got treatment  at the right time (within 24 hours before or after their surgery) to help prevent blood clots after certain types of surgery COL Score VAL 83% COL Sample VAL 184 patients COL Stateavg VAL al_scip-vte-2 ,COL Sample VAL 184 patients ,0
830,COL ProviderNumber VAL 10022 COL HospitalName VAL cherokee medical center COL Address1 VAL 400 northwood dr COL Address2 VAL empty COL Address3 VAL empty COL City VAL centre COL State VAL ax COL ZipCode VAL 35960 COL CountyName VAL cherokee COL PhoneNumber VAL 2569275531 COL HospitalType VAL acute care hospitals COL HospitalOwner VAL voluntary non-profit - private COL EmergencyService VAL yes COL Condition VAL pneumonia COL MeasureCode VAL pn-4 COL MeasureName VAL pneumonia patients given smoking cessation advice/counseling COL Score VAL 100% COL Sample VAL 20 patients COL Stateavg VAL al_pn-4 ,COL Sample VAL 20 patientx ,1
831,COL ProviderNumber VAL 10022 COL HospitalName VAL cherokee medical center COL Address1 VAL 400 northwood dr COL Address2 VAL empty COL Address3 VAL empty COL City VAL centre COL State VAL ax COL ZipCode VAL 35960 COL CountyName VAL cherokee COL PhoneNumber VAL 2569275531 COL HospitalType VAL acute care hospitals COL HospitalOwner VAL voluntary non-profit - private COL EmergencyService VAL yes COL Condition VAL pneumonia COL MeasureCode VAL pn-4 COL MeasureName VAL pneumonia patients given smoking cessation advice/counseling COL Score VAL 100% COL Sample VAL 20 patients COL Stateavg VAL al_pn-4 ,COL Sample VAL 20 patients ,0
832,COL ProviderNumber VAL x0005 COL HospitalName VAL marshall medical center south COL Address1 VAL 2505 u s highway 431 north COL Address2 VAL empty COL Address3 VAL empty COL City VAL boaz COL State VAL al COL ZipCode VAL 35957 COL CountyName VAL marshall COL PhoneNumber VAL 2565938310 COL HospitalType VAL acute care hospitals COL HospitalOwner VAL government - hospital district or authority COL EmergencyService VAL yes COL Condition VAL heart attack COL MeasureCode VAL ami-2 COL MeasureName VAL heart attack patients given aspirin at discharge COL Score VAL 60% COL Sample VAL 5 patients COL Stateavg VAL al_ami-2 ,COL Sample VAL 5 paxienxs ,1
833,COL ProviderNumber VAL x0005 COL HospitalName VAL marshall medical center south COL Address1 VAL 2505 u s highway 431 north COL Address2 VAL empty COL Address3 VAL empty COL City VAL boaz COL State VAL al COL ZipCode VAL 35957 COL CountyName VAL marshall COL PhoneNumber VAL 2565938310 COL HospitalType VAL acute care hospitals COL HospitalOwner VAL government - hospital district or authority COL EmergencyService VAL yes COL Condition VAL heart attack COL MeasureCode VAL ami-2 COL MeasureName VAL heart attack patients given aspirin at discharge COL Score VAL 60% COL Sample VAL 5 patients COL Stateavg VAL al_ami-2 ,COL Sample VAL 5 patients ,0
834,COL ProviderNumber VAL 10005 COL HospitalName VAL marshall medical center south COL Address1 VAL 2505 u s highway 431 north COL Address2 VAL empty COL Address3 VAL empty COL City VAL boaz COL State VAL xl COL ZipCode VAL 35957 COL CountyName VAL marshall COL PhoneNumber VAL 2565938310 COL HospitalType VAL acute care hospitals COL HospitalOwner VAL government - hospital district or authority COL EmergencyService VAL yes COL Condition VAL heart attack COL MeasureCode VAL ami-3 COL MeasureName VAL heart attack patients given ace inhibitor or arb for left ventricular systolic dysfunction (lvsd) COL Score VAL 100% COL Sample VAL 2 patients COL Stateavg VAL al_ami-3 ,COL Sample VAL 2 patixnts ,1
835,COL ProviderNumber VAL 10005 COL HospitalName VAL marshall medical center south COL Address1 VAL 2505 u s highway 431 north COL Address2 VAL empty COL Address3 VAL empty COL City VAL boaz COL State VAL xl COL ZipCode VAL 35957 COL CountyName VAL marshall COL PhoneNumber VAL 2565938310 COL HospitalType VAL acute care hospitals COL HospitalOwner VAL government - hospital district or authority COL EmergencyService VAL yes COL Condition VAL heart attack COL MeasureCode VAL ami-3 COL MeasureName VAL heart attack patients given ace inhibitor or arb for left ventricular systolic dysfunction (lvsd) COL Score VAL 100% COL Sample VAL 2 patients COL Stateavg VAL al_ami-3 ,COL Sample VAL 2 patients ,0
836,COL ProviderNumber VAL 10005 COL HospitalName VAL marshall medical center south COL Address1 VAL 2505 u s highway 431 north COL Address2 VAL empty COL Address3 VAL empty COL City VAL boaz COL State VAL al COL ZipCode VAL 35957 COL CountyName VAL marshall COL PhoneNumber VAL 2565938310 COL HospitalType VAL acute care hospitals COL HospitalOwner VAL government - hospital district or authority COL EmergencyService VAL yes COL Condition VAL heart failure COL MeasureCode VAL hf-3 COL MeasureName VAL heart failure patients given ace inhibitor or arb for left ventricular systolic dysfunction (lvsd) COL Score VAL 90% COL Sample VAL 69 patients COL Stateavg VAL al_hf-3 ,COL Sample VAL 69 paxienxs ,1
837,COL ProviderNumber VAL 10005 COL HospitalName VAL marshall medical center south COL Address1 VAL 2505 u s highway 431 north COL Address2 VAL empty COL Address3 VAL empty COL City VAL boaz COL State VAL al COL ZipCode VAL 35957 COL CountyName VAL marshall COL PhoneNumber VAL 2565938310 COL HospitalType VAL acute care hospitals COL HospitalOwner VAL government - hospital district or authority COL EmergencyService VAL yes COL Condition VAL heart failure COL MeasureCode VAL hf-3 COL MeasureName VAL heart failure patients given ace inhibitor or arb for left ventricular systolic dysfunction (lvsd) COL Score VAL 90% COL Sample VAL 69 patients COL Stateavg VAL al_hf-3 ,COL Sample VAL 69 patients ,0
838,COL ProviderNumber VAL 10005 COL HospitalName VAL marshall medical center south COL Address1 VAL 2505 u s highway 431 north COL Address2 VAL empty COL Address3 VAL empty COL City VAL boaz COL State VAL al COL ZipCode VAL 35957 COL CountyName VAL marshall COL PhoneNumber VAL 2565938310 COL HospitalType VAL acute care hospitals COL HospitalOwner VAL government - hospital district or authority COL EmergencyService VAL yes COL Condition VAL heart failure COL MeasureCode VAL hf-4 COL MeasureName VAL heart failure patients given smoking cessation advice/counseling COL Score VAL 94% COL Sample VAL 34 patients COL Stateavg VAL al_hf-4 ,COL Sample VAL 34 pxtients ,1
839,COL ProviderNumber VAL 10005 COL HospitalName VAL marshall medical center south COL Address1 VAL 2505 u s highway 431 north COL Address2 VAL empty COL Address3 VAL empty COL City VAL boaz COL State VAL al COL ZipCode VAL 35957 COL CountyName VAL marshall COL PhoneNumber VAL 2565938310 COL HospitalType VAL acute care hospitals COL HospitalOwner VAL government - hospital district or authority COL EmergencyService VAL yes COL Condition VAL heart failure COL MeasureCode VAL hf-4 COL MeasureName VAL heart failure patients given smoking cessation advice/counseling COL Score VAL 94% COL Sample VAL 34 patients COL Stateavg VAL al_hf-4 ,COL Sample VAL 34 patients ,0
840,COL ProviderNumber VAL 10005 COL HospitalName VAL marshall medical center south COL Address1 VAL 2505 u s highway 431 north COL Address2 VAL empty COL Address3 VAL empty COL City VAL boaz COL State VAL al COL ZipCode VAL 35957 COL CountyName VAL marshall COL PhoneNumber VAL 2565938310 COL HospitalType VAL acute care hospitals COL HospitalOwner VAL government - hospital district or authority COL EmergencyService VAL yes COL Condition VAL pneumonia COL MeasureCode VAL pn-2 COL MeasureName VAL pneumonia patients assessed and given pneumococcal vaccination COL Score VAL 97% COL Sample VAL 172 patients COL Stateavg VAL al_pn-2 ,COL Sample VAL 172xpatients ,1
841,COL ProviderNumber VAL 10005 COL HospitalName VAL marshall medical center south COL Address1 VAL 2505 u s highway 431 north COL Address2 VAL empty COL Address3 VAL empty COL City VAL boaz COL State VAL al COL ZipCode VAL 35957 COL CountyName VAL marshall COL PhoneNumber VAL 2565938310 COL HospitalType VAL acute care hospitals COL HospitalOwner VAL government - hospital district or authority COL EmergencyService VAL yes COL Condition VAL pneumonia COL MeasureCode VAL pn-2 COL MeasureName VAL pneumonia patients assessed and given pneumococcal vaccination COL Score VAL 97% COL Sample VAL 172 patients COL Stateavg VAL al_pn-2 ,COL Sample VAL 172 patients ,0
842,COL ProviderNumber VAL 10005 COL HospitalName VAL marshall medical center south COL Address1 VAL 2505 u s highway 431 north COL Address2 VAL empty COL Address3 VAL empty COL City VAL boxz COL State VAL al COL ZipCode VAL 35957 COL CountyName VAL marshall COL PhoneNumber VAL 2565938310 COL HospitalType VAL acute care hospitals COL HospitalOwner VAL government - hospital district or authority COL EmergencyService VAL yes COL Condition VAL pneumonia COL MeasureCode VAL pn-3b COL MeasureName VAL pneumonia patients whose initial emergency room blood culture was performed prior to the administration of the first hospital dose of antibiotics COL Score VAL 97% COL Sample VAL 120 patients COL Stateavg VAL al_pn-xb ,COL Sample VAL 12x patients ,1
843,COL ProviderNumber VAL 10005 COL HospitalName VAL marshall medical center south COL Address1 VAL 2505 u s highway 431 north COL Address2 VAL empty COL Address3 VAL empty COL City VAL boxz COL State VAL al COL ZipCode VAL 35957 COL CountyName VAL marshall COL PhoneNumber VAL 2565938310 COL HospitalType VAL acute care hospitals COL HospitalOwner VAL government - hospital district or authority COL EmergencyService VAL yes COL Condition VAL pneumonia COL MeasureCode VAL pn-3b COL MeasureName VAL pneumonia patients whose initial emergency room blood culture was performed prior to the administration of the first hospital dose of antibiotics COL Score VAL 97% COL Sample VAL 120 patients COL Stateavg VAL al_pn-xb ,COL Sample VAL 120 patients ,0
844,COL ProviderNumber VAL 10005 COL HospitalName VAL marshall medical center south COL Address1 VAL 2505xuxsxhighwayx431xnorth COL Address2 VAL empty COL Address3 VAL empty COL City VAL boaz COL State VAL al COL ZipCode VAL 35957 COL CountyName VAL marshall COL PhoneNumber VAL 2x6x938310 COL HospitalType VAL acute care hospitals COL HospitalOwner VAL government - hospital district or authority COL EmergencyService VAL yes COL Condition VAL pneumonia COL MeasureCode VAL pn-4 COL MeasureName VAL pneumonia patients given smoking cessation advice/counseling COL Score VAL 97% COL Sample VAL 98 patients COL Stateavg VAL al_pn-4 ,COL Sample VAL 98 patixnts ,1
845,COL ProviderNumber VAL 10005 COL HospitalName VAL marshall medical center south COL Address1 VAL 2505xuxsxhighwayx431xnorth COL Address2 VAL empty COL Address3 VAL empty COL City VAL boaz COL State VAL al COL ZipCode VAL 35957 COL CountyName VAL marshall COL PhoneNumber VAL 2x6x938310 COL HospitalType VAL acute care hospitals COL HospitalOwner VAL government - hospital district or authority COL EmergencyService VAL yes COL Condition VAL pneumonia COL MeasureCode VAL pn-4 COL MeasureName VAL pneumonia patients given smoking cessation advice/counseling COL Score VAL 97% COL Sample VAL 98 patients COL Stateavg VAL al_pn-4 ,COL Sample VAL 98 patients ,0
846,COL ProviderNumber VAL 10005 COL HospitalName VAL marshall medical center south COL Address1 VAL 2505 u s highway 431 north COL Address2 VAL empty COL Address3 VAL empty COL City VAL boaz COL State VAL al COL ZipCode VAL 35957 COL CountyName VAL marshall COL PhoneNumber VAL 2565938310 COL HospitalType VAL acute care hospitals COL HospitalOwner VAL government - hospital district or authority COL EmergencyService VAL yes COL Condition VAL pneumonia COL MeasureCode VAL pn-5c COL MeasureName VAL pneumonia patients given initial antibiotic(s) within 6 hours after arrival COL Score VAL 96% COL Sample VAL 211 patients COL Stateavg VAL al_pn-5c ,COL Sample VAL 211 paxienxs ,1
847,COL ProviderNumber VAL 10005 COL HospitalName VAL marshall medical center south COL Address1 VAL 2505 u s highway 431 north COL Address2 VAL empty COL Address3 VAL empty COL City VAL boaz COL State VAL al COL ZipCode VAL 35957 COL CountyName VAL marshall COL PhoneNumber VAL 2565938310 COL HospitalType VAL acute care hospitals COL HospitalOwner VAL government - hospital district or authority COL EmergencyService VAL yes COL Condition VAL pneumonia COL MeasureCode VAL pn-5c COL MeasureName VAL pneumonia patients given initial antibiotic(s) within 6 hours after arrival COL Score VAL 96% COL Sample VAL 211 patients COL Stateavg VAL al_pn-5c ,COL Sample VAL 211 patients ,0
848,COL ProviderNumber VAL 10005 COL HospitalName VAL marshall medical center south COL Address1 VAL 2505 u s highway 431 north COL Address2 VAL empty COL Address3 VAL empty COL City VAL boaz COL State VAL al COL ZipCode VAL 35957 COL CountyName VAL marshall COL PhoneNumber VAL 2565938310 COL HospitalType VAL acute care hospitals COL HospitalOwner VAL government - hospital district or authority COL EmergencyService VAL yes COL Condition VAL pneumonia COL MeasureCode VAL pn-6 COL MeasureName VAL pneumonia patients given the most appropriate initial antibiotic(s) COL Score VAL 92% COL Sample VAL 175 patients COL Stateavg VAL al_pn-6 ,COL Sample VAL 175 patientx ,1
849,COL ProviderNumber VAL 10005 COL HospitalName VAL marshall medical center south COL Address1 VAL 2505 u s highway 431 north COL Address2 VAL empty COL Address3 VAL empty COL City VAL boaz COL State VAL al COL ZipCode VAL 35957 COL CountyName VAL marshall COL PhoneNumber VAL 2565938310 COL HospitalType VAL acute care hospitals COL HospitalOwner VAL government - hospital district or authority COL EmergencyService VAL yes COL Condition VAL pneumonia COL MeasureCode VAL pn-6 COL MeasureName VAL pneumonia patients given the most appropriate initial antibiotic(s) COL Score VAL 92% COL Sample VAL 175 patients COL Stateavg VAL al_pn-6 ,COL Sample VAL 175 patients ,0
850,COL ProviderNumber VAL 10005 COL HospitalName VAL marshall medical center south COL Address1 VAL 2505 u s highway 431 north COL Address2 VAL empty COL Address3 VAL empty COL City VAL boaz COL State VAL al COL ZipCode VAL 35957 COL CountyName VAL marshall COL PhoneNumber VAL 2x6x938310 COL HospitalType VAL acute care hospitals COL HospitalOwner VAL government - hospital district or authority COL EmergencyService VAL yes COL Condition VAL pneumonia COL MeasureCode VAL pn-7 COL MeasureName VAL pneumonia patients assessed and given influenza vaccination COL Score VAL 81% COL Sample VAL 118 patients COL Stateavg VAL al_pn-7 ,COL Sample VAL 118 patixnts ,1
851,COL ProviderNumber VAL 10005 COL HospitalName VAL marshall medical center south COL Address1 VAL 2505 u s highway 431 north COL Address2 VAL empty COL Address3 VAL empty COL City VAL boaz COL State VAL al COL ZipCode VAL 35957 COL CountyName VAL marshall COL PhoneNumber VAL 2x6x938310 COL HospitalType VAL acute care hospitals COL HospitalOwner VAL government - hospital district or authority COL EmergencyService VAL yes COL Condition VAL pneumonia COL MeasureCode VAL pn-7 COL MeasureName VAL pneumonia patients assessed and given influenza vaccination COL Score VAL 81% COL Sample VAL 118 patients COL Stateavg VAL al_pn-7 ,COL Sample VAL 118 patients ,0
852,COL ProviderNumber VAL 10005 COL HospitalName VAL marshall medical center south COL Address1 VAL 2505 u s highway 431 north COL Address2 VAL empty COL Address3 VAL empty COL City VAL boaz COL State VAL al COL ZipCode VAL 35957 COL CountyName VAL marshall COL PhoneNumber VAL 2565938310 COL HospitalType VAL acute care hospitals COL HospitalOwner VAL government - hospital district or authority COL EmergencyService VAL yes COL Condition VAL surgical infection prevention COL MeasureCode VAL scip-inf-1 COL MeasureName VAL surgery patients who were given an antibiotic at the right time (within one hour before surgery) to help prevent infection COL Score VAL 96% COL Sample VAL 168 patients COL Stateavg VAL al_scip-inf-1 ,COL Sample VAL 16x patients ,1
853,COL ProviderNumber VAL 10005 COL HospitalName VAL marshall medical center south COL Address1 VAL 2505 u s highway 431 north COL Address2 VAL empty COL Address3 VAL empty COL City VAL boaz COL State VAL al COL ZipCode VAL 35957 COL CountyName VAL marshall COL PhoneNumber VAL 2565938310 COL HospitalType VAL acute care hospitals COL HospitalOwner VAL government - hospital district or authority COL EmergencyService VAL yes COL Condition VAL surgical infection prevention COL MeasureCode VAL scip-inf-1 COL MeasureName VAL surgery patients who were given an antibiotic at the right time (within one hour before surgery) to help prevent infection COL Score VAL 96% COL Sample VAL 168 patients COL Stateavg VAL al_scip-inf-1 ,COL Sample VAL 168 patients ,0
854,COL ProviderNumber VAL 10005 COL HospitalName VAL marshall medical center south COL Address1 VAL 2505 u s highway 431 north COL Address2 VAL empty COL Address3 VAL empty COL City VAL boaz COL State VAL al COL ZipCode VAL 3595x COL CountyName VAL marshall COL PhoneNumber VAL 2565938310 COL HospitalType VAL acute care hospitals COL HospitalOwner VAL government - hospital district or authority COL EmergencyService VAL yes COL Condition VAL surgical infection prevention COL MeasureCode VAL scip-inf-2 COL MeasureName VAL surgery patients who were given the  right kind  of antibiotic to help prevent infection COL Score VAL 93% COL Sample VAL 167 patients COL Stateavg VAL al_scip-inf-2 ,COL Sample VAL 167 patixnts ,1
855,COL ProviderNumber VAL 10005 COL HospitalName VAL marshall medical center south COL Address1 VAL 2505 u s highway 431 north COL Address2 VAL empty COL Address3 VAL empty COL City VAL boaz COL State VAL al COL ZipCode VAL 3595x COL CountyName VAL marshall COL PhoneNumber VAL 2565938310 COL HospitalType VAL acute care hospitals COL HospitalOwner VAL government - hospital district or authority COL EmergencyService VAL yes COL Condition VAL surgical infection prevention COL MeasureCode VAL scip-inf-2 COL MeasureName VAL surgery patients who were given the  right kind  of antibiotic to help prevent infection COL Score VAL 93% COL Sample VAL 167 patients COL Stateavg VAL al_scip-inf-2 ,COL Sample VAL 167 patients ,0
856,COL ProviderNumber VAL 10005 COL HospitalName VAL marshall medical center south COL Address1 VAL 2505 u s highway 431 north COL Address2 VAL empty COL Address3 VAL empty COL City VAL boaz COL State VAL al COL ZipCode VAL 35957 COL CountyName VAL marshall COL PhoneNumber VAL 2565938310 COL HospitalType VAL acute care hospitals COL HospitalOwner VAL government - hospital district or authority COL EmergencyService VAL yes COL Condition VAL surgical infection prevention COL MeasureCode VAL scip-inf-3 COL MeasureName VAL surgery patients whose preventive antibiotics were stopped at the right time (within 24 hours after surgery) COL Score VAL 95% COL Sample VAL 158 patients COL Stateavg VAL al_scip-inf-3 ,COL Sample VAL x58 patients ,1
857,COL ProviderNumber VAL 10005 COL HospitalName VAL marshall medical center south COL Address1 VAL 2505 u s highway 431 north COL Address2 VAL empty COL Address3 VAL empty COL City VAL boaz COL State VAL al COL ZipCode VAL 35957 COL CountyName VAL marshall COL PhoneNumber VAL 2565938310 COL HospitalType VAL acute care hospitals COL HospitalOwner VAL government - hospital district or authority COL EmergencyService VAL yes COL Condition VAL surgical infection prevention COL MeasureCode VAL scip-inf-3 COL MeasureName VAL surgery patients whose preventive antibiotics were stopped at the right time (within 24 hours after surgery) COL Score VAL 95% COL Sample VAL 158 patients COL Stateavg VAL al_scip-inf-3 ,COL Sample VAL 158 patients ,0
858,COL ProviderNumber VAL 10005 COL HospitalName VAL marshall medical center south COL Address1 VAL 2505 u s highway 431 north COL Address2 VAL empty COL Address3 VAL empty COL City VAL boaz COL State VAL al COL ZipCode VAL 35957 COL CountyName VAL marshall COL PhoneNumber VAL 2565938310 COL HospitalType VAL acute care hospitals COL HospitalOwner VAL government - hospital district or authority COL EmergencyService VAL yes COL Condition VAL surgical infection prevention COL MeasureCode VAL scip-inf-6 COL MeasureName VAL surgery patients needing hair removed from the surgical area before surgery who had hair removed using a safer method (electric clippers or hair removal cream c not a razor) COL Score VAL 100% COL Sample VAL 237 patients COL Stateavg VAL al_scip-inf-6 ,COL Sample VAL 2x7 patients ,1
859,COL ProviderNumber VAL 10005 COL HospitalName VAL marshall medical center south COL Address1 VAL 2505 u s highway 431 north COL Address2 VAL empty COL Address3 VAL empty COL City VAL boaz COL State VAL al COL ZipCode VAL 35957 COL CountyName VAL marshall COL PhoneNumber VAL 2565938310 COL HospitalType VAL acute care hospitals COL HospitalOwner VAL government - hospital district or authority COL EmergencyService VAL yes COL Condition VAL surgical infection prevention COL MeasureCode VAL scip-inf-6 COL MeasureName VAL surgery patients needing hair removed from the surgical area before surgery who had hair removed using a safer method (electric clippers or hair removal cream c not a razor) COL Score VAL 100% COL Sample VAL 237 patients COL Stateavg VAL al_scip-inf-6 ,COL Sample VAL 237 patients ,0
860,COL ProviderNumber VAL 10005 COL HospitalName VAL marshall medical center south COL Address1 VAL 2505 u s highway 431 north COL Address2 VAL empty COL Address3 VAL empty COL City VAL boaz COL State VAL al COL ZipCode VAL 35957 COL CountyName VAL mxrshxll COL PhoneNumber VAL 2565938310 COL HospitalType VAL acute care hospitals COL HospitalOwner VAL government - hospital district or authority COL EmergencyService VAL yes COL Condition VAL surgical infection prevention COL MeasureCode VAL scip-vte-1 COL MeasureName VAL surgery patients whose doctors ordered treatments to prevent blood clots after certain types of surgeries COL Score VAL 78% COL Sample VAL 76 patients COL Stateavg VAL al_scip-vte-1 ,COL Sample VAL x6 patients ,1
861,COL ProviderNumber VAL 10005 COL HospitalName VAL marshall medical center south COL Address1 VAL 2505 u s highway 431 north COL Address2 VAL empty COL Address3 VAL empty COL City VAL boaz COL State VAL al COL ZipCode VAL 35957 COL CountyName VAL mxrshxll COL PhoneNumber VAL 2565938310 COL HospitalType VAL acute care hospitals COL HospitalOwner VAL government - hospital district or authority COL EmergencyService VAL yes COL Condition VAL surgical infection prevention COL MeasureCode VAL scip-vte-1 COL MeasureName VAL surgery patients whose doctors ordered treatments to prevent blood clots after certain types of surgeries COL Score VAL 78% COL Sample VAL 76 patients COL Stateavg VAL al_scip-vte-1 ,COL Sample VAL 76 patients ,0
862,COL ProviderNumber VAL 10006 COL HospitalName VAL eliza coffee memorial hospital COL Address1 VAL 205 marengo street COL Address2 VAL empty COL Address3 VAL empty COL City VAL florence COL State VAL al COL ZipCode VAL 3563x COL CountyName VAL lauderdale COL PhoneNumber VAL 2567688400 COL HospitalType VAL acute care hospitals COL HospitalOwner VAL voluntary non-profit - other COL EmergencyService VAL yes COL Condition VAL heart attack COL MeasureCode VAL ami-2 COL MeasureName VAL heart attack patients given aspirin at discharge COL Score VAL 96% COL Sample VAL 247 patients COL Stateavg VAL al_ami-2 ,COL Sample VAL 2x7 patients ,1
863,COL ProviderNumber VAL 10006 COL HospitalName VAL eliza coffee memorial hospital COL Address1 VAL 205 marengo street COL Address2 VAL empty COL Address3 VAL empty COL City VAL florence COL State VAL al COL ZipCode VAL 3563x COL CountyName VAL lauderdale COL PhoneNumber VAL 2567688400 COL HospitalType VAL acute care hospitals COL HospitalOwner VAL voluntary non-profit - other COL EmergencyService VAL yes COL Condition VAL heart attack COL MeasureCode VAL ami-2 COL MeasureName VAL heart attack patients given aspirin at discharge COL Score VAL 96% COL Sample VAL 247 patients COL Stateavg VAL al_ami-2 ,COL Sample VAL 247 patients ,0
864,COL ProviderNumber VAL 10006 COL HospitalName VAL eliza coffee memorial hospital COL Address1 VAL 205 marengo street COL Address2 VAL empty COL Address3 VAL empty COL City VAL florence COL State VAL al COL ZipCode VAL 35631 COL CountyName VAL lauderdale COL PhoneNumber VAL 2567688400 COL HospitalType VAL acute care hospitals COL HospitalOwner VAL voluntary non-profit - other COL EmergencyService VAL yes COL Condition VAL heart attack COL MeasureCode VAL ami-3 COL MeasureName VAL heart attack patients given ace inhibitor or arb for left ventricular systolic dysfunction (lvsd) COL Score VAL 93% COL Sample VAL 43 patients COL Stateavg VAL al_ami-3 ,COL Sample VAL 43 paxienxs ,1
865,COL ProviderNumber VAL 10006 COL HospitalName VAL eliza coffee memorial hospital COL Address1 VAL 205 marengo street COL Address2 VAL empty COL Address3 VAL empty COL City VAL florence COL State VAL al COL ZipCode VAL 35631 COL CountyName VAL lauderdale COL PhoneNumber VAL 2567688400 COL HospitalType VAL acute care hospitals COL HospitalOwner VAL voluntary non-profit - other COL EmergencyService VAL yes COL Condition VAL heart attack COL MeasureCode VAL ami-3 COL MeasureName VAL heart attack patients given ace inhibitor or arb for left ventricular systolic dysfunction (lvsd) COL Score VAL 93% COL Sample VAL 43 patients COL Stateavg VAL al_ami-3 ,COL Sample VAL 43 patients ,0
866,COL ProviderNumber VAL 10006 COL HospitalName VAL eliza coffee memorial hospital COL Address1 VAL 205 marengo street COL Address2 VAL empty COL Address3 VAL empty COL City VAL florence COL State VAL al COL ZipCode VAL 35631 COL CountyName VAL laudxrdalx COL PhoneNumber VAL 2567688400 COL HospitalType VAL acute care hospitals COL HospitalOwner VAL voluntary non-profit - other COL EmergencyService VAL yes COL Condition VAL heart attack COL MeasureCode VAL ami-4 COL MeasureName VAL heart attack patients given smoking cessation advice/counseling COL Score VAL 100% COL Sample VAL 103 patients COL Stateavg VAL al_ami-4 ,COL Sample VAL 103 patientx ,1
867,COL ProviderNumber VAL 10006 COL HospitalName VAL eliza coffee memorial hospital COL Address1 VAL 205 marengo street COL Address2 VAL empty COL Address3 VAL empty COL City VAL florence COL State VAL al COL ZipCode VAL 35631 COL CountyName VAL laudxrdalx COL PhoneNumber VAL 2567688400 COL HospitalType VAL acute care hospitals COL HospitalOwner VAL voluntary non-profit - other COL EmergencyService VAL yes COL Condition VAL heart attack COL MeasureCode VAL ami-4 COL MeasureName VAL heart attack patients given smoking cessation advice/counseling COL Score VAL 100% COL Sample VAL 103 patients COL Stateavg VAL al_ami-4 ,COL Sample VAL 103 patients ,0
868,COL ProviderNumber VAL 10006 COL HospitalName VAL eliza coffee memorial hospital COL Address1 VAL 205 marengo street COL Address2 VAL empty COL Address3 VAL empty COL City VAL florence COL State VAL al COL ZipCode VAL 35631 COL CountyName VAL lauderdale COL PhoneNumber VAL 2567688400 COL HospitalType VAL acute care hospitals COL HospitalOwner VAL voluntary non-profit - other COL EmergencyService VAL yes COL Condition VAL hearx axxack COL MeasureCode VAL ami-5 COL MeasureName VAL heart attack patients given beta blocker at discharge COL Score VAL 96% COL Sample VAL 227 patients COL Stateavg VAL al_ami-5 ,COL Sample VAL 227 patixnts ,1
869,COL ProviderNumber VAL 10006 COL HospitalName VAL eliza coffee memorial hospital COL Address1 VAL 205 marengo street COL Address2 VAL empty COL Address3 VAL empty COL City VAL florence COL State VAL al COL ZipCode VAL 35631 COL CountyName VAL lauderdale COL PhoneNumber VAL 2567688400 COL HospitalType VAL acute care hospitals COL HospitalOwner VAL voluntary non-profit - other COL EmergencyService VAL yes COL Condition VAL hearx axxack COL MeasureCode VAL ami-5 COL MeasureName VAL heart attack patients given beta blocker at discharge COL Score VAL 96% COL Sample VAL 227 patients COL Stateavg VAL al_ami-5 ,COL Sample VAL 227 patients ,0
870,COL ProviderNumber VAL 10006 COL HospitalName VAL eliza coffee memorial hospital COL Address1 VAL 205 marengo street COL Address2 VAL empty COL Address3 VAL empty COL City VAL florence COL State VAL al COL ZipCode VAL 35631 COL CountyName VAL lauderdale COL PhoneNumber VAL 2567688400 COL HospitalType VAL acute care hospitals COL HospitalOwner VAL voluntary non-profit - other COL EmergencyService VAL yes COL Condition VAL heart attack COL MeasureCode VAL ami-8a COL MeasureName VAL heart attack patients given pci within 90 minutes of arrival COL Score VAL 98% COL Sample VAL 61 patients COL Stateavg VAL al_ami-8a ,COL Sample VAL 61 paxienxs ,1
871,COL ProviderNumber VAL 10006 COL HospitalName VAL eliza coffee memorial hospital COL Address1 VAL 205 marengo street COL Address2 VAL empty COL Address3 VAL empty COL City VAL florence COL State VAL al COL ZipCode VAL 35631 COL CountyName VAL lauderdale COL PhoneNumber VAL 2567688400 COL HospitalType VAL acute care hospitals COL HospitalOwner VAL voluntary non-profit - other COL EmergencyService VAL yes COL Condition VAL heart attack COL MeasureCode VAL ami-8a COL MeasureName VAL heart attack patients given pci within 90 minutes of arrival COL Score VAL 98% COL Sample VAL 61 patients COL Stateavg VAL al_ami-8a ,COL Sample VAL 61 patients ,0
872,COL ProviderNumber VAL 10006 COL HospitalName VAL eliza coffee memorial hospital COL Address1 VAL 205 marengo street COL Address2 VAL empty COL Address3 VAL empty COL City VAL florence COL State VAL al COL ZipCode VAL 35631 COL CountyName VAL lauderdale COL PhoneNumber VAL 2567688400 COL HospitalType VAL acute care hospitals COL HospitalOwner VAL voluntary non-profit - other COL EmergencyService VAL yes COL Condition VAL heart failure COL MeasureCode VAL hf-1 COL MeasureName VAL heart failure patients given discharge instructions COL Score VAL 79% COL Sample VAL 217 patients COL Stateavg VAL al_hf-1 ,COL Sample VAL 217 patientx ,1
873,COL ProviderNumber VAL 10006 COL HospitalName VAL eliza coffee memorial hospital COL Address1 VAL 205 marengo street COL Address2 VAL empty COL Address3 VAL empty COL City VAL florence COL State VAL al COL ZipCode VAL 35631 COL CountyName VAL lauderdale COL PhoneNumber VAL 2567688400 COL HospitalType VAL acute care hospitals COL HospitalOwner VAL voluntary non-profit - other COL EmergencyService VAL yes COL Condition VAL heart failure COL MeasureCode VAL hf-1 COL MeasureName VAL heart failure patients given discharge instructions COL Score VAL 79% COL Sample VAL 217 patients COL Stateavg VAL al_hf-1 ,COL Sample VAL 217 patients ,0
874,COL ProviderNumber VAL 10006 COL HospitalName VAL eliza coffee memorial hospital COL Address1 VAL 205 marengo street COL Address2 VAL empty COL Address3 VAL empty COL City VAL florence COL State VAL al COL ZipCode VAL 35631 COL CountyName VAL laudexdale COL PhoneNumber VAL 2567688400 COL HospitalType VAL acute care hospitals COL HospitalOwner VAL voluntary non-profit - other COL EmergencyService VAL yes COL Condition VAL heart failure COL MeasureCode VAL hf-2 COL MeasureName VAL heart failure patients given an evaluation of left ventricular systolic (lvs) function COL Score VAL 97% COL Sample VAL 259 patients COL Stateavg VAL al_hf-2 ,COL Sample VAL 259 patientx ,1
875,COL ProviderNumber VAL 10006 COL HospitalName VAL eliza coffee memorial hospital COL Address1 VAL 205 marengo street COL Address2 VAL empty COL Address3 VAL empty COL City VAL florence COL State VAL al COL ZipCode VAL 35631 COL CountyName VAL laudexdale COL PhoneNumber VAL 2567688400 COL HospitalType VAL acute care hospitals COL HospitalOwner VAL voluntary non-profit - other COL EmergencyService VAL yes COL Condition VAL heart failure COL MeasureCode VAL hf-2 COL MeasureName VAL heart failure patients given an evaluation of left ventricular systolic (lvs) function COL Score VAL 97% COL Sample VAL 259 patients COL Stateavg VAL al_hf-2 ,COL Sample VAL 259 patients ,0
876,COL ProviderNumber VAL 10006 COL HospitalName VAL eliza coffee memorial hospital COL Address1 VAL 205 marengo street COL Address2 VAL empty COL Address3 VAL empty COL City VAL florence COL State VAL al COL ZipCode VAL 35631 COL CountyName VAL lauderdale COL PhoneNumber VAL 2567688400 COL HospitalType VAL acute care hospitals COL HospitalOwner VAL voluntary non-profit - other COL EmergencyService VAL yes COL Condition VAL heart failure COL MeasureCode VAL hf-3 COL MeasureName VAL heart failure patients given ace inhibitor or arb for left ventricular systolic dysfunction (lvsd) COL Score VAL 82% COL Sample VAL 84 patients COL Stateavg VAL al_hf-3 ,COL Sample VAL 84 patiexts ,1
877,COL ProviderNumber VAL 10006 COL HospitalName VAL eliza coffee memorial hospital COL Address1 VAL 205 marengo street COL Address2 VAL empty COL Address3 VAL empty COL City VAL florence COL State VAL al COL ZipCode VAL 35631 COL CountyName VAL lauderdale COL PhoneNumber VAL 2567688400 COL HospitalType VAL acute care hospitals COL HospitalOwner VAL voluntary non-profit - other COL EmergencyService VAL yes COL Condition VAL heart failure COL MeasureCode VAL hf-3 COL MeasureName VAL heart failure patients given ace inhibitor or arb for left ventricular systolic dysfunction (lvsd) COL Score VAL 82% COL Sample VAL 84 patients COL Stateavg VAL al_hf-3 ,COL Sample VAL 84 patients ,0
878,COL ProviderNumber VAL 10006 COL HospitalName VAL eliza coffee memorial hospital COL Address1 VAL 205 marengo street COL Address2 VAL empty COL Address3 VAL empty COL City VAL fxorence COL State VAL al COL ZipCode VAL 35631 COL CountyName VAL lauderdale COL PhoneNumber VAL 2567688400 COL HospitalType VAL acute care hospitals COL HospitalOwner VAL voluntary non-profit - other COL EmergencyService VAL yes COL Condition VAL heart failure COL MeasureCode VAL hf-4 COL MeasureName VAL heart failure patients given smoking cessation advice/counseling COL Score VAL 100% COL Sample VAL 53 patients COL Stateavg VAL al_hf-4 ,COL Sample VAL 53 paxienxs ,1
879,COL ProviderNumber VAL 10006 COL HospitalName VAL eliza coffee memorial hospital COL Address1 VAL 205 marengo street COL Address2 VAL empty COL Address3 VAL empty COL City VAL fxorence COL State VAL al COL ZipCode VAL 35631 COL CountyName VAL lauderdale COL PhoneNumber VAL 2567688400 COL HospitalType VAL acute care hospitals COL HospitalOwner VAL voluntary non-profit - other COL EmergencyService VAL yes COL Condition VAL heart failure COL MeasureCode VAL hf-4 COL MeasureName VAL heart failure patients given smoking cessation advice/counseling COL Score VAL 100% COL Sample VAL 53 patients COL Stateavg VAL al_hf-4 ,COL Sample VAL 53 patients ,0
880,COL ProviderNumber VAL 10006 COL HospitalName VAL eliza coffee memorial hospital COL Address1 VAL 205 marengo street COL Address2 VAL empty COL Address3 VAL empty COL City VAL florence COL State VAL al COL ZipCode VAL 35631 COL CountyName VAL lauderdale COL PhoneNumber VAL 2567688400 COL HospitalType VAL acute care hospitals COL HospitalOwner VAL voluntary non-profit - other COL EmergencyService VAL yes COL Condition VAL pneumonia COL MeasureCode VAL pn-2 COL MeasureName VAL pneumonia patients assessed and given pneumococcal vaccination COL Score VAL 90% COL Sample VAL 174 patients COL Stateavg VAL al_pn-2 ,COL Sample VAL 174xpatients ,1
881,COL ProviderNumber VAL 10006 COL HospitalName VAL eliza coffee memorial hospital COL Address1 VAL 205 marengo street COL Address2 VAL empty COL Address3 VAL empty COL City VAL florence COL State VAL al COL ZipCode VAL 35631 COL CountyName VAL lauderdale COL PhoneNumber VAL 2567688400 COL HospitalType VAL acute care hospitals COL HospitalOwner VAL voluntary non-profit - other COL EmergencyService VAL yes COL Condition VAL pneumonia COL MeasureCode VAL pn-2 COL MeasureName VAL pneumonia patients assessed and given pneumococcal vaccination COL Score VAL 90% COL Sample VAL 174 patients COL Stateavg VAL al_pn-2 ,COL Sample VAL 174 patients ,0
882,COL ProviderNumber VAL 10025 COL HospitalName VAL g h lanier memorial hospital COL Address1 VAL 4800 48th st COL Address2 VAL empty COL Address3 VAL empty COL City VAL valley COL State VAL al COL ZipCode VAL 36854 COL CountyName VAL chambers COL PhoneNumber VAL 3347561400 COL HospitalType VAL acute care hospitals COL HospitalOwner VAL voluntary non-profit - other COL EmergencyService VAL yes COL Condition VAL heart failure COL MeasureCode VAL hf-1 COL MeasureName VAL heart failure patients given discharge instructions COL Score VAL 54% COL Sample VAL 137 patients COL Stateavg VAL al_hf-1 ,COL Sample VAL 137 paxienxs ,1
883,COL ProviderNumber VAL 10025 COL HospitalName VAL g h lanier memorial hospital COL Address1 VAL 4800 48th st COL Address2 VAL empty COL Address3 VAL empty COL City VAL valley COL State VAL al COL ZipCode VAL 36854 COL CountyName VAL chambers COL PhoneNumber VAL 3347561400 COL HospitalType VAL acute care hospitals COL HospitalOwner VAL voluntary non-profit - other COL EmergencyService VAL yes COL Condition VAL heart failure COL MeasureCode VAL hf-1 COL MeasureName VAL heart failure patients given discharge instructions COL Score VAL 54% COL Sample VAL 137 patients COL Stateavg VAL al_hf-1 ,COL Sample VAL 137 patients ,0
884,COL ProviderNumber VAL 10006 COL HospitalName VAL eliza coffee memorial hospital COL Address1 VAL 205 marengo street COL Address2 VAL empty COL Address3 VAL empty COL City VAL florence COL State VAL al COL ZipCode VAL 35631 COL CountyName VAL lauderdale COL PhoneNumber VAL 2567688400 COL HospitalType VAL acute care hospitals COL HospitalOwner VAL voluntary non-profit - other COL EmergencyService VAL yes COL Condition VAL pneumonia COL MeasureCode VAL pn-4 COL MeasureName VAL pneumonia patients given smoking cessation advice/counseling COL Score VAL 100% COL Sample VAL 65 patients COL Stateavg VAL al_pn-4 ,COL Sample VAL 65 patiexts ,1
885,COL ProviderNumber VAL 10006 COL HospitalName VAL eliza coffee memorial hospital COL Address1 VAL 205 marengo street COL Address2 VAL empty COL Address3 VAL empty COL City VAL florence COL State VAL al COL ZipCode VAL 35631 COL CountyName VAL lauderdale COL PhoneNumber VAL 2567688400 COL HospitalType VAL acute care hospitals COL HospitalOwner VAL voluntary non-profit - other COL EmergencyService VAL yes COL Condition VAL pneumonia COL MeasureCode VAL pn-4 COL MeasureName VAL pneumonia patients given smoking cessation advice/counseling COL Score VAL 100% COL Sample VAL 65 patients COL Stateavg VAL al_pn-4 ,COL Sample VAL 65 patients ,0
886,COL ProviderNumber VAL 10006 COL HospitalName VAL eliza coffee memorial hospital COL Address1 VAL 205 marengo street COL Address2 VAL empty COL Address3 VAL empty COL City VAL florence COL State VAL xl COL ZipCode VAL 35631 COL CountyName VAL lauderdale COL PhoneNumber VAL 2567688400 COL HospitalType VAL acute care hospitals COL HospitalOwner VAL voluntary non-profit - other COL EmergencyService VAL yes COL Condition VAL pneumonia COL MeasureCode VAL pn-5c COL MeasureName VAL pneumonia patients given initial antibiotic(s) within 6 hours after arrival COL Score VAL 96% COL Sample VAL 200 patients COL Stateavg VAL al_pn-5c ,COL Sample VAL 2xx patients ,1
887,COL ProviderNumber VAL 10006 COL HospitalName VAL eliza coffee memorial hospital COL Address1 VAL 205 marengo street COL Address2 VAL empty COL Address3 VAL empty COL City VAL florence COL State VAL xl COL ZipCode VAL 35631 COL CountyName VAL lauderdale COL PhoneNumber VAL 2567688400 COL HospitalType VAL acute care hospitals COL HospitalOwner VAL voluntary non-profit - other COL EmergencyService VAL yes COL Condition VAL pneumonia COL MeasureCode VAL pn-5c COL MeasureName VAL pneumonia patients given initial antibiotic(s) within 6 hours after arrival COL Score VAL 96% COL Sample VAL 200 patients COL Stateavg VAL al_pn-5c ,COL Sample VAL 200 patients ,0
888,COL ProviderNumber VAL 10006 COL HospitalName VAL eliza coffee memorial hospital COL Address1 VAL 205 marengo street COL Address2 VAL empty COL Address3 VAL empty COL City VAL florence COL State VAL al COL ZipCode VAL 35631 COL CountyName VAL lauderdale COL PhoneNumber VAL 2567688400 COL HospitalType VAL acute care hospitals COL HospitalOwner VAL voluntary non-profit - other COL EmergencyService VAL yes COL Condition VAL pneumonia COL MeasureCode VAL pn-6 COL MeasureName VAL pneumonia patients given the most appropriate initial antibiotic(s) COL Score VAL 91% COL Sample VAL 138 patients COL Stateavg VAL al_pn-6 ,COL Sample VAL x38 patients ,1
889,COL ProviderNumber VAL 10006 COL HospitalName VAL eliza coffee memorial hospital COL Address1 VAL 205 marengo street COL Address2 VAL empty COL Address3 VAL empty COL City VAL florence COL State VAL al COL ZipCode VAL 35631 COL CountyName VAL lauderdale COL PhoneNumber VAL 2567688400 COL HospitalType VAL acute care hospitals COL HospitalOwner VAL voluntary non-profit - other COL EmergencyService VAL yes COL Condition VAL pneumonia COL MeasureCode VAL pn-6 COL MeasureName VAL pneumonia patients given the most appropriate initial antibiotic(s) COL Score VAL 91% COL Sample VAL 138 patients COL Stateavg VAL al_pn-6 ,COL Sample VAL 138 patients ,0
890,COL ProviderNumber VAL 10006 COL HospitalName VAL eliza coffee memorial hospital COL Address1 VAL 205 marengo street COL Address2 VAL empty COL Address3 VAL empty COL City VAL florence COL State VAL al COL ZipCode VAL 35631 COL CountyName VAL lauderdale COL PhoneNumber VAL 2567688400 COL HospitalType VAL acute care hospitals COL HospitalOwner VAL voluntary non-profit - other COL EmergencyService VAL yes COL Condition VAL pneumonia COL MeasureCode VAL pn-7 COL MeasureName VAL pneumonia patients assessed and given influenza vaccination COL Score VAL 88% COL Sample VAL 85 patients COL Stateavg VAL al_pn-7 ,COL Sample VAL 85 patixnts ,1
891,COL ProviderNumber VAL 10006 COL HospitalName VAL eliza coffee memorial hospital COL Address1 VAL 205 marengo street COL Address2 VAL empty COL Address3 VAL empty COL City VAL florence COL State VAL al COL ZipCode VAL 35631 COL CountyName VAL lauderdale COL PhoneNumber VAL 2567688400 COL HospitalType VAL acute care hospitals COL HospitalOwner VAL voluntary non-profit - other COL EmergencyService VAL yes COL Condition VAL pneumonia COL MeasureCode VAL pn-7 COL MeasureName VAL pneumonia patients assessed and given influenza vaccination COL Score VAL 88% COL Sample VAL 85 patients COL Stateavg VAL al_pn-7 ,COL Sample VAL 85 patients ,0
892,COL ProviderNumber VAL 10006 COL HospitalName VAL eliza coffee memorial hospital COL Address1 VAL 205 marengo street COL Address2 VAL empty COL Address3 VAL empty COL City VAL florence COL State VAL al COL ZipCode VAL 35631 COL CountyName VAL lauderdale COL PhoneNumber VAL 2567688400 COL HospitalType VAL acute care hospitals COL HospitalOwner VAL voluntary non-profit - other COL EmergencyService VAL yes COL Condition VAL surgical infection prevention COL MeasureCode VAL scip-inf-1 COL MeasureName VAL surgery patients who were given an antibiotic at the right time (within one hour before surgery) to help prevent infection COL Score VAL 99% COL Sample VAL 457 patients COL Stateavg VAL al_scip-inf-1 ,COL Sample VAL 4x7 patients ,1
893,COL ProviderNumber VAL 10006 COL HospitalName VAL eliza coffee memorial hospital COL Address1 VAL 205 marengo street COL Address2 VAL empty COL Address3 VAL empty COL City VAL florence COL State VAL al COL ZipCode VAL 35631 COL CountyName VAL lauderdale COL PhoneNumber VAL 2567688400 COL HospitalType VAL acute care hospitals COL HospitalOwner VAL voluntary non-profit - other COL EmergencyService VAL yes COL Condition VAL surgical infection prevention COL MeasureCode VAL scip-inf-1 COL MeasureName VAL surgery patients who were given an antibiotic at the right time (within one hour before surgery) to help prevent infection COL Score VAL 99% COL Sample VAL 457 patients COL Stateavg VAL al_scip-inf-1 ,COL Sample VAL 457 patients ,0
894,COL ProviderNumber VAL 10006 COL HospitalName VAL eliza coffee memorial hospital COL Address1 VAL 205 marengo street COL Address2 VAL empty COL Address3 VAL empty COL City VAL florxncx COL State VAL al COL ZipCode VAL 35631 COL CountyName VAL lauderdale COL PhoneNumber VAL 2567688400 COL HospitalType VAL acute care hospitals COL HospitalOwner VAL voluntary non-profit - other COL EmergencyService VAL yes COL Condition VAL surgical infection prevention COL MeasureCode VAL scip-inf-2 COL MeasureName VAL surgery patients who were given the  right kind  of antibiotic to help prevent infection COL Score VAL 99% COL Sample VAL 462 patients COL Stateavg VAL al_scip-inf-2 ,COL Sample VAL 462 patiexts ,1
895,COL ProviderNumber VAL 10006 COL HospitalName VAL eliza coffee memorial hospital COL Address1 VAL 205 marengo street COL Address2 VAL empty COL Address3 VAL empty COL City VAL florxncx COL State VAL al COL ZipCode VAL 35631 COL CountyName VAL lauderdale COL PhoneNumber VAL 2567688400 COL HospitalType VAL acute care hospitals COL HospitalOwner VAL voluntary non-profit - other COL EmergencyService VAL yes COL Condition VAL surgical infection prevention COL MeasureCode VAL scip-inf-2 COL MeasureName VAL surgery patients who were given the  right kind  of antibiotic to help prevent infection COL Score VAL 99% COL Sample VAL 462 patients COL Stateavg VAL al_scip-inf-2 ,COL Sample VAL 462 patients ,0
896,COL ProviderNumber VAL 10006 COL HospitalName VAL eliza coffee memorial hospital COL Address1 VAL 205 marengo street COL Address2 VAL empty COL Address3 VAL empty COL City VAL florence COL State VAL al COL ZipCode VAL 35631 COL CountyName VAL lauderdale COL PhoneNumber VAL 2567688400 COL HospitalType VAL acute care hospitals COL HospitalOwner VAL voluntary non-profit - other COL EmergencyService VAL yes COL Condition VAL surgical infection prevention COL MeasureCode VAL scip-inf-3 COL MeasureName VAL surgery patients whose preventive antibiotics were stopped at the right time (within 24 hours after surgery) COL Score VAL 94% COL Sample VAL 439 patients COL Stateavg VAL al_scip-inf-3 ,COL Sample VAL 439 patientx ,1
897,COL ProviderNumber VAL 10006 COL HospitalName VAL eliza coffee memorial hospital COL Address1 VAL 205 marengo street COL Address2 VAL empty COL Address3 VAL empty COL City VAL florence COL State VAL al COL ZipCode VAL 35631 COL CountyName VAL lauderdale COL PhoneNumber VAL 2567688400 COL HospitalType VAL acute care hospitals COL HospitalOwner VAL voluntary non-profit - other COL EmergencyService VAL yes COL Condition VAL surgical infection prevention COL MeasureCode VAL scip-inf-3 COL MeasureName VAL surgery patients whose preventive antibiotics were stopped at the right time (within 24 hours after surgery) COL Score VAL 94% COL Sample VAL 439 patients COL Stateavg VAL al_scip-inf-3 ,COL Sample VAL 439 patients ,0
898,COL ProviderNumber VAL 10006 COL HospitalName VAL eliza coffee memorial hospital COL Address1 VAL 205 marengo street COL Address2 VAL empty COL Address3 VAL empty COL City VAL florence COL State VAL al COL ZipCode VAL 35631 COL CountyName VAL lauderdale COL PhoneNumber VAL 2567688400 COL HospitalType VAL acute care hospitals COL HospitalOwner VAL voluntary non-profit - other COL EmergencyService VAL yes COL Condition VAL surgical infection prevention COL MeasureCode VAL scip-inf-4 COL MeasureName VAL all heart surgery patients whose blood sugar (blood glucose) is kept under good control in the days right after surgery COL Score VAL 89% COL Sample VAL 130 patients COL Stateavg VAL al_scip-inf-4 ,COL Sample VAL 130 patixnts ,1
899,COL ProviderNumber VAL 10006 COL HospitalName VAL eliza coffee memorial hospital COL Address1 VAL 205 marengo street COL Address2 VAL empty COL Address3 VAL empty COL City VAL florence COL State VAL al COL ZipCode VAL 35631 COL CountyName VAL lauderdale COL PhoneNumber VAL 2567688400 COL HospitalType VAL acute care hospitals COL HospitalOwner VAL voluntary non-profit - other COL EmergencyService VAL yes COL Condition VAL surgical infection prevention COL MeasureCode VAL scip-inf-4 COL MeasureName VAL all heart surgery patients whose blood sugar (blood glucose) is kept under good control in the days right after surgery COL Score VAL 89% COL Sample VAL 130 patients COL Stateavg VAL al_scip-inf-4 ,COL Sample VAL 130 patients ,0
900,COL ProviderNumber VAL 10006 COL HospitalName VAL eliza coffee memorial hospital COL Address1 VAL 205 marengo street COL Address2 VAL empty COL Address3 VAL empty COL City VAL florence COL State VAL al COL ZipCode VAL 35631 COL CountyName VAL lauderdale COL PhoneNumber VAL 2567688400 COL HospitalType VAL acute care hospitals COL HospitalOwner VAL voluntary non-profit - other COL EmergencyService VAL yes COL Condition VAL surgical infection prevention COL MeasureCode VAL scip-vte-1 COL MeasureName VAL surgery patients whose doctors ordered treatments to prevent blood clots after certain types of surgeries COL Score VAL 95% COL Sample VAL 242 patients COL Stateavg VAL al_scip-vte-1 ,COL Sample VAL 242 patiexts ,1
901,COL ProviderNumber VAL 10006 COL HospitalName VAL eliza coffee memorial hospital COL Address1 VAL 205 marengo street COL Address2 VAL empty COL Address3 VAL empty COL City VAL florence COL State VAL al COL ZipCode VAL 35631 COL CountyName VAL lauderdale COL PhoneNumber VAL 2567688400 COL HospitalType VAL acute care hospitals COL HospitalOwner VAL voluntary non-profit - other COL EmergencyService VAL yes COL Condition VAL surgical infection prevention COL MeasureCode VAL scip-vte-1 COL MeasureName VAL surgery patients whose doctors ordered treatments to prevent blood clots after certain types of surgeries COL Score VAL 95% COL Sample VAL 242 patients COL Stateavg VAL al_scip-vte-1 ,COL Sample VAL 242 patients ,0
902,COL ProviderNumber VAL 10007 COL HospitalName VAL mizell memorial hospital COL Address1 VAL 702 n main st COL Address2 VAL empty COL Address3 VAL empty COL City VAL opp COL State VAL al COL ZipCode VAL 36467 COL CountyName VAL covington COL PhoneNumber VAL 3344x33541 COL HospitalType VAL acute care hospitals COL HospitalOwner VAL voluntary non-profit - private COL EmergencyService VAL no COL Condition VAL heart failure COL MeasureCode VAL hfx1 COL MeasureName VAL heart failure patients given discharge instructions COL Score VAL 98% COL Sample VAL 59 patients COL Stateavg VAL al_hf-1 ,COL Sample VAL 59 patiexts ,1
903,COL ProviderNumber VAL 10007 COL HospitalName VAL mizell memorial hospital COL Address1 VAL 702 n main st COL Address2 VAL empty COL Address3 VAL empty COL City VAL opp COL State VAL al COL ZipCode VAL 36467 COL CountyName VAL covington COL PhoneNumber VAL 3344x33541 COL HospitalType VAL acute care hospitals COL HospitalOwner VAL voluntary non-profit - private COL EmergencyService VAL no COL Condition VAL heart failure COL MeasureCode VAL hfx1 COL MeasureName VAL heart failure patients given discharge instructions COL Score VAL 98% COL Sample VAL 59 patients COL Stateavg VAL al_hf-1 ,COL Sample VAL 59 patients ,0
904,COL ProviderNumber VAL 10007 COL HospitalName VAL mizell memorial hospital COL Address1 VAL 702 n main st COL Address2 VAL empty COL Address3 VAL empty COL City VAL opp COL State VAL al COL ZipCode VAL 36467 COL CountyName VAL covington COL PhoneNumber VAL 3344933541 COL HospitalType VAL acute care hospitals COL HospitalOwner VAL voluntary non-profit - private COL EmergencyService VAL no COL Condition VAL heart failure COL MeasureCode VAL hf-4 COL MeasureName VAL heart failure patients given smoking cessation advice/counseling COL Score VAL 100% COL Sample VAL 8 patients COL Stateavg VAL al_hf-4 ,COL Sample VAL 8 patiexts ,1
905,COL ProviderNumber VAL 10007 COL HospitalName VAL mizell memorial hospital COL Address1 VAL 702 n main st COL Address2 VAL empty COL Address3 VAL empty COL City VAL opp COL State VAL al COL ZipCode VAL 36467 COL CountyName VAL covington COL PhoneNumber VAL 3344933541 COL HospitalType VAL acute care hospitals COL HospitalOwner VAL voluntary non-profit - private COL EmergencyService VAL no COL Condition VAL heart failure COL MeasureCode VAL hf-4 COL MeasureName VAL heart failure patients given smoking cessation advice/counseling COL Score VAL 100% COL Sample VAL 8 patients COL Stateavg VAL al_hf-4 ,COL Sample VAL 8 patients ,0
906,COL ProviderNumber VAL 10007 COL HospitalName VAL mizell memorial hospital COL Address1 VAL 702 x maix st COL Address2 VAL empty COL Address3 VAL empty COL City VAL opp COL State VAL al COL ZipCode VAL 36467 COL CountyName VAL covington COL PhoneNumber VAL 3344933541 COL HospitalType VAL acute care hospitals COL HospitalOwner VAL voluntary non-profit - private COL EmergencyService VAL no COL Condition VAL pneumonia COL MeasureCode VAL pn-3b COL MeasureName VAL pneumonia patients whose initial emergency room blood culture was performed prior to the administration of the first hospital dose of antibiotics COL Score VAL 78% COL Sample VAL 64 patients COL Stateavg VAL al_pn-3b ,COL Sample VAL 64 patientx ,1
907,COL ProviderNumber VAL 10007 COL HospitalName VAL mizell memorial hospital COL Address1 VAL 702 x maix st COL Address2 VAL empty COL Address3 VAL empty COL City VAL opp COL State VAL al COL ZipCode VAL 36467 COL CountyName VAL covington COL PhoneNumber VAL 3344933541 COL HospitalType VAL acute care hospitals COL HospitalOwner VAL voluntary non-profit - private COL EmergencyService VAL no COL Condition VAL pneumonia COL MeasureCode VAL pn-3b COL MeasureName VAL pneumonia patients whose initial emergency room blood culture was performed prior to the administration of the first hospital dose of antibiotics COL Score VAL 78% COL Sample VAL 64 patients COL Stateavg VAL al_pn-3b ,COL Sample VAL 64 patients ,0
908,COL ProviderNumber VAL 10007 COL HospitalName VAL mizell memorial hospital COL Address1 VAL 702 n main st COL Address2 VAL empty COL Address3 VAL empty COL City VAL opp COL State VAL al COL ZipCode VAL 36467 COL CountyName VAL covington COL PhoneNumber VAL 3344933541 COL HospitalType VAL acute care hospitals COL HospitalOwner VAL voluntary non-profit - private COL EmergencyService VAL no COL Condition VAL pneumonia COL MeasureCode VAL pn-4 COL MeasureName VAL pneumonia patients given smoking cessation advice/counseling COL Score VAL 100% COL Sample VAL 28 patients COL Stateavg VAL al_pn-4 ,COL Sample VAL x8 patients ,1
909,COL ProviderNumber VAL 10007 COL HospitalName VAL mizell memorial hospital COL Address1 VAL 702 n main st COL Address2 VAL empty COL Address3 VAL empty COL City VAL opp COL State VAL al COL ZipCode VAL 36467 COL CountyName VAL covington COL PhoneNumber VAL 3344933541 COL HospitalType VAL acute care hospitals COL HospitalOwner VAL voluntary non-profit - private COL EmergencyService VAL no COL Condition VAL pneumonia COL MeasureCode VAL pn-4 COL MeasureName VAL pneumonia patients given smoking cessation advice/counseling COL Score VAL 100% COL Sample VAL 28 patients COL Stateavg VAL al_pn-4 ,COL Sample VAL 28 patients ,0
910,COL ProviderNumber VAL 10007 COL HospitalName VAL mizell memorial hospital COL Address1 VAL 702 n main st COL Address2 VAL empty COL Address3 VAL empty COL City VAL opp COL State VAL al COL ZipCode VAL 36467 COL CountyName VAL covington COL PhoneNumber VAL 3344933541 COL HospitalType VAL acute care hospitals COL HospitalOwner VAL voluntary non-profit - private COL EmergencyService VAL no COL Condition VAL pneumonia COL MeasureCode VAL pnx5c COL MeasureName VAL pneumonia patients given initial antibiotic(s) within 6 hours after arrival COL Score VAL 95% COL Sample VAL 87 patients COL Stateavg VAL al_pn-5c ,COL Sample VAL 87 xatients ,1
911,COL ProviderNumber VAL 10007 COL HospitalName VAL mizell memorial hospital COL Address1 VAL 702 n main st COL Address2 VAL empty COL Address3 VAL empty COL City VAL opp COL State VAL al COL ZipCode VAL 36467 COL CountyName VAL covington COL PhoneNumber VAL 3344933541 COL HospitalType VAL acute care hospitals COL HospitalOwner VAL voluntary non-profit - private COL EmergencyService VAL no COL Condition VAL pneumonia COL MeasureCode VAL pnx5c COL MeasureName VAL pneumonia patients given initial antibiotic(s) within 6 hours after arrival COL Score VAL 95% COL Sample VAL 87 patients COL Stateavg VAL al_pn-5c ,COL Sample VAL 87 patients ,0
912,COL ProviderNumber VAL 10007 COL HospitalName VAL mizell memorial hospital COL Address1 VAL 702 n main st COL Address2 VAL empty COL Address3 VAL empty COL City VAL opp COL State VAL al COL ZipCode VAL 36467 COL CountyName VAL covington COL PhoneNumber VAL 3344933541 COL HospitalType VAL acute care hospitals COL HospitalOwner VAL voluntary non-profit - private COL EmergencyService VAL no COL Condition VAL pneumonia COL MeasureCode VAL pn-6 COL MeasureName VAL pneumonia patients given the most appropriate initial antibiotic(s) COL Score VAL 88% COL Sample VAL 57 patients COL Stateavg VAL al_pn-6 ,COL Sample VAL 57 patixnts ,1
913,COL ProviderNumber VAL 10007 COL HospitalName VAL mizell memorial hospital COL Address1 VAL 702 n main st COL Address2 VAL empty COL Address3 VAL empty COL City VAL opp COL State VAL al COL ZipCode VAL 36467 COL CountyName VAL covington COL PhoneNumber VAL 3344933541 COL HospitalType VAL acute care hospitals COL HospitalOwner VAL voluntary non-profit - private COL EmergencyService VAL no COL Condition VAL pneumonia COL MeasureCode VAL pn-6 COL MeasureName VAL pneumonia patients given the most appropriate initial antibiotic(s) COL Score VAL 88% COL Sample VAL 57 patients COL Stateavg VAL al_pn-6 ,COL Sample VAL 57 patients ,0
914,COL ProviderNumber VAL 10007 COL HospitalName VAL mizell memorial hospital COL Address1 VAL 702 n main st COL Address2 VAL empty COL Address3 VAL empty COL City VAL opp COL State VAL al COL ZipCode VAL 36467 COL CountyName VAL covington COL PhoneNumber VAL 3344933541 COL HospitalType VAL acute care hospitals COL HospitalOwner VAL voluntary non-profit - private COL EmergencyService VAL no COL Condition VAL pneumonia COL MeasureCode VAL pn-7 COL MeasureName VAL pneumonia patients assessed and given influenza vaccination COL Score VAL 90% COL Sample VAL 63 patients COL Stateavg VAL al_pn-7 ,COL Sample VAL 6x patients ,1
915,COL ProviderNumber VAL 10007 COL HospitalName VAL mizell memorial hospital COL Address1 VAL 702 n main st COL Address2 VAL empty COL Address3 VAL empty COL City VAL opp COL State VAL al COL ZipCode VAL 36467 COL CountyName VAL covington COL PhoneNumber VAL 3344933541 COL HospitalType VAL acute care hospitals COL HospitalOwner VAL voluntary non-profit - private COL EmergencyService VAL no COL Condition VAL pneumonia COL MeasureCode VAL pn-7 COL MeasureName VAL pneumonia patients assessed and given influenza vaccination COL Score VAL 90% COL Sample VAL 63 patients COL Stateavg VAL al_pn-7 ,COL Sample VAL 63 patients ,0
916,COL ProviderNumber VAL 10007 COL HospitalName VAL mizell memorial hospital COL Address1 VAL 702 n main st COL Address2 VAL empty COL Address3 VAL empty COL City VAL opp COL State VAL al COL ZipCode VAL 36467 COL CountyName VAL covington COL PhoneNumber VAL 3344933541 COL HospitalType VAL acute care hospitals COL HospitalOwner VAL voluntary non-profit - private COL EmergencyService VAL no COL Condition VAL surgical infection prevention COL MeasureCode VAL scip-card-2 COL MeasureName VAL surgery patiexts who were takixg heart drugs called beta blockers before comixg to the hospital who were kept ox the beta blockers durixg the period just before axd after their surgery COL Score VAL 91% COL Sample VAL 11 patients COL Stateavg VAL al_scip-card-2 ,COL Sample VAL 11 xatients ,1
917,COL ProviderNumber VAL 10007 COL HospitalName VAL mizell memorial hospital COL Address1 VAL 702 n main st COL Address2 VAL empty COL Address3 VAL empty COL City VAL opp COL State VAL al COL ZipCode VAL 36467 COL CountyName VAL covington COL PhoneNumber VAL 3344933541 COL HospitalType VAL acute care hospitals COL HospitalOwner VAL voluntary non-profit - private COL EmergencyService VAL no COL Condition VAL surgical infection prevention COL MeasureCode VAL scip-card-2 COL MeasureName VAL surgery patiexts who were takixg heart drugs called beta blockers before comixg to the hospital who were kept ox the beta blockers durixg the period just before axd after their surgery COL Score VAL 91% COL Sample VAL 11 patients COL Stateavg VAL al_scip-card-2 ,COL Sample VAL 11 patients ,0
918,COL ProviderNumber VAL 10007 COL HospitalName VAL mizell memorial hospital COL Address1 VAL 702 n main st COL Address2 VAL empty COL Address3 VAL empty COL City VAL opp COL State VAL al COL ZipCode VAL 36467 COL CountyName VAL covington COL PhoneNumber VAL 3344933541 COL HospitalType VAL acute care hospitals COL HospitalOwner VAL voluntary non-profit - private COL EmergencyService VAL no COL Condition VAL surgical infection prevention COL MeasureCode VAL scip-inf-1 COL MeasureName VAL surgery patients who were given an antibiotic at the right time (within one hour before surgery) to help prevent infection COL Score VAL 88% COL Sample VAL 101 patients COL Stateavg VAL al_scip-inf-1 ,COL Sample VAL x0x patients ,1
919,COL ProviderNumber VAL 10007 COL HospitalName VAL mizell memorial hospital COL Address1 VAL 702 n main st COL Address2 VAL empty COL Address3 VAL empty COL City VAL opp COL State VAL al COL ZipCode VAL 36467 COL CountyName VAL covington COL PhoneNumber VAL 3344933541 COL HospitalType VAL acute care hospitals COL HospitalOwner VAL voluntary non-profit - private COL EmergencyService VAL no COL Condition VAL surgical infection prevention COL MeasureCode VAL scip-inf-1 COL MeasureName VAL surgery patients who were given an antibiotic at the right time (within one hour before surgery) to help prevent infection COL Score VAL 88% COL Sample VAL 101 patients COL Stateavg VAL al_scip-inf-1 ,COL Sample VAL 101 patients ,0
920,COL ProviderNumber VAL 10007 COL HospitalName VAL mizell memorial hospital COL Address1 VAL 702 n main st COL Address2 VAL empty COL Address3 VAL empty COL City VAL opp COL State VAL al COL ZipCode VAL 36467 COL CountyName VAL covington COL PhoneNumber VAL 3344933541 COL HospitalType VAL acute care hospitals COL HospitalOwner VAL voluntary non-profit - private COL EmergencyService VAL no COL Condition VAL surgical infection prevention COL MeasureCode VAL scip-inf-3 COL MeasureName VAL surgery patients whose preventive antibiotics were stopped at the right time (within 24 hours after surgery) COL Score VAL 93% COL Sample VAL 100 patients COL Stateavg VAL al_scip-inf-3 ,COL Sample VAL 100 paxienxs ,1
921,COL ProviderNumber VAL 10007 COL HospitalName VAL mizell memorial hospital COL Address1 VAL 702 n main st COL Address2 VAL empty COL Address3 VAL empty COL City VAL opp COL State VAL al COL ZipCode VAL 36467 COL CountyName VAL covington COL PhoneNumber VAL 3344933541 COL HospitalType VAL acute care hospitals COL HospitalOwner VAL voluntary non-profit - private COL EmergencyService VAL no COL Condition VAL surgical infection prevention COL MeasureCode VAL scip-inf-3 COL MeasureName VAL surgery patients whose preventive antibiotics were stopped at the right time (within 24 hours after surgery) COL Score VAL 93% COL Sample VAL 100 patients COL Stateavg VAL al_scip-inf-3 ,COL Sample VAL 100 patients ,0
922,COL ProviderNumber VAL 10007 COL HospitalName VAL mizell memorial hospital COL Address1 VAL 702 n main st COL Address2 VAL empty COL Address3 VAL empty COL City VAL opp COL State VAL al COL ZipCode VAL 36467 COL CountyName VAL covington COL PhoneNumber VAL 3344933541 COL HospitalType VAL acute care hospitals COL HospitalOwner VAL voluntary non-profit - private COL EmergencyService VAL no COL Condition VAL surgical infection prevention COL MeasureCode VAL scip-inf-6 COL MeasureName VAL surgery patients needing hair removed from the surgical area before surgery who had hair removed using a safer method (electric clippers or hair removal cream c not a razor) COL Score VAL 100% COL Sample VAL 123 patients COL Stateavg VAL al_scip-inf-6 ,COL Sample VAL x23 patients ,1
923,COL ProviderNumber VAL 10007 COL HospitalName VAL mizell memorial hospital COL Address1 VAL 702 n main st COL Address2 VAL empty COL Address3 VAL empty COL City VAL opp COL State VAL al COL ZipCode VAL 36467 COL CountyName VAL covington COL PhoneNumber VAL 3344933541 COL HospitalType VAL acute care hospitals COL HospitalOwner VAL voluntary non-profit - private COL EmergencyService VAL no COL Condition VAL surgical infection prevention COL MeasureCode VAL scip-inf-6 COL MeasureName VAL surgery patients needing hair removed from the surgical area before surgery who had hair removed using a safer method (electric clippers or hair removal cream c not a razor) COL Score VAL 100% COL Sample VAL 123 patients COL Stateavg VAL al_scip-inf-6 ,COL Sample VAL 123 patients ,0
924,COL ProviderNumber VAL 10007 COL HospitalName VAL mizell memorial hospital COL Address1 VAL 702 n main st COL Address2 VAL empty COL Address3 VAL empty COL City VAL opp COL State VAL al COL ZipCode VAL 36467 COL CountyName VAL covington COL PhoneNumber VAL 3344933541 COL HospitalType VAL acute care hospitals COL HospitalOwner VAL voluntary non-profit - private COL EmergencyService VAL no COL Condition VAL surgical infection prevention COL MeasureCode VAL scip-vte-1 COL MeasureName VAL surgery patients whose doctors ordered treatments to prevent blood clots after certain types of surgeries COL Score VAL 87% COL Sample VAL 77 patients COL Stateavg VAL al_scip-vte-1 ,COL Sample VAL 77 patiexts ,1
925,COL ProviderNumber VAL 10007 COL HospitalName VAL mizell memorial hospital COL Address1 VAL 702 n main st COL Address2 VAL empty COL Address3 VAL empty COL City VAL opp COL State VAL al COL ZipCode VAL 36467 COL CountyName VAL covington COL PhoneNumber VAL 3344933541 COL HospitalType VAL acute care hospitals COL HospitalOwner VAL voluntary non-profit - private COL EmergencyService VAL no COL Condition VAL surgical infection prevention COL MeasureCode VAL scip-vte-1 COL MeasureName VAL surgery patients whose doctors ordered treatments to prevent blood clots after certain types of surgeries COL Score VAL 87% COL Sample VAL 77 patients COL Stateavg VAL al_scip-vte-1 ,COL Sample VAL 77 patients ,0
926,COL ProviderNumber VAL 10008 COL HospitalName VAL crenshaw community hospital COL Address1 VAL 101 hospital circle COL Address2 VAL empty COL Address3 VAL empty COL City VAL luverne COL State VAL al COL ZipCode VAL 36049 COL CountyName VAL crenshaw COL PhoneNumber VAL 3343353374 COL HospitalType VAL acute care hospitals COL HospitalOwner VAL government - federal COL EmergencyService VAL yes COL Condition VAL heart attack COL MeasureCode VAL axi-2 COL MeasureName VAL heart attack patients given aspirin at discharge COL Score VAL x00% COL Sample VAL 1 patients COL Stateavg VAL al_ami-2 ,COL Sample VAL 1 patxents ,1
927,COL ProviderNumber VAL 10008 COL HospitalName VAL crenshaw community hospital COL Address1 VAL 101 hospital circle COL Address2 VAL empty COL Address3 VAL empty COL City VAL luverne COL State VAL al COL ZipCode VAL 36049 COL CountyName VAL crenshaw COL PhoneNumber VAL 3343353374 COL HospitalType VAL acute care hospitals COL HospitalOwner VAL government - federal COL EmergencyService VAL yes COL Condition VAL heart attack COL MeasureCode VAL axi-2 COL MeasureName VAL heart attack patients given aspirin at discharge COL Score VAL x00% COL Sample VAL 1 patients COL Stateavg VAL al_ami-2 ,COL Sample VAL 1 patients ,0
928,COL ProviderNumber VAL 10008 COL HospitalName VAL crenshaw community hospital COL Address1 VAL 101 hospital circle COL Address2 VAL empty COL Address3 VAL empty COL City VAL luverne COL State VAL al COL ZipCode VAL 36049 COL CountyName VAL crenshaw COL PhoneNumber VAL 3343353374 COL HospitalType VAL acute care hospitals COL HospitalOwner VAL government - federal COL EmergencyService VAL yes COL Condition VAL heart failure COL MeasureCode VAL hf-1 COL MeasureName VAL heart failure patients given discharge instructions COL Score VAL 4% COL Sample VAL 26 patients COL Stateavg VAL al_hf-1 ,COL Sample VAL 26 pxtients ,1
929,COL ProviderNumber VAL 10008 COL HospitalName VAL crenshaw community hospital COL Address1 VAL 101 hospital circle COL Address2 VAL empty COL Address3 VAL empty COL City VAL luverne COL State VAL al COL ZipCode VAL 36049 COL CountyName VAL crenshaw COL PhoneNumber VAL 3343353374 COL HospitalType VAL acute care hospitals COL HospitalOwner VAL government - federal COL EmergencyService VAL yes COL Condition VAL heart failure COL MeasureCode VAL hf-1 COL MeasureName VAL heart failure patients given discharge instructions COL Score VAL 4% COL Sample VAL 26 patients COL Stateavg VAL al_hf-1 ,COL Sample VAL 26 patients ,0
930,COL ProviderNumber VAL 10008 COL HospitalName VAL crenshaw community hospital COL Address1 VAL 101 hospital circle COL Address2 VAL empty COL Address3 VAL empty COL City VAL luverne COL State VAL al COL ZipCode VAL 36049 COL CountyName VAL crenshaw COL PhoneNumber VAL 3343353374 COL HospitalType VAL acute care hospitals COL HospitalOwner VAL government - federal COL EmergencyService VAL yes COL Condition VAL heaxt failuxe COL MeasureCode VAL hf-2 COL MeasureName VAL heart failure patients given an evaluation of left ventricular systolic (lvs) function COL Score VAL 72% COL Sample VAL 39 patients COL Stateavg VAL al_hf-2 ,COL Sample VAL 39 pxtients ,1
931,COL ProviderNumber VAL 10008 COL HospitalName VAL crenshaw community hospital COL Address1 VAL 101 hospital circle COL Address2 VAL empty COL Address3 VAL empty COL City VAL luverne COL State VAL al COL ZipCode VAL 36049 COL CountyName VAL crenshaw COL PhoneNumber VAL 3343353374 COL HospitalType VAL acute care hospitals COL HospitalOwner VAL government - federal COL EmergencyService VAL yes COL Condition VAL heaxt failuxe COL MeasureCode VAL hf-2 COL MeasureName VAL heart failure patients given an evaluation of left ventricular systolic (lvs) function COL Score VAL 72% COL Sample VAL 39 patients COL Stateavg VAL al_hf-2 ,COL Sample VAL 39 patients ,0
932,COL ProviderNumber VAL 10008 COL HospitalName VAL crenshaw community hospital COL Address1 VAL 101 hospital circle COL Address2 VAL empty COL Address3 VAL empty COL City VAL luverne COL State VAL al COL ZipCode VAL 36049 COL CountyName VAL crenshaw COL PhoneNumber VAL 3343353374 COL HospitalType VAL acute care hospitals COL HospitalOwner VAL government - federal COL EmergencyService VAL yes COL Condition VAL pneumonia COL MeasureCode VAL pn-2 COL MeasureName VAL pneumonia patients assessed and given pneumococcal vaccination COL Score VAL 25% COL Sample VAL 16 patients COL Stateavg VAL al_pn-2 ,COL Sample VAL 16 paxienxs ,1
933,COL ProviderNumber VAL 10008 COL HospitalName VAL crenshaw community hospital COL Address1 VAL 101 hospital circle COL Address2 VAL empty COL Address3 VAL empty COL City VAL luverne COL State VAL al COL ZipCode VAL 36049 COL CountyName VAL crenshaw COL PhoneNumber VAL 3343353374 COL HospitalType VAL acute care hospitals COL HospitalOwner VAL government - federal COL EmergencyService VAL yes COL Condition VAL pneumonia COL MeasureCode VAL pn-2 COL MeasureName VAL pneumonia patients assessed and given pneumococcal vaccination COL Score VAL 25% COL Sample VAL 16 patients COL Stateavg VAL al_pn-2 ,COL Sample VAL 16 patients ,0
934,COL ProviderNumber VAL 10008 COL HospitalName VAL crenshaw cxmmunity hxspital COL Address1 VAL 101 hospital circle COL Address2 VAL empty COL Address3 VAL empty COL City VAL luverne COL State VAL al COL ZipCode VAL 36049 COL CountyName VAL crenshaw COL PhoneNumber VAL 3343353374 COL HospitalType VAL acute care hospitals COL HospitalOwner VAL government - federal COL EmergencyService VAL yes COL Condition VAL pneumonia COL MeasureCode VAL pn-3b COL MeasureName VAL pneumonia patients whose initial emergency room blood culture was performed prior to the administration of the first hospital dose of antibiotics COL Score VAL 93% COL Sample VAL 15 patients COL Stateavg VAL al_pn-3b ,COL Sample VAL 15 patxents ,1
935,COL ProviderNumber VAL 10008 COL HospitalName VAL crenshaw cxmmunity hxspital COL Address1 VAL 101 hospital circle COL Address2 VAL empty COL Address3 VAL empty COL City VAL luverne COL State VAL al COL ZipCode VAL 36049 COL CountyName VAL crenshaw COL PhoneNumber VAL 3343353374 COL HospitalType VAL acute care hospitals COL HospitalOwner VAL government - federal COL EmergencyService VAL yes COL Condition VAL pneumonia COL MeasureCode VAL pn-3b COL MeasureName VAL pneumonia patients whose initial emergency room blood culture was performed prior to the administration of the first hospital dose of antibiotics COL Score VAL 93% COL Sample VAL 15 patients COL Stateavg VAL al_pn-3b ,COL Sample VAL 15 patients ,0
936,COL ProviderNumber VAL 10008 COL HospitalName VAL crenshaw community hospital COL Address1 VAL 101 hospital circle COL Address2 VAL empty COL Address3 VAL empty COL City VAL luverne COL State VAL al COL ZipCode VAL 36049 COL CountyName VAL crenshaw COL PhoneNumber VAL 3343353374 COL HospitalType VAL acute care hospitals COL HospitalOwner VAL government - federal COL EmergencyService VAL yes COL Condition VAL pneumonia COL MeasureCode VAL pn-4 COL MeasureName VAL pneumonia patients given smoking cessation advice/counseling COL Score VAL 33% COL Sample VAL 9 patients COL Stateavg VAL al_pn-4 ,COL Sample VAL 9 patxents ,1
937,COL ProviderNumber VAL 10008 COL HospitalName VAL crenshaw community hospital COL Address1 VAL 101 hospital circle COL Address2 VAL empty COL Address3 VAL empty COL City VAL luverne COL State VAL al COL ZipCode VAL 36049 COL CountyName VAL crenshaw COL PhoneNumber VAL 3343353374 COL HospitalType VAL acute care hospitals COL HospitalOwner VAL government - federal COL EmergencyService VAL yes COL Condition VAL pneumonia COL MeasureCode VAL pn-4 COL MeasureName VAL pneumonia patients given smoking cessation advice/counseling COL Score VAL 33% COL Sample VAL 9 patients COL Stateavg VAL al_pn-4 ,COL Sample VAL 9 patients ,0
938,COL ProviderNumber VAL 10008 COL HospitalName VAL crenshaw community hospital COL Address1 VAL 101 hospital circle COL Address2 VAL empty COL Address3 VAL empty COL City VAL luverne COL State VAL al COL ZipCode VAL 36049 COL CountyName VAL crenshaw COL PhoneNumber VAL 3343353374 COL HospitalType VAL acute care hospitals COL HospitalOwner VAL government - federal COL EmergencyService VAL yes COL Condition VAL pneumonia COL MeasureCode VAL pn-6 COL MeasureName VAL pneumonia patients given the most appropriate initial antibiotic(s) COL Score VAL 62% COL Sample VAL 21 patients COL Stateavg VAL al_pn-6 ,COL Sample VAL x1 patients ,1
939,COL ProviderNumber VAL 10008 COL HospitalName VAL crenshaw community hospital COL Address1 VAL 101 hospital circle COL Address2 VAL empty COL Address3 VAL empty COL City VAL luverne COL State VAL al COL ZipCode VAL 36049 COL CountyName VAL crenshaw COL PhoneNumber VAL 3343353374 COL HospitalType VAL acute care hospitals COL HospitalOwner VAL government - federal COL EmergencyService VAL yes COL Condition VAL pneumonia COL MeasureCode VAL pn-6 COL MeasureName VAL pneumonia patients given the most appropriate initial antibiotic(s) COL Score VAL 62% COL Sample VAL 21 patients COL Stateavg VAL al_pn-6 ,COL Sample VAL 21 patients ,0
940,COL ProviderNumber VAL 10009 COL HospitalName VAL hartselle medical center COL Address1 VAL 201 pine street northwest COL Address2 VAL empty COL Address3 VAL empty COL City VAL hartselle COL State VAL al COL ZipCode VAL 35640 COL CountyName VAL morgan COL PhoneNumber VAL 2567736511 COL HospitalType VAL acute care hospitals COL HospitalOwner VAL proprietary COL EmergencyService VAL yes COL Condition VAL heart attack COL MeasureCode VAL ami-1 COL MeasureName VAL heart attack patients given aspirin at arrival COL Score VAL 100% COL Sample VAL 6 patients COL Stateavg VAL al_ami-1 ,COL Sample VAL 6 xatients ,1
941,COL ProviderNumber VAL 10009 COL HospitalName VAL hartselle medical center COL Address1 VAL 201 pine street northwest COL Address2 VAL empty COL Address3 VAL empty COL City VAL hartselle COL State VAL al COL ZipCode VAL 35640 COL CountyName VAL morgan COL PhoneNumber VAL 2567736511 COL HospitalType VAL acute care hospitals COL HospitalOwner VAL proprietary COL EmergencyService VAL yes COL Condition VAL heart attack COL MeasureCode VAL ami-1 COL MeasureName VAL heart attack patients given aspirin at arrival COL Score VAL 100% COL Sample VAL 6 patients COL Stateavg VAL al_ami-1 ,COL Sample VAL 6 patients ,0
942,COL ProviderNumber VAL 10009 COL HospitalName VAL hartselle medical center COL Address1 VAL 201 pine street northwest COL Address2 VAL empty COL Address3 VAL empty COL City VAL hartselle COL State VAL al COL ZipCode VAL 35640 COL CountyName VAL morgan COL PhoneNumber VAL 2567736511 COL HospitalType VAL acute care hospitals COL HospitalOwner VAL proprietary COL EmergencyService VAL yes COL Condition VAL heart attack COL MeasureCode VAL ami-5 COL MeasureName VAL heart attack patients given beta blocker at discharge COL Score VAL 100% COL Sample VAL 3 patients COL Stateavg VAL al_ami-5 ,COL Sample VAL 3 patixnts ,1
943,COL ProviderNumber VAL 10009 COL HospitalName VAL hartselle medical center COL Address1 VAL 201 pine street northwest COL Address2 VAL empty COL Address3 VAL empty COL City VAL hartselle COL State VAL al COL ZipCode VAL 35640 COL CountyName VAL morgan COL PhoneNumber VAL 2567736511 COL HospitalType VAL acute care hospitals COL HospitalOwner VAL proprietary COL EmergencyService VAL yes COL Condition VAL heart attack COL MeasureCode VAL ami-5 COL MeasureName VAL heart attack patients given beta blocker at discharge COL Score VAL 100% COL Sample VAL 3 patients COL Stateavg VAL al_ami-5 ,COL Sample VAL 3 patients ,0
944,COL ProviderNumber VAL 10009 COL HospitalName VAL hartselle medical center COL Address1 VAL 201 pine street northwest COL Address2 VAL empty COL Address3 VAL empty COL City VAL hartselle COL State VAL al COL ZipCode VAL 35640 COL CountyName VAL morgan COL PhoneNumber VAL 2567736511 COL HospitalType VAL acute care hospitals COL HospitalOwner VAL proprietary COL EmergencyService VAL yes COL Condition VAL heart failure COL MeasureCode VAL hf-1 COL MeasureName VAL heart failure patients given discharge instructions COL Score VAL 97% COL Sample VAL 35 patients COL Stateavg VAL al_hf-1 ,COL Sample VAL 35 paxienxs ,1
945,COL ProviderNumber VAL 10009 COL HospitalName VAL hartselle medical center COL Address1 VAL 201 pine street northwest COL Address2 VAL empty COL Address3 VAL empty COL City VAL hartselle COL State VAL al COL ZipCode VAL 35640 COL CountyName VAL morgan COL PhoneNumber VAL 2567736511 COL HospitalType VAL acute care hospitals COL HospitalOwner VAL proprietary COL EmergencyService VAL yes COL Condition VAL heart failure COL MeasureCode VAL hf-1 COL MeasureName VAL heart failure patients given discharge instructions COL Score VAL 97% COL Sample VAL 35 patients COL Stateavg VAL al_hf-1 ,COL Sample VAL 35 patients ,0
946,COL ProviderNumber VAL 10009 COL HospitalName VAL hartselle medical center COL Address1 VAL 201 pine street northwest COL Address2 VAL empty COL Address3 VAL empty COL City VAL hartselle COL State VAL al COL ZipCode VAL 35640 COL CountyName VAL morgan COL PhoneNumber VAL 2567736511 COL HospitalType VAL acute care hospitals COL HospitalOwner VAL proprietary COL EmergencyService VAL yes COL Condition VAL heart failure COL MeasureCode VAL hf-2 COL MeasureName VAL heart failure patients given an evaluation of left ventricular systolic (lvs) function COL Score VAL 98% COL Sample VAL 42 patients COL Stateavg VAL al_hf-2 ,COL Sample VAL 42 patiexts ,1
947,COL ProviderNumber VAL 10009 COL HospitalName VAL hartselle medical center COL Address1 VAL 201 pine street northwest COL Address2 VAL empty COL Address3 VAL empty COL City VAL hartselle COL State VAL al COL ZipCode VAL 35640 COL CountyName VAL morgan COL PhoneNumber VAL 2567736511 COL HospitalType VAL acute care hospitals COL HospitalOwner VAL proprietary COL EmergencyService VAL yes COL Condition VAL heart failure COL MeasureCode VAL hf-2 COL MeasureName VAL heart failure patients given an evaluation of left ventricular systolic (lvs) function COL Score VAL 98% COL Sample VAL 42 patients COL Stateavg VAL al_hf-2 ,COL Sample VAL 42 patients ,0
948,COL ProviderNumber VAL 10009 COL HospitalName VAL hartselle medical center COL Address1 VAL 201 pine street northwest COL Address2 VAL empty COL Address3 VAL empty COL City VAL hartselle COL State VAL al COL ZipCode VAL 35640 COL CountyName VAL morgan COL PhoneNumber VAL 2567736511 COL HospitalType VAL acute care hospitals COL HospitalOwner VAL proprietary COL EmergencyService VAL yes COL Condition VAL heart failure COL MeasureCode VAL hf-3 COL MeasureName VAL heart failure patients given ace inhibitor or arb for left ventricular systolic dysfunction (lvsd) COL Score VAL 100% COL Sample VAL 10 patients COL Stateavg VAL al_hf-3 ,COL Sample VAL 10 paxienxs ,1
949,COL ProviderNumber VAL 10009 COL HospitalName VAL hartselle medical center COL Address1 VAL 201 pine street northwest COL Address2 VAL empty COL Address3 VAL empty COL City VAL hartselle COL State VAL al COL ZipCode VAL 35640 COL CountyName VAL morgan COL PhoneNumber VAL 2567736511 COL HospitalType VAL acute care hospitals COL HospitalOwner VAL proprietary COL EmergencyService VAL yes COL Condition VAL heart failure COL MeasureCode VAL hf-3 COL MeasureName VAL heart failure patients given ace inhibitor or arb for left ventricular systolic dysfunction (lvsd) COL Score VAL 100% COL Sample VAL 10 patients COL Stateavg VAL al_hf-3 ,COL Sample VAL 10 patients ,0
950,COL ProviderNumber VAL 10009 COL HospitalName VAL hartselle medical center COL Address1 VAL 201 pine street northwest COL Address2 VAL empty COL Address3 VAL empty COL City VAL hartselle COL State VAL al COL ZipCode VAL 35640 COL CountyName VAL morgan COL PhoneNumber VAL 2567736511 COL HospitalType VAL acute care hospitals COL HospitalOwner VAL proprietary COL EmergencyService VAL yes COL Condition VAL heart failure COL MeasureCode VAL hf-4 COL MeasureName VAL heart failure patients given smoking cessation advice/counseling COL Score VAL 100% COL Sample VAL 12 patients COL Stateavg VAL al_hf-4 ,COL Sample VAL 12 paxienxs ,1
951,COL ProviderNumber VAL 10009 COL HospitalName VAL hartselle medical center COL Address1 VAL 201 pine street northwest COL Address2 VAL empty COL Address3 VAL empty COL City VAL hartselle COL State VAL al COL ZipCode VAL 35640 COL CountyName VAL morgan COL PhoneNumber VAL 2567736511 COL HospitalType VAL acute care hospitals COL HospitalOwner VAL proprietary COL EmergencyService VAL yes COL Condition VAL heart failure COL MeasureCode VAL hf-4 COL MeasureName VAL heart failure patients given smoking cessation advice/counseling COL Score VAL 100% COL Sample VAL 12 patients COL Stateavg VAL al_hf-4 ,COL Sample VAL 12 patients ,0
952,COL ProviderNumber VAL 10009 COL HospitalName VAL hartselle medical center COL Address1 VAL 201 pine street northwest COL Address2 VAL empty COL Address3 VAL empty COL City VAL hartselle COL State VAL al COL ZipCode VAL 35640 COL CountyName VAL morgan COL PhoneNumber VAL 2567736511 COL HospitalType VAL acute care hospitals COL HospitalOwner VAL proprietary COL EmergencyService VAL yes COL Condition VAL pneumonia COL MeasureCode VAL pn-2 COL MeasureName VAL pneumonia patients assessed and given pneumococcal vaccination COL Score VAL 98% COL Sample VAL 44 patients COL Stateavg VAL al_pn-2 ,COL Sample VAL 44 xatients ,1
953,COL ProviderNumber VAL 10009 COL HospitalName VAL hartselle medical center COL Address1 VAL 201 pine street northwest COL Address2 VAL empty COL Address3 VAL empty COL City VAL hartselle COL State VAL al COL ZipCode VAL 35640 COL CountyName VAL morgan COL PhoneNumber VAL 2567736511 COL HospitalType VAL acute care hospitals COL HospitalOwner VAL proprietary COL EmergencyService VAL yes COL Condition VAL pneumonia COL MeasureCode VAL pn-2 COL MeasureName VAL pneumonia patients assessed and given pneumococcal vaccination COL Score VAL 98% COL Sample VAL 44 patients COL Stateavg VAL al_pn-2 ,COL Sample VAL 44 patients ,0
954,COL ProviderNumber VAL 10009 COL HospitalName VAL hartselle medical center COL Address1 VAL 201 pine street northwest COL Address2 VAL empty COL Address3 VAL empty COL City VAL hartselle COL State VAL al COL ZipCode VAL 35640 COL CountyName VAL morgan COL PhoneNumber VAL 2567736511 COL HospitalType VAL acute care hospitals COL HospitalOwner VAL proprietary COL EmergencyService VAL yes COL Condition VAL pneumonia COL MeasureCode VAL pn-3b COL MeasureName VAL pneumonia patients whose initial emergency room blood culture was performed prior to the administration of the first hospital dose of antibiotics COL Score VAL 100% COL Sample VAL 30 patients COL Stateavg VAL al_pn-3b ,COL Sample VAL 30 pxtients ,1
955,COL ProviderNumber VAL 10009 COL HospitalName VAL hartselle medical center COL Address1 VAL 201 pine street northwest COL Address2 VAL empty COL Address3 VAL empty COL City VAL hartselle COL State VAL al COL ZipCode VAL 35640 COL CountyName VAL morgan COL PhoneNumber VAL 2567736511 COL HospitalType VAL acute care hospitals COL HospitalOwner VAL proprietary COL EmergencyService VAL yes COL Condition VAL pneumonia COL MeasureCode VAL pn-3b COL MeasureName VAL pneumonia patients whose initial emergency room blood culture was performed prior to the administration of the first hospital dose of antibiotics COL Score VAL 100% COL Sample VAL 30 patients COL Stateavg VAL al_pn-3b ,COL Sample VAL 30 patients ,0
956,COL ProviderNumber VAL 10009 COL HospitalName VAL hartselle medical center COL Address1 VAL 201 pine street northwest COL Address2 VAL empty COL Address3 VAL empty COL City VAL hartselle COL State VAL al COL ZipCode VAL 3x640 COL CountyName VAL morgan COL PhoneNumber VAL 2567736511 COL HospitalType VAL acute care hospitals COL HospitalOwner VAL pxopxietaxy COL EmergencyService VAL yxs COL Condition VAL pneumonia COL MeasureCode VAL pn-4 COL MeasureName VAL pneumonia patients given smoking cessation advice/counseling COL Score VAL 100% COL Sample VAL 25 patients COL Stateavg VAL al_pn-4 ,COL Sample VAL 25 patiexts ,1
957,COL ProviderNumber VAL 10009 COL HospitalName VAL hartselle medical center COL Address1 VAL 201 pine street northwest COL Address2 VAL empty COL Address3 VAL empty COL City VAL hartselle COL State VAL al COL ZipCode VAL 3x640 COL CountyName VAL morgan COL PhoneNumber VAL 2567736511 COL HospitalType VAL acute care hospitals COL HospitalOwner VAL pxopxietaxy COL EmergencyService VAL yxs COL Condition VAL pneumonia COL MeasureCode VAL pn-4 COL MeasureName VAL pneumonia patients given smoking cessation advice/counseling COL Score VAL 100% COL Sample VAL 25 patients COL Stateavg VAL al_pn-4 ,COL Sample VAL 25 patients ,0
958,COL ProviderNumber VAL 10009 COL HospitalName VAL hartselle medical center COL Address1 VAL 201 pine street northwest COL Address2 VAL empty COL Address3 VAL empty COL City VAL hartselle COL State VAL al COL ZipCode VAL 35640 COL CountyName VAL morgan COL PhoneNumber VAL 2567736511 COL HospitalType VAL acute care hospitals COL HospitalOwner VAL proprietary COL EmergencyService VAL yes COL Condition VAL pneumonia COL MeasureCode VAL pn-5c COL MeasureName VAL pneumonia patients given initial antibiotic(s) within 6 hours after arrival COL Score VAL 9x% COL Sample VAL 51 patients COL Stateavg VAL al_pn-5c ,COL Sample VAL x1 patients ,1
959,COL ProviderNumber VAL 10009 COL HospitalName VAL hartselle medical center COL Address1 VAL 201 pine street northwest COL Address2 VAL empty COL Address3 VAL empty COL City VAL hartselle COL State VAL al COL ZipCode VAL 35640 COL CountyName VAL morgan COL PhoneNumber VAL 2567736511 COL HospitalType VAL acute care hospitals COL HospitalOwner VAL proprietary COL EmergencyService VAL yes COL Condition VAL pneumonia COL MeasureCode VAL pn-5c COL MeasureName VAL pneumonia patients given initial antibiotic(s) within 6 hours after arrival COL Score VAL 9x% COL Sample VAL 51 patients COL Stateavg VAL al_pn-5c ,COL Sample VAL 51 patients ,0
960,COL ProviderNumber VAL 10009 COL HospitalName VAL hartselle medical center COL Address1 VAL 201 pine street northwest COL Address2 VAL empty COL Address3 VAL empty COL City VAL hartselle COL State VAL al COL ZipCode VAL 35640 COL CountyName VAL morgan COL PhoneNumber VAL 2567736511 COL HospitalType VAL acute care hospitals COL HospitalOwner VAL proxrietary COL EmergencyService VAL yes COL Condition VAL pneumonia COL MeasureCode VAL pn-6 COL MeasureName VAL pneumonia patients given the most appropriate initial antibiotic(s) COL Score VAL 100% COL Sample VAL 45 patients COL Stateavg VAL al_pn-6 ,COL Sample VAL 45 xatients ,1
961,COL ProviderNumber VAL 10009 COL HospitalName VAL hartselle medical center COL Address1 VAL 201 pine street northwest COL Address2 VAL empty COL Address3 VAL empty COL City VAL hartselle COL State VAL al COL ZipCode VAL 35640 COL CountyName VAL morgan COL PhoneNumber VAL 2567736511 COL HospitalType VAL acute care hospitals COL HospitalOwner VAL proxrietary COL EmergencyService VAL yes COL Condition VAL pneumonia COL MeasureCode VAL pn-6 COL MeasureName VAL pneumonia patients given the most appropriate initial antibiotic(s) COL Score VAL 100% COL Sample VAL 45 patients COL Stateavg VAL al_pn-6 ,COL Sample VAL 45 patients ,0
962,COL ProviderNumber VAL 10009 COL HospitalName VAL hartselle medical center COL Address1 VAL 201 pine street northwest COL Address2 VAL empty COL Address3 VAL empty COL City VAL hartselle COL State VAL al COL ZipCode VAL 35640 COL CountyName VAL morgan COL PhoneNumber VAL 2567736511 COL HospitalType VAL acute care hospitals COL HospitalOwner VAL proprietary COL EmergencyService VAL yes COL Condition VAL surgical infection prevention COL MeasureCode VAL scip-inf-2 COL MeasureName VAL surgery patients who were given the  right kind  of antibiotic to help prevent infection COL Score VAL x7% COL Sample VAL 7 patients COL Stateavg VAL al_scip-inf-2 ,COL Sample VAL x patients ,1
963,COL ProviderNumber VAL 10009 COL HospitalName VAL hartselle medical center COL Address1 VAL 201 pine street northwest COL Address2 VAL empty COL Address3 VAL empty COL City VAL hartselle COL State VAL al COL ZipCode VAL 35640 COL CountyName VAL morgan COL PhoneNumber VAL 2567736511 COL HospitalType VAL acute care hospitals COL HospitalOwner VAL proprietary COL EmergencyService VAL yes COL Condition VAL surgical infection prevention COL MeasureCode VAL scip-inf-2 COL MeasureName VAL surgery patients who were given the  right kind  of antibiotic to help prevent infection COL Score VAL x7% COL Sample VAL 7 patients COL Stateavg VAL al_scip-inf-2 ,COL Sample VAL 7 patients ,0
964,COL ProviderNumber VAL 10010 COL HospitalName VAL marshall medical center north COL Address1 VAL 8000 alabama highway 69 COL Address2 VAL empty COL Address3 VAL empty COL City VAL guntersville COL State VAL al COL ZipCode VAL 35976 COL CountyName VAL marshall COL PhoneNumber VAL 2565718000 COL HospitalType VAL acute care hospitals COL HospitalOwner VAL government - hospital district or authority COL EmergencyService VAL yes COL Condition VAL heart failure COL MeasureCode VAL hf-1 COL MeasureName VAL heart failure patients given discharge instructions COL Score VAL 93% COL Sample VAL 55 patients COL Stateavg VAL al_hf-1 ,COL Sample VAL xx patients ,1
965,COL ProviderNumber VAL 10010 COL HospitalName VAL marshall medical center north COL Address1 VAL 8000 alabama highway 69 COL Address2 VAL empty COL Address3 VAL empty COL City VAL guntersville COL State VAL al COL ZipCode VAL 35976 COL CountyName VAL marshall COL PhoneNumber VAL 2565718000 COL HospitalType VAL acute care hospitals COL HospitalOwner VAL government - hospital district or authority COL EmergencyService VAL yes COL Condition VAL heart failure COL MeasureCode VAL hf-1 COL MeasureName VAL heart failure patients given discharge instructions COL Score VAL 93% COL Sample VAL 55 patients COL Stateavg VAL al_hf-1 ,COL Sample VAL 55 patients ,0
966,COL ProviderNumber VAL 10010 COL HospitalName VAL marshall medical center north COL Address1 VAL 8000 alabama highway 69 COL Address2 VAL empty COL Address3 VAL empty COL City VAL guntersville COL State VAL al COL ZipCode VAL 35976 COL CountyName VAL marshall COL PhoneNumber VAL 2565718000 COL HospitalType VAL acute care hospitals COL HospitalOwner VAL government - hospital district or authority COL EmergencyService VAL yes COL Condition VAL heart failure COL MeasureCode VAL hf-x COL MeasureName VAL heart failure patients given an evaluation of left ventricular systolic (lvs) function COL Score VAL 84% COL Sample VAL 80 patients COL Stateavg VAL al_hf-2 ,COL Sample VAL 80 pxtients ,1
967,COL ProviderNumber VAL 10010 COL HospitalName VAL marshall medical center north COL Address1 VAL 8000 alabama highway 69 COL Address2 VAL empty COL Address3 VAL empty COL City VAL guntersville COL State VAL al COL ZipCode VAL 35976 COL CountyName VAL marshall COL PhoneNumber VAL 2565718000 COL HospitalType VAL acute care hospitals COL HospitalOwner VAL government - hospital district or authority COL EmergencyService VAL yes COL Condition VAL heart failure COL MeasureCode VAL hf-x COL MeasureName VAL heart failure patients given an evaluation of left ventricular systolic (lvs) function COL Score VAL 84% COL Sample VAL 80 patients COL Stateavg VAL al_hf-2 ,COL Sample VAL 80 patients ,0
968,COL ProviderNumber VAL 10010 COL HospitalName VAL marshall medical center north COL Address1 VAL 8000 alabama highway 69 COL Address2 VAL empty COL Address3 VAL empty COL City VAL guntersville COL State VAL al COL ZipCode VAL 35976 COL CountyName VAL marshall COL PhoneNumber VAL 2565718000 COL HospitalType VAL acute care hospitals COL HospitalOwner VAL government - hospital district or authority COL EmergencyService VAL yes COL Condition VAL heart failure COL MeasureCode VAL hf-3 COL MeasureName VAL heart failure patients given ace inhibitor or arb for left ventricular systolic dysfunction (lvsd) COL Score VAL 78% COL Sample VAL 27 patients COL Stateavg VAL al_hf-3 ,COL Sample VAL 27 pxtients ,1
969,COL ProviderNumber VAL 10010 COL HospitalName VAL marshall medical center north COL Address1 VAL 8000 alabama highway 69 COL Address2 VAL empty COL Address3 VAL empty COL City VAL guntersville COL State VAL al COL ZipCode VAL 35976 COL CountyName VAL marshall COL PhoneNumber VAL 2565718000 COL HospitalType VAL acute care hospitals COL HospitalOwner VAL government - hospital district or authority COL EmergencyService VAL yes COL Condition VAL heart failure COL MeasureCode VAL hf-3 COL MeasureName VAL heart failure patients given ace inhibitor or arb for left ventricular systolic dysfunction (lvsd) COL Score VAL 78% COL Sample VAL 27 patients COL Stateavg VAL al_hf-3 ,COL Sample VAL 27 patients ,0
970,COL ProviderNumber VAL 10010 COL HospitalName VAL marshall medical center north COL Address1 VAL 8000 alabama highway 69 COL Address2 VAL empty COL Address3 VAL empty COL City VAL guntxrsvillx COL State VAL al COL ZipCode VAL 35976 COL CountyName VAL marshall COL PhoneNumber VAL 2565718000 COL HospitalType VAL acute care hospitals COL HospitalOwner VAL government - hospital district or authority COL EmergencyService VAL yes COL Condition VAL pneumonia COL MeasureCode VAL pn-2 COL MeasureName VAL pneumonia patients assessed and given pneumococcal vaccination COL Score VAL 87% COL Sample VAL 128 patients COL Stateavg VAL al_pn-2 ,COL Sample VAL 128 patiexts ,1
971,COL ProviderNumber VAL 10010 COL HospitalName VAL marshall medical center north COL Address1 VAL 8000 alabama highway 69 COL Address2 VAL empty COL Address3 VAL empty COL City VAL guntxrsvillx COL State VAL al COL ZipCode VAL 35976 COL CountyName VAL marshall COL PhoneNumber VAL 2565718000 COL HospitalType VAL acute care hospitals COL HospitalOwner VAL government - hospital district or authority COL EmergencyService VAL yes COL Condition VAL pneumonia COL MeasureCode VAL pn-2 COL MeasureName VAL pneumonia patients assessed and given pneumococcal vaccination COL Score VAL 87% COL Sample VAL 128 patients COL Stateavg VAL al_pn-2 ,COL Sample VAL 128 patients ,0
972,COL ProviderNumber VAL 10010 COL HospitalName VAL marshall medical center north COL Address1 VAL 8000 alabama highway 69 COL Address2 VAL empty COL Address3 VAL empty COL City VAL guntersville COL State VAL al COL ZipCode VAL 35976 COL CountyName VAL marshall COL PhoneNumber VAL 2565718000 COL HospitalType VAL acute care hospitals COL HospitalOwner VAL government - hospital district or authority COL EmergencyService VAL yes COL Condition VAL pneumonia COL MeasureCode VAL pn-3b COL MeasureName VAL pneumonia patients whose initial emergency room blood culture was performed prior to the administration of the first hospital dose of antibiotics COL Score VAL 94% COL Sample VAL 115 patients COL Stateavg VAL al_pn-3b ,COL Sample VAL 11x patients ,1
973,COL ProviderNumber VAL 10010 COL HospitalName VAL marshall medical center north COL Address1 VAL 8000 alabama highway 69 COL Address2 VAL empty COL Address3 VAL empty COL City VAL guntersville COL State VAL al COL ZipCode VAL 35976 COL CountyName VAL marshall COL PhoneNumber VAL 2565718000 COL HospitalType VAL acute care hospitals COL HospitalOwner VAL government - hospital district or authority COL EmergencyService VAL yes COL Condition VAL pneumonia COL MeasureCode VAL pn-3b COL MeasureName VAL pneumonia patients whose initial emergency room blood culture was performed prior to the administration of the first hospital dose of antibiotics COL Score VAL 94% COL Sample VAL 115 patients COL Stateavg VAL al_pn-3b ,COL Sample VAL 115 patients ,0
974,COL ProviderNumber VAL 10010 COL HospitalName VAL marshall medical center north COL Address1 VAL 8000 alabama highway 69 COL Address2 VAL empty COL Address3 VAL empty COL City VAL guntersville COL State VAL al COL ZipCode VAL 35976 COL CountyName VAL marshall COL PhoneNumber VAL 2565718000 COL HospitalType VAL acute care hospitals COL HospitalOwner VAL government - hospital district or authority COL EmergencyService VAL yes COL Condition VAL pneumonia COL MeasureCode VAL pn-6 COL MeasureName VAL pneumonia patients given the most appropriate initial antibiotic(s) COL Score VAL 93% COL Sample VAL 133 patients COL Stateavg VAL al_pn-6 ,COL Sample VAL 133xpatients ,1
975,COL ProviderNumber VAL 10010 COL HospitalName VAL marshall medical center north COL Address1 VAL 8000 alabama highway 69 COL Address2 VAL empty COL Address3 VAL empty COL City VAL guntersville COL State VAL al COL ZipCode VAL 35976 COL CountyName VAL marshall COL PhoneNumber VAL 2565718000 COL HospitalType VAL acute care hospitals COL HospitalOwner VAL government - hospital district or authority COL EmergencyService VAL yes COL Condition VAL pneumonia COL MeasureCode VAL pn-6 COL MeasureName VAL pneumonia patients given the most appropriate initial antibiotic(s) COL Score VAL 93% COL Sample VAL 133 patients COL Stateavg VAL al_pn-6 ,COL Sample VAL 133 patients ,0
976,COL ProviderNumber VAL 10010 COL HospitalName VAL marshall medical center north COL Address1 VAL 8000 alabama highway 69 COL Address2 VAL empty COL Address3 VAL empty COL City VAL guntersville COL State VAL al COL ZipCode VAL 35976 COL CountyName VAL marshall COL PhoneNumber VAL 2565718000 COL HospitalType VAL acute care hospitals COL HospitalOwner VAL government - hospital district or authority COL EmergencyService VAL yes COL Condition VAL surgical infection prevention COL MeasureCode VAL scip-inf-1 COL MeasureName VAL surgery patients who were given an antibiotic at the right time (within one hour before surgery) to help prevent infection COL Score VAL 95x COL Sample VAL 66 patients COL Stateavg VAL al_scip-inf-1 ,COL Sample VAL 66 patixnts ,1
977,COL ProviderNumber VAL 10010 COL HospitalName VAL marshall medical center north COL Address1 VAL 8000 alabama highway 69 COL Address2 VAL empty COL Address3 VAL empty COL City VAL guntersville COL State VAL al COL ZipCode VAL 35976 COL CountyName VAL marshall COL PhoneNumber VAL 2565718000 COL HospitalType VAL acute care hospitals COL HospitalOwner VAL government - hospital district or authority COL EmergencyService VAL yes COL Condition VAL surgical infection prevention COL MeasureCode VAL scip-inf-1 COL MeasureName VAL surgery patients who were given an antibiotic at the right time (within one hour before surgery) to help prevent infection COL Score VAL 95x COL Sample VAL 66 patients COL Stateavg VAL al_scip-inf-1 ,COL Sample VAL 66 patients ,0
978,COL ProviderNumber VAL 10010 COL HospitalName VAL marshall medical center north COL Address1 VAL 8000 alabama highway 69 COL Address2 VAL empty COL Address3 VAL empty COL City VAL guntersville COL State VAL al COL ZipCode VAL 35976 COL CountyName VAL marshall COL PhoneNumber VAL 2565718000 COL HospitalType VAL acute care hospitals COL HospitalOwner VAL government - hospital district or authority COL EmergencyService VAL yes COL Condition VAL surgical infection prevention COL MeasureCode VAL scip-inf-6 COL MeasureName VAL surgery patients needing hair removed from the surgical area before surgery who had hair removed using a safer method (electric clippers or hair removal cream c not a razor) COL Score VAL 100% COL Sample VAL 155 patients COL Stateavg VAL al_scip-inf-6 ,COL Sample VAL 1xx patients ,1
979,COL ProviderNumber VAL 10010 COL HospitalName VAL marshall medical center north COL Address1 VAL 8000 alabama highway 69 COL Address2 VAL empty COL Address3 VAL empty COL City VAL guntersville COL State VAL al COL ZipCode VAL 35976 COL CountyName VAL marshall COL PhoneNumber VAL 2565718000 COL HospitalType VAL acute care hospitals COL HospitalOwner VAL government - hospital district or authority COL EmergencyService VAL yes COL Condition VAL surgical infection prevention COL MeasureCode VAL scip-inf-6 COL MeasureName VAL surgery patients needing hair removed from the surgical area before surgery who had hair removed using a safer method (electric clippers or hair removal cream c not a razor) COL Score VAL 100% COL Sample VAL 155 patients COL Stateavg VAL al_scip-inf-6 ,COL Sample VAL 155 patients ,0
980,COL ProviderNumber VAL 10010 COL HospitalName VAL marshall medical center north COL Address1 VAL 8000 alabama highway 69 COL Address2 VAL empty COL Address3 VAL empty COL City VAL guntersville COL State VAL al COL ZipCode VAL 35976 COL CountyName VAL marshall COL PhoneNumber VAL 2565718000 COL HospitalType VAL acute care hospitals COL HospitalOwner VAL government - hospital district or authority COL EmergencyService VAL yes COL Condition VAL surgical infection prevention COL MeasureCode VAL scip-vte-1 COL MeasureName VAL surgery patients whose doctors ordered treatments to prevent blood clots after certain types of surgeries COL Score VAL 86% COL Sample VAL 56 patients COL Stateavg VAL al_scip-vte-1 ,COL Sample VAL 56 patxents ,1
981,COL ProviderNumber VAL 10010 COL HospitalName VAL marshall medical center north COL Address1 VAL 8000 alabama highway 69 COL Address2 VAL empty COL Address3 VAL empty COL City VAL guntersville COL State VAL al COL ZipCode VAL 35976 COL CountyName VAL marshall COL PhoneNumber VAL 2565718000 COL HospitalType VAL acute care hospitals COL HospitalOwner VAL government - hospital district or authority COL EmergencyService VAL yes COL Condition VAL surgical infection prevention COL MeasureCode VAL scip-vte-1 COL MeasureName VAL surgery patients whose doctors ordered treatments to prevent blood clots after certain types of surgeries COL Score VAL 86% COL Sample VAL 56 patients COL Stateavg VAL al_scip-vte-1 ,COL Sample VAL 56 patients ,0
982,COL ProviderNumber VAL 10011 COL HospitalName VAL st vincents east COL Address1 VAL 50 medical park east drive COL Address2 VAL empty COL Address3 VAL empty COL City VAL birmingham COL State VAL al COL ZipCode VAL 35235 COL CountyName VAL jefferson COL PhoneNumber VAL 2058383122 COL HospitalType VAL acute care hospitals COL HospitalOwner VAL voluntary non-profit - private COL EmergencyService VAL yes COL Condition VAL heart attack COL MeasureCode VAL ami-1 COL MeasureName VAL heart attack patients given aspirin at arrival COL Score VAL 99% COL Sample VAL 240 patients COL Stateavg VAL al_ami-1 ,COL Sample VAL 240 paxienxs ,1
983,COL ProviderNumber VAL 10011 COL HospitalName VAL st vincents east COL Address1 VAL 50 medical park east drive COL Address2 VAL empty COL Address3 VAL empty COL City VAL birmingham COL State VAL al COL ZipCode VAL 35235 COL CountyName VAL jefferson COL PhoneNumber VAL 2058383122 COL HospitalType VAL acute care hospitals COL HospitalOwner VAL voluntary non-profit - private COL EmergencyService VAL yes COL Condition VAL heart attack COL MeasureCode VAL ami-1 COL MeasureName VAL heart attack patients given aspirin at arrival COL Score VAL 99% COL Sample VAL 240 patients COL Stateavg VAL al_ami-1 ,COL Sample VAL 240 patients ,0
984,COL ProviderNumber VAL 10011 COL HospitalName VAL st vincents east COL Address1 VAL 50 medical park east drive COL Address2 VAL empty COL Address3 VAL empty COL City VAL birmingham COL State VAL al COL ZipCode VAL 35235 COL CountyName VAL jefferson COL PhoneNumber VAL 2058383122 COL HospitalType VAL acute care hospitals COL HospitalOwner VAL voluntary non-profit - private COL EmergencyService VAL yes COL Condition VAL heart attack COL MeasureCode VAL ami-2 COL MeasureName VAL heart attack patients given aspirin at discharge COL Score VAL 96% COL Sample VAL 295 patients COL Stateavg VAL al_ami-2 ,COL Sample VAL x95 patients ,1
985,COL ProviderNumber VAL 10011 COL HospitalName VAL st vincents east COL Address1 VAL 50 medical park east drive COL Address2 VAL empty COL Address3 VAL empty COL City VAL birmingham COL State VAL al COL ZipCode VAL 35235 COL CountyName VAL jefferson COL PhoneNumber VAL 2058383122 COL HospitalType VAL acute care hospitals COL HospitalOwner VAL voluntary non-profit - private COL EmergencyService VAL yes COL Condition VAL heart attack COL MeasureCode VAL ami-2 COL MeasureName VAL heart attack patients given aspirin at discharge COL Score VAL 96% COL Sample VAL 295 patients COL Stateavg VAL al_ami-2 ,COL Sample VAL 295 patients ,0
986,COL ProviderNumber VAL 10034 COL HospitalName VAL community hospital inc COL Address1 VAL 805 friendship road COL Address2 VAL empty COL Address3 VAL empty COL City VAL tallassee COL State VAL al COL ZipCode VAL 36078 COL CountyName VAL elmore COL PhoneNumber VAL 3342836541 COL HospitalType VAL acute care hospitals COL HospitalOwner VAL voluntary non-profit - private COL EmergencyService VAL no COL Condition VAL pneumonia COL MeasureCode VAL pn-2 COL MeasureName VAL pneumonia patients assessed and given pneumococcal vaccination COL Score VAL 87% COL Sample VAL 70 patients COL Stateavg VAL al_pn-2 ,COL Sample VAL 70 pxtients ,1
987,COL ProviderNumber VAL 10034 COL HospitalName VAL community hospital inc COL Address1 VAL 805 friendship road COL Address2 VAL empty COL Address3 VAL empty COL City VAL tallassee COL State VAL al COL ZipCode VAL 36078 COL CountyName VAL elmore COL PhoneNumber VAL 3342836541 COL HospitalType VAL acute care hospitals COL HospitalOwner VAL voluntary non-profit - private COL EmergencyService VAL no COL Condition VAL pneumonia COL MeasureCode VAL pn-2 COL MeasureName VAL pneumonia patients assessed and given pneumococcal vaccination COL Score VAL 87% COL Sample VAL 70 patients COL Stateavg VAL al_pn-2 ,COL Sample VAL 70 patients ,0
988,COL ProviderNumber VAL 10011 COL HospitalName VAL st vincents east COL Address1 VAL 50 medical park east drive COL Address2 VAL empty COL Address3 VAL empty COL City VAL birmingham COL State VAL al COL ZipCode VAL 35235 COL CountyName VAL jefferson COL PhoneNumber VAL 2058383122 COL HospitalType VAL acute care hospitals COL HospitalOwner VAL voluntary non-profit - private COL EmergencyService VAL yes COL Condition VAL heart attack COL MeasureCode VAL ami-4 COL MeasureName VAL heart attack patients given smoking cessation advice/counseling COL Score VAL 100% COL Sample VAL 131 patients COL Stateavg VAL al_ami-4 ,COL Sample VAL x3x patients ,1
989,COL ProviderNumber VAL 10011 COL HospitalName VAL st vincents east COL Address1 VAL 50 medical park east drive COL Address2 VAL empty COL Address3 VAL empty COL City VAL birmingham COL State VAL al COL ZipCode VAL 35235 COL CountyName VAL jefferson COL PhoneNumber VAL 2058383122 COL HospitalType VAL acute care hospitals COL HospitalOwner VAL voluntary non-profit - private COL EmergencyService VAL yes COL Condition VAL heart attack COL MeasureCode VAL ami-4 COL MeasureName VAL heart attack patients given smoking cessation advice/counseling COL Score VAL 100% COL Sample VAL 131 patients COL Stateavg VAL al_ami-4 ,COL Sample VAL 131 patients ,0
990,COL ProviderNumber VAL 10011 COL HospitalName VAL st vincents east COL Address1 VAL 50 medical park east drive COL Address2 VAL empty COL Address3 VAL empty COL City VAL birmingham COL State VAL al COL ZipCode VAL 35235 COL CountyName VAL jefferson COL PhoneNumber VAL 2058383122 COL HospitalType VAL acute care hospitals COL HospitalOwner VAL voluntary non-profit - private COL EmergencyService VAL yes COL Condition VAL heart attack COL MeasureCode VAL ami-5 COL MeasureName VAL heart attack patients given beta blocker at discharge COL Score VAL 99% COL Sample VAL 288 patients COL Stateavg VAL al_ami-5 ,COL Sample VAL 288 paxienxs ,1
991,COL ProviderNumber VAL 10011 COL HospitalName VAL st vincents east COL Address1 VAL 50 medical park east drive COL Address2 VAL empty COL Address3 VAL empty COL City VAL birmingham COL State VAL al COL ZipCode VAL 35235 COL CountyName VAL jefferson COL PhoneNumber VAL 2058383122 COL HospitalType VAL acute care hospitals COL HospitalOwner VAL voluntary non-profit - private COL EmergencyService VAL yes COL Condition VAL heart attack COL MeasureCode VAL ami-5 COL MeasureName VAL heart attack patients given beta blocker at discharge COL Score VAL 99% COL Sample VAL 288 patients COL Stateavg VAL al_ami-5 ,COL Sample VAL 288 patients ,0
992,COL ProviderNumber VAL 10011 COL HospitalName VAL st vincents east COL Address1 VAL 50 medical park east drive COL Address2 VAL empty COL Address3 VAL empty COL City VAL birmingham COL State VAL al COL ZipCode VAL 35235 COL CountyName VAL jefferson COL PhoneNumber VAL 2058383122 COL HospitalType VAL acute care hospitals COL HospitalOwner VAL voluntary non-profit - private COL EmergencyService VAL yes COL Condition VAL heart attack COL MeasureCode VAL ami-8a COL MeasureName VAL heart attack patients given pci within 90 minutes of arrival COL Score VAL 85% COL Sample VAL 48 patients COL Stateavg VAL al_ami-8a ,COL Sample VAL 4x patients ,1
993,COL ProviderNumber VAL 10011 COL HospitalName VAL st vincents east COL Address1 VAL 50 medical park east drive COL Address2 VAL empty COL Address3 VAL empty COL City VAL birmingham COL State VAL al COL ZipCode VAL 35235 COL CountyName VAL jefferson COL PhoneNumber VAL 2058383122 COL HospitalType VAL acute care hospitals COL HospitalOwner VAL voluntary non-profit - private COL EmergencyService VAL yes COL Condition VAL heart attack COL MeasureCode VAL ami-8a COL MeasureName VAL heart attack patients given pci within 90 minutes of arrival COL Score VAL 85% COL Sample VAL 48 patients COL Stateavg VAL al_ami-8a ,COL Sample VAL 48 patients ,0
994,COL ProviderNumber VAL 10011 COL HospitalName VAL st vincents east COL Address1 VAL 50 medical park east drive COL Address2 VAL empty COL Address3 VAL empty COL City VAL birmingham COL State VAL al COL ZipCode VAL 35235 COL CountyName VAL jefferson COL PhoneNumber VAL 2058383122 COL HospitalType VAL acute care hospitals COL HospitalOwner VAL voluntary non-profit - private COL EmergencyService VAL yes COL Condition VAL heart failure COL MeasureCode VAL hf-1 COL MeasureName VAL heart failure patients given discharge instructions COL Score VAL 94% COL Sample VAL 316 patients COL Stateavg VAL al_hf-1 ,COL Sample VAL 316 patientx ,1
995,COL ProviderNumber VAL 10011 COL HospitalName VAL st vincents east COL Address1 VAL 50 medical park east drive COL Address2 VAL empty COL Address3 VAL empty COL City VAL birmingham COL State VAL al COL ZipCode VAL 35235 COL CountyName VAL jefferson COL PhoneNumber VAL 2058383122 COL HospitalType VAL acute care hospitals COL HospitalOwner VAL voluntary non-profit - private COL EmergencyService VAL yes COL Condition VAL heart failure COL MeasureCode VAL hf-1 COL MeasureName VAL heart failure patients given discharge instructions COL Score VAL 94% COL Sample VAL 316 patients COL Stateavg VAL al_hf-1 ,COL Sample VAL 316 patients ,0
996,COL ProviderNumber VAL 10011 COL HospitalName VAL st vincents east COL Address1 VAL 50 medical park east drive COL Address2 VAL empty COL Address3 VAL empty COL City VAL birmingham COL State VAL al COL ZipCode VAL 35235 COL CountyName VAL jefferson COL PhoneNumber VAL 2058383122 COL HospitalType VAL acute care hospitals COL HospitalOwner VAL voluntary non-profit - private COL EmergencyService VAL yes COL Condition VAL heart failure COL MeasureCode VAL hf-2 COL MeasureName VAL heart failure patients given an evaluation of left ventricular systolic (lvs) function COL Score VAL 98% COL Sample VAL 372 patients COL Stateavg VAL al_hf-2 ,COL Sample VAL x72 patients ,1
997,COL ProviderNumber VAL 10011 COL HospitalName VAL st vincents east COL Address1 VAL 50 medical park east drive COL Address2 VAL empty COL Address3 VAL empty COL City VAL birmingham COL State VAL al COL ZipCode VAL 35235 COL CountyName VAL jefferson COL PhoneNumber VAL 2058383122 COL HospitalType VAL acute care hospitals COL HospitalOwner VAL voluntary non-profit - private COL EmergencyService VAL yes COL Condition VAL heart failure COL MeasureCode VAL hf-2 COL MeasureName VAL heart failure patients given an evaluation of left ventricular systolic (lvs) function COL Score VAL 98% COL Sample VAL 372 patients COL Stateavg VAL al_hf-2 ,COL Sample VAL 372 patients ,0
998,COL ProviderNumber VAL 10011 COL HospitalName VAL st vincents east COL Address1 VAL 50 medical park east drive COL Address2 VAL empty COL Address3 VAL empty COL City VAL birmingham COL State VAL al COL ZipCode VAL 35235 COL CountyName VAL jefferson COL PhoneNumber VAL 2058383122 COL HospitalType VAL acute care hospitals COL HospitalOwner VAL voluntary non-profit - private COL EmergencyService VAL yes COL Condition VAL pneumonia COL MeasureCode VAL pn-5c COL MeasureName VAL pneumonia patients given initial antibiotic(s) within 6 hours after arrival COL Score VAL x5% COL Sample VAL 135 patients COL Stateavg VAL al_pn-5c ,COL Sample VAL x35 patients ,1
999,COL ProviderNumber VAL 10011 COL HospitalName VAL st vincents east COL Address1 VAL 50 medical park east drive COL Address2 VAL empty COL Address3 VAL empty COL City VAL birmingham COL State VAL al COL ZipCode VAL 35235 COL CountyName VAL jefferson COL PhoneNumber VAL 2058383122 COL HospitalType VAL acute care hospitals COL HospitalOwner VAL voluntary non-profit - private COL EmergencyService VAL yes COL Condition VAL pneumonia COL MeasureCode VAL pn-5c COL MeasureName VAL pneumonia patients given initial antibiotic(s) within 6 hours after arrival COL Score VAL x5% COL Sample VAL 135 patients COL Stateavg VAL al_pn-5c ,COL Sample VAL 135 patients ,0
1000,COL ProviderNumber VAL 10011 COL HospitalName VAL st vincents east COL Address1 VAL 50 medical park east drive COL Address2 VAL empty COL Address3 VAL empty COL City VAL birmingham COL State VAL al COL ZipCode VAL 35235 COL CountyName VAL jefferson COL PhoneNumber VAL 2058383122 COL HospitalType VAL acute care hospitals COL HospitalOwner VAL voluntary non-profit - private COL EmergencyService VAL yes COL Condition VAL pneumonia COL MeasureCode VAL pn-6 COL MeasureName VAL pneumonia patients given the most appropriate initial antibiotic(s) COL Score VAL 91% COL Sample VAL 112 patients COL Stateavg VAL al_pn-6 ,COL Sample VAL 11x patients ,1
1001,COL ProviderNumber VAL 10011 COL HospitalName VAL st vincents east COL Address1 VAL 50 medical park east drive COL Address2 VAL empty COL Address3 VAL empty COL City VAL birmingham COL State VAL al COL ZipCode VAL 35235 COL CountyName VAL jefferson COL PhoneNumber VAL 2058383122 COL HospitalType VAL acute care hospitals COL HospitalOwner VAL voluntary non-profit - private COL EmergencyService VAL yes COL Condition VAL pneumonia COL MeasureCode VAL pn-6 COL MeasureName VAL pneumonia patients given the most appropriate initial antibiotic(s) COL Score VAL 91% COL Sample VAL 112 patients COL Stateavg VAL al_pn-6 ,COL Sample VAL 112 patients ,0
1002,COL ProviderNumber VAL 10011 COL HospitalName VAL st vincents east COL Address1 VAL 50 medical park east drive COL Address2 VAL empty COL Address3 VAL empty COL City VAL birmingham COL State VAL al COL ZipCode VAL 35235 COL CountyName VAL jefferson COL PhoneNumber VAL 2058383122 COL HospitalType VAL acute care hospitals COL HospitalOwner VAL voluntary non-profit - private COL EmergencyService VAL yes COL Condition VAL pneumonia COL MeasureCode VAL pn-7 COL MeasureName VAL pneumoniaxpatientsxassessedxandxgivenxinfluenzaxvaccination COL Score VAL 85% COL Sample VAL 89 patients COL Stateavg VAL al_pn-7 ,COL Sample VAL 89xpatients ,1
1003,COL ProviderNumber VAL 10011 COL HospitalName VAL st vincents east COL Address1 VAL 50 medical park east drive COL Address2 VAL empty COL Address3 VAL empty COL City VAL birmingham COL State VAL al COL ZipCode VAL 35235 COL CountyName VAL jefferson COL PhoneNumber VAL 2058383122 COL HospitalType VAL acute care hospitals COL HospitalOwner VAL voluntary non-profit - private COL EmergencyService VAL yes COL Condition VAL pneumonia COL MeasureCode VAL pn-7 COL MeasureName VAL pneumoniaxpatientsxassessedxandxgivenxinfluenzaxvaccination COL Score VAL 85% COL Sample VAL 89 patients COL Stateavg VAL al_pn-7 ,COL Sample VAL 89 patients ,0
1004,COL ProviderNumber VAL 10011 COL HospitalName VAL st vincents east COL Address1 VAL 50 medical park east drive COL Address2 VAL empty COL Address3 VAL empty COL City VAL bxrmxngham COL State VAL al COL ZipCode VAL 35235 COL CountyName VAL jefferson COL PhoneNumber VAL 2058383122 COL HospitalType VAL acute care hospitals COL HospitalOwner VAL voluntary non-profit - private COL EmergencyService VAL yes COL Condition VAL surgical infection prevention COL MeasureCode VAL scip-inf-1 COL MeasureName VAL surgery patients who were given an antibiotic at the right time (within one hour before surgery) to help prevent infection COL Score VAL 97% COL Sample VAL 461 patients COL Stateavg VAL al_scip-inf-1 ,COL Sample VAL 461 paxienxs ,1
1005,COL ProviderNumber VAL 10011 COL HospitalName VAL st vincents east COL Address1 VAL 50 medical park east drive COL Address2 VAL empty COL Address3 VAL empty COL City VAL bxrmxngham COL State VAL al COL ZipCode VAL 35235 COL CountyName VAL jefferson COL PhoneNumber VAL 2058383122 COL HospitalType VAL acute care hospitals COL HospitalOwner VAL voluntary non-profit - private COL EmergencyService VAL yes COL Condition VAL surgical infection prevention COL MeasureCode VAL scip-inf-1 COL MeasureName VAL surgery patients who were given an antibiotic at the right time (within one hour before surgery) to help prevent infection COL Score VAL 97% COL Sample VAL 461 patients COL Stateavg VAL al_scip-inf-1 ,COL Sample VAL 461 patients ,0
1006,COL ProviderNumber VAL x00xx COL HospitalName VAL st vincents east COL Address1 VAL 50 medical park east drive COL Address2 VAL empty COL Address3 VAL empty COL City VAL birmingham COL State VAL al COL ZipCode VAL 35235 COL CountyName VAL jefferson COL PhoneNumber VAL 2058383122 COL HospitalType VAL acutx carx hospitals COL HospitalOwner VAL voluntary non-profit - private COL EmergencyService VAL yes COL Condition VAL surgical infection prevention COL MeasureCode VAL scip-inf-2 COL MeasureName VAL surgery patients who were given the  right kind  of antibiotic to help prevent infection COL Score VAL 98% COL Sample VAL 473 patients COL Stateavg VAL al_sxip-inf-2 ,COL Sample VAL 473 patixnts ,1
1007,COL ProviderNumber VAL x00xx COL HospitalName VAL st vincents east COL Address1 VAL 50 medical park east drive COL Address2 VAL empty COL Address3 VAL empty COL City VAL birmingham COL State VAL al COL ZipCode VAL 35235 COL CountyName VAL jefferson COL PhoneNumber VAL 2058383122 COL HospitalType VAL acutx carx hospitals COL HospitalOwner VAL voluntary non-profit - private COL EmergencyService VAL yes COL Condition VAL surgical infection prevention COL MeasureCode VAL scip-inf-2 COL MeasureName VAL surgery patients who were given the  right kind  of antibiotic to help prevent infection COL Score VAL 98% COL Sample VAL 473 patients COL Stateavg VAL al_sxip-inf-2 ,COL Sample VAL 473 patients ,0
1008,COL ProviderNumber VAL 10011 COL HospitalName VAL st vincents east COL Address1 VAL 50 medical park east drive COL Address2 VAL empty COL Address3 VAL empty COL City VAL birmingham COL State VAL al COL ZipCode VAL 35235 COL CountyName VAL jefferson COL PhoneNumber VAL 2058383122 COL HospitalType VAL acute care hospitals COL HospitalOwner VAL voluntary non-profit - private COL EmergencyService VAL yes COL Condition VAL surgical infection prevention COL MeasureCode VAL scip-inf-3 COL MeasureName VAL surgery patients whose preventive antibiotics were stopped at the right time (within 24 hours after surgery) COL Score VAL 81% COL Sample VAL 442 patients COL Stateavg VAL al_scip-inf-3 ,COL Sample VAL 442 paxienxs ,1
1009,COL ProviderNumber VAL 10011 COL HospitalName VAL st vincents east COL Address1 VAL 50 medical park east drive COL Address2 VAL empty COL Address3 VAL empty COL City VAL birmingham COL State VAL al COL ZipCode VAL 35235 COL CountyName VAL jefferson COL PhoneNumber VAL 2058383122 COL HospitalType VAL acute care hospitals COL HospitalOwner VAL voluntary non-profit - private COL EmergencyService VAL yes COL Condition VAL surgical infection prevention COL MeasureCode VAL scip-inf-3 COL MeasureName VAL surgery patients whose preventive antibiotics were stopped at the right time (within 24 hours after surgery) COL Score VAL 81% COL Sample VAL 442 patients COL Stateavg VAL al_scip-inf-3 ,COL Sample VAL 442 patients ,0
1010,COL ProviderNumber VAL 10011 COL HospitalName VAL st vincents east COL Address1 VAL 50 medical park east drive COL Address2 VAL empty COL Address3 VAL empty COL City VAL birmingham COL State VAL al COL ZipCode VAL 35235 COL CountyName VAL jefferson COL PhoneNumber VAL 2058383122 COL HospitalType VAL acute care hospitals COL HospitalOwner VAL voluntary non-profit - private COL EmergencyService VAL yes COL Condition VAL surgical infection prevention COL MeasureCode VAL scip-inf-4 COL MeasureName VAL all heart surgery patients whose blood sugar (blood glucose) is kept under good control in the days right after surgery COL Score VAL 60% COL Sample VAL 127 patients COL Stateavg VAL al_scip-inf-4 ,COL Sample VAL x27 patients ,1
1011,COL ProviderNumber VAL 10011 COL HospitalName VAL st vincents east COL Address1 VAL 50 medical park east drive COL Address2 VAL empty COL Address3 VAL empty COL City VAL birmingham COL State VAL al COL ZipCode VAL 35235 COL CountyName VAL jefferson COL PhoneNumber VAL 2058383122 COL HospitalType VAL acute care hospitals COL HospitalOwner VAL voluntary non-profit - private COL EmergencyService VAL yes COL Condition VAL surgical infection prevention COL MeasureCode VAL scip-inf-4 COL MeasureName VAL all heart surgery patients whose blood sugar (blood glucose) is kept under good control in the days right after surgery COL Score VAL 60% COL Sample VAL 127 patients COL Stateavg VAL al_scip-inf-4 ,COL Sample VAL 127 patients ,0
1012,COL ProviderNumber VAL 10011 COL HospitalName VAL st vincents east COL Address1 VAL 50 medical park east drive COL Address2 VAL empty COL Address3 VAL empty COL City VAL birmingham COL State VAL al COL ZipCode VAL 35235 COL CountyName VAL jeffersxn COL PhoneNumber VAL 2058383122 COL HospitalType VAL acute care hospitals COL HospitalOwner VAL volunxary non-profix - privaxe COL EmergencyService VAL yes COL Condition VAL surgical infection prevention COL MeasureCode VAL scip-inf-6 COL MeasureName VAL surgery patients needing hair removed from the surgical area before surgery who had hair removed using a safer method (electric clippers or hair removal cream c not a razor) COL Score VAL 100% COL Sample VAL 601 patients COL Stateavg VAL al_scip-inf-6 ,COL Sample VAL x01 patients ,1
1013,COL ProviderNumber VAL 10011 COL HospitalName VAL st vincents east COL Address1 VAL 50 medical park east drive COL Address2 VAL empty COL Address3 VAL empty COL City VAL birmingham COL State VAL al COL ZipCode VAL 35235 COL CountyName VAL jeffersxn COL PhoneNumber VAL 2058383122 COL HospitalType VAL acute care hospitals COL HospitalOwner VAL volunxary non-profix - privaxe COL EmergencyService VAL yes COL Condition VAL surgical infection prevention COL MeasureCode VAL scip-inf-6 COL MeasureName VAL surgery patients needing hair removed from the surgical area before surgery who had hair removed using a safer method (electric clippers or hair removal cream c not a razor) COL Score VAL 100% COL Sample VAL 601 patients COL Stateavg VAL al_scip-inf-6 ,COL Sample VAL 601 patients ,0
1014,COL ProviderNumber VAL 10011 COL HospitalName VAL st vincents east COL Address1 VAL 50 medical park east drive COL Address2 VAL empty COL Address3 VAL empty COL City VAL birmingham COL State VAL al COL ZipCode VAL 35235 COL CountyName VAL jefferson COL PhoneNumber VAL 2058x8x122 COL HospitalType VAL acute care hospitals COL HospitalOwner VAL voluntary non-profit - private COL EmergencyService VAL yes COL Condition VAL surgical infection prevention COL MeasureCode VAL scip-vte-1 COL MeasureName VAL surgery patients whose doctors ordered treatments to prevent blood clots after certain types of surgeries COL Score VAL 89% COL Sample VAL 229 patients COL Stateavg VAL al_scip-vte-1 ,COL Sample VAL 229 pxtients ,1
1015,COL ProviderNumber VAL 10011 COL HospitalName VAL st vincents east COL Address1 VAL 50 medical park east drive COL Address2 VAL empty COL Address3 VAL empty COL City VAL birmingham COL State VAL al COL ZipCode VAL 35235 COL CountyName VAL jefferson COL PhoneNumber VAL 2058x8x122 COL HospitalType VAL acute care hospitals COL HospitalOwner VAL voluntary non-profit - private COL EmergencyService VAL yes COL Condition VAL surgical infection prevention COL MeasureCode VAL scip-vte-1 COL MeasureName VAL surgery patients whose doctors ordered treatments to prevent blood clots after certain types of surgeries COL Score VAL 89% COL Sample VAL 229 patients COL Stateavg VAL al_scip-vte-1 ,COL Sample VAL 229 patients ,0
1016,COL ProviderNumber VAL 10011 COL HospitalName VAL st vincents east COL Address1 VAL 50 medical park east drive COL Address2 VAL empty COL Address3 VAL empty COL City VAL birmingham COL State VAL al COL ZipCode VAL 35235 COL CountyName VAL jefferson COL PhoneNumber VAL 2058383122 COL HospitalType VAL acute care hospitals COL HospitalOwner VAL voluntary nonxprofit x private COL EmergencyService VAL yes COL Condition VAL surgical infection prevention COL MeasureCode VAL scip-vte-2 COL MeasureName VAL patients who got treatment  at the right time (within 24 hours before or after their surgery) to help prevent blood clots after certain types of surgery COL Score VAL 83% COL Sample VAL 224 patients COL Stateavg VAL al_scip-vte-2 ,COL Sample VAL 224 xatients ,1
1017,COL ProviderNumber VAL 10011 COL HospitalName VAL st vincents east COL Address1 VAL 50 medical park east drive COL Address2 VAL empty COL Address3 VAL empty COL City VAL birmingham COL State VAL al COL ZipCode VAL 35235 COL CountyName VAL jefferson COL PhoneNumber VAL 2058383122 COL HospitalType VAL acute care hospitals COL HospitalOwner VAL voluntary nonxprofit x private COL EmergencyService VAL yes COL Condition VAL surgical infection prevention COL MeasureCode VAL scip-vte-2 COL MeasureName VAL patients who got treatment  at the right time (within 24 hours before or after their surgery) to help prevent blood clots after certain types of surgery COL Score VAL 83% COL Sample VAL 224 patients COL Stateavg VAL al_scip-vte-2 ,COL Sample VAL 224 patients ,0
1018,COL ProviderNumber VAL 10164 COL HospitalName VAL coosa valley medical center COL Address1 VAL 315 w hickory st COL Address2 VAL empty COL Address3 VAL empty COL City VAL sylacauga COL State VAL al COL ZipCode VAL 35150 COL CountyName VAL talladega COL PhoneNumber VAL 2562495000 COL HospitalType VAL acute care hospitals COL HospitalOwner VAL voluntary non-profit - other COL EmergencyService VAL no COL Condition VAL heart failure COL MeasureCode VAL hf-3 COL MeasureName VAL heart failure patients given ace inhibitor or arb for left ventricular systolic dysfunction (lvsd) COL Score VAL 85% COL Sample VAL 46 patients COL Stateavg VAL al_hf-3 ,COL Sample VAL 46 patientx ,1
1019,COL ProviderNumber VAL 10164 COL HospitalName VAL coosa valley medical center COL Address1 VAL 315 w hickory st COL Address2 VAL empty COL Address3 VAL empty COL City VAL sylacauga COL State VAL al COL ZipCode VAL 35150 COL CountyName VAL talladega COL PhoneNumber VAL 2562495000 COL HospitalType VAL acute care hospitals COL HospitalOwner VAL voluntary non-profit - other COL EmergencyService VAL no COL Condition VAL heart failure COL MeasureCode VAL hf-3 COL MeasureName VAL heart failure patients given ace inhibitor or arb for left ventricular systolic dysfunction (lvsd) COL Score VAL 85% COL Sample VAL 46 patients COL Stateavg VAL al_hf-3 ,COL Sample VAL 46 patients ,0
1020,COL ProviderNumber VAL 10012 COL HospitalName VAL dekalb regional medical center COL Address1 VAL 200 med center drive COL Address2 VAL empty COL Address3 VAL empty COL City VAL fort payne COL State VAL al COL ZipCode VAL 35968 COL CountyName VAL dx kalb COL PhoneNumber VAL 2568453150 COL HospitalType VAL acute care hospitals COL HospitalOwner VAL voluntary non-profit - church COL EmergencyService VAL yes COL Condition VAL heart failure COL MeasureCode VAL hf-2 COL MeasureName VAL heart failure patients given an evaluation of left ventricular systolic (lvs) function COL Score VAL 100% COL Sample VAL 94 patients COL Stateavg VAL al_hf-2 ,COL Sample VAL 94 pxtients ,1
1021,COL ProviderNumber VAL 10012 COL HospitalName VAL dekalb regional medical center COL Address1 VAL 200 med center drive COL Address2 VAL empty COL Address3 VAL empty COL City VAL fort payne COL State VAL al COL ZipCode VAL 35968 COL CountyName VAL dx kalb COL PhoneNumber VAL 2568453150 COL HospitalType VAL acute care hospitals COL HospitalOwner VAL voluntary non-profit - church COL EmergencyService VAL yes COL Condition VAL heart failure COL MeasureCode VAL hf-2 COL MeasureName VAL heart failure patients given an evaluation of left ventricular systolic (lvs) function COL Score VAL 100% COL Sample VAL 94 patients COL Stateavg VAL al_hf-2 ,COL Sample VAL 94 patients ,0
1022,COL ProviderNumber VAL 10012 COL HospitalName VAL dekalb regional medical center COL Address1 VAL 200 med center drive COL Address2 VAL empty COL Address3 VAL empty COL City VAL fort payxe COL State VAL ax COL ZipCode VAL 35968 COL CountyName VAL de kalb COL PhoneNumber VAL 2568453x50 COL HospitalType VAL acute care hospitals COL HospitalOwner VAL voluntary non-profit - church COL EmergencyService VAL yes COL Condition VAL heart failure COL MeasureCode VAL hf-3 COL MeasureName VAL heart failure patients given ace inhibitor or arb for left ventricular systolic dysfunction (lvsd) COL Score VAL 94% COL Sample VAL 36 patients COL Stateavg VAL al_hf-3 ,COL Sample VAL x6 patients ,1
1023,COL ProviderNumber VAL 10012 COL HospitalName VAL dekalb regional medical center COL Address1 VAL 200 med center drive COL Address2 VAL empty COL Address3 VAL empty COL City VAL fort payxe COL State VAL ax COL ZipCode VAL 35968 COL CountyName VAL de kalb COL PhoneNumber VAL 2568453x50 COL HospitalType VAL acute care hospitals COL HospitalOwner VAL voluntary non-profit - church COL EmergencyService VAL yes COL Condition VAL heart failure COL MeasureCode VAL hf-3 COL MeasureName VAL heart failure patients given ace inhibitor or arb for left ventricular systolic dysfunction (lvsd) COL Score VAL 94% COL Sample VAL 36 patients COL Stateavg VAL al_hf-3 ,COL Sample VAL 36 patients ,0
1024,COL ProviderNumber VAL 10012 COL HospitalName VAL dekalb regional medical center COL Address1 VAL 200 med center drive COL Address2 VAL empty COL Address3 VAL empty COL City VAL fort payne COL State VAL al COL ZipCode VAL 35968 COL CountyName VAL de kalb COL PhoneNumber VAL 2568453150 COL HospitalType VAL acute care hospitals COL HospitalOwner VAL voluntary non-profit - church COL EmergencyService VAL yes COL Condition VAL pneumonia COL MeasureCode VAL pn-3b COL MeasureName VAL pneumonia patients whose initial emergency room blood culture was performed prior to the administration of the first hospital dose of antibiotics COL Score VAL 93% COL Sample VAL 91 patients COL Stateavg VAL al_pn-3b ,COL Sample VAL 91 paxienxs ,1
1025,COL ProviderNumber VAL 10012 COL HospitalName VAL dekalb regional medical center COL Address1 VAL 200 med center drive COL Address2 VAL empty COL Address3 VAL empty COL City VAL fort payne COL State VAL al COL ZipCode VAL 35968 COL CountyName VAL de kalb COL PhoneNumber VAL 2568453150 COL HospitalType VAL acute care hospitals COL HospitalOwner VAL voluntary non-profit - church COL EmergencyService VAL yes COL Condition VAL pneumonia COL MeasureCode VAL pn-3b COL MeasureName VAL pneumonia patients whose initial emergency room blood culture was performed prior to the administration of the first hospital dose of antibiotics COL Score VAL 93% COL Sample VAL 91 patients COL Stateavg VAL al_pn-3b ,COL Sample VAL 91 patients ,0
1026,COL ProviderNumber VAL 10012 COL HospitalName VAL dekalb regional medical center COL Address1 VAL 200 med center drive COL Address2 VAL empty COL Address3 VAL empty COL City VAL fort payne COL State VAL al COL ZipCode VAL 359x8 COL CountyName VAL de kalb COL PhoneNumber VAL 2568453150 COL HospitalType VAL acute care hospitals COL HospitalOwner VAL voluntary non-profit - church COL EmergencyService VAL yes COL Condition VAL pneumonia COL MeasureCode VAL pn-4 COL MeasureName VAL pneumonia patients given smoking cessation advice/counseling COL Score VAL 100% COL Sample VAL 37 patients COL Stateavg VAL al_pn-4 ,COL Sample VAL x7 patients ,1
1027,COL ProviderNumber VAL 10012 COL HospitalName VAL dekalb regional medical center COL Address1 VAL 200 med center drive COL Address2 VAL empty COL Address3 VAL empty COL City VAL fort payne COL State VAL al COL ZipCode VAL 359x8 COL CountyName VAL de kalb COL PhoneNumber VAL 2568453150 COL HospitalType VAL acute care hospitals COL HospitalOwner VAL voluntary non-profit - church COL EmergencyService VAL yes COL Condition VAL pneumonia COL MeasureCode VAL pn-4 COL MeasureName VAL pneumonia patients given smoking cessation advice/counseling COL Score VAL 100% COL Sample VAL 37 patients COL Stateavg VAL al_pn-4 ,COL Sample VAL 37 patients ,0
1028,COL ProviderNumber VAL 10012 COL HospitalName VAL dekalb regional medical center COL Address1 VAL 200 med center drive COL Address2 VAL empty COL Address3 VAL empty COL City VAL fort payne COL State VAL al COL ZipCode VAL 35968 COL CountyName VAL de kalb COL PhoneNumber VAL 2568453150 COL HospitalType VAL acute care hospitals COL HospitalOwner VAL voluntary non-profit - church COL EmergencyService VAL yes COL Condition VAL pneumonia COL MeasureCode VAL pn-5c COL MeasureName VAL pneumonia patients given initial antibiotic(s) within 6 hours after arrival COL Score VAL 99% COL Sample VAL 88 patients COL Stateavg VAL al_pn-5c ,COL Sample VAL xx patients ,1
1029,COL ProviderNumber VAL 10012 COL HospitalName VAL dekalb regional medical center COL Address1 VAL 200 med center drive COL Address2 VAL empty COL Address3 VAL empty COL City VAL fort payne COL State VAL al COL ZipCode VAL 35968 COL CountyName VAL de kalb COL PhoneNumber VAL 2568453150 COL HospitalType VAL acute care hospitals COL HospitalOwner VAL voluntary non-profit - church COL EmergencyService VAL yes COL Condition VAL pneumonia COL MeasureCode VAL pn-5c COL MeasureName VAL pneumonia patients given initial antibiotic(s) within 6 hours after arrival COL Score VAL 99% COL Sample VAL 88 patients COL Stateavg VAL al_pn-5c ,COL Sample VAL 88 patients ,0
1030,COL ProviderNumber VAL 10012 COL HospitalName VAL dekalb regional medical center COL Address1 VAL 200 med center drive COL Address2 VAL empty COL Address3 VAL empty COL City VAL fort payne COL State VAL al COL ZipCode VAL 35968 COL CountyName VAL de kalb COL PhoneNumber VAL 2568453150 COL HospitalType VAL acute care hospitals COL HospitalOwner VAL voluntary non-profit - church COL EmergencyService VAL yes COL Condition VAL surgical infection prevention COL MeasureCode VAL scip-inf-1 COL MeasureName VAL surgery patients who were given an antibiotic at the right time (within one hour before surgery) to help prevent infection COL Score VAL 9x% COL Sample VAL 139 patients COL Stateavg VAL al_scip-inf-1 ,COL Sample VAL 13x patients ,1
1031,COL ProviderNumber VAL 10012 COL HospitalName VAL dekalb regional medical center COL Address1 VAL 200 med center drive COL Address2 VAL empty COL Address3 VAL empty COL City VAL fort payne COL State VAL al COL ZipCode VAL 35968 COL CountyName VAL de kalb COL PhoneNumber VAL 2568453150 COL HospitalType VAL acute care hospitals COL HospitalOwner VAL voluntary non-profit - church COL EmergencyService VAL yes COL Condition VAL surgical infection prevention COL MeasureCode VAL scip-inf-1 COL MeasureName VAL surgery patients who were given an antibiotic at the right time (within one hour before surgery) to help prevent infection COL Score VAL 9x% COL Sample VAL 139 patients COL Stateavg VAL al_scip-inf-1 ,COL Sample VAL 139 patients ,0
1032,COL ProviderNumber VAL 10012 COL HospitalName VAL dekalb regional medical center COL Address1 VAL 200 med center drive COL Address2 VAL empty COL Address3 VAL empty COL City VAL fort payne COL State VAL al COL ZipCode VAL 35968 COL CountyName VAL de kalb COL PhoneNumber VAL 2568453150 COL HospitalType VAL acute care hospitals COL HospitalOwner VAL voluntary non-profit - church COL EmergencyService VAL yes COL Condition VAL surgical infection prevention COL MeasureCode VAL scip-inf-6 COL MeasureName VAL surgery patients needing hair removed from the surgical area before surgery who had hair removed using a safer method (electric clippers or hair removal cream c not a razor) COL Score VAL 100% COL Sample VAL 179 patients COL Stateavg VAL al_scip-inf-6 ,COL Sample VAL 179 xatients ,1
1033,COL ProviderNumber VAL 10012 COL HospitalName VAL dekalb regional medical center COL Address1 VAL 200 med center drive COL Address2 VAL empty COL Address3 VAL empty COL City VAL fort payne COL State VAL al COL ZipCode VAL 35968 COL CountyName VAL de kalb COL PhoneNumber VAL 2568453150 COL HospitalType VAL acute care hospitals COL HospitalOwner VAL voluntary non-profit - church COL EmergencyService VAL yes COL Condition VAL surgical infection prevention COL MeasureCode VAL scip-inf-6 COL MeasureName VAL surgery patients needing hair removed from the surgical area before surgery who had hair removed using a safer method (electric clippers or hair removal cream c not a razor) COL Score VAL 100% COL Sample VAL 179 patients COL Stateavg VAL al_scip-inf-6 ,COL Sample VAL 179 patients ,0
1034,COL ProviderNumber VAL 10012 COL HospitalName VAL dekalb regional medical center COL Address1 VAL 200 med center drive COL Address2 VAL empty COL Address3 VAL empty COL City VAL fort payne COL State VAL al COL ZipCode VAL 35968 COL CountyName VAL de kalb COL PhoneNumber VAL 2568453150 COL HospitalType VAL acute care hospitals COL HospitalOwner VAL voluntary non-profit - church COL EmergencyService VAL yes COL Condition VAL surgical infection prevention COL MeasureCode VAL scip-vte-1 COL MeasureName VAL surgery patients whose doctors ordered treatments to prevent blood clots after certain types of surgeries COL Score VAL 97% COL Sample VAL 90 patients COL Stateavg VAL al_scip-vte-1 ,COL Sample VAL 90 paxienxs ,1
1035,COL ProviderNumber VAL 10012 COL HospitalName VAL dekalb regional medical center COL Address1 VAL 200 med center drive COL Address2 VAL empty COL Address3 VAL empty COL City VAL fort payne COL State VAL al COL ZipCode VAL 35968 COL CountyName VAL de kalb COL PhoneNumber VAL 2568453150 COL HospitalType VAL acute care hospitals COL HospitalOwner VAL voluntary non-profit - church COL EmergencyService VAL yes COL Condition VAL surgical infection prevention COL MeasureCode VAL scip-vte-1 COL MeasureName VAL surgery patients whose doctors ordered treatments to prevent blood clots after certain types of surgeries COL Score VAL 97% COL Sample VAL 90 patients COL Stateavg VAL al_scip-vte-1 ,COL Sample VAL 90 patients ,0
1036,COL ProviderNumber VAL 10015 COL HospitalName VAL southwest alabama medical center COL Address1 VAL 33700 highway 43 COL Address2 VAL empty COL Address3 VAL empty COL City VAL thomasville COL State VAL al COL ZipCode VAL 36784 COL CountyName VAL clarke COL PhoneNumber VAL 3346366221 COL HospitalType VAL acute care hospitals COL HospitalOwner VAL government - federal COL EmergencyService VAL yes COL Condition VAL heart failure COL MeasureCode VAL hf-4 COL MeasureName VAL heart failure patients given smoking cessation advice/counseling COL Score VAL 88% COL Sample VAL 17 patients COL Stateavg VAL al_hf-4 ,COL Sample VAL 17 xatients ,1
1037,COL ProviderNumber VAL 10015 COL HospitalName VAL southwest alabama medical center COL Address1 VAL 33700 highway 43 COL Address2 VAL empty COL Address3 VAL empty COL City VAL thomasville COL State VAL al COL ZipCode VAL 36784 COL CountyName VAL clarke COL PhoneNumber VAL 3346366221 COL HospitalType VAL acute care hospitals COL HospitalOwner VAL government - federal COL EmergencyService VAL yes COL Condition VAL heart failure COL MeasureCode VAL hf-4 COL MeasureName VAL heart failure patients given smoking cessation advice/counseling COL Score VAL 88% COL Sample VAL 17 patients COL Stateavg VAL al_hf-4 ,COL Sample VAL 17 patients ,0
1038,COL ProviderNumber VAL 10015 COL HospitalName VAL southwest alabama medical center COL Address1 VAL 33700 highway 43 COL Address2 VAL empty COL Address3 VAL empty COL City VAL thomasville COL State VAL al COL ZipCode VAL 36784 COL CountyName VAL clarke COL PhoneNumber VAL 3346366221 COL HospitalType VAL acute care hospitals COL HospitalOwner VAL government - federal COL EmergencyService VAL yes COL Condition VAL xneumonia COL MeasureCode VAL pn-3b COL MeasureName VAL pneumonxa patxents whose inxtxal emergency room blood culture was performed prxor to the admxnxstratxon of the fxrst hospxtal dose of antxbxotxcs COL Score VAL x6% COL Sample VAL 24 patients COL Stateavg VAL al_pn-3b ,COL Sample VAL x4 patients ,1
1039,COL ProviderNumber VAL 10015 COL HospitalName VAL southwest alabama medical center COL Address1 VAL 33700 highway 43 COL Address2 VAL empty COL Address3 VAL empty COL City VAL thomasville COL State VAL al COL ZipCode VAL 36784 COL CountyName VAL clarke COL PhoneNumber VAL 3346366221 COL HospitalType VAL acute care hospitals COL HospitalOwner VAL government - federal COL EmergencyService VAL yes COL Condition VAL xneumonia COL MeasureCode VAL pn-3b COL MeasureName VAL pneumonxa patxents whose inxtxal emergency room blood culture was performed prxor to the admxnxstratxon of the fxrst hospxtal dose of antxbxotxcs COL Score VAL x6% COL Sample VAL 24 patients COL Stateavg VAL al_pn-3b ,COL Sample VAL 24 patients ,0
1040,COL ProviderNumber VAL 10016 COL HospitalName VAL shelby baptist medical center COL Address1 VAL 1000 first street north COL Address2 VAL empty COL Address3 VAL empty COL City VAL alabaster COL State VAL al COL ZipCode VAL 35007 COL CountyName VAL shelby COL PhoneNumber VAL 2056208100 COL HospitalType VAL acute care hospitals COL HospitalOwner VAL voluntary non-profit - church COL EmergencyService VAL yes COL Condition VAL heart attack COL MeasureCode VAL ami-2 COL MeasureName VAL heart attack patients given aspirin at discharge COL Score VAL 97% COL Sample VAL 208 patients COL Stateavg VAL al_ami-2 ,COL Sample VAL 208 patixnts ,1
1041,COL ProviderNumber VAL 10016 COL HospitalName VAL shelby baptist medical center COL Address1 VAL 1000 first street north COL Address2 VAL empty COL Address3 VAL empty COL City VAL alabaster COL State VAL al COL ZipCode VAL 35007 COL CountyName VAL shelby COL PhoneNumber VAL 2056208100 COL HospitalType VAL acute care hospitals COL HospitalOwner VAL voluntary non-profit - church COL EmergencyService VAL yes COL Condition VAL heart attack COL MeasureCode VAL ami-2 COL MeasureName VAL heart attack patients given aspirin at discharge COL Score VAL 97% COL Sample VAL 208 patients COL Stateavg VAL al_ami-2 ,COL Sample VAL 208 patients ,0
1042,COL ProviderNumber VAL 1xx16 COL HospitalName VAL shelby baptist medical center COL Address1 VAL 1000 first street north COL Address2 VAL empty COL Address3 VAL empty COL City VAL alabaster COL State VAL al COL ZipCode VAL 35007 COL CountyName VAL shelby COL PhoneNumber VAL 2056208100 COL HospitalType VAL acute care hospitals COL HospitalOwner VAL voluntary non-profit - church COL EmergencyService VAL yes COL Condition VAL heart attack COL MeasureCode VAL ami-5 COL MeasureName VAL heart attack patients given beta blocker at discharge COL Score VAL 97% COL Sample VAL 169 patients COL Stateavg VAL al_ami-5 ,COL Sample VAL 169 xatients ,1
1043,COL ProviderNumber VAL 1xx16 COL HospitalName VAL shelby baptist medical center COL Address1 VAL 1000 first street north COL Address2 VAL empty COL Address3 VAL empty COL City VAL alabaster COL State VAL al COL ZipCode VAL 35007 COL CountyName VAL shelby COL PhoneNumber VAL 2056208100 COL HospitalType VAL acute care hospitals COL HospitalOwner VAL voluntary non-profit - church COL EmergencyService VAL yes COL Condition VAL heart attack COL MeasureCode VAL ami-5 COL MeasureName VAL heart attack patients given beta blocker at discharge COL Score VAL 97% COL Sample VAL 169 patients COL Stateavg VAL al_ami-5 ,COL Sample VAL 169 patients ,0
1044,COL ProviderNumber VAL 10016 COL HospitalName VAL shelby baptist medical center COL Address1 VAL 1000 first street north COL Address2 VAL empty COL Address3 VAL empty COL City VAL alabaster COL State VAL al COL ZipCode VAL 35007 COL CountyName VAL shelby COL PhoneNumber VAL 2056208100 COL HospitalType VAL acute care hospitals COL HospitalOwner VAL voluntary non-profit - church COL EmergencyService VAL yes COL Condition VAL heart failure COL MeasureCode VAL hf-1 COL MeasureName VAL heart failure patients given discharge instructions COL Score VAL 86% COL Sample VAL 210 patients COL Stateavg VAL al_hf-1 ,COL Sample VAL 210 pxtients ,1
1045,COL ProviderNumber VAL 10016 COL HospitalName VAL shelby baptist medical center COL Address1 VAL 1000 first street north COL Address2 VAL empty COL Address3 VAL empty COL City VAL alabaster COL State VAL al COL ZipCode VAL 35007 COL CountyName VAL shelby COL PhoneNumber VAL 2056208100 COL HospitalType VAL acute care hospitals COL HospitalOwner VAL voluntary non-profit - church COL EmergencyService VAL yes COL Condition VAL heart failure COL MeasureCode VAL hf-1 COL MeasureName VAL heart failure patients given discharge instructions COL Score VAL 86% COL Sample VAL 210 patients COL Stateavg VAL al_hf-1 ,COL Sample VAL 210 patients ,0
1046,COL ProviderNumber VAL 10016 COL HospitalName VAL shelby baptist medical center COL Address1 VAL 1000 first street north COL Address2 VAL empty COL Address3 VAL empty COL City VAL alabaster COL State VAL al COL ZipCode VAL 35007 COL CountyName VAL shelby COL PhoneNumber VAL 2056208100 COL HospitalType VAL acute care hospitals COL HospitalOwner VAL voluntary non-profit - church COL EmergencyService VAL yes COL Condition VAL heart failure COL MeasureCode VAL hf-2 COL MeasureName VAL heart failure patients given an evaluation of left ventricular systolic (lvs) function COL Score VAL 100% COL Sample VAL 246 patients COL Stateavg VAL al_hf-2 ,COL Sample VAL 246 pxtients ,1
1047,COL ProviderNumber VAL 10016 COL HospitalName VAL shelby baptist medical center COL Address1 VAL 1000 first street north COL Address2 VAL empty COL Address3 VAL empty COL City VAL alabaster COL State VAL al COL ZipCode VAL 35007 COL CountyName VAL shelby COL PhoneNumber VAL 2056208100 COL HospitalType VAL acute care hospitals COL HospitalOwner VAL voluntary non-profit - church COL EmergencyService VAL yes COL Condition VAL heart failure COL MeasureCode VAL hf-2 COL MeasureName VAL heart failure patients given an evaluation of left ventricular systolic (lvs) function COL Score VAL 100% COL Sample VAL 246 patients COL Stateavg VAL al_hf-2 ,COL Sample VAL 246 patients ,0
1048,COL ProviderNumber VAL 10016 COL HospitalName VAL shelby baptist medical center COL Address1 VAL 1000 first street north COL Address2 VAL empty COL Address3 VAL empty COL City VAL alabaster COL State VAL al COL ZipCode VAL 35007 COL CountyName VAL shelby COL PhoneNumber VAL 2056208100 COL HospitalType VAL acutexcarexhospitals COL HospitalOwner VAL voluntary non-profit - church COL EmergencyService VAL yes COL Condition VAL pneumonia COL MeasureCode VAL pn-2 COL MeasureName VAL pneumonia patients assessed and given pneumococcal vaccination COL Score VAL 97% COL Sample VAL 235 patients COL Stateavg VAL al_pn-2 ,COL Sample VAL 235 patiexts ,1
1049,COL ProviderNumber VAL 10016 COL HospitalName VAL shelby baptist medical center COL Address1 VAL 1000 first street north COL Address2 VAL empty COL Address3 VAL empty COL City VAL alabaster COL State VAL al COL ZipCode VAL 35007 COL CountyName VAL shelby COL PhoneNumber VAL 2056208100 COL HospitalType VAL acutexcarexhospitals COL HospitalOwner VAL voluntary non-profit - church COL EmergencyService VAL yes COL Condition VAL pneumonia COL MeasureCode VAL pn-2 COL MeasureName VAL pneumonia patients assessed and given pneumococcal vaccination COL Score VAL 97% COL Sample VAL 235 patients COL Stateavg VAL al_pn-2 ,COL Sample VAL 235 patients ,0
1050,COL ProviderNumber VAL 10016 COL HospitalName VAL shelby baptist medical center COL Address1 VAL 1000 first street north COL Address2 VAL empty COL Address3 VAL empty COL City VAL alabaster COL State VAL al COL ZipCode VAL 3x007 COL CountyName VAL shelby COL PhoneNumber VAL 2056208100 COL HospitalType VAL acute care hospitals COL HospitalOwner VAL voluntary non-profit - church COL EmergencyService VAL yes COL Condition VAL pneumonia COL MeasureCode VAL pn-5c COL MeasureName VAL pneumonia patients given initial antibiotic(s) within 6 hours after arrival COL Score VAL 96% COL Sample VAL 239 patients COL Stateavg VAL al_pn-5c ,COL Sample VAL x39 patients ,1
1051,COL ProviderNumber VAL 10016 COL HospitalName VAL shelby baptist medical center COL Address1 VAL 1000 first street north COL Address2 VAL empty COL Address3 VAL empty COL City VAL alabaster COL State VAL al COL ZipCode VAL 3x007 COL CountyName VAL shelby COL PhoneNumber VAL 2056208100 COL HospitalType VAL acute care hospitals COL HospitalOwner VAL voluntary non-profit - church COL EmergencyService VAL yes COL Condition VAL pneumonia COL MeasureCode VAL pn-5c COL MeasureName VAL pneumonia patients given initial antibiotic(s) within 6 hours after arrival COL Score VAL 96% COL Sample VAL 239 patients COL Stateavg VAL al_pn-5c ,COL Sample VAL 239 patients ,0
1052,COL ProviderNumber VAL 10016 COL HospitalName VAL shelby baptist medical center COL Address1 VAL 1000 first street north COL Address2 VAL empty COL Address3 VAL empty COL City VAL alabaster COL State VAL al COL ZipCode VAL 35007 COL CountyName VAL shelby COL PhoneNumber VAL 2056208100 COL HospitalType VAL acute care hospitals COL HospitalOwner VAL voluntary non-profit - church COL EmergencyService VAL yes COL Condition VAL pneumonia COL MeasureCode VAL pn-6 COL MeasureName VAL pneumonia patients given the most appropriate initial antibiotic(s) COL Score VAL 93% COL Sample VAL 116 patients COL Stateavg VAL al_pn-6 ,COL Sample VAL 116 xatients ,1
1053,COL ProviderNumber VAL 10016 COL HospitalName VAL shelby baptist medical center COL Address1 VAL 1000 first street north COL Address2 VAL empty COL Address3 VAL empty COL City VAL alabaster COL State VAL al COL ZipCode VAL 35007 COL CountyName VAL shelby COL PhoneNumber VAL 2056208100 COL HospitalType VAL acute care hospitals COL HospitalOwner VAL voluntary non-profit - church COL EmergencyService VAL yes COL Condition VAL pneumonia COL MeasureCode VAL pn-6 COL MeasureName VAL pneumonia patients given the most appropriate initial antibiotic(s) COL Score VAL 93% COL Sample VAL 116 patients COL Stateavg VAL al_pn-6 ,COL Sample VAL 116 patients ,0
1054,COL ProviderNumber VAL 10016 COL HospitalName VAL shelby baptist medical center COL Address1 VAL 1000 first street north COL Address2 VAL empty COL Address3 VAL empty COL City VAL alabaster COL State VAL al COL ZipCode VAL 35007 COL CountyName VAL shelby COL PhoneNumber VAL 2056208100 COL HospitalType VAL acute care hospitals COL HospitalOwner VAL voluntary non-profit - church COL EmergencyService VAL yes COL Condition VAL pneumonia COL MeasureCode VAL pn-7 COL MeasureName VAL pneumonia patients assessed and given influenza vaccination COL Score VAL 92% COL Sample VAL 199 patients COL Stateavg VAL al_pn-7 ,COL Sample VAL 199 patixnts ,1
1055,COL ProviderNumber VAL 10016 COL HospitalName VAL shelby baptist medical center COL Address1 VAL 1000 first street north COL Address2 VAL empty COL Address3 VAL empty COL City VAL alabaster COL State VAL al COL ZipCode VAL 35007 COL CountyName VAL shelby COL PhoneNumber VAL 2056208100 COL HospitalType VAL acute care hospitals COL HospitalOwner VAL voluntary non-profit - church COL EmergencyService VAL yes COL Condition VAL pneumonia COL MeasureCode VAL pn-7 COL MeasureName VAL pneumonia patients assessed and given influenza vaccination COL Score VAL 92% COL Sample VAL 199 patients COL Stateavg VAL al_pn-7 ,COL Sample VAL 199 patients ,0
1056,COL ProviderNumber VAL 10016 COL HospitalName VAL shelby baptist medical center COL Address1 VAL 1000 first street north COL Address2 VAL empty COL Address3 VAL empty COL City VAL alabaster COL State VAL al COL ZipCode VAL 35007 COL CountyName VAL shelby COL PhoneNumber VAL 2056208100 COL HospitalType VAL acute care hospitals COL HospitalOwner VAL voluntary non-profit - church COL EmergencyService VAL yes COL Condition VAL surgical infection prevention COL MeasureCode VAL scip-card-2 COL MeasureName VAL surgery patients who were taking heart drugs called beta blockers before coming to the hospital who were kept on the beta blockers during the period just before and after their surgery COL Score VAL 89% COL Sample VAL 96 patients COL Stateavg VAL al_scip-card-2 ,COL Sample VAL 96xpatients ,1
1057,COL ProviderNumber VAL 10016 COL HospitalName VAL shelby baptist medical center COL Address1 VAL 1000 first street north COL Address2 VAL empty COL Address3 VAL empty COL City VAL alabaster COL State VAL al COL ZipCode VAL 35007 COL CountyName VAL shelby COL PhoneNumber VAL 2056208100 COL HospitalType VAL acute care hospitals COL HospitalOwner VAL voluntary non-profit - church COL EmergencyService VAL yes COL Condition VAL surgical infection prevention COL MeasureCode VAL scip-card-2 COL MeasureName VAL surgery patients who were taking heart drugs called beta blockers before coming to the hospital who were kept on the beta blockers during the period just before and after their surgery COL Score VAL 89% COL Sample VAL 96 patients COL Stateavg VAL al_scip-card-2 ,COL Sample VAL 96 patients ,0
1058,COL ProviderNumber VAL 10016 COL HospitalName VAL shelby baptist medical center COL Address1 VAL 1000 first street north COL Address2 VAL empty COL Address3 VAL empty COL City VAL alabaster COL State VAL al COL ZipCode VAL 35007 COL CountyName VAL shelby COL PhoneNumber VAL 2056208100 COL HospitalType VAL acute care hospitals COL HospitalOwner VAL voluntary non-profit - church COL EmergencyService VAL yes COL Condition VAL surgical infection prevention COL MeasureCode VAL scip-inf-1 COL MeasureName VAL surgery patients who were given an antibiotic at the right time (within one hour before surgery) to help prevent infection COL Score VAL 98% COL Sample VAL 368 patients COL Stateavg VAL al_scip-inf-1 ,COL Sample VAL 368 paxienxs ,1
1059,COL ProviderNumber VAL 10016 COL HospitalName VAL shelby baptist medical center COL Address1 VAL 1000 first street north COL Address2 VAL empty COL Address3 VAL empty COL City VAL alabaster COL State VAL al COL ZipCode VAL 35007 COL CountyName VAL shelby COL PhoneNumber VAL 2056208100 COL HospitalType VAL acute care hospitals COL HospitalOwner VAL voluntary non-profit - church COL EmergencyService VAL yes COL Condition VAL surgical infection prevention COL MeasureCode VAL scip-inf-1 COL MeasureName VAL surgery patients who were given an antibiotic at the right time (within one hour before surgery) to help prevent infection COL Score VAL 98% COL Sample VAL 368 patients COL Stateavg VAL al_scip-inf-1 ,COL Sample VAL 368 patients ,0
1060,COL ProviderNumber VAL 10016 COL HospitalName VAL shelby baptist medical center COL Address1 VAL 1000 first street north COL Address2 VAL empty COL Address3 VAL empty COL City VAL alabaster COL State VAL al COL ZipCode VAL 35007 COL CountyName VAL shelby COL PhoneNumber VAL 2056208100 COL HospitalType VAL acute care hospitals COL HospitalOwner VAL voluntary non-profit - church COL EmergencyService VAL yes COL Condition VAL surgical infection prevention COL MeasureCode VAL scip-inf-2 COL MeasureName VAL surgery patients who were given the  right kind  of antibiotic to help prevent infection COL Score VAL 99% COL Sample VAL 370 patients COL Stateavg VAL al_scip-inf-2 ,COL Sample VAL 370 paxienxs ,1
1061,COL ProviderNumber VAL 10016 COL HospitalName VAL shelby baptist medical center COL Address1 VAL 1000 first street north COL Address2 VAL empty COL Address3 VAL empty COL City VAL alabaster COL State VAL al COL ZipCode VAL 35007 COL CountyName VAL shelby COL PhoneNumber VAL 2056208100 COL HospitalType VAL acute care hospitals COL HospitalOwner VAL voluntary non-profit - church COL EmergencyService VAL yes COL Condition VAL surgical infection prevention COL MeasureCode VAL scip-inf-2 COL MeasureName VAL surgery patients who were given the  right kind  of antibiotic to help prevent infection COL Score VAL 99% COL Sample VAL 370 patients COL Stateavg VAL al_scip-inf-2 ,COL Sample VAL 370 patients ,0
1062,COL ProviderNumber VAL 10016 COL HospitalName VAL shelby baptist medical center COL Address1 VAL 1000 first street north COL Address2 VAL empty COL Address3 VAL empty COL City VAL alabaster COL State VAL al COL ZipCode VAL 35007 COL CountyName VAL shelby COL PhoneNumber VAL 2056208100 COL HospitalType VAL acute care hospitals COL HospitalOwner VAL voluntary non-profit - church COL EmergencyService VAL yes COL Condition VAL surgical infection prevention COL MeasureCode VAL scip-inf-3 COL MeasureName VAL surgery patients whose preventive antibiotics were stopped at the right time (within 24 hours after surgery) COL Score VAL 91% COL Sample VAL 331 patients COL Stateavg VAL al_scip-inf-3 ,COL Sample VAL 331 paxienxs ,1
1063,COL ProviderNumber VAL 10016 COL HospitalName VAL shelby baptist medical center COL Address1 VAL 1000 first street north COL Address2 VAL empty COL Address3 VAL empty COL City VAL alabaster COL State VAL al COL ZipCode VAL 35007 COL CountyName VAL shelby COL PhoneNumber VAL 2056208100 COL HospitalType VAL acute care hospitals COL HospitalOwner VAL voluntary non-profit - church COL EmergencyService VAL yes COL Condition VAL surgical infection prevention COL MeasureCode VAL scip-inf-3 COL MeasureName VAL surgery patients whose preventive antibiotics were stopped at the right time (within 24 hours after surgery) COL Score VAL 91% COL Sample VAL 331 patients COL Stateavg VAL al_scip-inf-3 ,COL Sample VAL 331 patients ,0
1064,COL ProviderNumber VAL 10016 COL HospitalName VAL shelby baptist medical center COL Address1 VAL 1000 first street north COL Address2 VAL empty COL Address3 VAL empty COL City VAL alabaster COL State VAL al COL ZipCode VAL 35007 COL CountyName VAL shelby COL PhoneNumber VAL 2056208100 COL HospitalType VAL acute care hospitals COL HospitalOwner VAL voluntary non-profit - church COL EmergencyService VAL yes COL Condition VAL surgical infection prevention COL MeasureCode VAL scip-inf-6 COL MeasureName VAL surgery patients needing hair removed from the surgical area before surgery who had hair removed using a safer method (electric clippers or hair removal cream c not a razor) COL Score VAL 100% COL Sample VAL 588 patients COL Stateavg VAL al_scip-inf-6 ,COL Sample VAL 588 pxtients ,1
1065,COL ProviderNumber VAL 10016 COL HospitalName VAL shelby baptist medical center COL Address1 VAL 1000 first street north COL Address2 VAL empty COL Address3 VAL empty COL City VAL alabaster COL State VAL al COL ZipCode VAL 35007 COL CountyName VAL shelby COL PhoneNumber VAL 2056208100 COL HospitalType VAL acute care hospitals COL HospitalOwner VAL voluntary non-profit - church COL EmergencyService VAL yes COL Condition VAL surgical infection prevention COL MeasureCode VAL scip-inf-6 COL MeasureName VAL surgery patients needing hair removed from the surgical area before surgery who had hair removed using a safer method (electric clippers or hair removal cream c not a razor) COL Score VAL 100% COL Sample VAL 588 patients COL Stateavg VAL al_scip-inf-6 ,COL Sample VAL 588 patients ,0
1066,COL ProviderNumber VAL 10016 COL HospitalName VAL shelby baptist medical center COL Address1 VAL 1000 first street north COL Address2 VAL empty COL Address3 VAL empty COL City VAL alabaster COL State VAL al COL ZipCode VAL 35007 COL CountyName VAL shelby COL PhoneNumber VAL 2056208100 COL HospitalType VAL acute care hospitals COL HospitalOwner VAL voluntary non-profit - church COL EmergencyService VAL yes COL Condition VAL surgical infection prevention COL MeasureCode VAL scip-vte-1 COL MeasureName VAL surgery patients whose doctors ordered treatments to prevent blood clots after certain types of surgeries COL Score VAL 97% COL Sample VAL 226 patients COL Stateavg VAL al_scip-vte-1 ,COL Sample VAL xx6 patients ,1
1067,COL ProviderNumber VAL 10016 COL HospitalName VAL shelby baptist medical center COL Address1 VAL 1000 first street north COL Address2 VAL empty COL Address3 VAL empty COL City VAL alabaster COL State VAL al COL ZipCode VAL 35007 COL CountyName VAL shelby COL PhoneNumber VAL 2056208100 COL HospitalType VAL acute care hospitals COL HospitalOwner VAL voluntary non-profit - church COL EmergencyService VAL yes COL Condition VAL surgical infection prevention COL MeasureCode VAL scip-vte-1 COL MeasureName VAL surgery patients whose doctors ordered treatments to prevent blood clots after certain types of surgeries COL Score VAL 97% COL Sample VAL 226 patients COL Stateavg VAL al_scip-vte-1 ,COL Sample VAL 226 patients ,0
1068,COL ProviderNumber VAL 10016 COL HospitalName VAL shelby baptist medical center COL Address1 VAL 1000 first street north COL Address2 VAL empty COL Address3 VAL empty COL City VAL alabaster COL State VAL al COL ZipCode VAL 35007 COL CountyName VAL shelby COL PhoneNumber VAL 2056208100 COL HospitalType VAL acuxe care hospixals COL HospitalOwner VAL voluntary non-profit - church COL EmergencyService VAL yes COL Condition VAL surgical infection prevention COL MeasureCode VAL scip-vte-2 COL MeasureName VAL patients who got treatment  at the right time (within 24 hours before or after their surgery) to help prevent blood clots after certain types of surgery COL Score VAL 94% COL Sample VAL 225 patients COL Stateavg VAL al_scip-vte-2 ,COL Sample VAL 225 paxienxs ,1
1069,COL ProviderNumber VAL 10016 COL HospitalName VAL shelby baptist medical center COL Address1 VAL 1000 first street north COL Address2 VAL empty COL Address3 VAL empty COL City VAL alabaster COL State VAL al COL ZipCode VAL 35007 COL CountyName VAL shelby COL PhoneNumber VAL 2056208100 COL HospitalType VAL acuxe care hospixals COL HospitalOwner VAL voluntary non-profit - church COL EmergencyService VAL yes COL Condition VAL surgical infection prevention COL MeasureCode VAL scip-vte-2 COL MeasureName VAL patients who got treatment  at the right time (within 24 hours before or after their surgery) to help prevent blood clots after certain types of surgery COL Score VAL 94% COL Sample VAL 225 patients COL Stateavg VAL al_scip-vte-2 ,COL Sample VAL 225 patients ,0
1070,COL ProviderNumber VAL 10038 COL HospitalName VAL stringfellow memorial hospital COL Address1 VAL 301 east 18th st COL Address2 VAL empty COL Address3 VAL empty COL City VAL anniston COL State VAL al COL ZipCode VAL 36201 COL CountyName VAL calhoun COL PhoneNumber VAL 2562358900 COL HospitalType VAL acute care hospitals COL HospitalOwner VAL prxprietary COL EmergencyService VAL yes COL Condition VAL heart attack COL MeasureCode VAL ami-1 COL MeasureName VAL heart attack patients given aspirin at arrival COL Score VAL 98% COL Sample VAL 81 patients COL Stateavg VAL al_ami-1 ,COL Sample VAL 8x patients ,1
1071,COL ProviderNumber VAL 10038 COL HospitalName VAL stringfellow memorial hospital COL Address1 VAL 301 east 18th st COL Address2 VAL empty COL Address3 VAL empty COL City VAL anniston COL State VAL al COL ZipCode VAL 36201 COL CountyName VAL calhoun COL PhoneNumber VAL 2562358900 COL HospitalType VAL acute care hospitals COL HospitalOwner VAL prxprietary COL EmergencyService VAL yes COL Condition VAL heart attack COL MeasureCode VAL ami-1 COL MeasureName VAL heart attack patients given aspirin at arrival COL Score VAL 98% COL Sample VAL 81 patients COL Stateavg VAL al_ami-1 ,COL Sample VAL 81 patients ,0
1072,COL ProviderNumber VAL 100x8 COL HospitalName VAL stringfellow memorial hospital COL Address1 VAL 301 east 18th st COL Address2 VAL empty COL Address3 VAL empty COL City VAL anniston COL State VAL al COL ZipCode VAL 36201 COL CountyName VAL calhoun COL PhoneNumber VAL 2562358900 COL HospitalType VAL acute care hospitals COL HospitalOwner VAL proprietary COL EmergencyService VAL yes COL Condition VAL heart attack COL MeasureCode VAL ami-2 COL MeasureName VAL heart attack patients given aspirin at discharge COL Score VAL 96% COL Sample VAL 73 patients COL Stateavg VAL al_ami-2 ,COL Sample VAL 73 patixnts ,1
1073,COL ProviderNumber VAL 100x8 COL HospitalName VAL stringfellow memorial hospital COL Address1 VAL 301 east 18th st COL Address2 VAL empty COL Address3 VAL empty COL City VAL anniston COL State VAL al COL ZipCode VAL 36201 COL CountyName VAL calhoun COL PhoneNumber VAL 2562358900 COL HospitalType VAL acute care hospitals COL HospitalOwner VAL proprietary COL EmergencyService VAL yes COL Condition VAL heart attack COL MeasureCode VAL ami-2 COL MeasureName VAL heart attack patients given aspirin at discharge COL Score VAL 96% COL Sample VAL 73 patients COL Stateavg VAL al_ami-2 ,COL Sample VAL 73 patients ,0
1074,COL ProviderNumber VAL 10038 COL HospitalName VAL stringfellow memorial hospital COL Address1 VAL 301 east 18th st COL Address2 VAL empty COL Address3 VAL empty COL City VAL anniston COL State VAL al COL ZipCode VAL 36201 COL CountyName VAL calhoun COL PhoneNumber VAL 2562358900 COL HospitalType VAL acute care hospitals COL HospitalOwner VAL proprietary COL EmergencyService VAL yes COL Condition VAL heart attack COL MeasureCode VAL ami-5 COL MeasureName VAL heart attack patients given beta blocker at discharge COL Score VAL 93% COL Sample VAL 67 patients COL Stateavg VAL al_ami-5 ,COL Sample VAL 6x patients ,1
1075,COL ProviderNumber VAL 10038 COL HospitalName VAL stringfellow memorial hospital COL Address1 VAL 301 east 18th st COL Address2 VAL empty COL Address3 VAL empty COL City VAL anniston COL State VAL al COL ZipCode VAL 36201 COL CountyName VAL calhoun COL PhoneNumber VAL 2562358900 COL HospitalType VAL acute care hospitals COL HospitalOwner VAL proprietary COL EmergencyService VAL yes COL Condition VAL heart attack COL MeasureCode VAL ami-5 COL MeasureName VAL heart attack patients given beta blocker at discharge COL Score VAL 93% COL Sample VAL 67 patients COL Stateavg VAL al_ami-5 ,COL Sample VAL 67 patients ,0
1076,COL ProviderNumber VAL 10038 COL HospitalName VAL stringfellow memorial hospital COL Address1 VAL 301 east 18th st COL Address2 VAL empty COL Address3 VAL empty COL City VAL anniston COL State VAL al COL ZipCode VAL 36201 COL CountyName VAL calhoun COL PhoneNumber VAL 2562358900 COL HospitalType VAL acute care hospitals COL HospitalOwner VAL proprietary COL EmergencyService VAL yes COL Condition VAL heart failure COL MeasureCode VAL hf-1 COL MeasureName VAL heart failure patients given discharge instructions COL Score VAL 87% COL Sample VAL 142 patients COL Stateavg VAL al_hf-1 ,COL Sample VAL 142 patxents ,1
1077,COL ProviderNumber VAL 10038 COL HospitalName VAL stringfellow memorial hospital COL Address1 VAL 301 east 18th st COL Address2 VAL empty COL Address3 VAL empty COL City VAL anniston COL State VAL al COL ZipCode VAL 36201 COL CountyName VAL calhoun COL PhoneNumber VAL 2562358900 COL HospitalType VAL acute care hospitals COL HospitalOwner VAL proprietary COL EmergencyService VAL yes COL Condition VAL heart failure COL MeasureCode VAL hf-1 COL MeasureName VAL heart failure patients given discharge instructions COL Score VAL 87% COL Sample VAL 142 patients COL Stateavg VAL al_hf-1 ,COL Sample VAL 142 patients ,0
1078,COL ProviderNumber VAL 10038 COL HospitalName VAL stringfellow memorial hospital COL Address1 VAL 301 east 18th st COL Address2 VAL empty COL Address3 VAL empty COL City VAL anniston COL State VAL al COL ZipCode VAL 36201 COL CountyName VAL calhoun COL PhoneNumber VAL 256235x900 COL HospitalType VAL acute care hospitals COL HospitalOwner VAL proprietary COL EmergencyService VAL yes COL Condition VAL heart failure COL MeasureCode VAL hf-2 COL MeasureName VAL heart failure patients given an evaluation of left ventricular systolic (lvs) function COL Score VAL 100% COL Sample VAL 157 patients COL Stateavg VAL al_hf-2 ,COL Sample VAL 157 paxienxs ,1
1079,COL ProviderNumber VAL 10038 COL HospitalName VAL stringfellow memorial hospital COL Address1 VAL 301 east 18th st COL Address2 VAL empty COL Address3 VAL empty COL City VAL anniston COL State VAL al COL ZipCode VAL 36201 COL CountyName VAL calhoun COL PhoneNumber VAL 256235x900 COL HospitalType VAL acute care hospitals COL HospitalOwner VAL proprietary COL EmergencyService VAL yes COL Condition VAL heart failure COL MeasureCode VAL hf-2 COL MeasureName VAL heart failure patients given an evaluation of left ventricular systolic (lvs) function COL Score VAL 100% COL Sample VAL 157 patients COL Stateavg VAL al_hf-2 ,COL Sample VAL 157 patients ,0
1080,COL ProviderNumber VAL 10038 COL HospitalName VAL stringfellow memorial hospital COL Address1 VAL 301 east 18th st COL Address2 VAL empty COL Address3 VAL empty COL City VAL anniston COL State VAL al COL ZipCode VAL 36201 COL CountyName VAL calhoun COL PhoneNumber VAL 2562358900 COL HospitalType VAL acute care hospitals COL HospitalOwner VAL proprietary COL EmergencyService VAL yes COL Condition VAL heart failure COL MeasureCode VAL hf-3 COL MeasureName VAL heart failure patients given ace inhibitor or arb for left ventricular systolic dysfunction (lvsd) COL Score VAL 90% COL Sample VAL 49 patients COL Stateavg VAL al_hf-3 ,COL Sample VAL 49 patixnts ,1
1081,COL ProviderNumber VAL 10038 COL HospitalName VAL stringfellow memorial hospital COL Address1 VAL 301 east 18th st COL Address2 VAL empty COL Address3 VAL empty COL City VAL anniston COL State VAL al COL ZipCode VAL 36201 COL CountyName VAL calhoun COL PhoneNumber VAL 2562358900 COL HospitalType VAL acute care hospitals COL HospitalOwner VAL proprietary COL EmergencyService VAL yes COL Condition VAL heart failure COL MeasureCode VAL hf-3 COL MeasureName VAL heart failure patients given ace inhibitor or arb for left ventricular systolic dysfunction (lvsd) COL Score VAL 90% COL Sample VAL 49 patients COL Stateavg VAL al_hf-3 ,COL Sample VAL 49 patients ,0
1082,COL ProviderNumber VAL 10038 COL HospitalName VAL stringfellow memorial hospital COL Address1 VAL 301 east 18th st COL Address2 VAL empty COL Address3 VAL empty COL City VAL anniston COL State VAL al COL ZipCode VAL 36x01 COL CountyName VAL calhoun COL PhoneNumber VAL 2562358900 COL HospitalType VAL acute care hospitals COL HospitalOwner VAL proprietary COL EmergencyService VAL yes COL Condition VAL pneumonia COL MeasureCode VAL pn-3b COL MeasureName VAL pneumonia patients whose initial emergency room blood culture was performed prior to the administration of the first hospital dose of antibiotics COL Score VAL 100% COL Sample VAL 102 patients COL Stateavg VAL al_pn-3b ,COL Sample VAL x02 patients ,1
1083,COL ProviderNumber VAL 10038 COL HospitalName VAL stringfellow memorial hospital COL Address1 VAL 301 east 18th st COL Address2 VAL empty COL Address3 VAL empty COL City VAL anniston COL State VAL al COL ZipCode VAL 36x01 COL CountyName VAL calhoun COL PhoneNumber VAL 2562358900 COL HospitalType VAL acute care hospitals COL HospitalOwner VAL proprietary COL EmergencyService VAL yes COL Condition VAL pneumonia COL MeasureCode VAL pn-3b COL MeasureName VAL pneumonia patients whose initial emergency room blood culture was performed prior to the administration of the first hospital dose of antibiotics COL Score VAL 100% COL Sample VAL 102 patients COL Stateavg VAL al_pn-3b ,COL Sample VAL 102 patients ,0
1084,COL ProviderNumber VAL 10038 COL HospitalName VAL stringfellow memorial hospital COL Address1 VAL 301 east 18th st COL Address2 VAL empty COL Address3 VAL empty COL City VAL anniston COL State VAL al COL ZipCode VAL 36201 COL CountyName VAL calhoun COL PhoneNumber VAL 2562358900 COL HospitalType VAL acute care hospitals COL HospitalOwner VAL proprietary COL EmergencyService VAL yes COL Condition VAL pneumonia COL MeasureCode VAL pn-4 COL MeasureName VAL pneumonia patients given smoking cessation advice/counseling COL Score VAL 100% COL Sample VAL 83 patients COL Stateavg VAL al_pn-4 ,COL Sample VAL 83 patixnts ,1
1085,COL ProviderNumber VAL 10038 COL HospitalName VAL stringfellow memorial hospital COL Address1 VAL 301 east 18th st COL Address2 VAL empty COL Address3 VAL empty COL City VAL anniston COL State VAL al COL ZipCode VAL 36201 COL CountyName VAL calhoun COL PhoneNumber VAL 2562358900 COL HospitalType VAL acute care hospitals COL HospitalOwner VAL proprietary COL EmergencyService VAL yes COL Condition VAL pneumonia COL MeasureCode VAL pn-4 COL MeasureName VAL pneumonia patients given smoking cessation advice/counseling COL Score VAL 100% COL Sample VAL 83 patients COL Stateavg VAL al_pn-4 ,COL Sample VAL 83 patients ,0
1086,COL ProviderNumber VAL 10038 COL HospitalName VAL stringfellow memorial hospital COL Address1 VAL 301 east 18th st COL Address2 VAL empty COL Address3 VAL empty COL City VAL anniston COL State VAL al COL ZipCode VAL 36201 COL CountyName VAL calhoun COL PhoneNumber VAL 2562358900 COL HospitalType VAL acute care hospitals COL HospitalOwner VAL proprietary COL EmergencyService VAL yex COL Condition VAL pneumonia COL MeasureCode VAL pn-5c COL MeasureName VAL pneumonia patients given initial antibiotic(s) within 6 hours after arrival COL Score VAL 97% COL Sample VAL 145 patients COL Stateavg VAL al_pn-5c ,COL Sample VAL 145 paxienxs ,1
1087,COL ProviderNumber VAL 10038 COL HospitalName VAL stringfellow memorial hospital COL Address1 VAL 301 east 18th st COL Address2 VAL empty COL Address3 VAL empty COL City VAL anniston COL State VAL al COL ZipCode VAL 36201 COL CountyName VAL calhoun COL PhoneNumber VAL 2562358900 COL HospitalType VAL acute care hospitals COL HospitalOwner VAL proprietary COL EmergencyService VAL yex COL Condition VAL pneumonia COL MeasureCode VAL pn-5c COL MeasureName VAL pneumonia patients given initial antibiotic(s) within 6 hours after arrival COL Score VAL 97% COL Sample VAL 145 patients COL Stateavg VAL al_pn-5c ,COL Sample VAL 145 patients ,0
1088,COL ProviderNumber VAL 10038 COL HospitalName VAL stringfellow memorial hospital COL Address1 VAL 301 east 18th st COL Address2 VAL empty COL Address3 VAL empty COL City VAL anniston COL State VAL al COL ZipCode VAL 36201 COL CountyName VAL calhoun COL PhoneNumber VAL 2562358900 COL HospitalType VAL acute care hospitals COL HospitalOwner VAL proprietary COL EmergencyService VAL yes COL Condition VAL pneumonia COL MeasureCode VAL pn-6 COL MeasureName VAL pneumonia patients given the most appropriate initial antibiotic(s) COL Score VAL 92% COL Sample VAL 99 patients COL Stateavg VAL al_pn-6 ,COL Sample VAL xx patients ,1
1089,COL ProviderNumber VAL 10038 COL HospitalName VAL stringfellow memorial hospital COL Address1 VAL 301 east 18th st COL Address2 VAL empty COL Address3 VAL empty COL City VAL anniston COL State VAL al COL ZipCode VAL 36201 COL CountyName VAL calhoun COL PhoneNumber VAL 2562358900 COL HospitalType VAL acute care hospitals COL HospitalOwner VAL proprietary COL EmergencyService VAL yes COL Condition VAL pneumonia COL MeasureCode VAL pn-6 COL MeasureName VAL pneumonia patients given the most appropriate initial antibiotic(s) COL Score VAL 92% COL Sample VAL 99 patients COL Stateavg VAL al_pn-6 ,COL Sample VAL 99 patients ,0
1090,COL ProviderNumber VAL 10038 COL HospitalName VAL stringfellow memorial hospital COL Address1 VAL 301 east 18th st COL Address2 VAL empty COL Address3 VAL empty COL City VAL anniston COL State VAL al COL ZipCode VAL 36201 COL CountyName VAL calhoun COL PhoneNumber VAL 2562358900 COL HospitalType VAL acute care hospitals COL HospitalOwner VAL proprietary COL EmergencyService VAL yes COL Condition VAL surgical infection prevention COL MeasureCode VAL scip-card-2 COL MeasureName VAL surgery patients who were taking heart drugs called beta blockers before coming to the hospital who were kept on the beta blockers during the period just before and after their surgery COL Score VAL 83% COL Sample VAL 23 patients COL Stateavg VAL al_scip-card-2 ,COL Sample VAL 23 patiexts ,1
1091,COL ProviderNumber VAL 10038 COL HospitalName VAL stringfellow memorial hospital COL Address1 VAL 301 east 18th st COL Address2 VAL empty COL Address3 VAL empty COL City VAL anniston COL State VAL al COL ZipCode VAL 36201 COL CountyName VAL calhoun COL PhoneNumber VAL 2562358900 COL HospitalType VAL acute care hospitals COL HospitalOwner VAL proprietary COL EmergencyService VAL yes COL Condition VAL surgical infection prevention COL MeasureCode VAL scip-card-2 COL MeasureName VAL surgery patients who were taking heart drugs called beta blockers before coming to the hospital who were kept on the beta blockers during the period just before and after their surgery COL Score VAL 83% COL Sample VAL 23 patients COL Stateavg VAL al_scip-card-2 ,COL Sample VAL 23 patients ,0
1092,COL ProviderNumber VAL 10055 COL HospitalName VAL flowers hospital COL Address1 VAL 4370 west main street COL Address2 VAL empty COL Address3 VAL empty COL City VAL dothan COL State VAL al COL ZipCode VAL 36305 COL CountyName VAL houston COL PhoneNumber VAL 3347935000 COL HospitalType VAL acute care hospitals COL HospitalOwner VAL proprietary COL EmergencyService VAL yes COL Condition VAL heart failure COL MeasureCode VAL hf-2 COL MeasureName VAL heart failure patients given an evaluation of left ventricular systolic (lvs) function COL Score VAL 100% COL Sample VAL 342 patients COL Stateavg VAL al_hf-2 ,COL Sample VAL 342 xatients ,1
1093,COL ProviderNumber VAL 10055 COL HospitalName VAL flowers hospital COL Address1 VAL 4370 west main street COL Address2 VAL empty COL Address3 VAL empty COL City VAL dothan COL State VAL al COL ZipCode VAL 36305 COL CountyName VAL houston COL PhoneNumber VAL 3347935000 COL HospitalType VAL acute care hospitals COL HospitalOwner VAL proprietary COL EmergencyService VAL yes COL Condition VAL heart failure COL MeasureCode VAL hf-2 COL MeasureName VAL heart failure patients given an evaluation of left ventricular systolic (lvs) function COL Score VAL 100% COL Sample VAL 342 patients COL Stateavg VAL al_hf-2 ,COL Sample VAL 342 patients ,0
1094,COL ProviderNumber VAL 10055 COL HospitalName VAL flowers hospital COL Address1 VAL 4370 west main street COL Address2 VAL empty COL Address3 VAL empty COL City VAL dothan COL State VAL al COL ZipCode VAL 36305 COL CountyName VAL houston COL PhoneNumber VAL 3347935000 COL HospitalType VAL acute care hospitals COL HospitalOwner VAL proprietary COL EmergencyService VAL yes COL Condition VAL heart failure COL MeasureCode VAL hf-4 COL MeasureName VAL heart failure patients given smoking cessation advice/counseling COL Score VAL 100% COL Sample VAL 62 patients COL Stateavg VAL al_hf-4 ,COL Sample VAL 6x patients ,1
1095,COL ProviderNumber VAL 10055 COL HospitalName VAL flowers hospital COL Address1 VAL 4370 west main street COL Address2 VAL empty COL Address3 VAL empty COL City VAL dothan COL State VAL al COL ZipCode VAL 36305 COL CountyName VAL houston COL PhoneNumber VAL 3347935000 COL HospitalType VAL acute care hospitals COL HospitalOwner VAL proprietary COL EmergencyService VAL yes COL Condition VAL heart failure COL MeasureCode VAL hf-4 COL MeasureName VAL heart failure patients given smoking cessation advice/counseling COL Score VAL 100% COL Sample VAL 62 patients COL Stateavg VAL al_hf-4 ,COL Sample VAL 62 patients ,0
1096,COL ProviderNumber VAL 10055 COL HospitalName VAL flowers hospital COL Address1 VAL 4370xwestxmainxstreet COL Address2 VAL empty COL Address3 VAL empty COL City VAL dothan COL State VAL al COL ZipCode VAL 36305 COL CountyName VAL houston COL PhoneNumber VAL 3347935000 COL HospitalType VAL acute care hospitals COL HospitalOwner VAL proprietary COL EmergencyService VAL yes COL Condition VAL pneumonia COL MeasureCode VAL pn-2 COL MeasureName VAL pneumonia patients assessed and given pneumococcal vaccination COL Score VAL 100% COL Sample VAL 166 patients COL Stateavg VAL al_pnx2 ,COL Sample VAL 166 xatients ,1
1097,COL ProviderNumber VAL 10055 COL HospitalName VAL flowers hospital COL Address1 VAL 4370xwestxmainxstreet COL Address2 VAL empty COL Address3 VAL empty COL City VAL dothan COL State VAL al COL ZipCode VAL 36305 COL CountyName VAL houston COL PhoneNumber VAL 3347935000 COL HospitalType VAL acute care hospitals COL HospitalOwner VAL proprietary COL EmergencyService VAL yes COL Condition VAL pneumonia COL MeasureCode VAL pn-2 COL MeasureName VAL pneumonia patients assessed and given pneumococcal vaccination COL Score VAL 100% COL Sample VAL 166 patients COL Stateavg VAL al_pnx2 ,COL Sample VAL 166 patients ,0
1098,COL ProviderNumber VAL 10055 COL HospitalName VAL flowers hospital COL Address1 VAL 4370 west main street COL Address2 VAL empty COL Address3 VAL empty COL City VAL dothan COL State VAL al COL ZipCode VAL 36305 COL CountyName VAL houston COL PhoneNumber VAL 3347935000 COL HospitalType VAL acute care hospitals COL HospitalOwner VAL proprietary COL EmergencyService VAL yes COL Condition VAL pneumonia COL MeasureCode VAL pn-3b COL MeasureName VAL pneumonia patients whose initial emergency room blood culture was performed prior to the administration of the first hospital dose of antibiotics COL Score VAL 100% COL Sample VAL 152 patients COL Stateavg VAL al_pn-3b ,COL Sample VAL x52 patients ,1
1099,COL ProviderNumber VAL 10055 COL HospitalName VAL flowers hospital COL Address1 VAL 4370 west main street COL Address2 VAL empty COL Address3 VAL empty COL City VAL dothan COL State VAL al COL ZipCode VAL 36305 COL CountyName VAL houston COL PhoneNumber VAL 3347935000 COL HospitalType VAL acute care hospitals COL HospitalOwner VAL proprietary COL EmergencyService VAL yes COL Condition VAL pneumonia COL MeasureCode VAL pn-3b COL MeasureName VAL pneumonia patients whose initial emergency room blood culture was performed prior to the administration of the first hospital dose of antibiotics COL Score VAL 100% COL Sample VAL 152 patients COL Stateavg VAL al_pn-3b ,COL Sample VAL 152 patients ,0
1100,COL ProviderNumber VAL 10055 COL HospitalName VAL floxers hospital COL Address1 VAL 4370 west main street COL Address2 VAL empty COL Address3 VAL empty COL City VAL dothan COL State VAL al COL ZipCode VAL 36305 COL CountyName VAL houston COL PhoneNumber VAL 3347935000 COL HospitalType VAL acute care hospitals COL HospitalOwner VAL proprietary COL EmergencyService VAL yes COL Condition VAL pneumonia COL MeasureCode VAL pn-5c COL MeasureName VAL pneumonia patients given initial antibiotic(s) within 6 hours after arrival COL Score VAL 99% COL Sample VAL 146 patients COL Stateavg VAL al_pn-5c ,COL Sample VAL 146xpatients ,1
1101,COL ProviderNumber VAL 10055 COL HospitalName VAL floxers hospital COL Address1 VAL 4370 west main street COL Address2 VAL empty COL Address3 VAL empty COL City VAL dothan COL State VAL al COL ZipCode VAL 36305 COL CountyName VAL houston COL PhoneNumber VAL 3347935000 COL HospitalType VAL acute care hospitals COL HospitalOwner VAL proprietary COL EmergencyService VAL yes COL Condition VAL pneumonia COL MeasureCode VAL pn-5c COL MeasureName VAL pneumonia patients given initial antibiotic(s) within 6 hours after arrival COL Score VAL 99% COL Sample VAL 146 patients COL Stateavg VAL al_pn-5c ,COL Sample VAL 146 patients ,0
1102,COL ProviderNumber VAL 10055 COL HospitalName VAL flowers hospital COL Address1 VAL 4370 west main street COL Address2 VAL empty COL Address3 VAL empty COL City VAL dothan COL State VAL al COL ZipCode VAL 36305 COL CountyName VAL houston COL PhoneNumber VAL 3347935000 COL HospitalType VAL acute care hospitals COL HospitalOwner VAL proprietary COL EmergencyService VAL yes COL Condition VAL surgical infection prevention COL MeasureCode VAL scip-inf-1 COL MeasureName VAL surgery patients who were given an antibiotic at the right time (within one hour before surgery) to help prevent infection COL Score VAL 100% COL Sample VAL 950 patients COL Stateavg VAL al_scip-inf-1 ,COL Sample VAL 95x patients ,1
1103,COL ProviderNumber VAL 10055 COL HospitalName VAL flowers hospital COL Address1 VAL 4370 west main street COL Address2 VAL empty COL Address3 VAL empty COL City VAL dothan COL State VAL al COL ZipCode VAL 36305 COL CountyName VAL houston COL PhoneNumber VAL 3347935000 COL HospitalType VAL acute care hospitals COL HospitalOwner VAL proprietary COL EmergencyService VAL yes COL Condition VAL surgical infection prevention COL MeasureCode VAL scip-inf-1 COL MeasureName VAL surgery patients who were given an antibiotic at the right time (within one hour before surgery) to help prevent infection COL Score VAL 100% COL Sample VAL 950 patients COL Stateavg VAL al_scip-inf-1 ,COL Sample VAL 950 patients ,0
1104,COL ProviderNumber VAL 10055 COL HospitalName VAL flowers hospital COL Address1 VAL 4370 west main street COL Address2 VAL empty COL Address3 VAL empty COL City VAL dothan COL State VAL al COL ZipCode VAL 36305 COL CountyName VAL houston COL PhoneNumber VAL xx479x5000 COL HospitalType VAL acute care hospitals COL HospitalOwner VAL proprietary COL EmergencyService VAL yes COL Condition VAL surgical infection prevention COL MeasureCode VAL scip-inf-2 COL MeasureName VAL surgery patients who were given the  right kind  of antibiotic to help prevent infection COL Score VAL 100% COL Sample VAL 957 patients COL Stateavg VAL al_scip-inf-2 ,COL Sample VAL 957 xatients ,1
1105,COL ProviderNumber VAL 10055 COL HospitalName VAL flowers hospital COL Address1 VAL 4370 west main street COL Address2 VAL empty COL Address3 VAL empty COL City VAL dothan COL State VAL al COL ZipCode VAL 36305 COL CountyName VAL houston COL PhoneNumber VAL xx479x5000 COL HospitalType VAL acute care hospitals COL HospitalOwner VAL proprietary COL EmergencyService VAL yes COL Condition VAL surgical infection prevention COL MeasureCode VAL scip-inf-2 COL MeasureName VAL surgery patients who were given the  right kind  of antibiotic to help prevent infection COL Score VAL 100% COL Sample VAL 957 patients COL Stateavg VAL al_scip-inf-2 ,COL Sample VAL 957 patients ,0
1106,COL ProviderNumber VAL 10055 COL HospitalName VAL flowers hospital COL Address1 VAL 4370 west main street COL Address2 VAL empty COL Address3 VAL empty COL City VAL dothan COL State VAL al COL ZipCode VAL 36305 COL CountyName VAL houston COL PhoneNumber VAL 3347935000 COL HospitalType VAL acute care hospitals COL HospitalOwner VAL proprietary COL EmergencyService VAL yes COL Condition VAL surgical infection prevention COL MeasureCode VAL scip-inf-3 COL MeasureName VAL surgery patients whose preventive antibiotics were stopped at the right time (within 24 hours after surgery) COL Score VAL 99% COL Sample VAL 882 patients COL Stateavg VAL al_scip-inf-3 ,COL Sample VAL 882 paxienxs ,1
1107,COL ProviderNumber VAL 10055 COL HospitalName VAL flowers hospital COL Address1 VAL 4370 west main street COL Address2 VAL empty COL Address3 VAL empty COL City VAL dothan COL State VAL al COL ZipCode VAL 36305 COL CountyName VAL houston COL PhoneNumber VAL 3347935000 COL HospitalType VAL acute care hospitals COL HospitalOwner VAL proprietary COL EmergencyService VAL yes COL Condition VAL surgical infection prevention COL MeasureCode VAL scip-inf-3 COL MeasureName VAL surgery patients whose preventive antibiotics were stopped at the right time (within 24 hours after surgery) COL Score VAL 99% COL Sample VAL 882 patients COL Stateavg VAL al_scip-inf-3 ,COL Sample VAL 882 patients ,0
1108,COL ProviderNumber VAL 10055 COL HospitalName VAL flowers hospital COL Address1 VAL 4370 west main street COL Address2 VAL empty COL Address3 VAL empty COL City VAL dothan COL State VAL al COL ZipCode VAL 36305 COL CountyName VAL houston COL PhoneNumber VAL 3347935000 COL HospitalType VAL acute care hospitals COL HospitalOwner VAL proprietary COL EmergencyService VAL yes COL Condition VAL surgical infection prevention COL MeasureCode VAL scip-inf-6 COL MeasureName VAL surgery patients needing hair removed from the surgical area before surgery who had hair removed using a safer method (electric clippers or hair removal cream c not a razor) COL Score VAL 100% COL Sample VAL 1295 patients COL Stateavg VAL al_scip-inf-6 ,COL Sample VAL 1295 paxienxs ,1
1109,COL ProviderNumber VAL 10055 COL HospitalName VAL flowers hospital COL Address1 VAL 4370 west main street COL Address2 VAL empty COL Address3 VAL empty COL City VAL dothan COL State VAL al COL ZipCode VAL 36305 COL CountyName VAL houston COL PhoneNumber VAL 3347935000 COL HospitalType VAL acute care hospitals COL HospitalOwner VAL proprietary COL EmergencyService VAL yes COL Condition VAL surgical infection prevention COL MeasureCode VAL scip-inf-6 COL MeasureName VAL surgery patients needing hair removed from the surgical area before surgery who had hair removed using a safer method (electric clippers or hair removal cream c not a razor) COL Score VAL 100% COL Sample VAL 1295 patients COL Stateavg VAL al_scip-inf-6 ,COL Sample VAL 1295 patients ,0
1110,COL ProviderNumber VAL 10055 COL HospitalName VAL flowers hospital COL Address1 VAL 4370 west main street COL Address2 VAL empty COL Address3 VAL empty COL City VAL dothan COL State VAL al COL ZipCode VAL 36305 COL CountyName VAL housxon COL PhoneNumber VAL 3347935000 COL HospitalType VAL acute care hospitals COL HospitalOwner VAL proprietary COL EmergencyService VAL yes COL Condition VAL surgical infection prevention COL MeasureCode VAL scip-vte-1 COL MeasureName VAL surgery pxtients whose doctors ordered trextments to prevent blood clots xfter certxin types of surgeries COL Score VAL 100% COL Sample VAL 497 patients COL Stateavg VAL al_scip-vte-1 ,COL Sample VAL 497 paxienxs ,1
1111,COL ProviderNumber VAL 10055 COL HospitalName VAL flowers hospital COL Address1 VAL 4370 west main street COL Address2 VAL empty COL Address3 VAL empty COL City VAL dothan COL State VAL al COL ZipCode VAL 36305 COL CountyName VAL housxon COL PhoneNumber VAL 3347935000 COL HospitalType VAL acute care hospitals COL HospitalOwner VAL proprietary COL EmergencyService VAL yes COL Condition VAL surgical infection prevention COL MeasureCode VAL scip-vte-1 COL MeasureName VAL surgery pxtients whose doctors ordered trextments to prevent blood clots xfter certxin types of surgeries COL Score VAL 100% COL Sample VAL 497 patients COL Stateavg VAL al_scip-vte-1 ,COL Sample VAL 497 patients ,0
1112,COL ProviderNumber VAL 10056 COL HospitalName VAL st vincents hospital COL Address1 VAL 810 st vincents drive COL Address2 VAL empty COL Address3 VAL empty COL City VAL birmingham COL State VAL al COL ZipCode VAL 35205 COL CountyName VAL jefferson COL PhoneNumber VAL 2059397000 COL HospitalType VAL acute care hospitals COL HospitalOwner VAL voluntary non-profit - other COL EmergencyService VAL yes COL Condition VAL heart attack COL MeasureCode VAL amix2 COL MeasureName VAL heart attack patients given aspirin at discharge COL Score VAL 98% COL Sample VAL 260 patients COL Stateavg VAL al_ami-2 ,COL Sample VAL 260 paxienxs ,1
1113,COL ProviderNumber VAL 10056 COL HospitalName VAL st vincents hospital COL Address1 VAL 810 st vincents drive COL Address2 VAL empty COL Address3 VAL empty COL City VAL birmingham COL State VAL al COL ZipCode VAL 35205 COL CountyName VAL jefferson COL PhoneNumber VAL 2059397000 COL HospitalType VAL acute care hospitals COL HospitalOwner VAL voluntary non-profit - other COL EmergencyService VAL yes COL Condition VAL heart attack COL MeasureCode VAL amix2 COL MeasureName VAL heart attack patients given aspirin at discharge COL Score VAL 98% COL Sample VAL 260 patients COL Stateavg VAL al_ami-2 ,COL Sample VAL 260 patients ,0
1114,COL ProviderNumber VAL 10085 COL HospitalName VAL decatur general hospital COL Address1 VAL 1201 7th street se COL Address2 VAL empty COL Address3 VAL empty COL City VAL decatur COL State VAL al COL ZipCode VAL 35609 COL CountyName VAL morgan COL PhoneNumber VAL 2563412000 COL HospitalType VAL acute care hospitals COL HospitalOwner VAL government - hospital district or authority COL EmergencyService VAL yes COL Condition VAL surgical infection prevention COL MeasureCode VAL scip-vte-2 COL MeasureName VAL patients who got treatment  at the right time (within 24 hours before or after their surgery) to help prevent blood clots after certain types of surgery COL Score VAL 87% COL Sample VAL 205 patients COL Stateavg VAL al_scip-vte-2 ,COL Sample VAL 205 pxtients ,1
1115,COL ProviderNumber VAL 10085 COL HospitalName VAL decatur general hospital COL Address1 VAL 1201 7th street se COL Address2 VAL empty COL Address3 VAL empty COL City VAL decatur COL State VAL al COL ZipCode VAL 35609 COL CountyName VAL morgan COL PhoneNumber VAL 2563412000 COL HospitalType VAL acute care hospitals COL HospitalOwner VAL government - hospital district or authority COL EmergencyService VAL yes COL Condition VAL surgical infection prevention COL MeasureCode VAL scip-vte-2 COL MeasureName VAL patients who got treatment  at the right time (within 24 hours before or after their surgery) to help prevent blood clots after certain types of surgery COL Score VAL 87% COL Sample VAL 205 patients COL Stateavg VAL al_scip-vte-2 ,COL Sample VAL 205 patients ,0
1116,COL ProviderNumber VAL 10086 COL HospitalName VAL northwest medical center COL Address1 VAL 1530 u s highway 43 COL Address2 VAL empty COL Address3 VAL empty COL City VAL winfield COL State VAL al COL ZipCode VAL 35594 COL CountyName VAL marion COL PhoneNumber VAL 2054877736 COL HospitalType VAL acute care hospitals COL HospitalOwner VAL proprietary COL EmergencyService VAL yes COL Condition VAL surgical infection prevention COL MeasureCode VAL scip-card-2 COL MeasureName VAL surgery patients who were taking heart drugs called beta blockers before coming to the hospital who were kept on the beta blockers during the period just before and after their surgery COL Score VAL 89% COL Sample VAL 19 patients COL Stateavg VAL al_scip-card-2 ,COL Sample VAL 19 patxents ,1
1117,COL ProviderNumber VAL 10086 COL HospitalName VAL northwest medical center COL Address1 VAL 1530 u s highway 43 COL Address2 VAL empty COL Address3 VAL empty COL City VAL winfield COL State VAL al COL ZipCode VAL 35594 COL CountyName VAL marion COL PhoneNumber VAL 2054877736 COL HospitalType VAL acute care hospitals COL HospitalOwner VAL proprietary COL EmergencyService VAL yes COL Condition VAL surgical infection prevention COL MeasureCode VAL scip-card-2 COL MeasureName VAL surgery patients who were taking heart drugs called beta blockers before coming to the hospital who were kept on the beta blockers during the period just before and after their surgery COL Score VAL 89% COL Sample VAL 19 patients COL Stateavg VAL al_scip-card-2 ,COL Sample VAL 19 patients ,0
1118,COL ProviderNumber VAL 10086 COL HospitalName VAL northwest medical center COL Address1 VAL 1530 u s highway 43 COL Address2 VAL empty COL Address3 VAL empty COL City VAL winfield COL State VAL al COL ZipCode VAL 35594 COL CountyName VAL marion COL PhoneNumber VAL 2054877736 COL HospitalType VAL acute care hospitals COL HospitalOwner VAL proprietary COL EmergencyService VAL yes COL Condition VAL surgical infection prevention COL MeasureCode VAL scip-vte-1 COL MeasureName VAL surgery patients whose doctors ordered treatments to prevent blood clots after certain types of surgeries COL Score VAL 95% COL Sample VAL 58 patients COL Stateavg VAL al_scip-vte-1 ,COL Sample VAL 58 patxents ,1
1119,COL ProviderNumber VAL 10086 COL HospitalName VAL northwest medical center COL Address1 VAL 1530 u s highway 43 COL Address2 VAL empty COL Address3 VAL empty COL City VAL winfield COL State VAL al COL ZipCode VAL 35594 COL CountyName VAL marion COL PhoneNumber VAL 2054877736 COL HospitalType VAL acute care hospitals COL HospitalOwner VAL proprietary COL EmergencyService VAL yes COL Condition VAL surgical infection prevention COL MeasureCode VAL scip-vte-1 COL MeasureName VAL surgery patients whose doctors ordered treatments to prevent blood clots after certain types of surgeries COL Score VAL 95% COL Sample VAL 58 patients COL Stateavg VAL al_scip-vte-1 ,COL Sample VAL 58 patients ,0
1120,COL ProviderNumber VAL 10087 COL HospitalName VAL univ of south alabama medical center COL Address1 VAL 2451 fillingim street COL Address2 VAL empty COL Address3 VAL empty COL City VAL mobile COL State VAL al COL ZipCode VAL 36617 COL CountyName VAL mobile COL PhoneNumber VAL 2514717110 COL HospitalType VAL acute care hospitals COL HospitalOwner VAL government - state COL EmergencyService VAL yes COL Condition VAL heart attack COL MeasureCode VAL ami-1 COL MeasureName VAL heart attack patients given aspirin at arrival COL Score VAL 99% COL Sample VAL 86 patients COL Stateavg VAL al_ami-1 ,COL Sample VAL 86 patixnts ,1
1121,COL ProviderNumber VAL 10087 COL HospitalName VAL univ of south alabama medical center COL Address1 VAL 2451 fillingim street COL Address2 VAL empty COL Address3 VAL empty COL City VAL mobile COL State VAL al COL ZipCode VAL 36617 COL CountyName VAL mobile COL PhoneNumber VAL 2514717110 COL HospitalType VAL acute care hospitals COL HospitalOwner VAL government - state COL EmergencyService VAL yes COL Condition VAL heart attack COL MeasureCode VAL ami-1 COL MeasureName VAL heart attack patients given aspirin at arrival COL Score VAL 99% COL Sample VAL 86 patients COL Stateavg VAL al_ami-1 ,COL Sample VAL 86 patients ,0
1122,COL ProviderNumber VAL 10087 COL HospitalName VAL univ of south alabama medical center COL Address1 VAL 2451 fillingim street COL Address2 VAL empty COL Address3 VAL empty COL City VAL mobile COL State VAL al COL ZipCode VAL 36617 COL CountyName VAL mobile COL PhoneNumber VAL 25x47x7xx0 COL HospitalType VAL acute care hospitals COL HospitalOwner VAL government - state COL EmergencyService VAL yes COL Condition VAL heart attack COL MeasureCode VAL ami-3 COL MeasureName VAL heart attack patients given ace inhibitor or arb for left ventricular systolic dysfunction (lvsd) COL Score VAL 100% COL Sample VAL 22 patients COL Stateavg VAL al_ami-3 ,COL Sample VAL 22 patixnts ,1
1123,COL ProviderNumber VAL 10087 COL HospitalName VAL univ of south alabama medical center COL Address1 VAL 2451 fillingim street COL Address2 VAL empty COL Address3 VAL empty COL City VAL mobile COL State VAL al COL ZipCode VAL 36617 COL CountyName VAL mobile COL PhoneNumber VAL 25x47x7xx0 COL HospitalType VAL acute care hospitals COL HospitalOwner VAL government - state COL EmergencyService VAL yes COL Condition VAL heart attack COL MeasureCode VAL ami-3 COL MeasureName VAL heart attack patients given ace inhibitor or arb for left ventricular systolic dysfunction (lvsd) COL Score VAL 100% COL Sample VAL 22 patients COL Stateavg VAL al_ami-3 ,COL Sample VAL 22 patients ,0
1124,COL ProviderNumber VAL 10087 COL HospitalName VAL univ of south alabama medical center COL Address1 VAL 2451 fillingim street COL Address2 VAL empty COL Address3 VAL empty COL City VAL mobile COL State VAL al COL ZipCode VAL 36617 COL CountyName VAL mobile COL PhoneNumber VAL 2514717110 COL HospitalType VAL acute care hospitals COL HospitalOwner VAL government - state COL EmergencyService VAL yes COL Condition VAL heart failure COL MeasureCode VAL hf-2 COL MeasureName VAL heart failure patients given an evaluation of left ventricular systolic (lvs) function COL Score VAL 98% COL Sample VAL 150 patients COL Stateavg VAL al_hx-2 ,COL Sample VAL 15x patients ,1
1125,COL ProviderNumber VAL 10087 COL HospitalName VAL univ of south alabama medical center COL Address1 VAL 2451 fillingim street COL Address2 VAL empty COL Address3 VAL empty COL City VAL mobile COL State VAL al COL ZipCode VAL 36617 COL CountyName VAL mobile COL PhoneNumber VAL 2514717110 COL HospitalType VAL acute care hospitals COL HospitalOwner VAL government - state COL EmergencyService VAL yes COL Condition VAL heart failure COL MeasureCode VAL hf-2 COL MeasureName VAL heart failure patients given an evaluation of left ventricular systolic (lvs) function COL Score VAL 98% COL Sample VAL 150 patients COL Stateavg VAL al_hx-2 ,COL Sample VAL 150 patients ,0
1126,COL ProviderNumber VAL 10108 COL HospitalName VAL prattville baptist hospital COL Address1 VAL 124 s memorial dr COL Address2 VAL empty COL Address3 VAL empty COL City VAL prattville COL State VAL al COL ZipCode VAL 36067 COL CountyName VAL autauga COL PhoneNumber VAL 3343614267 COL HospitalType VAL acute care hospitals COL HospitalOwner VAL voluntary non-profit - private COL EmergencyService VAL yes COL Condition VAL heart failure COL MeasureCode VAL hx-1 COL MeasureName VAL heart failure patients given discharge instructions COL Score VAL 96% COL Sample VAL 75 patients COL Stateavg VAL al_hf-1 ,COL Sample VAL 75 patientx ,1
1127,COL ProviderNumber VAL 10108 COL HospitalName VAL prattville baptist hospital COL Address1 VAL 124 s memorial dr COL Address2 VAL empty COL Address3 VAL empty COL City VAL prattville COL State VAL al COL ZipCode VAL 36067 COL CountyName VAL autauga COL PhoneNumber VAL 3343614267 COL HospitalType VAL acute care hospitals COL HospitalOwner VAL voluntary non-profit - private COL EmergencyService VAL yes COL Condition VAL heart failure COL MeasureCode VAL hx-1 COL MeasureName VAL heart failure patients given discharge instructions COL Score VAL 96% COL Sample VAL 75 patients COL Stateavg VAL al_hf-1 ,COL Sample VAL 75 patients ,0
1128,COL ProviderNumber VAL 10108 COL HospitalName VAL prattville baptist hospital COL Address1 VAL 124 s memorial dr COL Address2 VAL empty COL Address3 VAL empty COL City VAL prattville COL State VAL al COL ZipCode VAL 36067 COL CountyName VAL autauga COL PhoneNumber VAL 3343614267 COL HospitalType VAL acute care hospitals COL HospitalOwner VAL voluntary non-profit - private COL EmergencyService VAL yes COL Condition VAL heart failure COL MeasureCode VAL hf-2 COL MeasureName VAL heart failure patients given an evaluation of left ventricular systolic (lvs) function COL Score VAL 94% COL Sample VAL 93 patients COL Stateavg VAL al_hf-2 ,COL Sample VAL 93 paxienxs ,1
1129,COL ProviderNumber VAL 10108 COL HospitalName VAL prattville baptist hospital COL Address1 VAL 124 s memorial dr COL Address2 VAL empty COL Address3 VAL empty COL City VAL prattville COL State VAL al COL ZipCode VAL 36067 COL CountyName VAL autauga COL PhoneNumber VAL 3343614267 COL HospitalType VAL acute care hospitals COL HospitalOwner VAL voluntary non-profit - private COL EmergencyService VAL yes COL Condition VAL heart failure COL MeasureCode VAL hf-2 COL MeasureName VAL heart failure patients given an evaluation of left ventricular systolic (lvs) function COL Score VAL 94% COL Sample VAL 93 patients COL Stateavg VAL al_hf-2 ,COL Sample VAL 93 patients ,0
1130,COL ProviderNumber VAL 10108 COL HospitalName VAL prattville baptist hospital COL Address1 VAL 124 s memorial dr COL Address2 VAL empty COL Address3 VAL empty COL City VAL prattville COL State VAL al COL ZipCode VAL 36067 COL CountyName VAL autauga COL PhoneNumber VAL 3343614267 COL HospitalType VAL acute care hospitals COL HospitalOwner VAL voluntary non-profit - private COL EmergencyService VAL yes COL Condition VAL hxart failurx COL MeasureCode VAL hf-3 COL MeasureName VAL heart failure patients given ace inhibitor or arb for left ventricular systolic dysfunction (lvsd) COL Score VAL 94% COL Sample VAL 18 patients COL Stateavg VAL al_hf-3 ,COL Sample VAL 18 paxienxs ,1
1131,COL ProviderNumber VAL 10108 COL HospitalName VAL prattville baptist hospital COL Address1 VAL 124 s memorial dr COL Address2 VAL empty COL Address3 VAL empty COL City VAL prattville COL State VAL al COL ZipCode VAL 36067 COL CountyName VAL autauga COL PhoneNumber VAL 3343614267 COL HospitalType VAL acute care hospitals COL HospitalOwner VAL voluntary non-profit - private COL EmergencyService VAL yes COL Condition VAL hxart failurx COL MeasureCode VAL hf-3 COL MeasureName VAL heart failure patients given ace inhibitor or arb for left ventricular systolic dysfunction (lvsd) COL Score VAL 94% COL Sample VAL 18 patients COL Stateavg VAL al_hf-3 ,COL Sample VAL 18 patients ,0
1132,COL ProviderNumber VAL 10164 COL HospitalName VAL coosa valley medical center COL Address1 VAL 315 w hickory st COL Address2 VAL empty COL Address3 VAL empty COL City VAL sylacauga COL State VAL al COL ZipCode VAL 35150 COL CountyName VAL talladega COL PhoneNumber VAL 2562495000 COL HospitalType VAL acute care hospitals COL HospitalOwner VAL voluntary non-profit - other COL EmergencyService VAL no COL Condition VAL heart failure COL MeasureCode VAL hf-1 COL MeasureName VAL heart failure patients given discharge instructions COL Score VAL 77% COL Sample VAL 78 patients COL Stateavg VAL al_hf-1 ,COL Sample VAL 78xpatients ,1
1133,COL ProviderNumber VAL 10164 COL HospitalName VAL coosa valley medical center COL Address1 VAL 315 w hickory st COL Address2 VAL empty COL Address3 VAL empty COL City VAL sylacauga COL State VAL al COL ZipCode VAL 35150 COL CountyName VAL talladega COL PhoneNumber VAL 2562495000 COL HospitalType VAL acute care hospitals COL HospitalOwner VAL voluntary non-profit - other COL EmergencyService VAL no COL Condition VAL heart failure COL MeasureCode VAL hf-1 COL MeasureName VAL heart failure patients given discharge instructions COL Score VAL 77% COL Sample VAL 78 patients COL Stateavg VAL al_hf-1 ,COL Sample VAL 78 patients ,0
1134,COL ProviderNumber VAL 10164 COL HospitalName VAL coosa valley medical center COL Address1 VAL 315 w hickory st COL Address2 VAL empty COL Address3 VAL empty COL City VAL sylacauga COL State VAL al COL ZipCode VAL 35150 COL CountyName VAL talladega COL PhoneNumber VAL 2562495000 COL HospitalType VAL acute care hospitals COL HospitalOwner VAL voluntary non-profit - other COL EmergencyService VAL no COL Condition VAL heart failure COL MeasureCode VAL hf-2 COL MeasureName VAL heart failure patients given an evaluation of left ventricular systolic (lvs) function COL Score VAL 99% COL Sample VAL 105 patients COL Stateavg VAL al_hf-2 ,COL Sample VAL 10x patients ,1
1135,COL ProviderNumber VAL 10164 COL HospitalName VAL coosa valley medical center COL Address1 VAL 315 w hickory st COL Address2 VAL empty COL Address3 VAL empty COL City VAL sylacauga COL State VAL al COL ZipCode VAL 35150 COL CountyName VAL talladega COL PhoneNumber VAL 2562495000 COL HospitalType VAL acute care hospitals COL HospitalOwner VAL voluntary non-profit - other COL EmergencyService VAL no COL Condition VAL heart failure COL MeasureCode VAL hf-2 COL MeasureName VAL heart failure patients given an evaluation of left ventricular systolic (lvs) function COL Score VAL 99% COL Sample VAL 105 patients COL Stateavg VAL al_hf-2 ,COL Sample VAL 105 patients ,0
1136,COL ProviderNumber VAL 10164 COL HospitalName VAL coosa valley medical center COL Address1 VAL 315 w hickory st COL Address2 VAL empty COL Address3 VAL empty COL City VAL sylacauga COL State VAL al COL ZipCode VAL 35150 COL CountyName VAL talladega COL PhoneNumber VAL 2562495000 COL HospitalType VAL acute care hospitals COL HospitalOwner VAL voluntary non-profit - other COL EmergencyService VAL no COL Condition VAL pneumonia COL MeasureCode VAL pn-3b COL MeasureName VAL pneumonia patients whose initial emergency room blood culture was performed prior to the administration of the first hospital dose of antibiotics COL Score VAL x7% COL Sample VAL 95 patients COL Stateavg VAL al_pn-3b ,COL Sample VAL 95xpatients ,1
1137,COL ProviderNumber VAL 10164 COL HospitalName VAL coosa valley medical center COL Address1 VAL 315 w hickory st COL Address2 VAL empty COL Address3 VAL empty COL City VAL sylacauga COL State VAL al COL ZipCode VAL 35150 COL CountyName VAL talladega COL PhoneNumber VAL 2562495000 COL HospitalType VAL acute care hospitals COL HospitalOwner VAL voluntary non-profit - other COL EmergencyService VAL no COL Condition VAL pneumonia COL MeasureCode VAL pn-3b COL MeasureName VAL pneumonia patients whose initial emergency room blood culture was performed prior to the administration of the first hospital dose of antibiotics COL Score VAL x7% COL Sample VAL 95 patients COL Stateavg VAL al_pn-3b ,COL Sample VAL 95 patients ,0
1138,COL ProviderNumber VAL 10164 COL HospitalName VAL coosa valley medical center COL Address1 VAL 315 w hickory st COL Address2 VAL empty COL Address3 VAL empty COL City VAL sylacauga COL State VAL al COL ZipCode VAL 35150 COL CountyName VAL talladega COL PhoneNumber VAL 2562495000 COL HospitalType VAL acute care hospitals COL HospitalOwner VAL voluntary non-profit - other COL EmergencyService VAL no COL Condition VAL pneumonia COL MeasureCode VAL pn-4 COL MeasureName VAL pneumonia patients given smoking cessation advice/counseling COL Score VAL 100% COL Sample VAL 47 patients COL Stateavg VAL al_pn-4 ,COL Sample VAL 47 patxents ,1
1139,COL ProviderNumber VAL 10164 COL HospitalName VAL coosa valley medical center COL Address1 VAL 315 w hickory st COL Address2 VAL empty COL Address3 VAL empty COL City VAL sylacauga COL State VAL al COL ZipCode VAL 35150 COL CountyName VAL talladega COL PhoneNumber VAL 2562495000 COL HospitalType VAL acute care hospitals COL HospitalOwner VAL voluntary non-profit - other COL EmergencyService VAL no COL Condition VAL pneumonia COL MeasureCode VAL pn-4 COL MeasureName VAL pneumonia patients given smoking cessation advice/counseling COL Score VAL 100% COL Sample VAL 47 patients COL Stateavg VAL al_pn-4 ,COL Sample VAL 47 patients ,0
1140,COL ProviderNumber VAL 20017 COL HospitalName VAL alaska regional hospital COL Address1 VAL 2801 debarr road COL Address2 VAL empty COL Address3 VAL empty COL City VAL anchorage COL State VAL ak COL ZipCode VAL 99508 COL CountyName VAL anchorage COL PhoneNumber VAL 9072761131 COL HospitalType VAL acute care hospitals COL HospitalOwner VAL proprietary COL EmergencyService VAL yes COL Condition VAL pneumonia COL MeasureCode VAL pn-7 COL MeasureName VAL pneumonia patients assessed and given influenza vaccination COL Score VAL 90% COL Sample VAL 29 patients COL Stateavg VAL ak_pn-7 ,COL Sample VAL 29 patxents ,1
1141,COL ProviderNumber VAL 20017 COL HospitalName VAL alaska regional hospital COL Address1 VAL 2801 debarr road COL Address2 VAL empty COL Address3 VAL empty COL City VAL anchorage COL State VAL ak COL ZipCode VAL 99508 COL CountyName VAL anchorage COL PhoneNumber VAL 9072761131 COL HospitalType VAL acute care hospitals COL HospitalOwner VAL proprietary COL EmergencyService VAL yes COL Condition VAL pneumonia COL MeasureCode VAL pn-7 COL MeasureName VAL pneumonia patients assessed and given influenza vaccination COL Score VAL 90% COL Sample VAL 29 patients COL Stateavg VAL ak_pn-7 ,COL Sample VAL 29 patients ,0
1142,COL ProviderNumber VAL 20017 COL HospitalName VAL alaska regional hospital COL Address1 VAL 2801 debarr road COL Address2 VAL empty COL Address3 VAL empty COL City VAL anchorage COL State VAL ak COL ZipCode VAL 99508 COL CountyName VAL anchorage COL PhoneNumber VAL 9072761131 COL HospitalType VAL acute care hospitals COL HospitalOwner VAL proprietary COL EmergencyService VAL yes COL Condition VAL surgical infection prevention COL MeasureCode VAL scip-card-2 COL MeasureName VAL surgery patients who were taking heart drugs called beta blockers before coming to the hospital who were kept on the beta blockers during the period just before and after their surgery COL Score VAL 87% COL Sample VAL 106 patients COL Stateavg VAL ak_scip-card-2 ,COL Sample VAL 106 patixnts ,1
1143,COL ProviderNumber VAL 20017 COL HospitalName VAL alaska regional hospital COL Address1 VAL 2801 debarr road COL Address2 VAL empty COL Address3 VAL empty COL City VAL anchorage COL State VAL ak COL ZipCode VAL 99508 COL CountyName VAL anchorage COL PhoneNumber VAL 9072761131 COL HospitalType VAL acute care hospitals COL HospitalOwner VAL proprietary COL EmergencyService VAL yes COL Condition VAL surgical infection prevention COL MeasureCode VAL scip-card-2 COL MeasureName VAL surgery patients who were taking heart drugs called beta blockers before coming to the hospital who were kept on the beta blockers during the period just before and after their surgery COL Score VAL 87% COL Sample VAL 106 patients COL Stateavg VAL ak_scip-card-2 ,COL Sample VAL 106 patients ,0
1144,COL ProviderNumber VAL 20017 COL HospitalName VAL alaska regional hospital COL Address1 VAL 2801 debarr road COL Address2 VAL empty COL Address3 VAL empty COL City VAL anchorage COL State VAL ak COL ZipCode VAL 99508 COL CountyName VAL anchorage COL PhoneNumber VAL 9072761131 COL HospitalType VAL acute care hospitals COL HospitalOwner VAL proprietary COL EmergencyService VAL yes COL Condition VAL surgical infection prevention COL MeasureCode VAL scip-inf-1 COL MeasureName VAL surgery patients who were given an antibiotic at the right time (within one hour before surgery) to help prevent infection COL Score VAL 96% COL Sample VAL 513 patients COL Stateavg VAL ak_scip-inf-1 ,COL Sample VAL 513 patientx ,1
1145,COL ProviderNumber VAL 20017 COL HospitalName VAL alaska regional hospital COL Address1 VAL 2801 debarr road COL Address2 VAL empty COL Address3 VAL empty COL City VAL anchorage COL State VAL ak COL ZipCode VAL 99508 COL CountyName VAL anchorage COL PhoneNumber VAL 9072761131 COL HospitalType VAL acute care hospitals COL HospitalOwner VAL proprietary COL EmergencyService VAL yes COL Condition VAL surgical infection prevention COL MeasureCode VAL scip-inf-1 COL MeasureName VAL surgery patients who were given an antibiotic at the right time (within one hour before surgery) to help prevent infection COL Score VAL 96% COL Sample VAL 513 patients COL Stateavg VAL ak_scip-inf-1 ,COL Sample VAL 513 patients ,0
1146,COL ProviderNumber VAL 20017 COL HospitalName VAL alaska regional hospital COL Address1 VAL 2801 debarr road COL Address2 VAL empty COL Address3 VAL empty COL City VAL anchorage COL State VAL ak COL ZipCode VAL 99508 COL CountyName VAL anchorage COL PhoneNumber VAL 9072761131 COL HospitalType VAL acute care hospitals COL HospitalOwner VAL proprietary COL EmergencyService VAL yes COL Condition VAL surgical infection prevention COL MeasureCode VAL scip-inf-3 COL MeasureName VAL surgery patients whose preventive antibiotics were stopped at the right time (within 24 hours after surgery) COL Score VAL 88% COL Sample VAL 499 patients COL Stateavg VAL ak_scip-inf-3 ,COL Sample VAL 499 pxtients ,1
1147,COL ProviderNumber VAL 20017 COL HospitalName VAL alaska regional hospital COL Address1 VAL 2801 debarr road COL Address2 VAL empty COL Address3 VAL empty COL City VAL anchorage COL State VAL ak COL ZipCode VAL 99508 COL CountyName VAL anchorage COL PhoneNumber VAL 9072761131 COL HospitalType VAL acute care hospitals COL HospitalOwner VAL proprietary COL EmergencyService VAL yes COL Condition VAL surgical infection prevention COL MeasureCode VAL scip-inf-3 COL MeasureName VAL surgery patients whose preventive antibiotics were stopped at the right time (within 24 hours after surgery) COL Score VAL 88% COL Sample VAL 499 patients COL Stateavg VAL ak_scip-inf-3 ,COL Sample VAL 499 patients ,0
1148,COL ProviderNumber VAL 20017 COL HospitalName VAL alaska regional hospital COL Address1 VAL 2801 debarr road COL Address2 VAL empty COL Address3 VAL empty COL City VAL anchorage COL State VAL ak COL ZipCode VAL 99508 COL CountyName VAL anchorage COL PhoneNumber VAL 9072761131 COL HospitalType VAL acute care hospitals COL HospitalOwner VAL proprietary COL EmergencyService VAL yes COL Condition VAL surgical infection prevention COL MeasureCode VAL scip-inf-6 COL MeasureName VAL surgeryxpatientsxneedingxhairxremovedxfromxthexsurgicalxareaxbeforexsurgery& xwhoxhadxhairxremovedxusingxaxsaferxmethodx(electricxclippersxorxhairxremovalxcreamxï¿½cxnotxaxrazor) COL Score VAL 100% COL Sample VAL 690 patients COL Stateavg VAL ak_scip-inf-6 ,COL Sample VAL 690 paxienxs ,1
1149,COL ProviderNumber VAL 20017 COL HospitalName VAL alaska regional hospital COL Address1 VAL 2801 debarr road COL Address2 VAL empty COL Address3 VAL empty COL City VAL anchorage COL State VAL ak COL ZipCode VAL 99508 COL CountyName VAL anchorage COL PhoneNumber VAL 9072761131 COL HospitalType VAL acute care hospitals COL HospitalOwner VAL proprietary COL EmergencyService VAL yes COL Condition VAL surgical infection prevention COL MeasureCode VAL scip-inf-6 COL MeasureName VAL surgeryxpatientsxneedingxhairxremovedxfromxthexsurgicalxareaxbeforexsurgery& xwhoxhadxhairxremovedxusingxaxsaferxmethodx(electricxclippersxorxhairxremovalxcreamxï¿½cxnotxaxrazor) COL Score VAL 100% COL Sample VAL 690 patients COL Stateavg VAL ak_scip-inf-6 ,COL Sample VAL 690 patients ,0
1150,COL ProviderNumber VAL 20017 COL HospitalName VAL alaska regional hospital COL Address1 VAL 2801 debarr road COL Address2 VAL empty COL Address3 VAL empty COL City VAL anchorage COL State VAL ak COL ZipCode VAL 99508 COL CountyName VAL anchorage COL PhoneNumber VAL 9072761131 COL HospitalType VAL acute care hospitals COL HospitalOwner VAL proxrietary COL EmergencyService VAL yes COL Condition VAL surgical infection prevention COL MeasureCode VAL scip-vte-2 COL MeasureName VAL patients who got treatment  at the right time (within 24 hours before or after their surgery) to help prevent blood clots after certain types of surgery COL Score VAL 94% COL Sample VAL 223 patients COL Stateavg VAL ak_scip-vte-2 ,COL Sample VAL 223 pxtients ,1
1151,COL ProviderNumber VAL 20017 COL HospitalName VAL alaska regional hospital COL Address1 VAL 2801 debarr road COL Address2 VAL empty COL Address3 VAL empty COL City VAL anchorage COL State VAL ak COL ZipCode VAL 99508 COL CountyName VAL anchorage COL PhoneNumber VAL 9072761131 COL HospitalType VAL acute care hospitals COL HospitalOwner VAL proxrietary COL EmergencyService VAL yes COL Condition VAL surgical infection prevention COL MeasureCode VAL scip-vte-2 COL MeasureName VAL patients who got treatment  at the right time (within 24 hours before or after their surgery) to help prevent blood clots after certain types of surgery COL Score VAL 94% COL Sample VAL 223 patients COL Stateavg VAL ak_scip-vte-2 ,COL Sample VAL 223 patients ,0
1152,COL ProviderNumber VAL 10019 COL HospitalName VAL helen keller memorial hospital COL Address1 VAL 1300 south montgomery avenue COL Address2 VAL empty COL Address3 VAL empty COL City VAL sheffield COL State VAL al COL ZipCode VAL 35660 COL CountyName VAL jefferson COL PhoneNumber VAL 2563864556 COL HospitalType VAL acute care hospitals COL HospitalOwner VAL government - hospital district or authority COL EmergencyService VAL yes COL Condition VAL pneumonia COL MeasureCode VAL pn-5c COL MeasureName VAL pneumonia patients given initial antibiotic(s) within 6 hours after arrival COL Score VAL 98% COL Sample VAL 192 patients COL Stateavg VAL al_pn-5c ,COL Sample VAL 192 xatients ,1
1153,COL ProviderNumber VAL 10019 COL HospitalName VAL helen keller memorial hospital COL Address1 VAL 1300 south montgomery avenue COL Address2 VAL empty COL Address3 VAL empty COL City VAL sheffield COL State VAL al COL ZipCode VAL 35660 COL CountyName VAL jefferson COL PhoneNumber VAL 2563864556 COL HospitalType VAL acute care hospitals COL HospitalOwner VAL government - hospital district or authority COL EmergencyService VAL yes COL Condition VAL pneumonia COL MeasureCode VAL pn-5c COL MeasureName VAL pneumonia patients given initial antibiotic(s) within 6 hours after arrival COL Score VAL 98% COL Sample VAL 192 patients COL Stateavg VAL al_pn-5c ,COL Sample VAL 192 patients ,0
1154,COL ProviderNumber VAL 10019 COL HospitalName VAL helen keller memorial hospital COL Address1 VAL 1300 south montgomery avenue COL Address2 VAL empty COL Address3 VAL empty COL City VAL sheffield COL State VAL al COL ZipCode VAL 35660 COL CountyName VAL xefferson COL PhoneNumber VAL 2563864556 COL HospitalType VAL acute care hospitals COL HospitalOwner VAL government - hospital district or authority COL EmergencyService VAL yes COL Condition VAL pneumonia COL MeasureCode VAL pn-7 COL MeasureName VAL pneumonia patients assessed and given influenza vaccination COL Score VAL 82% COL Sample VAL 119 patients COL Stateavg VAL al_pn-7 ,COL Sample VAL 119 patientx ,1
1155,COL ProviderNumber VAL 10019 COL HospitalName VAL helen keller memorial hospital COL Address1 VAL 1300 south montgomery avenue COL Address2 VAL empty COL Address3 VAL empty COL City VAL sheffield COL State VAL al COL ZipCode VAL 35660 COL CountyName VAL xefferson COL PhoneNumber VAL 2563864556 COL HospitalType VAL acute care hospitals COL HospitalOwner VAL government - hospital district or authority COL EmergencyService VAL yes COL Condition VAL pneumonia COL MeasureCode VAL pn-7 COL MeasureName VAL pneumonia patients assessed and given influenza vaccination COL Score VAL 82% COL Sample VAL 119 patients COL Stateavg VAL al_pn-7 ,COL Sample VAL 119 patients ,0
1156,COL ProviderNumber VAL 10019 COL HospitalName VAL helen keller memorial hospital COL Address1 VAL 1300 south montgomery avenue COL Address2 VAL empty COL Address3 VAL empty COL City VAL sheffield COL State VAL al COL ZipCode VAL 35660 COL CountyName VAL jefferson COL PhoneNumber VAL 2563864556 COL HospitalType VAL acute care hospitals COL HospitalOwner VAL government - hospital district or authority COL EmergencyService VAL yes COL Condition VAL surgical infection prevention COL MeasureCode VAL scip-card-2 COL MeasureName VAL surgery patients who were taking heart drugs called beta blockers before coming to the hospital who were kept on the beta blockers during the period just before and after their surgery COL Score VAL 81% COL Sample VAL 54 patients COL Stateavg VAL al_scip-card-2 ,COL Sample VAL 54 patiexts ,1
1157,COL ProviderNumber VAL 10019 COL HospitalName VAL helen keller memorial hospital COL Address1 VAL 1300 south montgomery avenue COL Address2 VAL empty COL Address3 VAL empty COL City VAL sheffield COL State VAL al COL ZipCode VAL 35660 COL CountyName VAL jefferson COL PhoneNumber VAL 2563864556 COL HospitalType VAL acute care hospitals COL HospitalOwner VAL government - hospital district or authority COL EmergencyService VAL yes COL Condition VAL surgical infection prevention COL MeasureCode VAL scip-card-2 COL MeasureName VAL surgery patients who were taking heart drugs called beta blockers before coming to the hospital who were kept on the beta blockers during the period just before and after their surgery COL Score VAL 81% COL Sample VAL 54 patients COL Stateavg VAL al_scip-card-2 ,COL Sample VAL 54 patients ,0
1158,COL ProviderNumber VAL 10019 COL HospitalName VAL helen keller memorial hospital COL Address1 VAL 1300 south montgomery avenue COL Address2 VAL empty COL Address3 VAL empty COL City VAL sheffield COL State VAL al COL ZipCode VAL 35660 COL CountyName VAL jefferson COL PhoneNumber VAL 2563864556 COL HospitalType VAL acute care hospitals COL HospitalOwner VAL government - hospital district or authority COL EmergencyService VAL yes COL Condition VAL surgical infection prevention COL MeasureCode VAL scip-inf-1 COL MeasureName VAL surgery patients who were given an antibiotic at the right time (within one hour before surgery) to help prevent infection COL Score VAL 92% COL Sample VAL 253 patients COL Stateavg VAL al_scip-inf-1 ,COL Sample VAL 253 patixnts ,1
1159,COL ProviderNumber VAL 10019 COL HospitalName VAL helen keller memorial hospital COL Address1 VAL 1300 south montgomery avenue COL Address2 VAL empty COL Address3 VAL empty COL City VAL sheffield COL State VAL al COL ZipCode VAL 35660 COL CountyName VAL jefferson COL PhoneNumber VAL 2563864556 COL HospitalType VAL acute care hospitals COL HospitalOwner VAL government - hospital district or authority COL EmergencyService VAL yes COL Condition VAL surgical infection prevention COL MeasureCode VAL scip-inf-1 COL MeasureName VAL surgery patients who were given an antibiotic at the right time (within one hour before surgery) to help prevent infection COL Score VAL 92% COL Sample VAL 253 patients COL Stateavg VAL al_scip-inf-1 ,COL Sample VAL 253 patients ,0
1160,COL ProviderNumber VAL 10019 COL HospitalName VAL helen keller memorial hospital COL Address1 VAL 1300 south montgomery avenue COL Address2 VAL empty COL Address3 VAL empty COL City VAL sheffield COL State VAL al COL ZipCode VAL 35660 COL CountyName VAL jefferson COL PhoneNumber VAL 2563864556 COL HospitalType VAL acute care hospitals COL HospitalOwner VAL government - hospital district or authority COL EmergencyService VAL yes COL Condition VAL surgical infection prevention COL MeasureCode VAL scip-inf-2 COL MeasureName VAL surgery patients who were given the  right kind  of antibiotic to help prevent infection COL Score VAL 91% COL Sample VAL 255 patients COL Stateavg VAL al_scip-inf-2 ,COL Sample VAL 255 patientx ,1
1161,COL ProviderNumber VAL 10019 COL HospitalName VAL helen keller memorial hospital COL Address1 VAL 1300 south montgomery avenue COL Address2 VAL empty COL Address3 VAL empty COL City VAL sheffield COL State VAL al COL ZipCode VAL 35660 COL CountyName VAL jefferson COL PhoneNumber VAL 2563864556 COL HospitalType VAL acute care hospitals COL HospitalOwner VAL government - hospital district or authority COL EmergencyService VAL yes COL Condition VAL surgical infection prevention COL MeasureCode VAL scip-inf-2 COL MeasureName VAL surgery patients who were given the  right kind  of antibiotic to help prevent infection COL Score VAL 91% COL Sample VAL 255 patients COL Stateavg VAL al_scip-inf-2 ,COL Sample VAL 255 patients ,0
1162,COL ProviderNumber VAL 10019 COL HospitalName VAL helen keller memorial hospital COL Address1 VAL 1300 south montgomery avenue COL Address2 VAL empty COL Address3 VAL empty COL City VAL sheffield COL State VAL al COL ZipCode VAL 35660 COL CountyName VAL jefferson COL PhoneNumber VAL 2563864556 COL HospitalType VAL acute care hospitals COL HospitalOwner VAL government - hospital district or authority COL EmergencyService VAL yes COL Condition VAL surgical infection prevention COL MeasureCode VAL scip-inf-3 COL MeasureName VAL surgery patients whose preventive antibiotics were stopped at the right time (within 24 hours after surgery) COL Score VAL 84% COL Sample VAL 245 patients COL Stateavg VAL al_scip-inf-3 ,COL Sample VAL 245xpatients ,1
1163,COL ProviderNumber VAL 10019 COL HospitalName VAL helen keller memorial hospital COL Address1 VAL 1300 south montgomery avenue COL Address2 VAL empty COL Address3 VAL empty COL City VAL sheffield COL State VAL al COL ZipCode VAL 35660 COL CountyName VAL jefferson COL PhoneNumber VAL 2563864556 COL HospitalType VAL acute care hospitals COL HospitalOwner VAL government - hospital district or authority COL EmergencyService VAL yes COL Condition VAL surgical infection prevention COL MeasureCode VAL scip-inf-3 COL MeasureName VAL surgery patients whose preventive antibiotics were stopped at the right time (within 24 hours after surgery) COL Score VAL 84% COL Sample VAL 245 patients COL Stateavg VAL al_scip-inf-3 ,COL Sample VAL 245 patients ,0
1164,COL ProviderNumber VAL 10019 COL HospitalName VAL helen keller memorial hospital COL Address1 VAL 1300 south montgomery avenue COL Address2 VAL empty COL Address3 VAL empty COL City VAL sheffield COL State VAL al COL ZipCode VAL 35660 COL CountyName VAL jefferson COL PhoneNumber VAL 2563864556 COL HospitalType VAL acute care hospitals COL HospitalOwner VAL government - hospital district or authority COL EmergencyService VAL yes COL Condition VAL surgical infection prevention COL MeasureCode VAL scip-inf-6 COL MeasureName VAL surgery patients needing hair removed from the surgical area before surgery who had hair removed using a safer method (electric clippers or hair removal cream c not a razor) COL Score VAL 97% COL Sample VAL 369 patients COL Stateavg VAL al_scip-inf-6 ,COL Sample VAL 369 patxents ,1
1165,COL ProviderNumber VAL 10019 COL HospitalName VAL helen keller memorial hospital COL Address1 VAL 1300 south montgomery avenue COL Address2 VAL empty COL Address3 VAL empty COL City VAL sheffield COL State VAL al COL ZipCode VAL 35660 COL CountyName VAL jefferson COL PhoneNumber VAL 2563864556 COL HospitalType VAL acute care hospitals COL HospitalOwner VAL government - hospital district or authority COL EmergencyService VAL yes COL Condition VAL surgical infection prevention COL MeasureCode VAL scip-inf-6 COL MeasureName VAL surgery patients needing hair removed from the surgical area before surgery who had hair removed using a safer method (electric clippers or hair removal cream c not a razor) COL Score VAL 97% COL Sample VAL 369 patients COL Stateavg VAL al_scip-inf-6 ,COL Sample VAL 369 patients ,0
1166,COL ProviderNumber VAL 10019 COL HospitalName VAL helen keller memorial hospital COL Address1 VAL 1300 south montgomery avenue COL Address2 VAL empty COL Address3 VAL empty COL City VAL sheffield COL State VAL al COL ZipCode VAL 35660 COL CountyName VAL jefferson COL PhoneNumber VAL 2563864556 COL HospitalType VAL acute care hospitals COL HospitalOwner VAL government - hospital district or authority COL EmergencyService VAL yes COL Condition VAL surgical infection prevention COL MeasureCode VAL sxip-vte-1 COL MeasureName VAL surgery patients whose doctors ordered treatments to prevent blood clots after certain types of surgeries COL Score VAL 85% COL Sample VAL 144 patients COL Stateavg VAL al_scip-vte-1 ,COL Sample VAL 144 patientx ,1
1167,COL ProviderNumber VAL 10019 COL HospitalName VAL helen keller memorial hospital COL Address1 VAL 1300 south montgomery avenue COL Address2 VAL empty COL Address3 VAL empty COL City VAL sheffield COL State VAL al COL ZipCode VAL 35660 COL CountyName VAL jefferson COL PhoneNumber VAL 2563864556 COL HospitalType VAL acute care hospitals COL HospitalOwner VAL government - hospital district or authority COL EmergencyService VAL yes COL Condition VAL surgical infection prevention COL MeasureCode VAL sxip-vte-1 COL MeasureName VAL surgery patients whose doctors ordered treatments to prevent blood clots after certain types of surgeries COL Score VAL 85% COL Sample VAL 144 patients COL Stateavg VAL al_scip-vte-1 ,COL Sample VAL 144 patients ,0
1168,COL ProviderNumber VAL 10021 COL HospitalName VAL dale medical center COL Address1 VAL 126 hospital ave COL Address2 VAL empty COL Address3 VAL empty COL City VAL ozark COL State VAL al COL ZipCode VAL 36360 COL CountyName VAL dale COL PhoneNumber VAL 3347742601 COL HospitalType VAL acute care hospitals COL HospitalOwner VAL government - hospital district or authority COL EmergencyService VAL yes COL Condition VAL heart failure COL MeasureCode VAL hf-4 COL MeasureName VAL heart failure patients given smoking cessation advice/counseling COL Score VAL 94% COL Sample VAL 32 patients COL Stateavg VAL al_hf-4 ,COL Sample VAL 32 paxienxs ,1
1169,COL ProviderNumber VAL 10021 COL HospitalName VAL dale medical center COL Address1 VAL 126 hospital ave COL Address2 VAL empty COL Address3 VAL empty COL City VAL ozark COL State VAL al COL ZipCode VAL 36360 COL CountyName VAL dale COL PhoneNumber VAL 3347742601 COL HospitalType VAL acute care hospitals COL HospitalOwner VAL government - hospital district or authority COL EmergencyService VAL yes COL Condition VAL heart failure COL MeasureCode VAL hf-4 COL MeasureName VAL heart failure patients given smoking cessation advice/counseling COL Score VAL 94% COL Sample VAL 32 patients COL Stateavg VAL al_hf-4 ,COL Sample VAL 32 patients ,0
1170,COL ProviderNumber VAL 10021 COL HospitalName VAL dale medical center COL Address1 VAL 126 hospital ave COL Address2 VAL empty COL Address3 VAL empty COL City VAL ozark COL State VAL al COL ZipCode VAL 36360 COL CountyName VAL dale COL PhoneNumber VAL 3347742601 COL HospitalType VAL acute care hospitals COL HospitalOwner VAL government - hospital district or authority COL EmergencyService VAL yes COL Condition VAL pneumonia COL MeasureCode VAL pn-5c COL MeasureName VAL pneumonia patients given initial antibiotic(s) within 6 hours after arrival COL Score VAL 95% COL Sample VAL 74 patients COL Stateavg VAL al_pn-5c ,COL Sample VAL 74 xatients ,1
1171,COL ProviderNumber VAL 10021 COL HospitalName VAL dale medical center COL Address1 VAL 126 hospital ave COL Address2 VAL empty COL Address3 VAL empty COL City VAL ozark COL State VAL al COL ZipCode VAL 36360 COL CountyName VAL dale COL PhoneNumber VAL 3347742601 COL HospitalType VAL acute care hospitals COL HospitalOwner VAL government - hospital district or authority COL EmergencyService VAL yes COL Condition VAL pneumonia COL MeasureCode VAL pn-5c COL MeasureName VAL pneumonia patients given initial antibiotic(s) within 6 hours after arrival COL Score VAL 95% COL Sample VAL 74 patients COL Stateavg VAL al_pn-5c ,COL Sample VAL 74 patients ,0
1172,COL ProviderNumber VAL 10021 COL HospitalName VAL dale medical center COL Address1 VAL 1x6 hospital ave COL Address2 VAL empty COL Address3 VAL empty COL City VAL ozark COL State VAL al COL ZipCode VAL 36360 COL CountyName VAL dale COL PhoneNumber VAL 3347742601 COL HospitalType VAL acute care hospitals COL HospitalOwner VAL government - hospital district or authority COL EmergencyService VAL yes COL Condition VAL surgical infection prevention COL MeasureCode VAL scip-inf-1 COL MeasureName VAL surgery patients who were given an antibiotic at the right time (within one hour before surgery) to help prevent infection COL Score VAL 94% COL Sample VAL 52 patients COL Stateavg VAL al_scip-inf-1 ,COL Sample VAL 52 patxents ,1
1173,COL ProviderNumber VAL 10021 COL HospitalName VAL dale medical center COL Address1 VAL 1x6 hospital ave COL Address2 VAL empty COL Address3 VAL empty COL City VAL ozark COL State VAL al COL ZipCode VAL 36360 COL CountyName VAL dale COL PhoneNumber VAL 3347742601 COL HospitalType VAL acute care hospitals COL HospitalOwner VAL government - hospital district or authority COL EmergencyService VAL yes COL Condition VAL surgical infection prevention COL MeasureCode VAL scip-inf-1 COL MeasureName VAL surgery patients who were given an antibiotic at the right time (within one hour before surgery) to help prevent infection COL Score VAL 94% COL Sample VAL 52 patients COL Stateavg VAL al_scip-inf-1 ,COL Sample VAL 52 patients ,0
1174,COL ProviderNumber VAL 10021 COL HospitalName VAL dale medical center COL Address1 VAL 126 hospital ave COL Address2 VAL empty COL Address3 VAL empty COL City VAL ozark COL State VAL al COL ZipCode VAL 36360 COL CountyName VAL dale COL PhoneNumber VAL 3347742601 COL HospitalType VAL acute care hospitals COL HospitalOwner VAL government - hospital district or authority COL EmergencyService VAL yes COL Condition VAL surgical infection prevention COL MeasureCode VAL scip-vte-1 COL MeasureName VAL surgery patients whose doctors ordered treatments to prevent blood clots after certain types of surgeries COL Score VAL 88% COL Sample VAL 50 patients COL Stateavg VAL al_scip-vte-1 ,COL Sample VAL 50 patientx ,1
1175,COL ProviderNumber VAL 10021 COL HospitalName VAL dale medical center COL Address1 VAL 126 hospital ave COL Address2 VAL empty COL Address3 VAL empty COL City VAL ozark COL State VAL al COL ZipCode VAL 36360 COL CountyName VAL dale COL PhoneNumber VAL 3347742601 COL HospitalType VAL acute care hospitals COL HospitalOwner VAL government - hospital district or authority COL EmergencyService VAL yes COL Condition VAL surgical infection prevention COL MeasureCode VAL scip-vte-1 COL MeasureName VAL surgery patients whose doctors ordered treatments to prevent blood clots after certain types of surgeries COL Score VAL 88% COL Sample VAL 50 patients COL Stateavg VAL al_scip-vte-1 ,COL Sample VAL 50 patients ,0
1176,COL ProviderNumber VAL 10022 COL HospitalName VAL cherokee medical center COL Address1 VAL 400 northwood dr COL Address2 VAL empty COL Address3 VAL empty COL City VAL centre COL State VAL al COL ZipCode VAL 35960 COL CountyName VAL cherokee COL PhoneNumber VAL 2569275531 COL HospitalType VAL acute care hospitals COL HospitalOwner VAL voluntary non-profit - private COL EmergencyService VAL yes COL Condition VAL pneumonia COL MeasureCode VAL pn-7 COL MeasureName VAL pneumonix pxtients assessed xnd given influenzx vxccinxtion COL Score VAL 81% COL Sample VAL 31 patients COL Stateavg VAL al_pn-7 ,COL Sample VAL 31 paxienxs ,1
1177,COL ProviderNumber VAL 10022 COL HospitalName VAL cherokee medical center COL Address1 VAL 400 northwood dr COL Address2 VAL empty COL Address3 VAL empty COL City VAL centre COL State VAL al COL ZipCode VAL 35960 COL CountyName VAL cherokee COL PhoneNumber VAL 2569275531 COL HospitalType VAL acute care hospitals COL HospitalOwner VAL voluntary non-profit - private COL EmergencyService VAL yes COL Condition VAL pneumonia COL MeasureCode VAL pn-7 COL MeasureName VAL pneumonix pxtients assessed xnd given influenzx vxccinxtion COL Score VAL 81% COL Sample VAL 31 patients COL Stateavg VAL al_pn-7 ,COL Sample VAL 31 patients ,0
1178,COL ProviderNumber VAL 10040 COL HospitalName VAL gadsden regional medical center COL Address1 VAL 1007 goodyear avenue COL Address2 VAL empty COL Address3 VAL empty COL City VAL gadsden COL State VAL al COL ZipCode VAL 35903 COL CountyName VAL etowah COL PhoneNumber VAL 2564944000 COL HospitalType VAL acute care hospitals COL HospitalOwner VAL proprietary COL EmergencyService VAL yes COL Condition VAL heart attack COL MeasureCode VAL ami-2 COL MeasureName VAL heart attack patients given aspirin at discharge COL Score VAL 99% COL Sample VAL 134 patients COL Stateavg VAL al_ami-2 ,COL Sample VAL 134xpatients ,1
1179,COL ProviderNumber VAL 10040 COL HospitalName VAL gadsden regional medical center COL Address1 VAL 1007 goodyear avenue COL Address2 VAL empty COL Address3 VAL empty COL City VAL gadsden COL State VAL al COL ZipCode VAL 35903 COL CountyName VAL etowah COL PhoneNumber VAL 2564944000 COL HospitalType VAL acute care hospitals COL HospitalOwner VAL proprietary COL EmergencyService VAL yes COL Condition VAL heart attack COL MeasureCode VAL ami-2 COL MeasureName VAL heart attack patients given aspirin at discharge COL Score VAL 99% COL Sample VAL 134 patients COL Stateavg VAL al_ami-2 ,COL Sample VAL 134 patients ,0
1180,COL ProviderNumber VAL 10023 COL HospitalName VAL baptist medical center south COL Address1 VAL 2105 east south boulevard COL Address2 VAL empty COL Address3 VAL empty COL City VAL montxomery COL State VAL al COL ZipCode VAL 36116 COL CountyName VAL montgomery COL PhoneNumber VAL 3342882100 COL HospitalType VAL acute care hospitals COL HospitalOwner VAL voluntary non-profit - church COL EmergencyService VAL yes COL Condition VAL heart attack COL MeasureCode VAL ami-2 COL MeasureName VAL heart attack patients given aspirin at discharge COL Score VAL 100% COL Sample VAL 282 patients COL Stateavg VAL al_ami-2 ,COL Sample VAL 282 pxtients ,1
1181,COL ProviderNumber VAL 10023 COL HospitalName VAL baptist medical center south COL Address1 VAL 2105 east south boulevard COL Address2 VAL empty COL Address3 VAL empty COL City VAL montxomery COL State VAL al COL ZipCode VAL 36116 COL CountyName VAL montgomery COL PhoneNumber VAL 3342882100 COL HospitalType VAL acute care hospitals COL HospitalOwner VAL voluntary non-profit - church COL EmergencyService VAL yes COL Condition VAL heart attack COL MeasureCode VAL ami-2 COL MeasureName VAL heart attack patients given aspirin at discharge COL Score VAL 100% COL Sample VAL 282 patients COL Stateavg VAL al_ami-2 ,COL Sample VAL 282 patients ,0
1182,COL ProviderNumber VAL 10023 COL HospitalName VAL baptist medical center south COL Address1 VAL 2105 east south boulevard COL Address2 VAL empty COL Address3 VAL empty COL City VAL montgomery COL State VAL al COL ZipCode VAL 36116 COL CountyName VAL montgomery COL PhoneNumber VAL 3342882100 COL HospitalType VAL acute care hospitals COL HospitalOwner VAL voluntary non-profit - church COL EmergencyService VAL yes COL Condition VAL heart attack COL MeasureCode VAL ami-5 COL MeasureName VAL heart attack patients given beta blocker at discharge COL Score VAL 100% COL Sample VAL 254 patients COL Stateavg VAL al_ami-5 ,COL Sample VAL 25x patients ,1
1183,COL ProviderNumber VAL 10023 COL HospitalName VAL baptist medical center south COL Address1 VAL 2105 east south boulevard COL Address2 VAL empty COL Address3 VAL empty COL City VAL montgomery COL State VAL al COL ZipCode VAL 36116 COL CountyName VAL montgomery COL PhoneNumber VAL 3342882100 COL HospitalType VAL acute care hospitals COL HospitalOwner VAL voluntary non-profit - church COL EmergencyService VAL yes COL Condition VAL heart attack COL MeasureCode VAL ami-5 COL MeasureName VAL heart attack patients given beta blocker at discharge COL Score VAL 100% COL Sample VAL 254 patients COL Stateavg VAL al_ami-5 ,COL Sample VAL 254 patients ,0
1184,COL ProviderNumber VAL 10023 COL HospitalName VAL baptist medical center south COL Address1 VAL 2105 east south boulevard COL Address2 VAL empty COL Address3 VAL empty COL City VAL montgomery COL State VAL al COL ZipCode VAL 36116 COL CountyName VAL montgomery COL PhoneNumber VAL 3342882100 COL HospitalType VAL acute care hospitals COL HospitalOwner VAL voluntary non-profit - church COL EmergencyService VAL yes COL Condition VAL heart failure COL MeasureCode VAL hf-2 COL MeasureName VAL heart failure patients given an evaluation of left ventricular systolic (lvs) function COL Score VAL 100% COL Sample VAL 292 patients COL Stateavg VAL al_hf-2 ,COL Sample VAL 292 patientx ,1
1185,COL ProviderNumber VAL 10023 COL HospitalName VAL baptist medical center south COL Address1 VAL 2105 east south boulevard COL Address2 VAL empty COL Address3 VAL empty COL City VAL montgomery COL State VAL al COL ZipCode VAL 36116 COL CountyName VAL montgomery COL PhoneNumber VAL 3342882100 COL HospitalType VAL acute care hospitals COL HospitalOwner VAL voluntary non-profit - church COL EmergencyService VAL yes COL Condition VAL heart failure COL MeasureCode VAL hf-2 COL MeasureName VAL heart failure patients given an evaluation of left ventricular systolic (lvs) function COL Score VAL 100% COL Sample VAL 292 patients COL Stateavg VAL al_hf-2 ,COL Sample VAL 292 patients ,0
1186,COL ProviderNumber VAL 10023 COL HospitalName VAL baptist medical center south COL Address1 VAL 2105 east south boulevard COL Address2 VAL empty COL Address3 VAL empty COL City VAL montgomery COL State VAL al COL ZipCode VAL 36116 COL CountyName VAL montgomery COL PhoneNumber VAL 3342882100 COL HospitalType VAL acute care hospitals COL HospitalOwner VAL voluntary non-profit - church COL EmergencyService VAL yes COL Condition VAL surgical infection prevention COL MeasureCode VAL scip-inf-1 COL MeasureName VAL surgery patients who were given an antibiotic at the right time (within one hour before surgery) to help prevent infection COL Score VAL 97% COL Sample VAL 412 patients COL Stateavg VAL al_scip-inf-1 ,COL Sample VAL 412 patixnts ,1
1187,COL ProviderNumber VAL 10023 COL HospitalName VAL baptist medical center south COL Address1 VAL 2105 east south boulevard COL Address2 VAL empty COL Address3 VAL empty COL City VAL montgomery COL State VAL al COL ZipCode VAL 36116 COL CountyName VAL montgomery COL PhoneNumber VAL 3342882100 COL HospitalType VAL acute care hospitals COL HospitalOwner VAL voluntary non-profit - church COL EmergencyService VAL yes COL Condition VAL surgical infection prevention COL MeasureCode VAL scip-inf-1 COL MeasureName VAL surgery patients who were given an antibiotic at the right time (within one hour before surgery) to help prevent infection COL Score VAL 97% COL Sample VAL 412 patients COL Stateavg VAL al_scip-inf-1 ,COL Sample VAL 412 patients ,0
1188,COL ProviderNumber VAL 10023 COL HospitalName VAL baptist medical center south COL Address1 VAL 2105 east south boulevard COL Address2 VAL empty COL Address3 VAL empty COL City VAL montgomery COL State VAL al COL ZipCode VAL 36116 COL CountyName VAL montgomery COL PhoneNumber VAL 3342882100 COL HospitalType VAL acute care hospitals COL HospitalOwner VAL voluntary non-profit - church COL EmergencyService VAL yes COL Condition VAL surgical infection prevention COL MeasureCode VAL scip-inf-2 COL MeasureName VAL surgery patients who were given the  right kind  of antibiotic to help prevent infection COL Score VAL 97% COL Sample VAL 423 patients COL Stateavg VAL al_scip-inf-2 ,COL Sample VAL x23 patients ,1
1189,COL ProviderNumber VAL 10023 COL HospitalName VAL baptist medical center south COL Address1 VAL 2105 east south boulevard COL Address2 VAL empty COL Address3 VAL empty COL City VAL montgomery COL State VAL al COL ZipCode VAL 36116 COL CountyName VAL montgomery COL PhoneNumber VAL 3342882100 COL HospitalType VAL acute care hospitals COL HospitalOwner VAL voluntary non-profit - church COL EmergencyService VAL yes COL Condition VAL surgical infection prevention COL MeasureCode VAL scip-inf-2 COL MeasureName VAL surgery patients who were given the  right kind  of antibiotic to help prevent infection COL Score VAL 97% COL Sample VAL 423 patients COL Stateavg VAL al_scip-inf-2 ,COL Sample VAL 423 patients ,0
1190,COL ProviderNumber VAL 10023 COL HospitalName VAL baptist medical center south COL Address1 VAL 2105 east south boulevard COL Address2 VAL empty COL Address3 VAL empty COL City VAL montgomery COL State VAL al COL ZipCode VAL 36116 COL CountyName VAL montgomery COL PhoneNumber VAL 3342882100 COL HospitalType VAL acute care hospitals COL HospitalOwner VAL voluntary non-profit - church COL EmergencyService VAL yex COL Condition VAL surgical infection prevention COL MeasureCode VAL scip-inf-3 COL MeasureName VAL surgery patients whose preventive antibiotics were stopped at the right time (within 24 hours after surgery) COL Score VAL 94% COL Sample VAL 392 patients COL Stateavg VAL al_scip-inf-3 ,COL Sample VAL 392 xatients ,1
1191,COL ProviderNumber VAL 10023 COL HospitalName VAL baptist medical center south COL Address1 VAL 2105 east south boulevard COL Address2 VAL empty COL Address3 VAL empty COL City VAL montgomery COL State VAL al COL ZipCode VAL 36116 COL CountyName VAL montgomery COL PhoneNumber VAL 3342882100 COL HospitalType VAL acute care hospitals COL HospitalOwner VAL voluntary non-profit - church COL EmergencyService VAL yex COL Condition VAL surgical infection prevention COL MeasureCode VAL scip-inf-3 COL MeasureName VAL surgery patients whose preventive antibiotics were stopped at the right time (within 24 hours after surgery) COL Score VAL 94% COL Sample VAL 392 patients COL Stateavg VAL al_scip-inf-3 ,COL Sample VAL 392 patients ,0
1192,COL ProviderNumber VAL 10023 COL HospitalName VAL baptist medical center south COL Address1 VAL 2105 east south boulevard COL Address2 VAL empty COL Address3 VAL empty COL City VAL montgomery COL State VAL al COL ZipCode VAL 36116 COL CountyName VAL montgomery COL PhoneNumber VAL 3342882100 COL HospitalType VAL acute care hospitals COL HospitalOwner VAL voluntary non-profit - church COL EmergencyService VAL yes COL Condition VAL surgical infection prevention COL MeasureCode VAL scip-inf-6 COL MeasureName VAL surgery patients needing hair removed from the surgical area before surgery who had hair removed using a safer method (electric clippers or hair removal cream c not a razor) COL Score VAL 100% COL Sample VAL 575 patients COL Stateavg VAL al_scip-inf-6 ,COL Sample VAL 575 patixnts ,1
1193,COL ProviderNumber VAL 10023 COL HospitalName VAL baptist medical center south COL Address1 VAL 2105 east south boulevard COL Address2 VAL empty COL Address3 VAL empty COL City VAL montgomery COL State VAL al COL ZipCode VAL 36116 COL CountyName VAL montgomery COL PhoneNumber VAL 3342882100 COL HospitalType VAL acute care hospitals COL HospitalOwner VAL voluntary non-profit - church COL EmergencyService VAL yes COL Condition VAL surgical infection prevention COL MeasureCode VAL scip-inf-6 COL MeasureName VAL surgery patients needing hair removed from the surgical area before surgery who had hair removed using a safer method (electric clippers or hair removal cream c not a razor) COL Score VAL 100% COL Sample VAL 575 patients COL Stateavg VAL al_scip-inf-6 ,COL Sample VAL 575 patients ,0
1194,COL ProviderNumber VAL 10024 COL HospitalName VAL jackson hospital & clinic inc COL Address1 VAL 1725 pine street COL Address2 VAL empty COL Address3 VAL empty COL City VAL montgomery COL State VAL al COL ZipCode VAL 36106 COL CountyName VAL montgomery COL PhoneNumber VAL 3342938000 COL HospitalType VAL acute care hospitals COL HospitalOwner VAL voluntary non-profit - private COL EmergencyService VAL yes COL Condition VAL heart attack COL MeasureCode VAL ami-5 COL MeasureName VAL heaxt attack patients given beta blockex at dischaxge COL Score VAL 95% COL Sample VAL 173 patients COL Stateavg VAL al_ami-5 ,COL Sample VAL 173xpatients ,1
1195,COL ProviderNumber VAL 10024 COL HospitalName VAL jackson hospital & clinic inc COL Address1 VAL 1725 pine street COL Address2 VAL empty COL Address3 VAL empty COL City VAL montgomery COL State VAL al COL ZipCode VAL 36106 COL CountyName VAL montgomery COL PhoneNumber VAL 3342938000 COL HospitalType VAL acute care hospitals COL HospitalOwner VAL voluntary non-profit - private COL EmergencyService VAL yes COL Condition VAL heart attack COL MeasureCode VAL ami-5 COL MeasureName VAL heaxt attack patients given beta blockex at dischaxge COL Score VAL 95% COL Sample VAL 173 patients COL Stateavg VAL al_ami-5 ,COL Sample VAL 173 patients ,0
1196,COL ProviderNumber VAL 10024 COL HospitalName VAL jackson hospital & clinic inc COL Address1 VAL 1725 pine street COL Address2 VAL empty COL Address3 VAL empty COL City VAL montgomery COL State VAL al COL ZipCode VAL 36106 COL CountyName VAL montgomery COL PhoneNumber VAL 3342938xxx COL HospitalType VAL acute care hospitals COL HospitalOwner VAL voluntary non-profit - private COL EmergencyService VAL yes COL Condition VAL heart failure COL MeasureCode VAL hf-1 COL MeasureName VAL heart failure patients given discharge instructions COL Score VAL 45% COL Sample VAL 430 patients COL Stateavg VAL al_hf-1 ,COL Sample VAL 43x patients ,1
1197,COL ProviderNumber VAL 10024 COL HospitalName VAL jackson hospital & clinic inc COL Address1 VAL 1725 pine street COL Address2 VAL empty COL Address3 VAL empty COL City VAL montgomery COL State VAL al COL ZipCode VAL 36106 COL CountyName VAL montgomery COL PhoneNumber VAL 3342938xxx COL HospitalType VAL acute care hospitals COL HospitalOwner VAL voluntary non-profit - private COL EmergencyService VAL yes COL Condition VAL heart failure COL MeasureCode VAL hf-1 COL MeasureName VAL heart failure patients given discharge instructions COL Score VAL 45% COL Sample VAL 430 patients COL Stateavg VAL al_hf-1 ,COL Sample VAL 430 patients ,0
1198,COL ProviderNumber VAL 10024 COL HospitalName VAL jackson hospital & clinic inc COL Address1 VAL 1725 pine street COL Address2 VAL empty COL Address3 VAL empty COL City VAL montgomery COL State VAL al COL ZipCode VAL 36106 COL CountyName VAL montgomery COL PhoneNumber VAL 3342938000 COL HospitalType VAL acute care hospitals COL HospitalOwner VAL voluntary non-profit - private COL EmergencyService VAL yes COL Condition VAL heart failure COL MeasureCode VAL hf-2 COL MeasureName VAL heart failure patients given an evaluation of left ventricular systolic (lvs) function COL Score VAL 90% COL Sample VAL 518 patients COL Stateavg VAL al_hf-2 ,COL Sample VAL 518 xatients ,1
1199,COL ProviderNumber VAL 10024 COL HospitalName VAL jackson hospital & clinic inc COL Address1 VAL 1725 pine street COL Address2 VAL empty COL Address3 VAL empty COL City VAL montgomery COL State VAL al COL ZipCode VAL 36106 COL CountyName VAL montgomery COL PhoneNumber VAL 3342938000 COL HospitalType VAL acute care hospitals COL HospitalOwner VAL voluntary non-profit - private COL EmergencyService VAL yes COL Condition VAL heart failure COL MeasureCode VAL hf-2 COL MeasureName VAL heart failure patients given an evaluation of left ventricular systolic (lvs) function COL Score VAL 90% COL Sample VAL 518 patients COL Stateavg VAL al_hf-2 ,COL Sample VAL 518 patients ,0
1200,COL ProviderNumber VAL 10024 COL HospitalName VAL jackson hospital & clinic inc COL Address1 VAL 1725 pine street COL Address2 VAL empty COL Address3 VAL empty COL City VAL montgomery COL State VAL al COL ZipCode VAL 36106 COL CountyName VAL montgomery COL PhoneNumber VAL 3342938000 COL HospitalType VAL acute care hospitals COL HospitalOwner VAL voluntary non-profit - private COL EmergencyService VAL yes COL Condition VAL pneumonia COL MeasureCode VAL pn-2 COL MeasureName VAL pneumonia patients assessed and given pneumococcal vaccination COL Score VAL 85% COL Sample VAL 243 patients COL Stateavg VAL al_pn-2 ,COL Sample VAL 243 patiexts ,1
1201,COL ProviderNumber VAL 10024 COL HospitalName VAL jackson hospital & clinic inc COL Address1 VAL 1725 pine street COL Address2 VAL empty COL Address3 VAL empty COL City VAL montgomery COL State VAL al COL ZipCode VAL 36106 COL CountyName VAL montgomery COL PhoneNumber VAL 3342938000 COL HospitalType VAL acute care hospitals COL HospitalOwner VAL voluntary non-profit - private COL EmergencyService VAL yes COL Condition VAL pneumonia COL MeasureCode VAL pn-2 COL MeasureName VAL pneumonia patients assessed and given pneumococcal vaccination COL Score VAL 85% COL Sample VAL 243 patients COL Stateavg VAL al_pn-2 ,COL Sample VAL 243 patients ,0
1202,COL ProviderNumber VAL 10024 COL HospitalName VAL jackson hospital & clinic inc COL Address1 VAL 1725 pine street COL Address2 VAL empty COL Address3 VAL empty COL City VAL montgomery COL State VAL al COL ZipCode VAL 36106 COL CountyName VAL montgomery COL PhoneNumber VAL 3342938000 COL HospitalType VAL acute care hospitals COL HospitalOwner VAL voluntary non-profit - private COL EmergencyService VAL yes COL Condition VAL pneumonia COL MeasureCode VAL pn-3b COL MeasureName VAL pneumonia patients whose initial emergency room blood culture was performed prior to the administration of the first hospital dose of antibiotics COL Score VAL 95% COL Sample VAL 230 patients COL Stateavg VAL al_pn-3b ,COL Sample VAL 230 patxents ,1
1203,COL ProviderNumber VAL 10024 COL HospitalName VAL jackson hospital & clinic inc COL Address1 VAL 1725 pine street COL Address2 VAL empty COL Address3 VAL empty COL City VAL montgomery COL State VAL al COL ZipCode VAL 36106 COL CountyName VAL montgomery COL PhoneNumber VAL 3342938000 COL HospitalType VAL acute care hospitals COL HospitalOwner VAL voluntary non-profit - private COL EmergencyService VAL yes COL Condition VAL pneumonia COL MeasureCode VAL pn-3b COL MeasureName VAL pneumonia patients whose initial emergency room blood culture was performed prior to the administration of the first hospital dose of antibiotics COL Score VAL 95% COL Sample VAL 230 patients COL Stateavg VAL al_pn-3b ,COL Sample VAL 230 patients ,0
1204,COL ProviderNumber VAL 10024 COL HospitalName VAL jackson hospital & clinic inc COL Address1 VAL 1725 pine street COL Address2 VAL empty COL Address3 VAL empty COL City VAL montgomery COL State VAL al COL ZipCode VAL 36106 COL CountyName VAL montgomery COL PhoneNumber VAL 3342938000 COL HospitalType VAL acute care hospitals COL HospitalOwner VAL voluntary non-profit - private COL EmergencyService VAL yes COL Condition VAL pxeumoxia COL MeasureCode VAL pn-5c COL MeasureName VAL pneumonia patients given initial antibiotic(s) within 6 hours after arrival COL Score VAL 88% COL Sample VAL 233 patients COL Stateavg VAL al_pn-5x ,COL Sample VAL 233 pxtients ,1
1205,COL ProviderNumber VAL 10024 COL HospitalName VAL jackson hospital & clinic inc COL Address1 VAL 1725 pine street COL Address2 VAL empty COL Address3 VAL empty COL City VAL montgomery COL State VAL al COL ZipCode VAL 36106 COL CountyName VAL montgomery COL PhoneNumber VAL 3342938000 COL HospitalType VAL acute care hospitals COL HospitalOwner VAL voluntary non-profit - private COL EmergencyService VAL yes COL Condition VAL pxeumoxia COL MeasureCode VAL pn-5c COL MeasureName VAL pneumonia patients given initial antibiotic(s) within 6 hours after arrival COL Score VAL 88% COL Sample VAL 233 patients COL Stateavg VAL al_pn-5x ,COL Sample VAL 233 patients ,0
1206,COL ProviderNumber VAL 10024 COL HospitalName VAL jackson hospital & clinic inc COL Address1 VAL 1725 pine street COL Address2 VAL empty COL Address3 VAL empty COL City VAL montgomery COL State VAL al COL ZipCode VAL 36106 COL CountyName VAL montgomery COL PhoneNumber VAL 3342938000 COL HospitalType VAL acute care hospitals COL HospitalOwner VAL voluntary non-profit - private COL EmergencyService VAL yes COL Condition VAL pneumonia COL MeasureCode VAL pn-6 COL MeasureName VAL pneumonia patients given the most appropriate initial antibiotic(s) COL Score VAL 82% COL Sample VAL 97 patients COL Stateavg VAL al_pn-6 ,COL Sample VAL 97 patiexts ,1
1207,COL ProviderNumber VAL 10024 COL HospitalName VAL jackson hospital & clinic inc COL Address1 VAL 1725 pine street COL Address2 VAL empty COL Address3 VAL empty COL City VAL montgomery COL State VAL al COL ZipCode VAL 36106 COL CountyName VAL montgomery COL PhoneNumber VAL 3342938000 COL HospitalType VAL acute care hospitals COL HospitalOwner VAL voluntary non-profit - private COL EmergencyService VAL yes COL Condition VAL pneumonia COL MeasureCode VAL pn-6 COL MeasureName VAL pneumonia patients given the most appropriate initial antibiotic(s) COL Score VAL 82% COL Sample VAL 97 patients COL Stateavg VAL al_pn-6 ,COL Sample VAL 97 patients ,0
1208,COL ProviderNumber VAL 10024 COL HospitalName VAL jackson hospital & clinic inc COL Address1 VAL 1725 pine street COL Address2 VAL empty COL Address3 VAL empty COL City VAL montgomery COL State VAL al COL ZipCode VAL 36106 COL CountyName VAL montgomery COL PhoneNumber VAL 3342938000 COL HospitalType VAL acute care hospitals COL HospitalOwner VAL voluntary non-profit - private COL EmergencyService VAL yes COL Condition VAL surgical infection prevention COL MeasureCode VAL scip-card-2 COL MeasureName VAL surgery patients who were taking heart drugs called beta blockers before coming to the hospital who were kept on the beta blockers during the period just before and after their surgery COL Score VAL 67% COL Sample VAL 180 patients COL Stateavg VAL al_scip-card-2 ,COL Sample VAL 180 patientx ,1
1209,COL ProviderNumber VAL 10024 COL HospitalName VAL jackson hospital & clinic inc COL Address1 VAL 1725 pine street COL Address2 VAL empty COL Address3 VAL empty COL City VAL montgomery COL State VAL al COL ZipCode VAL 36106 COL CountyName VAL montgomery COL PhoneNumber VAL 3342938000 COL HospitalType VAL acute care hospitals COL HospitalOwner VAL voluntary non-profit - private COL EmergencyService VAL yes COL Condition VAL surgical infection prevention COL MeasureCode VAL scip-card-2 COL MeasureName VAL surgery patients who were taking heart drugs called beta blockers before coming to the hospital who were kept on the beta blockers during the period just before and after their surgery COL Score VAL 67% COL Sample VAL 180 patients COL Stateavg VAL al_scip-card-2 ,COL Sample VAL 180 patients ,0
1210,COL ProviderNumber VAL 1xx24 COL HospitalName VAL jackson hospital & clinic inc COL Address1 VAL 1725 pine street COL Address2 VAL empty COL Address3 VAL empty COL City VAL montgomery COL State VAL xl COL ZipCode VAL 36106 COL CountyName VAL montgomery COL PhoneNumber VAL 3342938000 COL HospitalType VAL acute care hospitals COL HospitalOwner VAL voluntary non-profit - private COL EmergencyService VAL yes COL Condition VAL surgical infection prevention COL MeasureCode VAL scip-inf-1 COL MeasureName VAL surgery patients who were given an antibiotic at the right time (within one hour before surgery) to help prevent infection COL Score VAL 78% COL Sample VAL 844 patients COL Stateavg VAL al_scip-inf-1 ,COL Sample VAL 8xx patients ,1
1211,COL ProviderNumber VAL 1xx24 COL HospitalName VAL jackson hospital & clinic inc COL Address1 VAL 1725 pine street COL Address2 VAL empty COL Address3 VAL empty COL City VAL montgomery COL State VAL xl COL ZipCode VAL 36106 COL CountyName VAL montgomery COL PhoneNumber VAL 3342938000 COL HospitalType VAL acute care hospitals COL HospitalOwner VAL voluntary non-profit - private COL EmergencyService VAL yes COL Condition VAL surgical infection prevention COL MeasureCode VAL scip-inf-1 COL MeasureName VAL surgery patients who were given an antibiotic at the right time (within one hour before surgery) to help prevent infection COL Score VAL 78% COL Sample VAL 844 patients COL Stateavg VAL al_scip-inf-1 ,COL Sample VAL 844 patients ,0
1212,COL ProviderNumber VAL 10024 COL HospitalName VAL jaxkson hospital & xlinix inx COL Address1 VAL 1725 pine street COL Address2 VAL empty COL Address3 VAL empty COL City VAL montgomery COL State VAL al COL ZipCode VAL 36106 COL CountyName VAL montgomery COL PhoneNumber VAL 3342938000 COL HospitalType VAL acute care hospitals COL HospitalOwner VAL voluntary non-profit - private COL EmergencyService VAL yes COL Condition VAL surgical infection prevention COL MeasureCode VAL scip-inf-2 COL MeasureName VAL surgery patients who were given the  right kind  of antibiotic to help prevent infection COL Score VAL 98% COL Sample VAL 827 patients COL Stateavg VAL al_scip-inf-2 ,COL Sample VAL 827 paxienxs ,1
1213,COL ProviderNumber VAL 10024 COL HospitalName VAL jaxkson hospital & xlinix inx COL Address1 VAL 1725 pine street COL Address2 VAL empty COL Address3 VAL empty COL City VAL montgomery COL State VAL al COL ZipCode VAL 36106 COL CountyName VAL montgomery COL PhoneNumber VAL 3342938000 COL HospitalType VAL acute care hospitals COL HospitalOwner VAL voluntary non-profit - private COL EmergencyService VAL yes COL Condition VAL surgical infection prevention COL MeasureCode VAL scip-inf-2 COL MeasureName VAL surgery patients who were given the  right kind  of antibiotic to help prevent infection COL Score VAL 98% COL Sample VAL 827 patients COL Stateavg VAL al_scip-inf-2 ,COL Sample VAL 827 patients ,0
1214,COL ProviderNumber VAL 10024 COL HospitalName VAL jackson hospital & clinic inc COL Address1 VAL 1725 pine street COL Address2 VAL empty COL Address3 VAL empty COL City VAL montgomery COL State VAL al COL ZipCode VAL 36106 COL CountyName VAL montgomery COL PhoneNumber VAL 33x2938000 COL HospitalType VAL acute care hospitals COL HospitalOwner VAL voluntary non-profit - private COL EmergencyService VAL yes COL Condition VAL surgical infection prevention COL MeasureCode VAL scip-inf-3 COL MeasureName VAL surgery patients whose preventive antibiotics were stopped at the right time (within 24 hours after surgery) COL Score VAL 83% COL Sample VAL 817 patients COL Stateavg VAL al_scip-inf-3 ,COL Sample VAL 817 paxienxs ,1
1215,COL ProviderNumber VAL 10024 COL HospitalName VAL jackson hospital & clinic inc COL Address1 VAL 1725 pine street COL Address2 VAL empty COL Address3 VAL empty COL City VAL montgomery COL State VAL al COL ZipCode VAL 36106 COL CountyName VAL montgomery COL PhoneNumber VAL 33x2938000 COL HospitalType VAL acute care hospitals COL HospitalOwner VAL voluntary non-profit - private COL EmergencyService VAL yes COL Condition VAL surgical infection prevention COL MeasureCode VAL scip-inf-3 COL MeasureName VAL surgery patients whose preventive antibiotics were stopped at the right time (within 24 hours after surgery) COL Score VAL 83% COL Sample VAL 817 patients COL Stateavg VAL al_scip-inf-3 ,COL Sample VAL 817 patients ,0
1216,COL ProviderNumber VAL 10024 COL HospitalName VAL jackson hospital & clinic inc COL Address1 VAL 1725 pine street COL Address2 VAL empty COL Address3 VAL empty COL City VAL montgomery COL State VAL al COL ZipCode VAL 36106 COL CountyName VAL montgomery COL PhoneNumber VAL 3342938000 COL HospitalType VAL acute care hospitals COL HospitalOwner VAL voluntary non-profit - private COL EmergencyService VAL yes COL Condition VAL surgical infection prevention COL MeasureCode VAL scip-inf-6 COL MeasureName VAL surgery patients needing hair removed from the surgical area before surgery who had hair removed using a safer method (electric clippers or hair removal cream c not a razor) COL Score VAL 97% COL Sample VAL 1062 patients COL Stateavg VAL al_scip-inf-6 ,COL Sample VAL 1062 xatients ,1
1217,COL ProviderNumber VAL 10024 COL HospitalName VAL jackson hospital & clinic inc COL Address1 VAL 1725 pine street COL Address2 VAL empty COL Address3 VAL empty COL City VAL montgomery COL State VAL al COL ZipCode VAL 36106 COL CountyName VAL montgomery COL PhoneNumber VAL 3342938000 COL HospitalType VAL acute care hospitals COL HospitalOwner VAL voluntary non-profit - private COL EmergencyService VAL yes COL Condition VAL surgical infection prevention COL MeasureCode VAL scip-inf-6 COL MeasureName VAL surgery patients needing hair removed from the surgical area before surgery who had hair removed using a safer method (electric clippers or hair removal cream c not a razor) COL Score VAL 97% COL Sample VAL 1062 patients COL Stateavg VAL al_scip-inf-6 ,COL Sample VAL 1062 patients ,0
1218,COL ProviderNumber VAL 10024 COL HospitalName VAL jackson hospital & clinic inc COL Address1 VAL 1725 pine street COL Address2 VAL empty COL Address3 VAL empty COL City VAL montgomery COL State VAL al COL ZipCode VAL 36106 COL CountyName VAL montgomery COL PhoneNumber VAL 3342938000 COL HospitalType VAL acute care hospitals COL HospitalOwner VAL voluntary non-profit - private COL EmergencyService VAL xes COL Condition VAL surgical infection prevention COL MeasureCode VAL scip-vte-1 COL MeasureName VAL surgery patients whose doctors ordered treatments to prevent blood clots after certain types of surgeries COL Score VAL 92% COL Sample VAL 263 patients COL Stateavg VAL al_scipxvtex1 ,COL Sample VAL 263 xatients ,1
1219,COL ProviderNumber VAL 10024 COL HospitalName VAL jackson hospital & clinic inc COL Address1 VAL 1725 pine street COL Address2 VAL empty COL Address3 VAL empty COL City VAL montgomery COL State VAL al COL ZipCode VAL 36106 COL CountyName VAL montgomery COL PhoneNumber VAL 3342938000 COL HospitalType VAL acute care hospitals COL HospitalOwner VAL voluntary non-profit - private COL EmergencyService VAL xes COL Condition VAL surgical infection prevention COL MeasureCode VAL scip-vte-1 COL MeasureName VAL surgery patients whose doctors ordered treatments to prevent blood clots after certain types of surgeries COL Score VAL 92% COL Sample VAL 263 patients COL Stateavg VAL al_scipxvtex1 ,COL Sample VAL 263 patients ,0
1220,COL ProviderNumber VAL 10025 COL HospitalName VAL g h lanier memorial hospital COL Address1 VAL 4800 48th st COL Address2 VAL empty COL Address3 VAL empty COL City VAL valley COL State VAL al COL ZipCode VAL 36854 COL CountyName VAL chambers COL PhoneNumber VAL 3347561400 COL HospitalType VAL acute care hospitals COL HospitalOwner VAL voluntary non-profit - other COL EmergencyService VAL yes COL Condition VAL heart failure COL MeasureCode VAL hf-2 COL MeasureName VAL heart failure patients given an evaluation of left ventricular systolic (lvs) function COL Score VAL 99% COL Sample VAL 164 patients COL Stateavg VAL al_hf-2 ,COL Sample VAL x64 patients ,1
1221,COL ProviderNumber VAL 10025 COL HospitalName VAL g h lanier memorial hospital COL Address1 VAL 4800 48th st COL Address2 VAL empty COL Address3 VAL empty COL City VAL valley COL State VAL al COL ZipCode VAL 36854 COL CountyName VAL chambers COL PhoneNumber VAL 3347561400 COL HospitalType VAL acute care hospitals COL HospitalOwner VAL voluntary non-profit - other COL EmergencyService VAL yes COL Condition VAL heart failure COL MeasureCode VAL hf-2 COL MeasureName VAL heart failure patients given an evaluation of left ventricular systolic (lvs) function COL Score VAL 99% COL Sample VAL 164 patients COL Stateavg VAL al_hf-2 ,COL Sample VAL 164 patients ,0
1222,COL ProviderNumber VAL 10025 COL HospitalName VAL g h lanier memorial hospital COL Address1 VAL 4800 48th st COL Address2 VAL empty COL Address3 VAL empty COL City VAL valley COL State VAL al COL ZipCode VAL 36854 COL CountyName VAL chambers COL PhoneNumber VAL 3347561400 COL HospitalType VAL acute care hospitals COL HospitalOwner VAL voluntary non-profit - other COL EmergencyService VAL yes COL Condition VAL heart failure COL MeasureCode VAL hf-4 COL MeasureName VAL heart failure patients given smoking cessation advice/counseling COL Score VAL 97% COL Sample VAL 38 patients COL Stateavg VAL al_hf-4 ,COL Sample VAL 38 patiexts ,1
1223,COL ProviderNumber VAL 10025 COL HospitalName VAL g h lanier memorial hospital COL Address1 VAL 4800 48th st COL Address2 VAL empty COL Address3 VAL empty COL City VAL valley COL State VAL al COL ZipCode VAL 36854 COL CountyName VAL chambers COL PhoneNumber VAL 3347561400 COL HospitalType VAL acute care hospitals COL HospitalOwner VAL voluntary non-profit - other COL EmergencyService VAL yes COL Condition VAL heart failure COL MeasureCode VAL hf-4 COL MeasureName VAL heart failure patients given smoking cessation advice/counseling COL Score VAL 97% COL Sample VAL 38 patients COL Stateavg VAL al_hf-4 ,COL Sample VAL 38 patients ,0
1224,COL ProviderNumber VAL 10025 COL HospitalName VAL g h lanier memorial hospital COL Address1 VAL 4800 48th st COL Address2 VAL empty COL Address3 VAL empty COL City VAL valley COL State VAL al COL ZipCode VAL 36854 COL CountyName VAL chambers COL PhoneNumber VAL 3347561400 COL HospitalType VAL acute care hospitals COL HospitalOwner VAL voluntary non-profit - other COL EmergencyService VAL yes COL Condition VAL pneumonia COL MeasureCode VAL pn-7 COL MeasureName VAL pneumonia patients assessed and given influenza vaccination COL Score VAL 75% COL Sample VAL 60 patients COL Stateavg VAL al_pn-7 ,COL Sample VAL x0 patients ,1
1225,COL ProviderNumber VAL 10025 COL HospitalName VAL g h lanier memorial hospital COL Address1 VAL 4800 48th st COL Address2 VAL empty COL Address3 VAL empty COL City VAL valley COL State VAL al COL ZipCode VAL 36854 COL CountyName VAL chambers COL PhoneNumber VAL 3347561400 COL HospitalType VAL acute care hospitals COL HospitalOwner VAL voluntary non-profit - other COL EmergencyService VAL yes COL Condition VAL pneumonia COL MeasureCode VAL pn-7 COL MeasureName VAL pneumonia patients assessed and given influenza vaccination COL Score VAL 75% COL Sample VAL 60 patients COL Stateavg VAL al_pn-7 ,COL Sample VAL 60 patients ,0
1226,COL ProviderNumber VAL 10025 COL HospitalName VAL g h lanier memorial hospital COL Address1 VAL 4800 48th st COL Address2 VAL empty COL Address3 VAL empty COL City VAL valley COL State VAL al COL ZipCode VAL 36854 COL CountyName VAL chambers COL PhoneNumber VAL 3347561400 COL HospitalType VAL acute care hospitals COL HospitalOwner VAL voluntary non-profit - other COL EmergencyService VAL yes COL Condition VAL surgical infection prevention COL MeasureCode VAL scip-inf-1 COL MeasureName VAL surgery patients who were given an antibiotic at the right time (within one hour before surgery) to help prevent infection COL Score VAL 100% COL Sample VAL 117 patients COL Stateavg VAL al_scip-inf-1 ,COL Sample VAL 117 pxtients ,1
1227,COL ProviderNumber VAL 10025 COL HospitalName VAL g h lanier memorial hospital COL Address1 VAL 4800 48th st COL Address2 VAL empty COL Address3 VAL empty COL City VAL valley COL State VAL al COL ZipCode VAL 36854 COL CountyName VAL chambers COL PhoneNumber VAL 3347561400 COL HospitalType VAL acute care hospitals COL HospitalOwner VAL voluntary non-profit - other COL EmergencyService VAL yes COL Condition VAL surgical infection prevention COL MeasureCode VAL scip-inf-1 COL MeasureName VAL surgery patients who were given an antibiotic at the right time (within one hour before surgery) to help prevent infection COL Score VAL 100% COL Sample VAL 117 patients COL Stateavg VAL al_scip-inf-1 ,COL Sample VAL 117 patients ,0
1228,COL ProviderNumber VAL 10029 COL HospitalName VAL east alabama medical center and snf COL Address1 VAL 2000 pepperell parkway COL Address2 VAL empty COL Address3 VAL empty COL City VAL opelika COL State VAL al COL ZipCode VAL 36801 COL CountyName VAL lee COL PhoneNumber VAL 3347493411 COL HospitalType VAL acute care hospitals COL HospitalOwner VAL government - hospital district or authority COL EmergencyService VAL yes COL Condition VAL heart attack COL MeasureCode VAL ami-2 COL MeasureName VAL heart attack patients given aspirin at discharge COL Score VAL 97% COL Sample VAL 290 patients COL Stateavg VAL al_ami-2 ,COL Sample VAL 2x0 patients ,1
1229,COL ProviderNumber VAL 10029 COL HospitalName VAL east alabama medical center and snf COL Address1 VAL 2000 pepperell parkway COL Address2 VAL empty COL Address3 VAL empty COL City VAL opelika COL State VAL al COL ZipCode VAL 36801 COL CountyName VAL lee COL PhoneNumber VAL 3347493411 COL HospitalType VAL acute care hospitals COL HospitalOwner VAL government - hospital district or authority COL EmergencyService VAL yes COL Condition VAL heart attack COL MeasureCode VAL ami-2 COL MeasureName VAL heart attack patients given aspirin at discharge COL Score VAL 97% COL Sample VAL 290 patients COL Stateavg VAL al_ami-2 ,COL Sample VAL 290 patients ,0
1230,COL ProviderNumber VAL 10029 COL HospitalName VAL east alabama medical center and snf COL Address1 VAL 2000 pepperell parkway COL Address2 VAL empty COL Address3 VAL empty COL City VAL opelika COL State VAL al COL ZipCode VAL 36801 COL CountyName VAL lee COL PhoneNumber VAL 3347493411 COL HospitalType VAL acute care hospitals COL HospitalOwner VAL government - hospital district or authority COL EmergencyService VAL yes COL Condition VAL heart attack COL MeasureCode VAL ami-3 COL MeasureName VAL heart attack patients given ace inhibitor or arb for left ventricular systolic dysfunction (lvsd) COL Score VAL 93% COL Sample VAL 72 patients COL Stateavg VAL al_ami-3 ,COL Sample VAL 72 xatients ,1
1231,COL ProviderNumber VAL 10029 COL HospitalName VAL east alabama medical center and snf COL Address1 VAL 2000 pepperell parkway COL Address2 VAL empty COL Address3 VAL empty COL City VAL opelika COL State VAL al COL ZipCode VAL 36801 COL CountyName VAL lee COL PhoneNumber VAL 3347493411 COL HospitalType VAL acute care hospitals COL HospitalOwner VAL government - hospital district or authority COL EmergencyService VAL yes COL Condition VAL heart attack COL MeasureCode VAL ami-3 COL MeasureName VAL heart attack patients given ace inhibitor or arb for left ventricular systolic dysfunction (lvsd) COL Score VAL 93% COL Sample VAL 72 patients COL Stateavg VAL al_ami-3 ,COL Sample VAL 72 patients ,0
1232,COL ProviderNumber VAL 10029 COL HospitalName VAL east alabama medical center and snf COL Address1 VAL 2000 pepperell parkway COL Address2 VAL empty COL Address3 VAL empty COL City VAL opelika COL State VAL al COL ZipCode VAL 36801 COL CountyName VAL lee COL PhoneNumber VAL 3347493411 COL HospitalType VAL acute care hospitals COL HospitalOwner VAL government - hospital district or authority COL EmergencyService VAL yes COL Condition VAL heart attack COL MeasureCode VAL ami-4 COL MeasureName VAL heart attack patients given smoking cessation advice/counseling COL Score VAL 100% COL Sample VAL 122 patients COL Stateavg VAL al_ami-4 ,COL Sample VAL 1xx patients ,1
1233,COL ProviderNumber VAL 10029 COL HospitalName VAL east alabama medical center and snf COL Address1 VAL 2000 pepperell parkway COL Address2 VAL empty COL Address3 VAL empty COL City VAL opelika COL State VAL al COL ZipCode VAL 36801 COL CountyName VAL lee COL PhoneNumber VAL 3347493411 COL HospitalType VAL acute care hospitals COL HospitalOwner VAL government - hospital district or authority COL EmergencyService VAL yes COL Condition VAL heart attack COL MeasureCode VAL ami-4 COL MeasureName VAL heart attack patients given smoking cessation advice/counseling COL Score VAL 100% COL Sample VAL 122 patients COL Stateavg VAL al_ami-4 ,COL Sample VAL 122 patients ,0
1234,COL ProviderNumber VAL 10029 COL HospitalName VAL east alabama medical center and snf COL Address1 VAL 2000 pepperell parkway COL Address2 VAL empty COL Address3 VAL empty COL City VAL opelika COL State VAL al COL ZipCode VAL 36801 COL CountyName VAL lee COL PhoneNumber VAL 3347493411 COL HospitalType VAL acute care hospitals COL HospitalOwner VAL government - hospital district or authority COL EmergencyService VAL yes COL Condition VAL heart attack COL MeasureCode VAL ami-5 COL MeasureName VAL heart attack patients given beta blocker at discharge COL Score VAL 98% COL Sample VAL 281 patients COL Stateavg VAL al_ami-5 ,COL Sample VAL x81 patients ,1
1235,COL ProviderNumber VAL 10029 COL HospitalName VAL east alabama medical center and snf COL Address1 VAL 2000 pepperell parkway COL Address2 VAL empty COL Address3 VAL empty COL City VAL opelika COL State VAL al COL ZipCode VAL 36801 COL CountyName VAL lee COL PhoneNumber VAL 3347493411 COL HospitalType VAL acute care hospitals COL HospitalOwner VAL government - hospital district or authority COL EmergencyService VAL yes COL Condition VAL heart attack COL MeasureCode VAL ami-5 COL MeasureName VAL heart attack patients given beta blocker at discharge COL Score VAL 98% COL Sample VAL 281 patients COL Stateavg VAL al_ami-5 ,COL Sample VAL 281 patients ,0
1236,COL ProviderNumber VAL 10029 COL HospitalName VAL east alabama medical center and snf COL Address1 VAL 2000 pepperell parkway COL Address2 VAL empty COL Address3 VAL empty COL City VAL opelika COL State VAL al COL ZipCode VAL 36801 COL CountyName VAL lee COL PhoneNumber VAL 3347493411 COL HospitalType VAL acute care hospitals COL HospitalOwner VAL government - hospital district or authority COL EmergencyService VAL yes COL Condition VAL heart failure COL MeasureCode VAL hf-1 COL MeasureName VAL heart failure patients given discharge instructions COL Score VAL 82% COL Sample VAL 527 patients COL Stateavg VAL al_hf-1 ,COL Sample VAL x27 patients ,1
1237,COL ProviderNumber VAL 10029 COL HospitalName VAL east alabama medical center and snf COL Address1 VAL 2000 pepperell parkway COL Address2 VAL empty COL Address3 VAL empty COL City VAL opelika COL State VAL al COL ZipCode VAL 36801 COL CountyName VAL lee COL PhoneNumber VAL 3347493411 COL HospitalType VAL acute care hospitals COL HospitalOwner VAL government - hospital district or authority COL EmergencyService VAL yes COL Condition VAL heart failure COL MeasureCode VAL hf-1 COL MeasureName VAL heart failure patients given discharge instructions COL Score VAL 82% COL Sample VAL 527 patients COL Stateavg VAL al_hf-1 ,COL Sample VAL 527 patients ,0
1238,COL ProviderNumber VAL 10029 COL HospitalName VAL east alabama medical center and snf COL Address1 VAL 2000 pepperell parkway COL Address2 VAL empty COL Address3 VAL empty COL City VAL opelika COL State VAL al COL ZipCode VAL 36801 COL CountyName VAL lee COL PhoneNumber VAL 3347493411 COL HospitalType VAL acute care hospitals COL HospitalOwner VAL government - hospital district or authority COL EmergencyService VAL yes COL Condition VAL heart failure COL MeasureCode VAL hf-2 COL MeasureName VAL heart failure patients given an evaluation of left ventricular systolic (lvs) function COL Score VAL 100% COL Sample VAL 570 patients COL Stateavg VAL al_hf-2 ,COL Sample VAL 570 paxienxs ,1
1239,COL ProviderNumber VAL 10029 COL HospitalName VAL east alabama medical center and snf COL Address1 VAL 2000 pepperell parkway COL Address2 VAL empty COL Address3 VAL empty COL City VAL opelika COL State VAL al COL ZipCode VAL 36801 COL CountyName VAL lee COL PhoneNumber VAL 3347493411 COL HospitalType VAL acute care hospitals COL HospitalOwner VAL government - hospital district or authority COL EmergencyService VAL yes COL Condition VAL heart failure COL MeasureCode VAL hf-2 COL MeasureName VAL heart failure patients given an evaluation of left ventricular systolic (lvs) function COL Score VAL 100% COL Sample VAL 570 patients COL Stateavg VAL al_hf-2 ,COL Sample VAL 570 patients ,0
1240,COL ProviderNumber VAL 10029 COL HospitalName VAL east alabama medical center and snf COL Address1 VAL 2000 pepperell parkway COL Address2 VAL empty COL Address3 VAL empty COL City VAL opelika COL State VAL al COL ZipCode VAL 36801 COL CountyName VAL lee COL PhoneNumber VAL 3347493411 COL HospitalType VAL acute care hospitals COL HospitalOwner VAL government - hospital district or authority COL EmergencyService VAL yes COL Condition VAL heart failure COL MeasureCode VAL hf-3 COL MeasureName VAL heart failure patients given ace inhibitor or arb for left ventricular systolic dysfunction (lvsd) COL Score VAL 92% COL Sample VAL 272 patients COL Stateavg VAL al_hf-3 ,COL Sample VAL 272 patiexts ,1
1241,COL ProviderNumber VAL 10029 COL HospitalName VAL east alabama medical center and snf COL Address1 VAL 2000 pepperell parkway COL Address2 VAL empty COL Address3 VAL empty COL City VAL opelika COL State VAL al COL ZipCode VAL 36801 COL CountyName VAL lee COL PhoneNumber VAL 3347493411 COL HospitalType VAL acute care hospitals COL HospitalOwner VAL government - hospital district or authority COL EmergencyService VAL yes COL Condition VAL heart failure COL MeasureCode VAL hf-3 COL MeasureName VAL heart failure patients given ace inhibitor or arb for left ventricular systolic dysfunction (lvsd) COL Score VAL 92% COL Sample VAL 272 patients COL Stateavg VAL al_hf-3 ,COL Sample VAL 272 patients ,0
1242,COL ProviderNumber VAL 10029 COL HospitalName VAL east alabama medical center and snf COL Address1 VAL 2000 pepperell parkway COL Address2 VAL empty COL Address3 VAL empty COL City VAL opelika COL State VAL al COL ZipCode VAL 36801 COL CountyName VAL lee COL PhoneNumber VAL 3347493411 COL HospitalType VAL acute care hospitals COL HospitalOwner VAL government - hospital district or authority COL EmergencyService VAL yex COL Condition VAL pneumonia COL MeasureCode VAL pn-3b COL MeasureName VAL pneumonia patients whose initial emergency room blood culture was performed prior to the administration of the first hospital dose of antibiotics COL Score VAL 91% COL Sample VAL 129 patients COL Stateavg VAL al_pn-3b ,COL Sample VAL x29 patients ,1
1243,COL ProviderNumber VAL 10029 COL HospitalName VAL east alabama medical center and snf COL Address1 VAL 2000 pepperell parkway COL Address2 VAL empty COL Address3 VAL empty COL City VAL opelika COL State VAL al COL ZipCode VAL 36801 COL CountyName VAL lee COL PhoneNumber VAL 3347493411 COL HospitalType VAL acute care hospitals COL HospitalOwner VAL government - hospital district or authority COL EmergencyService VAL yex COL Condition VAL pneumonia COL MeasureCode VAL pn-3b COL MeasureName VAL pneumonia patients whose initial emergency room blood culture was performed prior to the administration of the first hospital dose of antibiotics COL Score VAL 91% COL Sample VAL 129 patients COL Stateavg VAL al_pn-3b ,COL Sample VAL 129 patients ,0
1244,COL ProviderNumber VAL 10029 COL HospitalName VAL east alabama medical center and snf COL Address1 VAL 2000 pepperell parkway COL Address2 VAL empty COL Address3 VAL empty COL City VAL opelika COL State VAL al COL ZipCode VAL 36801 COL CountyName VAL lee COL PhoneNumber VAL 3347493411 COL HospitalType VAL acute care hospitals COL HospitalOwner VAL government - hospital district or authority COL EmergencyService VAL yes COL Condition VAL pneumonia COL MeasureCode VAL pn-5c COL MeasureName VAL pneumonia patients given initial antibiotic(s) within 6 hours after arrival COL Score VAL 96% COL Sample VAL 153 patients COL Stateavg VAL al_pn-5c ,COL Sample VAL 1x3 patients ,1
1245,COL ProviderNumber VAL 10029 COL HospitalName VAL east alabama medical center and snf COL Address1 VAL 2000 pepperell parkway COL Address2 VAL empty COL Address3 VAL empty COL City VAL opelika COL State VAL al COL ZipCode VAL 36801 COL CountyName VAL lee COL PhoneNumber VAL 3347493411 COL HospitalType VAL acute care hospitals COL HospitalOwner VAL government - hospital district or authority COL EmergencyService VAL yes COL Condition VAL pneumonia COL MeasureCode VAL pn-5c COL MeasureName VAL pneumonia patients given initial antibiotic(s) within 6 hours after arrival COL Score VAL 96% COL Sample VAL 153 patients COL Stateavg VAL al_pn-5c ,COL Sample VAL 153 patients ,0
1246,COL ProviderNumber VAL 10029 COL HospitalName VAL east alabama medical center and snf COL Address1 VAL 2000 pepperell parkway COL Address2 VAL empty COL Address3 VAL empty COL City VAL opelika COL State VAL al COL ZipCode VAL 36801 COL CountyName VAL lee COL PhoneNumber VAL 3347493411 COL HospitalType VAL acuxe care hospixals COL HospitalOwner VAL government - hospital district or authority COL EmergencyService VAL yes COL Condition VAL surgical infection prevention COL MeasureCode VAL scip-inf-1 COL MeasureName VAL surgery patients who were given an antibiotic at the right time (within one hour before surgery) to help prevent infection COL Score VAL 99% COL Sample VAL 1001 patients COL Stateavg VAL al_scip-inf-1 ,COL Sample VAL 1001 paxienxs ,1
1247,COL ProviderNumber VAL 10029 COL HospitalName VAL east alabama medical center and snf COL Address1 VAL 2000 pepperell parkway COL Address2 VAL empty COL Address3 VAL empty COL City VAL opelika COL State VAL al COL ZipCode VAL 36801 COL CountyName VAL lee COL PhoneNumber VAL 3347493411 COL HospitalType VAL acuxe care hospixals COL HospitalOwner VAL government - hospital district or authority COL EmergencyService VAL yes COL Condition VAL surgical infection prevention COL MeasureCode VAL scip-inf-1 COL MeasureName VAL surgery patients who were given an antibiotic at the right time (within one hour before surgery) to help prevent infection COL Score VAL 99% COL Sample VAL 1001 patients COL Stateavg VAL al_scip-inf-1 ,COL Sample VAL 1001 patients ,0
1248,COL ProviderNumber VAL 10029 COL HospitalName VAL east alabama medical center and snf COL Address1 VAL 2000 pepperell parkway COL Address2 VAL empty COL Address3 VAL empty COL City VAL opelika COL State VAL al COL ZipCode VAL 36801 COL CountyName VAL lee COL PhoneNumber VAL 3347493411 COL HospitalType VAL acute care hospitals COL HospitalOwner VAL government - hospital district or authority COL EmergencyService VAL yes COL Condition VAL surgical infection prevention COL MeasureCode VAL scip-inf-2 COL MeasureName VAL surgery patients who were given the  right kind  of antibiotic to help prevent infection COL Score VAL 99% COL Sample VAL 1016 patients COL Stateavg VAL al_scip-inf-2 ,COL Sample VAL x0x6 patients ,1
1249,COL ProviderNumber VAL 10029 COL HospitalName VAL east alabama medical center and snf COL Address1 VAL 2000 pepperell parkway COL Address2 VAL empty COL Address3 VAL empty COL City VAL opelika COL State VAL al COL ZipCode VAL 36801 COL CountyName VAL lee COL PhoneNumber VAL 3347493411 COL HospitalType VAL acute care hospitals COL HospitalOwner VAL government - hospital district or authority COL EmergencyService VAL yes COL Condition VAL surgical infection prevention COL MeasureCode VAL scip-inf-2 COL MeasureName VAL surgery patients who were given the  right kind  of antibiotic to help prevent infection COL Score VAL 99% COL Sample VAL 1016 patients COL Stateavg VAL al_scip-inf-2 ,COL Sample VAL 1016 patients ,0
1250,COL ProviderNumber VAL 10029 COL HospitalName VAL east alabama medical center and snf COL Address1 VAL 2000 pepperell parkway COL Address2 VAL empty COL Address3 VAL empty COL City VAL opelika COL State VAL al COL ZipCode VAL 36801 COL CountyName VAL lee COL PhoneNumber VAL 3347493411 COL HospitalType VAL acute care hospitals COL HospitalOwner VAL government - hospital district or authority COL EmergencyService VAL yes COL Condition VAL surgical infection prevention COL MeasureCode VAL scip-inf-3 COL MeasureName VAL surgery patients whose preventive antibiotics were stopped at the right time (within 24 hours after surgery) COL Score VAL 97% COL Sample VAL 962 patients COL Stateavg VAL al_scip-inf-3 ,COL Sample VAL x62 patients ,1
1251,COL ProviderNumber VAL 10029 COL HospitalName VAL east alabama medical center and snf COL Address1 VAL 2000 pepperell parkway COL Address2 VAL empty COL Address3 VAL empty COL City VAL opelika COL State VAL al COL ZipCode VAL 36801 COL CountyName VAL lee COL PhoneNumber VAL 3347493411 COL HospitalType VAL acute care hospitals COL HospitalOwner VAL government - hospital district or authority COL EmergencyService VAL yes COL Condition VAL surgical infection prevention COL MeasureCode VAL scip-inf-3 COL MeasureName VAL surgery patients whose preventive antibiotics were stopped at the right time (within 24 hours after surgery) COL Score VAL 97% COL Sample VAL 962 patients COL Stateavg VAL al_scip-inf-3 ,COL Sample VAL 962 patients ,0
1252,COL ProviderNumber VAL 10029 COL HospitalName VAL east alabama medical center and snf COL Address1 VAL 2000 pepperell parkway COL Address2 VAL empty COL Address3 VAL empty COL City VAL opelika COL State VAL al COL ZipCode VAL 36801 COL CountyName VAL lee COL PhoneNumber VAL 3347493411 COL HospitalType VAL acute care hospitals COL HospitalOwner VAL government - hospital district or authority COL EmergencyService VAL yes COL Condition VAL surgical infection prevention COL MeasureCode VAL scip-inf-4 COL MeasureName VAL all heart surgery patients whose blood sugar (blood glucose) is kept under good control in the days right after surgery COL Score VAL 98% COL Sample VAL 241 patients COL Stateavg VAL al_scip-inf-4 ,COL Sample VAL 2x1 patients ,1
1253,COL ProviderNumber VAL 10029 COL HospitalName VAL east alabama medical center and snf COL Address1 VAL 2000 pepperell parkway COL Address2 VAL empty COL Address3 VAL empty COL City VAL opelika COL State VAL al COL ZipCode VAL 36801 COL CountyName VAL lee COL PhoneNumber VAL 3347493411 COL HospitalType VAL acute care hospitals COL HospitalOwner VAL government - hospital district or authority COL EmergencyService VAL yes COL Condition VAL surgical infection prevention COL MeasureCode VAL scip-inf-4 COL MeasureName VAL all heart surgery patients whose blood sugar (blood glucose) is kept under good control in the days right after surgery COL Score VAL 98% COL Sample VAL 241 patients COL Stateavg VAL al_scip-inf-4 ,COL Sample VAL 241 patients ,0
1254,COL ProviderNumber VAL 10029 COL HospitalName VAL east alabama medical center and snf COL Address1 VAL 2000 pepperell parkway COL Address2 VAL empty COL Address3 VAL empty COL City VAL opelika COL State VAL al COL ZipCode VAL 36801 COL CountyName VAL lee COL PhoneNumber VAL 3347493411 COL HospitalType VAL acute care hospitals COL HospitalOwner VAL government - hospital district or authority COL EmergencyService VAL yes COL Condition VAL surgical infection prevention COL MeasureCode VAL scip-inf-6 COL MeasureName VAL surgery patients needing hair removed from the surgical area before surgery who had hair removed using a safer method (electric clippers or hair removal cream c not a razor) COL Score VAL 100% COL Sample VAL 1421 patients COL Stateavg VAL al_scip-inf-6 ,COL Sample VAL 1421 patixnts ,1
1255,COL ProviderNumber VAL 10029 COL HospitalName VAL east alabama medical center and snf COL Address1 VAL 2000 pepperell parkway COL Address2 VAL empty COL Address3 VAL empty COL City VAL opelika COL State VAL al COL ZipCode VAL 36801 COL CountyName VAL lee COL PhoneNumber VAL 3347493411 COL HospitalType VAL acute care hospitals COL HospitalOwner VAL government - hospital district or authority COL EmergencyService VAL yes COL Condition VAL surgical infection prevention COL MeasureCode VAL scip-inf-6 COL MeasureName VAL surgery patients needing hair removed from the surgical area before surgery who had hair removed using a safer method (electric clippers or hair removal cream c not a razor) COL Score VAL 100% COL Sample VAL 1421 patients COL Stateavg VAL al_scip-inf-6 ,COL Sample VAL 1421 patients ,0
1256,COL ProviderNumber VAL 10033 COL HospitalName VAL university of alabama hospital COL Address1 VAL 619 south 19th street COL Address2 VAL empty COL Address3 VAL empty COL City VAL birmingham COL State VAL al COL ZipCode VAL 35233 COL CountyName VAL jefferson COL PhoneNumber VAL 2059344011 COL HospitalType VAL acute care hospitals COL HospitalOwner VAL government - state COL EmergencyService VAL yex COL Condition VAL heart failure COL MeasureCode VAL hf-2 COL MeasureName VAL heart failure patients given an evaluation of left ventricular systolic (lvs) function COL Score VAL 96% COL Sample VAL 681 patients COL Stateavg VAL al_hf-2 ,COL Sample VAL 681 xatients ,1
1257,COL ProviderNumber VAL 10033 COL HospitalName VAL university of alabama hospital COL Address1 VAL 619 south 19th street COL Address2 VAL empty COL Address3 VAL empty COL City VAL birmingham COL State VAL al COL ZipCode VAL 35233 COL CountyName VAL jefferson COL PhoneNumber VAL 2059344011 COL HospitalType VAL acute care hospitals COL HospitalOwner VAL government - state COL EmergencyService VAL yex COL Condition VAL heart failure COL MeasureCode VAL hf-2 COL MeasureName VAL heart failure patients given an evaluation of left ventricular systolic (lvs) function COL Score VAL 96% COL Sample VAL 681 patients COL Stateavg VAL al_hf-2 ,COL Sample VAL 681 patients ,0
1258,COL ProviderNumber VAL 10033 COL HospitalName VAL university of alabama hospital COL Address1 VAL 619 south 19th street COL Address2 VAL empty COL Address3 VAL empty COL City VAL birmingham COL State VAL al COL ZipCode VAL 35233 COL CountyName VAL jefferson COL PhoneNumber VAL 2059344011 COL HospitalType VAL acute care hospitals COL HospitalOwner VAL government - state COL EmergencyService VAL yes COL Condition VAL heart failure COL MeasureCode VAL hf-3 COL MeasureName VAL heart failure patients given ace inhibitor or arb for left ventricular systolic dysfunction (lvsd) COL Score VAL 94% COL Sample VAL 343 patients COL Stateavg VAL al_hf-3 ,COL Sample VAL 343 patientx ,1
1259,COL ProviderNumber VAL 10033 COL HospitalName VAL university of alabama hospital COL Address1 VAL 619 south 19th street COL Address2 VAL empty COL Address3 VAL empty COL City VAL birmingham COL State VAL al COL ZipCode VAL 35233 COL CountyName VAL jefferson COL PhoneNumber VAL 2059344011 COL HospitalType VAL acute care hospitals COL HospitalOwner VAL government - state COL EmergencyService VAL yes COL Condition VAL heart failure COL MeasureCode VAL hf-3 COL MeasureName VAL heart failure patients given ace inhibitor or arb for left ventricular systolic dysfunction (lvsd) COL Score VAL 94% COL Sample VAL 343 patients COL Stateavg VAL al_hf-3 ,COL Sample VAL 343 patients ,0
1260,COL ProviderNumber VAL 10033 COL HospitalName VAL university of alabama hospital COL Address1 VAL 619 south 19th street COL Address2 VAL empty COL Address3 VAL empty COL City VAL birmingham COL State VAL al COL ZipCode VAL 35233 COL CountyName VAL jefferson COL PhoneNumber VAL 2059344011 COL HospitalType VAL acute care hospitals COL HospitalOwner VAL government - state COL EmergencyService VAL yes COL Condition VAL pneumonia COL MeasureCode VAL pn-3b COL MeasureName VAL pneumonia patients whose initial emergency room blood culture was performed prior to the administration of the first hospital dose of antibiotics COL Score VAL 92% COL Sample VAL 378 patients COL Stateavg VAL alxpn-3b ,COL Sample VAL 378 patxents ,1
1261,COL ProviderNumber VAL 10033 COL HospitalName VAL university of alabama hospital COL Address1 VAL 619 south 19th street COL Address2 VAL empty COL Address3 VAL empty COL City VAL birmingham COL State VAL al COL ZipCode VAL 35233 COL CountyName VAL jefferson COL PhoneNumber VAL 2059344011 COL HospitalType VAL acute care hospitals COL HospitalOwner VAL government - state COL EmergencyService VAL yes COL Condition VAL pneumonia COL MeasureCode VAL pn-3b COL MeasureName VAL pneumonia patients whose initial emergency room blood culture was performed prior to the administration of the first hospital dose of antibiotics COL Score VAL 92% COL Sample VAL 378 patients COL Stateavg VAL alxpn-3b ,COL Sample VAL 378 patients ,0
1262,COL ProviderNumber VAL 10033 COL HospitalName VAL university of alabama hospital COL Address1 VAL 619 south 19th street COL Address2 VAL empty COL Address3 VAL empty COL City VAL birmingham COL State VAL al COL ZipCode VAL 35233 COL CountyName VAL jefferson COL PhoneNumber VAL 2059344011 COL HospitalType VAL acute care hospitals COL HospitalOwner VAL government - state COL EmergencyService VAL yes COL Condition VAL pneumonia COL MeasureCode VAL pn-5c COL MeasureName VAL pneumonia patients given initial antibiotic(s) within 6 hours after arrival COL Score VAL 92% COL Sample VAL 357 patients COL Stateavg VAL al_pn-5c ,COL Sample VAL 357 paxienxs ,1
1263,COL ProviderNumber VAL 10033 COL HospitalName VAL university of alabama hospital COL Address1 VAL 619 south 19th street COL Address2 VAL empty COL Address3 VAL empty COL City VAL birmingham COL State VAL al COL ZipCode VAL 35233 COL CountyName VAL jefferson COL PhoneNumber VAL 2059344011 COL HospitalType VAL acute care hospitals COL HospitalOwner VAL government - state COL EmergencyService VAL yes COL Condition VAL pneumonia COL MeasureCode VAL pn-5c COL MeasureName VAL pneumonia patients given initial antibiotic(s) within 6 hours after arrival COL Score VAL 92% COL Sample VAL 357 patients COL Stateavg VAL al_pn-5c ,COL Sample VAL 357 patients ,0
1264,COL ProviderNumber VAL 10033 COL HospitalName VAL university of alabama hospital COL Address1 VAL 619 south 19th street COL Address2 VAL empty COL Address3 VAL empty COL City VAL birmingham COL State VAL al COL ZipCode VAL 35233 COL CountyName VAL jefferson COL PhoneNumber VAL 2059344011 COL HospitalType VAL acute care hospitals COL HospitalOwner VAL government - state COL EmergencyService VAL yes COL Condition VAL surgical infection prevention COL MeasureCode VAL scip-inf-1 COL MeasureName VAL surgery patients who were given an antibiotic at the right time (within one hour before surgery) to help prevent infection COL Score VAL 88% COL Sample VAL 324 patients COL Stateavg VAL al_scip-inf-1 ,COL Sample VAL 324 pxtients ,1
1265,COL ProviderNumber VAL 10033 COL HospitalName VAL university of alabama hospital COL Address1 VAL 619 south 19th street COL Address2 VAL empty COL Address3 VAL empty COL City VAL birmingham COL State VAL al COL ZipCode VAL 35233 COL CountyName VAL jefferson COL PhoneNumber VAL 2059344011 COL HospitalType VAL acute care hospitals COL HospitalOwner VAL government - state COL EmergencyService VAL yes COL Condition VAL surgical infection prevention COL MeasureCode VAL scip-inf-1 COL MeasureName VAL surgery patients who were given an antibiotic at the right time (within one hour before surgery) to help prevent infection COL Score VAL 88% COL Sample VAL 324 patients COL Stateavg VAL al_scip-inf-1 ,COL Sample VAL 324 patients ,0
1266,COL ProviderNumber VAL 10033 COL HospitalName VAL university of alabama hospital COL Address1 VAL 619 south 19th street COL Address2 VAL empty COL Address3 VAL empty COL City VAL birmingham COL State VAL al COL ZipCode VAL x52xx COL CountyName VAL jefferson COL PhoneNumber VAL 2059344011 COL HospitalType VAL acute care hospitals COL HospitalOwner VAL government - state COL EmergencyService VAL yes COL Condition VAL surgical infection prevention COL MeasureCode VAL scip-inf-2 COL MeasureName VAL surgery patients who were given the  right kind  of antibiotic to help prevent infection COL Score VAL 95% COL Sample VAL 350 patients COL Stateavg VAL al_scip-inf-2 ,COL Sample VAL 350 patientx ,1
1267,COL ProviderNumber VAL 10033 COL HospitalName VAL university of alabama hospital COL Address1 VAL 619 south 19th street COL Address2 VAL empty COL Address3 VAL empty COL City VAL birmingham COL State VAL al COL ZipCode VAL x52xx COL CountyName VAL jefferson COL PhoneNumber VAL 2059344011 COL HospitalType VAL acute care hospitals COL HospitalOwner VAL government - state COL EmergencyService VAL yes COL Condition VAL surgical infection prevention COL MeasureCode VAL scip-inf-2 COL MeasureName VAL surgery patients who were given the  right kind  of antibiotic to help prevent infection COL Score VAL 95% COL Sample VAL 350 patients COL Stateavg VAL al_scip-inf-2 ,COL Sample VAL 350 patients ,0
1268,COL ProviderNumber VAL 10033 COL HospitalName VAL university of alabama hospital COL Address1 VAL 619 south 19th street COL Address2 VAL empty COL Address3 VAL empty COL City VAL birmingham COL State VAL al COL ZipCode VAL 35233 COL CountyName VAL jefferson COL PhoneNumber VAL 2059344011 COL HospitalType VAL acute care hospitals COL HospitalOwner VAL government - state COL EmergencyService VAL yes COL Condition VAL surgical infection prevention COL MeasureCode VAL scip-inf-3 COL MeasureName VAL surgery patients whose preventive antibiotics were stopped at the right time (within 24 hours after surgery) COL Score VAL 87% COL Sample VAL 317 patients COL Stateavg VAL al_scip-inf-3 ,COL Sample VAL 317 patiexts ,1
1269,COL ProviderNumber VAL 10033 COL HospitalName VAL university of alabama hospital COL Address1 VAL 619 south 19th street COL Address2 VAL empty COL Address3 VAL empty COL City VAL birmingham COL State VAL al COL ZipCode VAL 35233 COL CountyName VAL jefferson COL PhoneNumber VAL 2059344011 COL HospitalType VAL acute care hospitals COL HospitalOwner VAL government - state COL EmergencyService VAL yes COL Condition VAL surgical infection prevention COL MeasureCode VAL scip-inf-3 COL MeasureName VAL surgery patients whose preventive antibiotics were stopped at the right time (within 24 hours after surgery) COL Score VAL 87% COL Sample VAL 317 patients COL Stateavg VAL al_scip-inf-3 ,COL Sample VAL 317 patients ,0
1270,COL ProviderNumber VAL 10033 COL HospitalName VAL university of alabama hospital COL Address1 VAL 619 south 19th street COL Address2 VAL empty COL Address3 VAL empty COL City VAL birmingham COL State VAL al COL ZipCode VAL 35233 COL CountyName VAL jefferson COL PhoneNumber VAL 2059344011 COL HospitalType VAL acute care hospitals COL HospitalOwner VAL government - state COL EmergencyService VAL yes COL Condition VAL surgical infection prevention COL MeasureCode VAL scip-inf-4 COL MeasureName VAL all heart surgery patients whose blood sugar (blood glucose) is kept under good control in the days right after surgery COL Score VAL 76% COL Sample VAL 140 patients COL Stateavg VAL al_scip-inf-4 ,COL Sample VAL 140 patixnts ,1
1271,COL ProviderNumber VAL 10033 COL HospitalName VAL university of alabama hospital COL Address1 VAL 619 south 19th street COL Address2 VAL empty COL Address3 VAL empty COL City VAL birmingham COL State VAL al COL ZipCode VAL 35233 COL CountyName VAL jefferson COL PhoneNumber VAL 2059344011 COL HospitalType VAL acute care hospitals COL HospitalOwner VAL government - state COL EmergencyService VAL yes COL Condition VAL surgical infection prevention COL MeasureCode VAL scip-inf-4 COL MeasureName VAL all heart surgery patients whose blood sugar (blood glucose) is kept under good control in the days right after surgery COL Score VAL 76% COL Sample VAL 140 patients COL Stateavg VAL al_scip-inf-4 ,COL Sample VAL 140 patients ,0
1272,COL ProviderNumber VAL 10033 COL HospitalName VAL university of alabama hospital COL Address1 VAL 619 south 19th street COL Address2 VAL empty COL Address3 VAL empty COL City VAL birmingham COL State VAL al COL ZipCode VAL 35233 COL CountyName VAL jefferson COL PhoneNumber VAL 2059344011 COL HospitalType VAL acute care hospitals COL HospitalOwner VAL government - state COL EmergencyService VAL yes COL Condition VAL surgical infection prevention COL MeasureCode VAL scip-inf-6 COL MeasureName VAL surgery patients needing hair removed from the surgical area before surgery who had hair removed using a safer method (electric clippers or hair removal cream c not a razor) COL Score VAL 97% COL Sample VAL 585 patients COL Stateavg VAL al_scip-inf-6 ,COL Sample VAL 585 patientx ,1
1273,COL ProviderNumber VAL 10033 COL HospitalName VAL university of alabama hospital COL Address1 VAL 619 south 19th street COL Address2 VAL empty COL Address3 VAL empty COL City VAL birmingham COL State VAL al COL ZipCode VAL 35233 COL CountyName VAL jefferson COL PhoneNumber VAL 2059344011 COL HospitalType VAL acute care hospitals COL HospitalOwner VAL government - state COL EmergencyService VAL yes COL Condition VAL surgical infection prevention COL MeasureCode VAL scip-inf-6 COL MeasureName VAL surgery patients needing hair removed from the surgical area before surgery who had hair removed using a safer method (electric clippers or hair removal cream c not a razor) COL Score VAL 97% COL Sample VAL 585 patients COL Stateavg VAL al_scip-inf-6 ,COL Sample VAL 585 patients ,0
1274,COL ProviderNumber VAL 10035 COL HospitalName VAL cullman regional medical center COL Address1 VAL 1912 alabama highway 157 COL Address2 VAL empty COL Address3 VAL empty COL City VAL cullman COL State VAL al COL ZipCode VAL 35058 COL CountyName VAL cullman COL PhoneNumber VAL 2567372000 COL HospitalType VAL acute care hospitals COL HospitalOwner VAL government - hospital district or authority COL EmergencyService VAL yes COL Condition VAL suxgical infection pxevention COL MeasureCode VAL scip-card-2 COL MeasureName VAL surgery patients who were taking heart drugs called beta blockers before coming to the hospital who were kept on the beta blockers during the period just before and after their surgery COL Score VAL 99% COL Sample VAL 68 patients COL Stateavg VAL al_scip-card-2 ,COL Sample VAL 68 patiexts ,1
1275,COL ProviderNumber VAL 10035 COL HospitalName VAL cullman regional medical center COL Address1 VAL 1912 alabama highway 157 COL Address2 VAL empty COL Address3 VAL empty COL City VAL cullman COL State VAL al COL ZipCode VAL 35058 COL CountyName VAL cullman COL PhoneNumber VAL 2567372000 COL HospitalType VAL acute care hospitals COL HospitalOwner VAL government - hospital district or authority COL EmergencyService VAL yes COL Condition VAL suxgical infection pxevention COL MeasureCode VAL scip-card-2 COL MeasureName VAL surgery patients who were taking heart drugs called beta blockers before coming to the hospital who were kept on the beta blockers during the period just before and after their surgery COL Score VAL 99% COL Sample VAL 68 patients COL Stateavg VAL al_scip-card-2 ,COL Sample VAL 68 patients ,0
1276,COL ProviderNumber VAL 10035 COL HospitalName VAL cullman regional medical center COL Address1 VAL 1912 alabama highway 157 COL Address2 VAL empty COL Address3 VAL empty COL City VAL cullman COL State VAL al COL ZipCode VAL 35058 COL CountyName VAL cullman COL PhoneNumber VAL 2567372000 COL HospitalType VAL acute care hospitals COL HospitalOwner VAL government - hospital district or authority COL EmergencyService VAL yes COL Condition VAL surgical infection prevention COL MeasureCode VAL scip-inf-1 COL MeasureName VAL surgery patients who were given an antibiotic at the right time (within one hour before surgery) to help prevent infection COL Score VAL 99% COL Sample VAL 411 patients COL Stateavg VAL al_scip-inf-1 ,COL Sample VAL 411 paxienxs ,1
1277,COL ProviderNumber VAL 10035 COL HospitalName VAL cullman regional medical center COL Address1 VAL 1912 alabama highway 157 COL Address2 VAL empty COL Address3 VAL empty COL City VAL cullman COL State VAL al COL ZipCode VAL 35058 COL CountyName VAL cullman COL PhoneNumber VAL 2567372000 COL HospitalType VAL acute care hospitals COL HospitalOwner VAL government - hospital district or authority COL EmergencyService VAL yes COL Condition VAL surgical infection prevention COL MeasureCode VAL scip-inf-1 COL MeasureName VAL surgery patients who were given an antibiotic at the right time (within one hour before surgery) to help prevent infection COL Score VAL 99% COL Sample VAL 411 patients COL Stateavg VAL al_scip-inf-1 ,COL Sample VAL 411 patients ,0
1278,COL ProviderNumber VAL 10035 COL HospitalName VAL cullman regional medical center COL Address1 VAL 1912 alabama highway 157 COL Address2 VAL empty COL Address3 VAL empty COL City VAL cullman COL State VAL al COL ZipCode VAL 35058 COL CountyName VAL cullman COL PhoneNumber VAL 2567372000 COL HospitalType VAL acute care hospitals COL HospitalOwner VAL government - hospital district or authority COL EmergencyService VAL yes COL Condition VAL surgical infection prevention COL MeasureCode VAL scix-inf-2 COL MeasureName VAL surgery patients who were given the  right kind  of antibiotic to help prevent infection COL Score VAL 98% COL Sample VAL 417 patients COL Stateavg VAL al_scip-inf-2 ,COL Sample VAL x17 patients ,1
1279,COL ProviderNumber VAL 10035 COL HospitalName VAL cullman regional medical center COL Address1 VAL 1912 alabama highway 157 COL Address2 VAL empty COL Address3 VAL empty COL City VAL cullman COL State VAL al COL ZipCode VAL 35058 COL CountyName VAL cullman COL PhoneNumber VAL 2567372000 COL HospitalType VAL acute care hospitals COL HospitalOwner VAL government - hospital district or authority COL EmergencyService VAL yes COL Condition VAL surgical infection prevention COL MeasureCode VAL scix-inf-2 COL MeasureName VAL surgery patients who were given the  right kind  of antibiotic to help prevent infection COL Score VAL 98% COL Sample VAL 417 patients COL Stateavg VAL al_scip-inf-2 ,COL Sample VAL 417 patients ,0
1280,COL ProviderNumber VAL 10035 COL HospitalName VAL cullman regional medical center COL Address1 VAL 1912 alabama highway 157 COL Address2 VAL empty COL Address3 VAL empty COL City VAL cullman COL State VAL al COL ZipCode VAL 35058 COL CountyName VAL cullman COL PhoneNumber VAL 2567372000 COL HospitalType VAL acute care hospitals COL HospitalOwner VAL government - hospital district or authority COL EmergencyService VAL yes COL Condition VAL surgical infection prevention COL MeasureCode VAL scip-inf-6 COL MeasureName VAL surgery patients needing hair removed from the surgical area before surgery who had hair removed using a safer method (electric clippers or hair removal cream c not a razor) COL Score VAL 100% COL Sample VAL 598 patients COL Stateavg VAL al_scip-inf-6 ,COL Sample VAL 598 patientx ,1
1281,COL ProviderNumber VAL 10035 COL HospitalName VAL cullman regional medical center COL Address1 VAL 1912 alabama highway 157 COL Address2 VAL empty COL Address3 VAL empty COL City VAL cullman COL State VAL al COL ZipCode VAL 35058 COL CountyName VAL cullman COL PhoneNumber VAL 2567372000 COL HospitalType VAL acute care hospitals COL HospitalOwner VAL government - hospital district or authority COL EmergencyService VAL yes COL Condition VAL surgical infection prevention COL MeasureCode VAL scip-inf-6 COL MeasureName VAL surgery patients needing hair removed from the surgical area before surgery who had hair removed using a safer method (electric clippers or hair removal cream c not a razor) COL Score VAL 100% COL Sample VAL 598 patients COL Stateavg VAL al_scip-inf-6 ,COL Sample VAL 598 patients ,0
1282,COL ProviderNumber VAL 10035 COL HospitalName VAL cullman regional medical center COL Address1 VAL 1912 alabama highway 157 COL Address2 VAL empty COL Address3 VAL empty COL City VAL cullman COL State VAL al COL ZipCode VAL 35058 COL CountyName VAL cullman COL PhoneNumber VAL 2567372000 COL HospitalType VAL acute care hospitals COL HospitalOwner VAL government - hospital district or authority COL EmergencyService VAL yes COL Condition VAL surgical infection prevention COL MeasureCode VAL scip-vte-1 COL MeasureName VAL surgery patients whose doctors ordered treatments to prevent blood clots after certain types of surgeries COL Score VAL 95% COL Sample VAL 298 patients COL Stateavg VAL al_scip-vte-1 ,COL Sample VAL 298 patientx ,1
1283,COL ProviderNumber VAL 10035 COL HospitalName VAL cullman regional medical center COL Address1 VAL 1912 alabama highway 157 COL Address2 VAL empty COL Address3 VAL empty COL City VAL cullman COL State VAL al COL ZipCode VAL 35058 COL CountyName VAL cullman COL PhoneNumber VAL 2567372000 COL HospitalType VAL acute care hospitals COL HospitalOwner VAL government - hospital district or authority COL EmergencyService VAL yes COL Condition VAL surgical infection prevention COL MeasureCode VAL scip-vte-1 COL MeasureName VAL surgery patients whose doctors ordered treatments to prevent blood clots after certain types of surgeries COL Score VAL 95% COL Sample VAL 298 patients COL Stateavg VAL al_scip-vte-1 ,COL Sample VAL 298 patients ,0
1284,COL ProviderNumber VAL 10036 COL HospitalName VAL andalusia regional hospital COL Address1 VAL 849 south three notch street COL Address2 VAL empty COL Address3 VAL empty COL City VAL andalusia COL State VAL al COL ZipCode VAL 36420 COL CountyName VAL covington COL PhoneNumber VAL 3342228466 COL HospitalType VAL acute care hospitals COL HospitalOwner VAL proprietary COL EmergencyService VAL no COL Condition VAL heart failure COL MeasureCode VAL hf-1 COL MeasureName VAL heart failure patients given discharge instructions COL Score VAL 100% COL Sample VAL 121 patients COL Stateavg VAL al_hf-1 ,COL Sample VAL x2x patients ,1
1285,COL ProviderNumber VAL 10036 COL HospitalName VAL andalusia regional hospital COL Address1 VAL 849 south three notch street COL Address2 VAL empty COL Address3 VAL empty COL City VAL andalusia COL State VAL al COL ZipCode VAL 36420 COL CountyName VAL covington COL PhoneNumber VAL 3342228466 COL HospitalType VAL acute care hospitals COL HospitalOwner VAL proprietary COL EmergencyService VAL no COL Condition VAL heart failure COL MeasureCode VAL hf-1 COL MeasureName VAL heart failure patients given discharge instructions COL Score VAL 100% COL Sample VAL 121 patients COL Stateavg VAL al_hf-1 ,COL Sample VAL 121 patients ,0
1286,COL ProviderNumber VAL 10036 COL HospitalName VAL andalusia regional hospital COL Address1 VAL 849 south three notch street COL Address2 VAL empty COL Address3 VAL empty COL City VAL andalusia COL State VAL al COL ZipCode VAL 36420 COL CountyName VAL covington COL PhoneNumber VAL 3342228466 COL HospitalType VAL acute care hospitals COL HospitalOwner VAL proprietary COL EmergencyService VAL no COL Condition VAL surgical infection prevention COL MeasureCode VAL scip-inf-2 COL MeasureName VAL surgery patients who were given the  right kind  of antibiotic to help prevent infection COL Score VAL 88% COL Sample VAL 141 patients COL Stateavg VAL al_scipxinfx2 ,COL Sample VAL 141xpatients ,1
1287,COL ProviderNumber VAL 10036 COL HospitalName VAL andalusia regional hospital COL Address1 VAL 849 south three notch street COL Address2 VAL empty COL Address3 VAL empty COL City VAL andalusia COL State VAL al COL ZipCode VAL 36420 COL CountyName VAL covington COL PhoneNumber VAL 3342228466 COL HospitalType VAL acute care hospitals COL HospitalOwner VAL proprietary COL EmergencyService VAL no COL Condition VAL surgical infection prevention COL MeasureCode VAL scip-inf-2 COL MeasureName VAL surgery patients who were given the  right kind  of antibiotic to help prevent infection COL Score VAL 88% COL Sample VAL 141 patients COL Stateavg VAL al_scipxinfx2 ,COL Sample VAL 141 patients ,0
1288,COL ProviderNumber VAL 10036 COL HospitalName VAL andalusia regional hospital COL Address1 VAL 849 south three notch street COL Address2 VAL empty COL Address3 VAL empty COL City VAL andalusia COL State VAL al COL ZipCode VAL 36420 COL CountyName VAL covington COL PhoneNumber VAL 33422284xx COL HospitalType VAL acute care hospitals COL HospitalOwner VAL proprietary COL EmergencyService VAL no COL Condition VAL surgical infection prevention COL MeasureCode VAL scip-inf-6 COL MeasureName VAL surgery patients needing hair removed from the surgical area before surgery who had hair removed using a safer method (electric clippers or hair removal cream c not a razor) COL Score VAL 100% COL Sample VAL 204 patients COL Stateavg VAL al_scip-inf-6 ,COL Sample VAL 204 paxienxs ,1
1289,COL ProviderNumber VAL 10036 COL HospitalName VAL andalusia regional hospital COL Address1 VAL 849 south three notch street COL Address2 VAL empty COL Address3 VAL empty COL City VAL andalusia COL State VAL al COL ZipCode VAL 36420 COL CountyName VAL covington COL PhoneNumber VAL 33422284xx COL HospitalType VAL acute care hospitals COL HospitalOwner VAL proprietary COL EmergencyService VAL no COL Condition VAL surgical infection prevention COL MeasureCode VAL scip-inf-6 COL MeasureName VAL surgery patients needing hair removed from the surgical area before surgery who had hair removed using a safer method (electric clippers or hair removal cream c not a razor) COL Score VAL 100% COL Sample VAL 204 patients COL Stateavg VAL al_scip-inf-6 ,COL Sample VAL 204 patients ,0
1290,COL ProviderNumber VAL 10038 COL HospitalName VAL stringfellow memorial hospital COL Address1 VAL 301 east 18th st COL Address2 VAL empty COL Address3 VAL empty COL City VAL anniston COL State VAL al COL ZipCode VAL 36201 COL CountyName VAL calhoun COL PhoneNumber VAL 2562358900 COL HospitalType VAL acute care hospitals COL HospitalOwner VAL proprietary COL EmergencyService VAL yes COL Condition VAL surgical infection prevention COL MeasureCode VAL scip-inf-6 COL MeasureName VAL surgery patients needing hair removed from the surgical area before surgery who had hair removed using a safer method (electric clippers or hair removal cream c not a razor) COL Score VAL 100% COL Sample VAL 195 patients COL Stateavg VAL al_scip-inf-6 ,COL Sample VAL 195 patiexts ,1
1291,COL ProviderNumber VAL 10038 COL HospitalName VAL stringfellow memorial hospital COL Address1 VAL 301 east 18th st COL Address2 VAL empty COL Address3 VAL empty COL City VAL anniston COL State VAL al COL ZipCode VAL 36201 COL CountyName VAL calhoun COL PhoneNumber VAL 2562358900 COL HospitalType VAL acute care hospitals COL HospitalOwner VAL proprietary COL EmergencyService VAL yes COL Condition VAL surgical infection prevention COL MeasureCode VAL scip-inf-6 COL MeasureName VAL surgery patients needing hair removed from the surgical area before surgery who had hair removed using a safer method (electric clippers or hair removal cream c not a razor) COL Score VAL 100% COL Sample VAL 195 patients COL Stateavg VAL al_scip-inf-6 ,COL Sample VAL 195 patients ,0
1292,COL ProviderNumber VAL 10039 COL HospitalName VAL huntsville hospital COL Address1 VAL 101 sivley rd COL Address2 VAL empty COL Address3 VAL empty COL City VAL huntsville COL State VAL al COL ZipCode VAL 35801 COL CountyName VAL madison COL PhoneNumber VAL 2562651000 COL HospitalType VAL acute care hospitals COL HospitalOwner VAL government - hospital district or authority COL EmergencyService VAL yes COL Condition VAL children s asthma care COL MeasureCode VAL xax-1 COL MeasureName VAL children who received reliever medication while hospitalized for asthma COL Score VAL 100% COL Sample VAL 193 patients COL Stateavg VAL al_cac-1 ,COL Sample VAL 193 patientx ,1
1293,COL ProviderNumber VAL 10039 COL HospitalName VAL huntsville hospital COL Address1 VAL 101 sivley rd COL Address2 VAL empty COL Address3 VAL empty COL City VAL huntsville COL State VAL al COL ZipCode VAL 35801 COL CountyName VAL madison COL PhoneNumber VAL 2562651000 COL HospitalType VAL acute care hospitals COL HospitalOwner VAL government - hospital district or authority COL EmergencyService VAL yes COL Condition VAL children s asthma care COL MeasureCode VAL xax-1 COL MeasureName VAL children who received reliever medication while hospitalized for asthma COL Score VAL 100% COL Sample VAL 193 patients COL Stateavg VAL al_cac-1 ,COL Sample VAL 193 patients ,0
1294,COL ProviderNumber VAL 10039 COL HospitalName VAL huntsville hospital COL Address1 VAL 101 sivley rd COL Address2 VAL empty COL Address3 VAL empty COL City VAL huntsville COL State VAL al COL ZipCode VAL 35801 COL CountyName VAL madison COL PhoneNumber VAL 2562651000 COL HospitalType VAL acute care hospitals COL HospitalOwner VAL government - hospital district or authority COL EmergencyService VAL yes COL Condition VAL heart attack COL MeasureCode VAL ami-2 COL MeasureName VAL heart attack patients given aspirin at discharge COL Score VAL 100% COL Sample VAL 323 patients COL Stateavg VAL al_ami-2 ,COL Sample VAL 323 xatients ,1
1295,COL ProviderNumber VAL 10039 COL HospitalName VAL huntsville hospital COL Address1 VAL 101 sivley rd COL Address2 VAL empty COL Address3 VAL empty COL City VAL huntsville COL State VAL al COL ZipCode VAL 35801 COL CountyName VAL madison COL PhoneNumber VAL 2562651000 COL HospitalType VAL acute care hospitals COL HospitalOwner VAL government - hospital district or authority COL EmergencyService VAL yes COL Condition VAL heart attack COL MeasureCode VAL ami-2 COL MeasureName VAL heart attack patients given aspirin at discharge COL Score VAL 100% COL Sample VAL 323 patients COL Stateavg VAL al_ami-2 ,COL Sample VAL 323 patients ,0
1296,COL ProviderNumber VAL 10039 COL HospitalName VAL huntsville hospital COL Address1 VAL 101 sivley rd COL Address2 VAL empty COL Address3 VAL empty COL City VAL huntsville COL State VAL al COL ZipCode VAL 35801 COL CountyName VAL madison COL PhoneNumber VAL 2562651000 COL HospitalType VAL acute care hospitals COL HospitalOwner VAL government - hospital district or authority COL EmergencyService VAL yes COL Condition VAL heart attack COL MeasureCode VAL ami-5 COL MeasureName VAL heart attack patients given beta blocker at discharge COL Score VAL 100% COL Sample VAL 301 patients COL Stateavg VAL al_ami-5 ,COL Sample VAL 301 paxienxs ,1
1297,COL ProviderNumber VAL 10039 COL HospitalName VAL huntsville hospital COL Address1 VAL 101 sivley rd COL Address2 VAL empty COL Address3 VAL empty COL City VAL huntsville COL State VAL al COL ZipCode VAL 35801 COL CountyName VAL madison COL PhoneNumber VAL 2562651000 COL HospitalType VAL acute care hospitals COL HospitalOwner VAL government - hospital district or authority COL EmergencyService VAL yes COL Condition VAL heart attack COL MeasureCode VAL ami-5 COL MeasureName VAL heart attack patients given beta blocker at discharge COL Score VAL 100% COL Sample VAL 301 patients COL Stateavg VAL al_ami-5 ,COL Sample VAL 301 patients ,0
1298,COL ProviderNumber VAL 10039 COL HospitalName VAL huntsville hospital COL Address1 VAL 101 sivley rd COL Address2 VAL empty COL Address3 VAL empty COL City VAL huntsville COL State VAL al COL ZipCode VAL 35801 COL CountyName VAL madison COL PhoneNumber VAL 2562651000 COL HospitalType VAL acute care hospitals COL HospitalOwner VAL goverxmext - hospital district or authority COL EmergencyService VAL yes COL Condition VAL heart failure COL MeasureCode VAL hf-1 COL MeasureName VAL heart failure patients given discharge instructions COL Score VAL 72% COL Sample VAL 264 patients COL Stateavg VAL al_hf-1 ,COL Sample VAL x64 patients ,1
1299,COL ProviderNumber VAL 10039 COL HospitalName VAL huntsville hospital COL Address1 VAL 101 sivley rd COL Address2 VAL empty COL Address3 VAL empty COL City VAL huntsville COL State VAL al COL ZipCode VAL 35801 COL CountyName VAL madison COL PhoneNumber VAL 2562651000 COL HospitalType VAL acute care hospitals COL HospitalOwner VAL goverxmext - hospital district or authority COL EmergencyService VAL yes COL Condition VAL heart failure COL MeasureCode VAL hf-1 COL MeasureName VAL heart failure patients given discharge instructions COL Score VAL 72% COL Sample VAL 264 patients COL Stateavg VAL al_hf-1 ,COL Sample VAL 264 patients ,0
1300,COL ProviderNumber VAL 10039 COL HospitalName VAL huntsville hospital COL Address1 VAL 101 sivley rd COL Address2 VAL empty COL Address3 VAL empty COL City VAL huntsville COL State VAL al COL ZipCode VAL 35801 COL CountyName VAL madisxn COL PhoneNumber VAL 2562651000 COL HospitalType VAL acute care hospitals COL HospitalOwner VAL government - hospital district or authority COL EmergencyService VAL yes COL Condition VAL heart failure COL MeasureCode VAL hf-2 COL MeasureName VAL heaxt failuxe patients given an evaluation of left ventxiculax systolic (lvs) function COL Score VAL 95% COL Sample VAL 303 patients COL Stateavg VAL al_hf-2 ,COL Sample VAL 303 patxents ,1
1301,COL ProviderNumber VAL 10039 COL HospitalName VAL huntsville hospital COL Address1 VAL 101 sivley rd COL Address2 VAL empty COL Address3 VAL empty COL City VAL huntsville COL State VAL al COL ZipCode VAL 35801 COL CountyName VAL madisxn COL PhoneNumber VAL 2562651000 COL HospitalType VAL acute care hospitals COL HospitalOwner VAL government - hospital district or authority COL EmergencyService VAL yes COL Condition VAL heart failure COL MeasureCode VAL hf-2 COL MeasureName VAL heaxt failuxe patients given an evaluation of left ventxiculax systolic (lvs) function COL Score VAL 95% COL Sample VAL 303 patients COL Stateavg VAL al_hf-2 ,COL Sample VAL 303 patients ,0
1302,COL ProviderNumber VAL 10039 COL HospitalName VAL huntsville hospital COL Address1 VAL 101 sivley rd COL Address2 VAL empty COL Address3 VAL empty COL City VAL huntsville COL State VAL al COL ZipCode VAL 35801 COL CountyName VAL madison COL PhoneNumber VAL 2562651000 COL HospitalType VAL acute care hospitals COL HospitalOwner VAL government - hospital district or authority COL EmergencyService VAL yes COL Condition VAL pneumonia COL MeasureCode VAL pn-x COL MeasureName VAL pneumonia patients assessed and given pneumococcal vaccination COL Score VAL 96% COL Sample VAL 509 patients COL Stateavg VAL al_pn-2 ,COL Sample VAL 50x patients ,1
1303,COL ProviderNumber VAL 10039 COL HospitalName VAL huntsville hospital COL Address1 VAL 101 sivley rd COL Address2 VAL empty COL Address3 VAL empty COL City VAL huntsville COL State VAL al COL ZipCode VAL 35801 COL CountyName VAL madison COL PhoneNumber VAL 2562651000 COL HospitalType VAL acute care hospitals COL HospitalOwner VAL government - hospital district or authority COL EmergencyService VAL yes COL Condition VAL pneumonia COL MeasureCode VAL pn-x COL MeasureName VAL pneumonia patients assessed and given pneumococcal vaccination COL Score VAL 96% COL Sample VAL 509 patients COL Stateavg VAL al_pn-2 ,COL Sample VAL 509 patients ,0
1304,COL ProviderNumber VAL 1xx39 COL HospitalName VAL huntsville hospital COL Address1 VAL 101 sivley rd COL Address2 VAL empty COL Address3 VAL empty COL City VAL huntsville COL State VAL al COL ZipCode VAL 35801 COL CountyName VAL madison COL PhoneNumber VAL 2562651000 COL HospitalType VAL acute care hospitals COL HospitalOwner VAL government - hospital district or authority COL EmergencyService VAL yes COL Condition VAL pneumonia COL MeasureCode VAL pn-3b COL MeasureName VAL pneumonia patients whose initial emergency room blood culture was performed prior to the administration of the first hospital dose of antibiotics COL Score VAL 99% COL Sample VAL 496 patients COL Stateavg VAL al_pn-3b ,COL Sample VAL 496 paxienxs ,1
1305,COL ProviderNumber VAL 1xx39 COL HospitalName VAL huntsville hospital COL Address1 VAL 101 sivley rd COL Address2 VAL empty COL Address3 VAL empty COL City VAL huntsville COL State VAL al COL ZipCode VAL 35801 COL CountyName VAL madison COL PhoneNumber VAL 2562651000 COL HospitalType VAL acute care hospitals COL HospitalOwner VAL government - hospital district or authority COL EmergencyService VAL yes COL Condition VAL pneumonia COL MeasureCode VAL pn-3b COL MeasureName VAL pneumonia patients whose initial emergency room blood culture was performed prior to the administration of the first hospital dose of antibiotics COL Score VAL 99% COL Sample VAL 496 patients COL Stateavg VAL al_pn-3b ,COL Sample VAL 496 patients ,0
1306,COL ProviderNumber VAL 10039 COL HospitalName VAL huntsville hospital COL Address1 VAL 101 sivley rd COL Address2 VAL empty COL Address3 VAL empty COL City VAL huntsville COL State VAL al COL ZipCode VAL 35801 COL CountyName VAL madison COL PhoneNumber VAL 2562651000 COL HospitalType VAL acute care hospitals COL HospitalOwner VAL government - hospital district or authority COL EmergencyService VAL yes COL Condition VAL pneumonia COL MeasureCode VAL pn-4 COL MeasureName VAL pneumonia patients given smoking cessation advice/counseling COL Score VAL 97% COL Sample VAL 294 patients COL Stateavg VAL al_pn-4 ,COL Sample VAL 294 patixnts ,1
1307,COL ProviderNumber VAL 10039 COL HospitalName VAL huntsville hospital COL Address1 VAL 101 sivley rd COL Address2 VAL empty COL Address3 VAL empty COL City VAL huntsville COL State VAL al COL ZipCode VAL 35801 COL CountyName VAL madison COL PhoneNumber VAL 2562651000 COL HospitalType VAL acute care hospitals COL HospitalOwner VAL government - hospital district or authority COL EmergencyService VAL yes COL Condition VAL pneumonia COL MeasureCode VAL pn-4 COL MeasureName VAL pneumonia patients given smoking cessation advice/counseling COL Score VAL 97% COL Sample VAL 294 patients COL Stateavg VAL al_pn-4 ,COL Sample VAL 294 patients ,0
1308,COL ProviderNumber VAL 10039 COL HospitalName VAL huntsville hospital COL Address1 VAL 101 sivley rd COL Address2 VAL empty COL Address3 VAL empty COL City VAL huntsville COL State VAL xl COL ZipCode VAL 35801 COL CountyName VAL madison COL PhoneNumber VAL 2562651000 COL HospitalType VAL acute care hospitals COL HospitalOwner VAL government - hospital district or authority COL EmergencyService VAL yes COL Condition VAL pneumonia COL MeasureCode VAL pn-5c COL MeasureName VAL pneumonia patients given initial antibiotic(s) within 6 hours after arrival COL Score VAL 93% COL Sample VAL 511 patients COL Stateavg VAL al_pn-5c ,COL Sample VAL 511 paxienxs ,1
1309,COL ProviderNumber VAL 10039 COL HospitalName VAL huntsville hospital COL Address1 VAL 101 sivley rd COL Address2 VAL empty COL Address3 VAL empty COL City VAL huntsville COL State VAL xl COL ZipCode VAL 35801 COL CountyName VAL madison COL PhoneNumber VAL 2562651000 COL HospitalType VAL acute care hospitals COL HospitalOwner VAL government - hospital district or authority COL EmergencyService VAL yes COL Condition VAL pneumonia COL MeasureCode VAL pn-5c COL MeasureName VAL pneumonia patients given initial antibiotic(s) within 6 hours after arrival COL Score VAL 93% COL Sample VAL 511 patients COL Stateavg VAL al_pn-5c ,COL Sample VAL 511 patients ,0
1310,COL ProviderNumber VAL 10039 COL HospitalName VAL huntsville hospital COL Address1 VAL 101 sivley rd COL Address2 VAL empty COL Address3 VAL empty COL City VAL huntsville COL State VAL al COL ZipCode VAL 35801 COL CountyName VAL madison COL PhoneNumber VAL 2562651000 COL HospitalType VAL acute care hospitals COL HospitalOwner VAL government - hospital district or authority COL EmergencyService VAL yes COL Condition VAL pneumonia COL MeasureCode VAL pn-6 COL MeasureName VAL pneumonia patients given the most appropriate initial antibiotic(s) COL Score VAL 89% COL Sample VAL 313 patients COL Stateavg VAL al_pn-6 ,COL Sample VAL 3x3 patients ,1
1311,COL ProviderNumber VAL 10039 COL HospitalName VAL huntsville hospital COL Address1 VAL 101 sivley rd COL Address2 VAL empty COL Address3 VAL empty COL City VAL huntsville COL State VAL al COL ZipCode VAL 35801 COL CountyName VAL madison COL PhoneNumber VAL 2562651000 COL HospitalType VAL acute care hospitals COL HospitalOwner VAL government - hospital district or authority COL EmergencyService VAL yes COL Condition VAL pneumonia COL MeasureCode VAL pn-6 COL MeasureName VAL pneumonia patients given the most appropriate initial antibiotic(s) COL Score VAL 89% COL Sample VAL 313 patients COL Stateavg VAL al_pn-6 ,COL Sample VAL 313 patients ,0
1312,COL ProviderNumber VAL 100x9 COL HospitalName VAL huntsville hospital COL Address1 VAL 101 sivley rd COL Address2 VAL empty COL Address3 VAL empty COL City VAL huntsville COL State VAL al COL ZipCode VAL 35801 COL CountyName VAL madison COL PhoneNumber VAL 2562651000 COL HospitalType VAL acute care hospitals COL HospitalOwner VAL government - hospital district or authority COL EmergencyService VAL yes COL Condition VAL pneumonia COL MeasureCode VAL pn-7 COL MeasureName VAL pneumonia patients assessed and given influenza vaccination COL Score VAL 89% COL Sample VAL 409 patients COL Stateavg VAL al_pn-7 ,COL Sample VAL 4x9 patients ,1
1313,COL ProviderNumber VAL 100x9 COL HospitalName VAL huntsville hospital COL Address1 VAL 101 sivley rd COL Address2 VAL empty COL Address3 VAL empty COL City VAL huntsville COL State VAL al COL ZipCode VAL 35801 COL CountyName VAL madison COL PhoneNumber VAL 2562651000 COL HospitalType VAL acute care hospitals COL HospitalOwner VAL government - hospital district or authority COL EmergencyService VAL yes COL Condition VAL pneumonia COL MeasureCode VAL pn-7 COL MeasureName VAL pneumonia patients assessed and given influenza vaccination COL Score VAL 89% COL Sample VAL 409 patients COL Stateavg VAL al_pn-7 ,COL Sample VAL 409 patients ,0
1314,COL ProviderNumber VAL 10039 COL HospitalName VAL huntsville hospital COL Address1 VAL 101 sivley rd COL Address2 VAL empty COL Address3 VAL empty COL City VAL huntsville COL State VAL al COL ZipCode VAL 35801 COL CountyName VAL madison COL PhoneNumber VAL 2562651000 COL HospitalType VAL acute care hospitals COL HospitalOwner VAL government - hospital district or authority COL EmergencyService VAL yes COL Condition VAL surgical infection prevention COL MeasureCode VAL scip-inf-2 COL MeasureName VAL surgery patients who were given the  right kind  of antibiotic to help prevent infection COL Score VAL 99% COL Sample VAL 603 patients COL Stateavg VAL xl_scip-inf-2 ,COL Sample VAL 603xpatients ,1
1315,COL ProviderNumber VAL 10039 COL HospitalName VAL huntsville hospital COL Address1 VAL 101 sivley rd COL Address2 VAL empty COL Address3 VAL empty COL City VAL huntsville COL State VAL al COL ZipCode VAL 35801 COL CountyName VAL madison COL PhoneNumber VAL 2562651000 COL HospitalType VAL acute care hospitals COL HospitalOwner VAL government - hospital district or authority COL EmergencyService VAL yes COL Condition VAL surgical infection prevention COL MeasureCode VAL scip-inf-2 COL MeasureName VAL surgery patients who were given the  right kind  of antibiotic to help prevent infection COL Score VAL 99% COL Sample VAL 603 patients COL Stateavg VAL xl_scip-inf-2 ,COL Sample VAL 603 patients ,0
1316,COL ProviderNumber VAL 10039 COL HospitalName VAL huntsville hospital COL Address1 VAL 101 sivley rd COL Address2 VAL empty COL Address3 VAL empty COL City VAL huntsville COL State VAL al COL ZipCode VAL 35801 COL CountyName VAL madison COL PhoneNumber VAL 2562651000 COL HospitalType VAL acute care hospitals COL HospitalOwner VAL government - hospital district or authority COL EmergencyService VAL yxs COL Condition VAL surgical infection prevention COL MeasureCode VAL scip-inf-3 COL MeasureName VAL surgery patients whose preventive antibiotics were stopped at the right time (within 24 hours after surgery) COL Score VAL 93% COL Sample VAL 561 patients COL Stateavg VAL al_scip-inf-3 ,COL Sample VAL 56x patients ,1
1317,COL ProviderNumber VAL 10039 COL HospitalName VAL huntsville hospital COL Address1 VAL 101 sivley rd COL Address2 VAL empty COL Address3 VAL empty COL City VAL huntsville COL State VAL al COL ZipCode VAL 35801 COL CountyName VAL madison COL PhoneNumber VAL 2562651000 COL HospitalType VAL acute care hospitals COL HospitalOwner VAL government - hospital district or authority COL EmergencyService VAL yxs COL Condition VAL surgical infection prevention COL MeasureCode VAL scip-inf-3 COL MeasureName VAL surgery patients whose preventive antibiotics were stopped at the right time (within 24 hours after surgery) COL Score VAL 93% COL Sample VAL 561 patients COL Stateavg VAL al_scip-inf-3 ,COL Sample VAL 561 patients ,0
1318,COL ProviderNumber VAL 10039 COL HospitalName VAL huntsville hospital COL Address1 VAL 101 sivley rd COL Address2 VAL empty COL Address3 VAL empty COL City VAL huntsville COL State VAL al COL ZipCode VAL 35801 COL CountyName VAL madison COL PhoneNumber VAL 2562651000 COL HospitalType VAL acute care hospitals COL HospitalOwner VAL government - hospital district or authority COL EmergencyService VAL yes COL Condition VAL surgical infection prevention COL MeasureCode VAL scip-inf-6 COL MeasureName VAL surgery patients needing hair removed from the surgical area before surgery who had hair removed using a safer method (electric clippers or hair removal cream c not a razor) COL Score VAL 99% COL Sample VAL 852 patients COL Stateavg VAL al_scip-inf-6 ,COL Sample VAL 852 xatients ,1
1319,COL ProviderNumber VAL 10039 COL HospitalName VAL huntsville hospital COL Address1 VAL 101 sivley rd COL Address2 VAL empty COL Address3 VAL empty COL City VAL huntsville COL State VAL al COL ZipCode VAL 35801 COL CountyName VAL madison COL PhoneNumber VAL 2562651000 COL HospitalType VAL acute care hospitals COL HospitalOwner VAL government - hospital district or authority COL EmergencyService VAL yes COL Condition VAL surgical infection prevention COL MeasureCode VAL scip-inf-6 COL MeasureName VAL surgery patients needing hair removed from the surgical area before surgery who had hair removed using a safer method (electric clippers or hair removal cream c not a razor) COL Score VAL 99% COL Sample VAL 852 patients COL Stateavg VAL al_scip-inf-6 ,COL Sample VAL 852 patients ,0
1320,COL ProviderNumber VAL 10039 COL HospitalName VAL huntsville hospital COL Address1 VAL 101 sivley rd COL Address2 VAL empty COL Address3 VAL empty COL City VAL huntsville COL State VAL al COL ZipCode VAL 35801 COL CountyName VAL madison COL PhoneNumber VAL 2562651000 COL HospitalType VAL acute care hospitals COL HospitalOwner VAL government - hospital district or authority COL EmergencyService VAL yes COL Condition VAL surgical infection prevention COL MeasureCode VAL scip-vte-1 COL MeasureName VAL surgery patients whose doctors ordered treatments to prevent blood clots after certain types of surgeries COL Score VAL 93% COL Sample VAL 269 patients COL Stateavg VAL al_scip-vte-1 ,COL Sample VAL 269 pxtients ,1
1321,COL ProviderNumber VAL 10039 COL HospitalName VAL huntsville hospital COL Address1 VAL 101 sivley rd COL Address2 VAL empty COL Address3 VAL empty COL City VAL huntsville COL State VAL al COL ZipCode VAL 35801 COL CountyName VAL madison COL PhoneNumber VAL 2562651000 COL HospitalType VAL acute care hospitals COL HospitalOwner VAL government - hospital district or authority COL EmergencyService VAL yes COL Condition VAL surgical infection prevention COL MeasureCode VAL scip-vte-1 COL MeasureName VAL surgery patients whose doctors ordered treatments to prevent blood clots after certain types of surgeries COL Score VAL 93% COL Sample VAL 269 patients COL Stateavg VAL al_scip-vte-1 ,COL Sample VAL 269 patients ,0
1322,COL ProviderNumber VAL 10040 COL HospitalName VAL gadsden regional medical center COL Address1 VAL 1007 goodyear avenue COL Address2 VAL empty COL Address3 VAL empty COL City VAL gadsden COL State VAL al COL ZipCode VAL 35903 COL CountyName VAL etowah COL PhoneNumber VAL 2564944000 COL HospitalType VAL axute care hospitals COL HospitalOwner VAL proprietary COL EmergencyService VAL yes COL Condition VAL pneumonia COL MeasureCode VAL pn-3b COL MeasureName VAL pneumonia patients whose initial emergency room blood culture was performed prior to the administration of the first hospital dose of antibiotics COL Score VAL 96% COL Sample VAL 187 patients COL Stateavg VAL al_pn-3b ,COL Sample VAL 187 paxienxs ,1
1323,COL ProviderNumber VAL 10040 COL HospitalName VAL gadsden regional medical center COL Address1 VAL 1007 goodyear avenue COL Address2 VAL empty COL Address3 VAL empty COL City VAL gadsden COL State VAL al COL ZipCode VAL 35903 COL CountyName VAL etowah COL PhoneNumber VAL 2564944000 COL HospitalType VAL axute care hospitals COL HospitalOwner VAL proprietary COL EmergencyService VAL yes COL Condition VAL pneumonia COL MeasureCode VAL pn-3b COL MeasureName VAL pneumonia patients whose initial emergency room blood culture was performed prior to the administration of the first hospital dose of antibiotics COL Score VAL 96% COL Sample VAL 187 patients COL Stateavg VAL al_pn-3b ,COL Sample VAL 187 patients ,0
1324,COL ProviderNumber VAL 10040 COL HospitalName VAL gadsden regional medical center COL Address1 VAL 1007 goodyear avenue COL Address2 VAL empty COL Address3 VAL empty COL City VAL gadsden COL State VAL al COL ZipCode VAL 35903 COL CountyName VAL etowah COL PhoneNumber VAL 2564944000 COL HospitalType VAL acute care hospitals COL HospitalOwner VAL proprietary COL EmergencyService VAL yes COL Condition VAL pneumonia COL MeasureCode VAL pn-5c COL MeasureName VAL pneumonix pxtients given initixl antibiotic(s) within 6 hours after arrivxl COL Score VAL 94% COL Sample VAL 266 patients COL Stateavg VAL al_pn-5c ,COL Sample VAL 266 pxtients ,1
1325,COL ProviderNumber VAL 10040 COL HospitalName VAL gadsden regional medical center COL Address1 VAL 1007 goodyear avenue COL Address2 VAL empty COL Address3 VAL empty COL City VAL gadsden COL State VAL al COL ZipCode VAL 35903 COL CountyName VAL etowah COL PhoneNumber VAL 2564944000 COL HospitalType VAL acute care hospitals COL HospitalOwner VAL proprietary COL EmergencyService VAL yes COL Condition VAL pneumonia COL MeasureCode VAL pn-5c COL MeasureName VAL pneumonix pxtients given initixl antibiotic(s) within 6 hours after arrivxl COL Score VAL 94% COL Sample VAL 266 patients COL Stateavg VAL al_pn-5c ,COL Sample VAL 266 patients ,0
1326,COL ProviderNumber VAL 10040 COL HospitalName VAL gadsden regional medical center COL Address1 VAL 1007 goodyear avenue COL Address2 VAL empty COL Address3 VAL empty COL City VAL gadsden COL State VAL al COL ZipCode VAL 35903 COL CountyName VAL etowah COL PhoneNumber VAL 2564944000 COL HospitalType VAL acute care hospitals COL HospitalOwner VAL proprietary COL EmergencyService VAL yes COL Condition VAL surgical infection prevention COL MeasureCode VAL scip-card-2 COL MeasureName VAL surgery patients who were taking heart drugs called beta blockers before coming to the hospital who were kept on the beta blockers during the period just before and after their surgery COL Score VAL 91% COL Sample VAL 109 patients COL Stateavg VAL al_scip-card-2 ,COL Sample VAL 109 pxtients ,1
1327,COL ProviderNumber VAL 10040 COL HospitalName VAL gadsden regional medical center COL Address1 VAL 1007 goodyear avenue COL Address2 VAL empty COL Address3 VAL empty COL City VAL gadsden COL State VAL al COL ZipCode VAL 35903 COL CountyName VAL etowah COL PhoneNumber VAL 2564944000 COL HospitalType VAL acute care hospitals COL HospitalOwner VAL proprietary COL EmergencyService VAL yes COL Condition VAL surgical infection prevention COL MeasureCode VAL scip-card-2 COL MeasureName VAL surgery patients who were taking heart drugs called beta blockers before coming to the hospital who were kept on the beta blockers during the period just before and after their surgery COL Score VAL 91% COL Sample VAL 109 patients COL Stateavg VAL al_scip-card-2 ,COL Sample VAL 109 patients ,0
1328,COL ProviderNumber VAL 10040 COL HospitalName VAL gadsden regional medical center COL Address1 VAL 1007 goodyear avenue COL Address2 VAL empty COL Address3 VAL empty COL City VAL gadsden COL State VAL al COL ZipCode VAL 35903 COL CountyName VAL etowah COL PhoneNumber VAL 2564944000 COL HospitalType VAL acute care hospitals COL HospitalOwner VAL proprietary COL EmergencyService VAL yes COL Condition VAL surgical infection prevention COL MeasureCode VAL scip-inf-1 COL MeasureName VAL surgery patients who were given an antibiotic at the right time (within one hour before surgery) to help prevent infection COL Score VAL 98% COL Sample VAL 557 patients COL Stateavg VAL al_scip-inf-1 ,COL Sample VAL 557 patixnts ,1
1329,COL ProviderNumber VAL 10040 COL HospitalName VAL gadsden regional medical center COL Address1 VAL 1007 goodyear avenue COL Address2 VAL empty COL Address3 VAL empty COL City VAL gadsden COL State VAL al COL ZipCode VAL 35903 COL CountyName VAL etowah COL PhoneNumber VAL 2564944000 COL HospitalType VAL acute care hospitals COL HospitalOwner VAL proprietary COL EmergencyService VAL yes COL Condition VAL surgical infection prevention COL MeasureCode VAL scip-inf-1 COL MeasureName VAL surgery patients who were given an antibiotic at the right time (within one hour before surgery) to help prevent infection COL Score VAL 98% COL Sample VAL 557 patients COL Stateavg VAL al_scip-inf-1 ,COL Sample VAL 557 patients ,0
1330,COL ProviderNumber VAL 10040 COL HospitalName VAL gadsden regional medical center COL Address1 VAL 1007 goodyear avenue COL Address2 VAL empty COL Address3 VAL empty COL City VAL gxdsden COL State VAL al COL ZipCode VAL 35903 COL CountyName VAL etowah COL PhoneNumber VAL 2564944000 COL HospitalType VAL acute care hospitals COL HospitalOwner VAL proprietary COL EmergencyService VAL yes COL Condition VAL surgical infection prevention COL MeasureCode VAL scip-inf-2 COL MeasureName VAL surgery patients who were given the  right kind  of antibiotic to help prevent infection COL Score VAL 97% COL Sample VAL 564 patients COL Stateavg VAL al_scip-inf-2 ,COL Sample VAL 5x4 patients ,1
1331,COL ProviderNumber VAL 10040 COL HospitalName VAL gadsden regional medical center COL Address1 VAL 1007 goodyear avenue COL Address2 VAL empty COL Address3 VAL empty COL City VAL gxdsden COL State VAL al COL ZipCode VAL 35903 COL CountyName VAL etowah COL PhoneNumber VAL 2564944000 COL HospitalType VAL acute care hospitals COL HospitalOwner VAL proprietary COL EmergencyService VAL yes COL Condition VAL surgical infection prevention COL MeasureCode VAL scip-inf-2 COL MeasureName VAL surgery patients who were given the  right kind  of antibiotic to help prevent infection COL Score VAL 97% COL Sample VAL 564 patients COL Stateavg VAL al_scip-inf-2 ,COL Sample VAL 564 patients ,0
1332,COL ProviderNumber VAL 10040 COL HospitalName VAL gadsden regional medical center COL Address1 VAL 1007 goodyear avenue COL Address2 VAL empty COL Address3 VAL empty COL City VAL gadsden COL State VAL al COL ZipCode VAL 35903 COL CountyName VAL etowah COL PhoneNumber VAL 2564944000 COL HospitalType VAL acute care hospitals COL HospitalOwner VAL proprietary COL EmergencyService VAL yes COL Condition VAL surgical infection prevention COL MeasureCode VAL scip-inf-3 COL MeasureName VAL surgery patients whose preventive antibiotics were stopped at the right time (within 24 hours after surgery) COL Score VAL 90% COL Sample VAL 520 patients COL Stateavg VAL al_scip-inf-3 ,COL Sample VAL 520 paxienxs ,1
1333,COL ProviderNumber VAL 10040 COL HospitalName VAL gadsden regional medical center COL Address1 VAL 1007 goodyear avenue COL Address2 VAL empty COL Address3 VAL empty COL City VAL gadsden COL State VAL al COL ZipCode VAL 35903 COL CountyName VAL etowah COL PhoneNumber VAL 2564944000 COL HospitalType VAL acute care hospitals COL HospitalOwner VAL proprietary COL EmergencyService VAL yes COL Condition VAL surgical infection prevention COL MeasureCode VAL scip-inf-3 COL MeasureName VAL surgery patients whose preventive antibiotics were stopped at the right time (within 24 hours after surgery) COL Score VAL 90% COL Sample VAL 520 patients COL Stateavg VAL al_scip-inf-3 ,COL Sample VAL 520 patients ,0
1334,COL ProviderNumber VAL 10040 COL HospitalName VAL gadsden regional medical center COL Address1 VAL 1007 goodyear avenue COL Address2 VAL empty COL Address3 VAL empty COL City VAL gadsden COL State VAL al COL ZipCode VAL 35903 COL CountyName VAL etowah COL PhoneNumber VAL 2564944000 COL HospitalType VAL acute care hospitals COL HospitalOwner VAL proprietary COL EmergencyService VAL yes COL Condition VAL surgical infection prevention COL MeasureCode VAL scip-inf-4 COL MeasureName VAL all heart surgery patients whose blood sugar (blood glucose) is kept under good control in the days right after surgery COL Score VAL 94% COL Sample VAL 186 patients COL Stateavg VAL al_scip-inf-4 ,COL Sample VAL 18x patients ,1
1335,COL ProviderNumber VAL 10040 COL HospitalName VAL gadsden regional medical center COL Address1 VAL 1007 goodyear avenue COL Address2 VAL empty COL Address3 VAL empty COL City VAL gadsden COL State VAL al COL ZipCode VAL 35903 COL CountyName VAL etowah COL PhoneNumber VAL 2564944000 COL HospitalType VAL acute care hospitals COL HospitalOwner VAL proprietary COL EmergencyService VAL yes COL Condition VAL surgical infection prevention COL MeasureCode VAL scip-inf-4 COL MeasureName VAL all heart surgery patients whose blood sugar (blood glucose) is kept under good control in the days right after surgery COL Score VAL 94% COL Sample VAL 186 patients COL Stateavg VAL al_scip-inf-4 ,COL Sample VAL 186 patients ,0
1336,COL ProviderNumber VAL 10040 COL HospitalName VAL gadsden regional medical center COL Address1 VAL 1007 goodyear avenue COL Address2 VAL empty COL Address3 VAL empty COL City VAL gadsden COL State VAL al COL ZipCode VAL 35903 COL CountyName VAL etowah COL PhoneNumber VAL 2564944xxx COL HospitalType VAL acute care hospitals COL HospitalOwner VAL proprietary COL EmergencyService VAL yes COL Condition VAL surgical infection prevention COL MeasureCode VAL scip-inf-6 COL MeasureName VAL surgery patients needing hair removed from the surgical area before surgery who had hair removed using a safer method (electric clippers or hair removal cream c not a razor) COL Score VAL 100% COL Sample VAL 854 patients COL Stateavg VAL al_scip-inf-6 ,COL Sample VAL 8x4 patients ,1
1337,COL ProviderNumber VAL 10040 COL HospitalName VAL gadsden regional medical center COL Address1 VAL 1007 goodyear avenue COL Address2 VAL empty COL Address3 VAL empty COL City VAL gadsden COL State VAL al COL ZipCode VAL 35903 COL CountyName VAL etowah COL PhoneNumber VAL 2564944xxx COL HospitalType VAL acute care hospitals COL HospitalOwner VAL proprietary COL EmergencyService VAL yes COL Condition VAL surgical infection prevention COL MeasureCode VAL scip-inf-6 COL MeasureName VAL surgery patients needing hair removed from the surgical area before surgery who had hair removed using a safer method (electric clippers or hair removal cream c not a razor) COL Score VAL 100% COL Sample VAL 854 patients COL Stateavg VAL al_scip-inf-6 ,COL Sample VAL 854 patients ,0
1338,COL ProviderNumber VAL 10040 COL HospitalName VAL gadsden regional medical center COL Address1 VAL 1007 goodyear avenue COL Address2 VAL empty COL Address3 VAL empty COL City VAL gadsden COL State VAL al COL ZipCode VAL 35903 COL CountyName VAL etowah COL PhoneNumber VAL 2564944000 COL HospitalType VAL acute care hospitals COL HospitalOwner VAL proprietary COL EmergencyService VAL yes COL Condition VAL surgical infection prevention COL MeasureCode VAL scip-vte-1 COL MeasureName VAL surgery patients whose doctors ordered treatments to prevent blood clots after certain types of surgeries COL Score VAL 95% COL Sample VAL 315 patients COL Stateavg VAL al_scip-vte-1 ,COL Sample VAL 315xpatients ,1
1339,COL ProviderNumber VAL 10040 COL HospitalName VAL gadsden regional medical center COL Address1 VAL 1007 goodyear avenue COL Address2 VAL empty COL Address3 VAL empty COL City VAL gadsden COL State VAL al COL ZipCode VAL 35903 COL CountyName VAL etowah COL PhoneNumber VAL 2564944000 COL HospitalType VAL acute care hospitals COL HospitalOwner VAL proprietary COL EmergencyService VAL yes COL Condition VAL surgical infection prevention COL MeasureCode VAL scip-vte-1 COL MeasureName VAL surgery patients whose doctors ordered treatments to prevent blood clots after certain types of surgeries COL Score VAL 95% COL Sample VAL 315 patients COL Stateavg VAL al_scip-vte-1 ,COL Sample VAL 315 patients ,0
1340,COL ProviderNumber VAL 10046 COL HospitalName VAL riverview regional medical center COL Address1 VAL 600 south third street COL Address2 VAL empty COL Address3 VAL empty COL City VAL gadsden COL State VAL al COL ZipCode VAL 35901 COL CountyName VAL etowah COL PhoneNumber VAL 2565435200 COL HospitalType VAL acute care hospitals COL HospitalOwner VAL proprietary COL EmergencyService VAL yes COL Condition VAL heart failure COL MeasureCode VAL hf-1 COL MeasureName VAL heart failure patients given discharge instructions COL Score VAL 100% COL Sample VAL 268 patients COL Stateavg VAL al_hf-1 ,COL Sample VAL 268 patiexts ,1
1341,COL ProviderNumber VAL 10046 COL HospitalName VAL riverview regional medical center COL Address1 VAL 600 south third street COL Address2 VAL empty COL Address3 VAL empty COL City VAL gadsden COL State VAL al COL ZipCode VAL 35901 COL CountyName VAL etowah COL PhoneNumber VAL 2565435200 COL HospitalType VAL acute care hospitals COL HospitalOwner VAL proprietary COL EmergencyService VAL yes COL Condition VAL heart failure COL MeasureCode VAL hf-1 COL MeasureName VAL heart failure patients given discharge instructions COL Score VAL 100% COL Sample VAL 268 patients COL Stateavg VAL al_hf-1 ,COL Sample VAL 268 patients ,0
1342,COL ProviderNumber VAL 10046 COL HospitalName VAL riverview regional medical center COL Address1 VAL 600 south third street COL Address2 VAL empty COL Address3 VAL empty COL City VAL gadsden COL State VAL al COL ZipCode VAL 35901 COL CountyName VAL etowah COL PhoneNumber VAL 2565435200 COL HospitalType VAL acute care hospitals COL HospitalOwner VAL proprietary COL EmergencyService VAL yex COL Condition VAL pneumonia COL MeasureCode VAL pn-5c COL MeasureName VAL pneumonia patients given initial antibiotic(s) within 6 hours after arrival COL Score VAL 87% COL Sample VAL 261 patients COL Stateavg VAL al_pn-5c ,COL Sample VAL 261 paxienxs ,1
1343,COL ProviderNumber VAL 10046 COL HospitalName VAL riverview regional medical center COL Address1 VAL 600 south third street COL Address2 VAL empty COL Address3 VAL empty COL City VAL gadsden COL State VAL al COL ZipCode VAL 35901 COL CountyName VAL etowah COL PhoneNumber VAL 2565435200 COL HospitalType VAL acute care hospitals COL HospitalOwner VAL proprietary COL EmergencyService VAL yex COL Condition VAL pneumonia COL MeasureCode VAL pn-5c COL MeasureName VAL pneumonia patients given initial antibiotic(s) within 6 hours after arrival COL Score VAL 87% COL Sample VAL 261 patients COL Stateavg VAL al_pn-5c ,COL Sample VAL 261 patients ,0
1344,COL ProviderNumber VAL 10046 COL HospitalName VAL riverview regional medical center COL Address1 VAL 600 south third street COL Address2 VAL empty COL Address3 VAL empty COL City VAL gadsden COL State VAL al COL ZipCode VAL 35901 COL CountyName VAL etowah COL PhoneNumber VAL 2565435200 COL HospitalType VAL acute care hospitals COL HospitalOwner VAL proprietary COL EmergencyService VAL yes COL Condition VAL pneumonia COL MeasureCode VAL pn-6 COL MeasureName VAL pneumonia patients given the most appropriate initial antibiotic(s) COL Score VAL 76% COL Sample VAL 212 patients COL Stateavg VAL alxpn-6 ,COL Sample VAL 212 pxtients ,1
1345,COL ProviderNumber VAL 10046 COL HospitalName VAL riverview regional medical center COL Address1 VAL 600 south third street COL Address2 VAL empty COL Address3 VAL empty COL City VAL gadsden COL State VAL al COL ZipCode VAL 35901 COL CountyName VAL etowah COL PhoneNumber VAL 2565435200 COL HospitalType VAL acute care hospitals COL HospitalOwner VAL proprietary COL EmergencyService VAL yes COL Condition VAL pneumonia COL MeasureCode VAL pn-6 COL MeasureName VAL pneumonia patients given the most appropriate initial antibiotic(s) COL Score VAL 76% COL Sample VAL 212 patients COL Stateavg VAL alxpn-6 ,COL Sample VAL 212 patients ,0
1346,COL ProviderNumber VAL 10046 COL HospitalName VAL xivexview xegional medical centex COL Address1 VAL 600 south third street COL Address2 VAL empty COL Address3 VAL empty COL City VAL gadsden COL State VAL al COL ZipCode VAL 35901 COL CountyName VAL etowah COL PhoneNumber VAL 2565435200 COL HospitalType VAL acute care hospitals COL HospitalOwner VAL proprietary COL EmergencyService VAL yxs COL Condition VAL pneumonia COL MeasureCode VAL pn-7 COL MeasureName VAL pneumonia patients assessed and given influenza vaccination COL Score VAL 99% COL Sample VAL 178 patients COL Stateavg VAL al_pn-7 ,COL Sample VAL 178 patiexts ,1
1347,COL ProviderNumber VAL 10046 COL HospitalName VAL xivexview xegional medical centex COL Address1 VAL 600 south third street COL Address2 VAL empty COL Address3 VAL empty COL City VAL gadsden COL State VAL al COL ZipCode VAL 35901 COL CountyName VAL etowah COL PhoneNumber VAL 2565435200 COL HospitalType VAL acute care hospitals COL HospitalOwner VAL proprietary COL EmergencyService VAL yxs COL Condition VAL pneumonia COL MeasureCode VAL pn-7 COL MeasureName VAL pneumonia patients assessed and given influenza vaccination COL Score VAL 99% COL Sample VAL 178 patients COL Stateavg VAL al_pn-7 ,COL Sample VAL 178 patients ,0
1348,COL ProviderNumber VAL 10046 COL HospitalName VAL riverview regional medical center COL Address1 VAL 600 south third street COL Address2 VAL empty COL Address3 VAL empty COL City VAL gadsden COL State VAL al COL ZipCode VAL 3590x COL CountyName VAL etowah COL PhoneNumber VAL 2565435200 COL HospitalType VAL acute care hospitals COL HospitalOwner VAL proprietary COL EmergencyService VAL yes COL Condition VAL surgical infection prevention COL MeasureCode VAL scip-inf-1 COL MeasureName VAL surgery patients who were given an antibiotic at the right time (within one hour before surgery) to help prevent infection COL Score VAL 95% COL Sample VAL 402 patients COL Stateavg VAL al_scip-inf-1 ,COL Sample VAL 402 paxienxs ,1
1349,COL ProviderNumber VAL 10046 COL HospitalName VAL riverview regional medical center COL Address1 VAL 600 south third street COL Address2 VAL empty COL Address3 VAL empty COL City VAL gadsden COL State VAL al COL ZipCode VAL 3590x COL CountyName VAL etowah COL PhoneNumber VAL 2565435200 COL HospitalType VAL acute care hospitals COL HospitalOwner VAL proprietary COL EmergencyService VAL yes COL Condition VAL surgical infection prevention COL MeasureCode VAL scip-inf-1 COL MeasureName VAL surgery patients who were given an antibiotic at the right time (within one hour before surgery) to help prevent infection COL Score VAL 95% COL Sample VAL 402 patients COL Stateavg VAL al_scip-inf-1 ,COL Sample VAL 402 patients ,0
1350,COL ProviderNumber VAL 10046 COL HospitalName VAL riverview regional medical center COL Address1 VAL 600 south third street COL Address2 VAL empty COL Address3 VAL empty COL City VAL gadsden COL State VAL al COL ZipCode VAL 35901 COL CountyName VAL etowah COL PhoneNumber VAL 2565435200 COL HospitalType VAL acute care hospitals COL HospitalOwner VAL proprietary COL EmergencyService VAL yes COL Condition VAL surgical infection prevention COL MeasureCode VAL scip-inf-2 COL MeasureName VAL surgery patients who were given the  right kind  of antibiotic to help prevent infection COL Score VAL 95% COL Sample VAL 404 patients COL Stateavg VAL al_scip-inf-2 ,COL Sample VAL 404 patixnts ,1
1351,COL ProviderNumber VAL 10046 COL HospitalName VAL riverview regional medical center COL Address1 VAL 600 south third street COL Address2 VAL empty COL Address3 VAL empty COL City VAL gadsden COL State VAL al COL ZipCode VAL 35901 COL CountyName VAL etowah COL PhoneNumber VAL 2565435200 COL HospitalType VAL acute care hospitals COL HospitalOwner VAL proprietary COL EmergencyService VAL yes COL Condition VAL surgical infection prevention COL MeasureCode VAL scip-inf-2 COL MeasureName VAL surgery patients who were given the  right kind  of antibiotic to help prevent infection COL Score VAL 95% COL Sample VAL 404 patients COL Stateavg VAL al_scip-inf-2 ,COL Sample VAL 404 patients ,0
1352,COL ProviderNumber VAL 10046 COL HospitalName VAL riverview regional medical center COL Address1 VAL 600 south third street COL Address2 VAL empty COL Address3 VAL empty COL City VAL gadsden COL State VAL al COL ZipCode VAL 35901 COL CountyName VAL etowah COL PhoneNumber VAL 2565435200 COL HospitalType VAL acute care hospitals COL HospitalOwner VAL proprietary COL EmergencyService VAL yes COL Condition VAL surgical infection prevention COL MeasureCode VAL scip-inf-3 COL MeasureName VAL surgery patients whose preventive antibiotics were stopped at the right time (within 24 hours after surgery) COL Score VAL 79% COL Sample VAL 352 patients COL Stateavg VAL al_scip-inf-3 ,COL Sample VAL 352 xatients ,1
1353,COL ProviderNumber VAL 10046 COL HospitalName VAL riverview regional medical center COL Address1 VAL 600 south third street COL Address2 VAL empty COL Address3 VAL empty COL City VAL gadsden COL State VAL al COL ZipCode VAL 35901 COL CountyName VAL etowah COL PhoneNumber VAL 2565435200 COL HospitalType VAL acute care hospitals COL HospitalOwner VAL proprietary COL EmergencyService VAL yes COL Condition VAL surgical infection prevention COL MeasureCode VAL scip-inf-3 COL MeasureName VAL surgery patients whose preventive antibiotics were stopped at the right time (within 24 hours after surgery) COL Score VAL 79% COL Sample VAL 352 patients COL Stateavg VAL al_scip-inf-3 ,COL Sample VAL 352 patients ,0
1354,COL ProviderNumber VAL 10046 COL HospitalName VAL riverview regional medical center COL Address1 VAL 600 south third street COL Address2 VAL empty COL Address3 VAL empty COL City VAL gadsden COL State VAL al COL ZipCode VAL 35901 COL CountyName VAL etowah COL PhoneNumber VAL 2565435200 COL HospitalType VAL acute care hospitals COL HospitalOwner VAL proprietary COL EmergencyService VAL yes COL Condition VAL surgical infection prevention COL MeasureCode VAL scip-inf-6 COL MeasureName VAL surgery patients needing hair removed from the surgical area before surgery who had hair removed using a safer method (electric clippers or hair removal cream c not a razor) COL Score VAL 100% COL Sample VAL 607 patients COL Stateavg VAL al_scip-inf-6 ,COL Sample VAL x07 patients ,1
1355,COL ProviderNumber VAL 10046 COL HospitalName VAL riverview regional medical center COL Address1 VAL 600 south third street COL Address2 VAL empty COL Address3 VAL empty COL City VAL gadsden COL State VAL al COL ZipCode VAL 35901 COL CountyName VAL etowah COL PhoneNumber VAL 2565435200 COL HospitalType VAL acute care hospitals COL HospitalOwner VAL proprietary COL EmergencyService VAL yes COL Condition VAL surgical infection prevention COL MeasureCode VAL scip-inf-6 COL MeasureName VAL surgery patients needing hair removed from the surgical area before surgery who had hair removed using a safer method (electric clippers or hair removal cream c not a razor) COL Score VAL 100% COL Sample VAL 607 patients COL Stateavg VAL al_scip-inf-6 ,COL Sample VAL 607 patients ,0
1356,COL ProviderNumber VAL 10046 COL HospitalName VAL riverview regional medical center COL Address1 VAL 600 south third street COL Address2 VAL empty COL Address3 VAL empty COL City VAL gadsden COL State VAL al COL ZipCode VAL 35901 COL CountyName VAL etowah COL PhoneNumber VAL 2565435200 COL HospitalType VAL acute care hospitals COL HospitalOwner VAL proprietary COL EmergencyService VAL yes COL Condition VAL surgical infection prevention COL MeasureCode VAL scip-vte-1 COL MeasureName VAL surgery patients whose doctors ordered treatments to prevent blood clots after certain types of surgeries COL Score VAL 91% COL Sample VAL 280 patients COL Stateavg VAL al_scip-vte-1 ,COL Sample VAL 280 patiexts ,1
1357,COL ProviderNumber VAL 10046 COL HospitalName VAL riverview regional medical center COL Address1 VAL 600 south third street COL Address2 VAL empty COL Address3 VAL empty COL City VAL gadsden COL State VAL al COL ZipCode VAL 35901 COL CountyName VAL etowah COL PhoneNumber VAL 2565435200 COL HospitalType VAL acute care hospitals COL HospitalOwner VAL proprietary COL EmergencyService VAL yes COL Condition VAL surgical infection prevention COL MeasureCode VAL scip-vte-1 COL MeasureName VAL surgery patients whose doctors ordered treatments to prevent blood clots after certain types of surgeries COL Score VAL 91% COL Sample VAL 280 patients COL Stateavg VAL al_scip-vte-1 ,COL Sample VAL 280 patients ,0
1358,COL ProviderNumber VAL 10049 COL HospitalName VAL medical center enterprise COL Address1 VAL 400 n edwards street COL Address2 VAL empty COL Address3 VAL empty COL City VAL enterprise COL State VAL al COL ZipCode VAL 36330 COL CountyName VAL coffee COL PhoneNumber VAL 3343470584 COL HospitalType VAL acute care hospitals COL HospitalOwner VAL proprietary COL EmergencyService VAL yes COL Condition VAL heart failure COL MeasureCode VAL hf-2 COL MeasureName VAL heart failure patients given an evaluation of left ventricular systolic (lvs) function COL Score VAL 99% COL Sample VAL 82 patients COL Stateavg VAL al_hf-2 ,COL Sample VAL 82 patientx ,1
1359,COL ProviderNumber VAL 10049 COL HospitalName VAL medical center enterprise COL Address1 VAL 400 n edwards street COL Address2 VAL empty COL Address3 VAL empty COL City VAL enterprise COL State VAL al COL ZipCode VAL 36330 COL CountyName VAL coffee COL PhoneNumber VAL 3343470584 COL HospitalType VAL acute care hospitals COL HospitalOwner VAL proprietary COL EmergencyService VAL yes COL Condition VAL heart failure COL MeasureCode VAL hf-2 COL MeasureName VAL heart failure patients given an evaluation of left ventricular systolic (lvs) function COL Score VAL 99% COL Sample VAL 82 patients COL Stateavg VAL al_hf-2 ,COL Sample VAL 82 patients ,0
1360,COL ProviderNumber VAL 10049 COL HospitalName VAL medical center enterprise COL Address1 VAL 400 n edwards street COL Address2 VAL empty COL Address3 VAL empty COL City VAL enterprise COL State VAL al COL ZipCode VAL 36330 COL CountyName VAL coffee COL PhoneNumber VAL 3343470584 COL HospitalType VAL acute care hospitals COL HospitalOwner VAL proprietary COL EmergencyService VAL yes COL Condition VAL surgical infection prevention COL MeasureCode VAL scip-inf-1 COL MeasureName VAL surgery patients who were given an antibiotic at the right time (within one hour before surgery) to help prevent infection COL Score VAL 99% COL Sample VAL 397 patients COL Stateavg VAL al_scip-inf-1 ,COL Sample VAL x97 patients ,1
1361,COL ProviderNumber VAL 10049 COL HospitalName VAL medical center enterprise COL Address1 VAL 400 n edwards street COL Address2 VAL empty COL Address3 VAL empty COL City VAL enterprise COL State VAL al COL ZipCode VAL 36330 COL CountyName VAL coffee COL PhoneNumber VAL 3343470584 COL HospitalType VAL acute care hospitals COL HospitalOwner VAL proprietary COL EmergencyService VAL yes COL Condition VAL surgical infection prevention COL MeasureCode VAL scip-inf-1 COL MeasureName VAL surgery patients who were given an antibiotic at the right time (within one hour before surgery) to help prevent infection COL Score VAL 99% COL Sample VAL 397 patients COL Stateavg VAL al_scip-inf-1 ,COL Sample VAL 397 patients ,0
1362,COL ProviderNumber VAL 10049 COL HospitalName VAL medical center enterprise COL Address1 VAL 400 n edwards street COL Address2 VAL empty COL Address3 VAL empty COL City VAL enterprise COL State VAL al COL ZipCode VAL 36330 COL CountyName VAL coffee COL PhoneNumber VAL 3343470584 COL HospitalType VAL acute care hospitals COL HospitalOwner VAL proprietary COL EmergencyService VAL yes COL Condition VAL surgical infection prevention COL MeasureCode VAL scip-inf-3 COL MeasureName VAL surgery patients whose preventive antibiotics were stopped at the right time (within 24 hours after surgery) COL Score VAL 100% COL Sample VAL 391 patients COL Stateavg VAL al_scip-inf-3 ,COL Sample VAL 391 patixnts ,1
1363,COL ProviderNumber VAL 10049 COL HospitalName VAL medical center enterprise COL Address1 VAL 400 n edwards street COL Address2 VAL empty COL Address3 VAL empty COL City VAL enterprise COL State VAL al COL ZipCode VAL 36330 COL CountyName VAL coffee COL PhoneNumber VAL 3343470584 COL HospitalType VAL acute care hospitals COL HospitalOwner VAL proprietary COL EmergencyService VAL yes COL Condition VAL surgical infection prevention COL MeasureCode VAL scip-inf-3 COL MeasureName VAL surgery patients whose preventive antibiotics were stopped at the right time (within 24 hours after surgery) COL Score VAL 100% COL Sample VAL 391 patients COL Stateavg VAL al_scip-inf-3 ,COL Sample VAL 391 patients ,0
1364,COL ProviderNumber VAL 10049 COL HospitalName VAL medical center enterprise COL Address1 VAL 400 n edwards street COL Address2 VAL empty COL Address3 VAL empty COL City VAL enterprise COL State VAL al COL ZipCode VAL 36330 COL CountyName VAL coffee COL PhoneNumber VAL 3343470584 COL HospitalType VAL acute care hospitals COL HospitalOwner VAL proprietary COL EmergencyService VAL yes COL Condition VAL surgical infection prevention COL MeasureCode VAL scip-inf-6 COL MeasureName VAL surgery patients needing hair removed from the surgical area before surgery who had hair removed using a safer method (electric clippers or hair removal cream c not a razor) COL Score VAL 100% COL Sample VAL 485 patients COL Stateavg VAL al_scip-inf-6 ,COL Sample VAL x85 patients ,1
1365,COL ProviderNumber VAL 10049 COL HospitalName VAL medical center enterprise COL Address1 VAL 400 n edwards street COL Address2 VAL empty COL Address3 VAL empty COL City VAL enterprise COL State VAL al COL ZipCode VAL 36330 COL CountyName VAL coffee COL PhoneNumber VAL 3343470584 COL HospitalType VAL acute care hospitals COL HospitalOwner VAL proprietary COL EmergencyService VAL yes COL Condition VAL surgical infection prevention COL MeasureCode VAL scip-inf-6 COL MeasureName VAL surgery patients needing hair removed from the surgical area before surgery who had hair removed using a safer method (electric clippers or hair removal cream c not a razor) COL Score VAL 100% COL Sample VAL 485 patients COL Stateavg VAL al_scip-inf-6 ,COL Sample VAL 485 patients ,0
1366,COL ProviderNumber VAL 10050 COL HospitalName VAL st vincents blount COL Address1 VAL 150 gilbreath drive COL Address2 VAL empty COL Address3 VAL empty COL City VAL oneonta COL State VAL al COL ZipCode VAL 35121 COL CountyName VAL blount COL PhoneNumber VAL 2052743000 COL HospitalType VAL acute care hospitals COL HospitalOwner VAL voluntary non-profit - private COL EmergencyService VAL yes COL Condition VAL pneumonia COL MeasureCode VAL pn-2 COL MeasureName VAL pneumonia patients assessed and given pneumococcal vaccination COL Score VAL 74% COL Sample VAL 92 patients COL Stateavg VAL al_pn-2 ,COL Sample VAL 92 pxtients ,1
1367,COL ProviderNumber VAL 10050 COL HospitalName VAL st vincents blount COL Address1 VAL 150 gilbreath drive COL Address2 VAL empty COL Address3 VAL empty COL City VAL oneonta COL State VAL al COL ZipCode VAL 35121 COL CountyName VAL blount COL PhoneNumber VAL 2052743000 COL HospitalType VAL acute care hospitals COL HospitalOwner VAL voluntary non-profit - private COL EmergencyService VAL yes COL Condition VAL pneumonia COL MeasureCode VAL pn-2 COL MeasureName VAL pneumonia patients assessed and given pneumococcal vaccination COL Score VAL 74% COL Sample VAL 92 patients COL Stateavg VAL al_pn-2 ,COL Sample VAL 92 patients ,0
1368,COL ProviderNumber VAL 10001 COL HospitalName VAL southeast alabama medical center COL Address1 VAL 1108 ross clark circle COL Address2 VAL empty COL Address3 VAL empty COL City VAL dothan COL State VAL al COL ZipCode VAL 36302 COL CountyName VAL houston COL PhoneNumber VAL xx479x8701 COL HospitalType VAL acute care hospitals COL HospitalOwner VAL government - hospital district or authority COL EmergencyService VAL yes COL Condition VAL surgical infection prevention COL MeasureCode VAL scip-card-2 COL MeasureName VAL surgery patients who were taking heart drugs called beta blockers before coming to the hospital who were kept on the beta blockers during the period just before and after their surgery COL Score VAL 72% COL Sample VAL 79 patients COL Stateavg VAL al_scip-card-2 ,COL Stateavg VAL al_scipxcardx2 ,1
1369,COL ProviderNumber VAL 10001 COL HospitalName VAL southeast alabama medical center COL Address1 VAL 1108 ross clark circle COL Address2 VAL empty COL Address3 VAL empty COL City VAL dothan COL State VAL al COL ZipCode VAL 36302 COL CountyName VAL houston COL PhoneNumber VAL xx479x8701 COL HospitalType VAL acute care hospitals COL HospitalOwner VAL government - hospital district or authority COL EmergencyService VAL yes COL Condition VAL surgical infection prevention COL MeasureCode VAL scip-card-2 COL MeasureName VAL surgery patients who were taking heart drugs called beta blockers before coming to the hospital who were kept on the beta blockers during the period just before and after their surgery COL Score VAL 72% COL Sample VAL 79 patients COL Stateavg VAL al_scip-card-2 ,COL Stateavg VAL al_scip-card-2 ,0
1370,COL ProviderNumber VAL 10018 COL HospitalName VAL callahan eye foundation hospital COL Address1 VAL 1720 university blvd COL Address2 VAL empty COL Address3 VAL empty COL City VAL birmingham COL State VAL al COL ZipCode VAL 35233 COL CountyName VAL jefferson COL PhoneNumber VAL 2053258100 COL HospitalType VAL acute care hospitals COL HospitalOwner VAL voluntary non-profit - private COL EmergencyService VAL yes COL Condition VAL surgical infection prevention COL MeasureCode VAL scip-inf-1 COL MeasureName VAL surgery patients who were given an antibiotic at the right time (within one hour before surgery) to help prevent infection COL Score VAL empty COL Sample VAL empty COL Stateavg VAL al_scip-inf-1 ,COL Stateavg VAL al_scip-inf-x ,1
1371,COL ProviderNumber VAL 10018 COL HospitalName VAL callahan eye foundation hospital COL Address1 VAL 1720 university blvd COL Address2 VAL empty COL Address3 VAL empty COL City VAL birmingham COL State VAL al COL ZipCode VAL 35233 COL CountyName VAL jefferson COL PhoneNumber VAL 2053258100 COL HospitalType VAL acute care hospitals COL HospitalOwner VAL voluntary non-profit - private COL EmergencyService VAL yes COL Condition VAL surgical infection prevention COL MeasureCode VAL scip-inf-1 COL MeasureName VAL surgery patients who were given an antibiotic at the right time (within one hour before surgery) to help prevent infection COL Score VAL empty COL Sample VAL empty COL Stateavg VAL al_scip-inf-1 ,COL Stateavg VAL al_scip-inf-1 ,0
1372,COL ProviderNumber VAL 10018 COL HospitalName VAL callahan eye foundation hospital COL Address1 VAL 1720 university blvd COL Address2 VAL empty COL Address3 VAL empty COL City VAL birmingham COL State VAL al COL ZipCode VAL 35233 COL CountyName VAL jefferson COL PhoneNumber VAL 2053258100 COL HospitalType VAL acute care hospitals COL HospitalOwner VAL voluntary non-profit - private COL EmergencyService VAL yes COL Condition VAL surgical infection prevention COL MeasureCode VAL scip-inf-2 COL MeasureName VAL surgery patients who were given the  right kind  of antibiotic to help prevent infection COL Score VAL empty COL Sample VAL empty COL Stateavg VAL al_scip-inf-2 ,COL Stateavg VAL xl_scip-inf-2 ,1
1373,COL ProviderNumber VAL 10018 COL HospitalName VAL callahan eye foundation hospital COL Address1 VAL 1720 university blvd COL Address2 VAL empty COL Address3 VAL empty COL City VAL birmingham COL State VAL al COL ZipCode VAL 35233 COL CountyName VAL jefferson COL PhoneNumber VAL 2053258100 COL HospitalType VAL acute care hospitals COL HospitalOwner VAL voluntary non-profit - private COL EmergencyService VAL yes COL Condition VAL surgical infection prevention COL MeasureCode VAL scip-inf-2 COL MeasureName VAL surgery patients who were given the  right kind  of antibiotic to help prevent infection COL Score VAL empty COL Sample VAL empty COL Stateavg VAL al_scip-inf-2 ,COL Stateavg VAL al_scip-inf-2 ,0
1374,COL ProviderNumber VAL 10018 COL HospitalName VAL callahan eye foundation hospital COL Address1 VAL 1720 university blvd COL Address2 VAL empty COL Address3 VAL empty COL City VAL birminghxm COL State VAL al COL ZipCode VAL 35233 COL CountyName VAL jefferson COL PhoneNumber VAL 2053258100 COL HospitalType VAL acute care hospitals COL HospitalOwner VAL voluntary non-profit - private COL EmergencyService VAL yes COL Condition VAL surgical infection prevention COL MeasureCode VAL scip-inf-3 COL MeasureName VAL surgery patients whose preventive antibiotics were stopped at the right time (within 24 hours after surgery) COL Score VAL empty COL Sample VAL empty COL Stateavg VAL al_scip-inf-3 ,COL Stateavg VAL al_scxp-xnf-3 ,1
1375,COL ProviderNumber VAL 10018 COL HospitalName VAL callahan eye foundation hospital COL Address1 VAL 1720 university blvd COL Address2 VAL empty COL Address3 VAL empty COL City VAL birminghxm COL State VAL al COL ZipCode VAL 35233 COL CountyName VAL jefferson COL PhoneNumber VAL 2053258100 COL HospitalType VAL acute care hospitals COL HospitalOwner VAL voluntary non-profit - private COL EmergencyService VAL yes COL Condition VAL surgical infection prevention COL MeasureCode VAL scip-inf-3 COL MeasureName VAL surgery patients whose preventive antibiotics were stopped at the right time (within 24 hours after surgery) COL Score VAL empty COL Sample VAL empty COL Stateavg VAL al_scip-inf-3 ,COL Stateavg VAL al_scip-inf-3 ,0
1376,COL ProviderNumber VAL 10018 COL HospitalName VAL callahan eye foundation hospital COL Address1 VAL 1720 university blvd COL Address2 VAL empty COL Address3 VAL empty COL City VAL birmingham COL State VAL al COL ZipCode VAL 35233 COL CountyName VAL jefferson COL PhoneNumber VAL 2053258100 COL HospitalType VAL acute care hospitals COL HospitalOwner VAL voluntary non-profit - private COL EmergencyService VAL yes COL Condition VAL surgical infection prevention COL MeasureCode VAL scip-inf-4 COL MeasureName VAL all heart surgery patients whose blood sugar (blood glucose) is kept under good control in the days right after surgery COL Score VAL empty COL Sample VAL empty COL Stateavg VAL al_scip-inf-4 ,COL Stateavg VAL al_scip-ixf-4 ,1
1377,COL ProviderNumber VAL 10018 COL HospitalName VAL callahan eye foundation hospital COL Address1 VAL 1720 university blvd COL Address2 VAL empty COL Address3 VAL empty COL City VAL birmingham COL State VAL al COL ZipCode VAL 35233 COL CountyName VAL jefferson COL PhoneNumber VAL 2053258100 COL HospitalType VAL acute care hospitals COL HospitalOwner VAL voluntary non-profit - private COL EmergencyService VAL yes COL Condition VAL surgical infection prevention COL MeasureCode VAL scip-inf-4 COL MeasureName VAL all heart surgery patients whose blood sugar (blood glucose) is kept under good control in the days right after surgery COL Score VAL empty COL Sample VAL empty COL Stateavg VAL al_scip-inf-4 ,COL Stateavg VAL al_scip-inf-4 ,0
1378,COL ProviderNumber VAL 10018 COL HospitalName VAL callahan eye foundation hospital COL Address1 VAL 1720 university blvd COL Address2 VAL empty COL Address3 VAL empty COL City VAL birmingham COL State VAL al COL ZipCode VAL 35233 COL CountyName VAL jefferson COL PhoneNumber VAL 2053258100 COL HospitalType VAL acute care hospitals COL HospitalOwner VAL voluntary non-profit - private COL EmergencyService VAL yes COL Condition VAL surgical infection prevention COL MeasureCode VAL scip-inf-6 COL MeasureName VAL surgery patients needing hair removed from the surgical area before surgery who had hair removed using a safer method (electric clippers or hair removal cream c not a razor) COL Score VAL empty COL Sample VAL empty COL Stateavg VAL al_scip-inf-6 ,COL Stateavg VAL al_scip-inx-6 ,1
1379,COL ProviderNumber VAL 10018 COL HospitalName VAL callahan eye foundation hospital COL Address1 VAL 1720 university blvd COL Address2 VAL empty COL Address3 VAL empty COL City VAL birmingham COL State VAL al COL ZipCode VAL 35233 COL CountyName VAL jefferson COL PhoneNumber VAL 2053258100 COL HospitalType VAL acute care hospitals COL HospitalOwner VAL voluntary non-profit - private COL EmergencyService VAL yes COL Condition VAL surgical infection prevention COL MeasureCode VAL scip-inf-6 COL MeasureName VAL surgery patients needing hair removed from the surgical area before surgery who had hair removed using a safer method (electric clippers or hair removal cream c not a razor) COL Score VAL empty COL Sample VAL empty COL Stateavg VAL al_scip-inf-6 ,COL Stateavg VAL al_scip-inf-6 ,0
1380,COL ProviderNumber VAL 10018 COL HospitalName VAL callahan eye foundation hospital COL Address1 VAL 1720 university blvd COL Address2 VAL empty COL Address3 VAL empty COL City VAL birmingham COL State VAL al COL ZipCode VAL 35233 COL CountyName VAL jefferson COL PhoneNumber VAL 2053258100 COL HospitalType VAL acute care hospitals COL HospitalOwner VAL voluntary non-profit - private COL EmergencyService VAL yes COL Condition VAL surgical infection prevention COL MeasureCode VAL scip-vte-1 COL MeasureName VAL surgery patients whose doctors ordered treatments to prevent blood clots after certain types of surgeries COL Score VAL empty COL Sample VAL empty COL Stateavg VAL al_scip-vte-1 ,COL Stateavg VAL ax_scip-vte-1 ,1
1381,COL ProviderNumber VAL 10018 COL HospitalName VAL callahan eye foundation hospital COL Address1 VAL 1720 university blvd COL Address2 VAL empty COL Address3 VAL empty COL City VAL birmingham COL State VAL al COL ZipCode VAL 35233 COL CountyName VAL jefferson COL PhoneNumber VAL 2053258100 COL HospitalType VAL acute care hospitals COL HospitalOwner VAL voluntary non-profit - private COL EmergencyService VAL yes COL Condition VAL surgical infection prevention COL MeasureCode VAL scip-vte-1 COL MeasureName VAL surgery patients whose doctors ordered treatments to prevent blood clots after certain types of surgeries COL Score VAL empty COL Sample VAL empty COL Stateavg VAL al_scip-vte-1 ,COL Stateavg VAL al_scip-vte-1 ,0
1382,COL ProviderNumber VAL 10018 COL HospitalName VAL callahan eye foundation hospital COL Address1 VAL 1720 university blvd COL Address2 VAL empty COL Address3 VAL empty COL City VAL birmingxam COL State VAL al COL ZipCode VAL 35233 COL CountyName VAL jefferson COL PhoneNumber VAL 2053258100 COL HospitalType VAL acute care hospitals COL HospitalOwner VAL voluntary non-profit - private COL EmergencyService VAL yes COL Condition VAL surgical infection prevention COL MeasureCode VAL scip-vte-2 COL MeasureName VAL patients who got treatment  at the right time (within 24 hours before or after their surgery) to help prevent blood clots after certain types of surgery COL Score VAL empty COL Sample VAL empty COL Stateavg VAL al_scip-vte-2 ,COL Stateavg VAL xl_scip-vte-2 ,1
1383,COL ProviderNumber VAL 10018 COL HospitalName VAL callahan eye foundation hospital COL Address1 VAL 1720 university blvd COL Address2 VAL empty COL Address3 VAL empty COL City VAL birmingxam COL State VAL al COL ZipCode VAL 35233 COL CountyName VAL jefferson COL PhoneNumber VAL 2053258100 COL HospitalType VAL acute care hospitals COL HospitalOwner VAL voluntary non-profit - private COL EmergencyService VAL yes COL Condition VAL surgical infection prevention COL MeasureCode VAL scip-vte-2 COL MeasureName VAL patients who got treatment  at the right time (within 24 hours before or after their surgery) to help prevent blood clots after certain types of surgery COL Score VAL empty COL Sample VAL empty COL Stateavg VAL al_scip-vte-2 ,COL Stateavg VAL al_scip-vte-2 ,0
1384,COL ProviderNumber VAL 10019 COL HospitalName VAL helen keller memorial hospital COL Address1 VAL 1300 south montgomery avenue COL Address2 VAL empty COL Address3 VAL empty COL City VAL sheffield COL State VAL al COL ZipCode VAL 35660 COL CountyName VAL jefferson COL PhoneNumber VAL 2563864556 COL HospitalType VAL acute care hospitals COL HospitalOwner VAL government - hospital district or authority COL EmergencyService VAL yes COL Condition VAL heart attack COL MeasureCode VAL ami-1 COL MeasureName VAL heart attack patients given aspirin at arrival COL Score VAL 97% COL Sample VAL 33 patients COL Stateavg VAL al_ami-1 ,COL Stateavg VAL xl_xmi-1 ,1
1385,COL ProviderNumber VAL 10019 COL HospitalName VAL helen keller memorial hospital COL Address1 VAL 1300 south montgomery avenue COL Address2 VAL empty COL Address3 VAL empty COL City VAL sheffield COL State VAL al COL ZipCode VAL 35660 COL CountyName VAL jefferson COL PhoneNumber VAL 2563864556 COL HospitalType VAL acute care hospitals COL HospitalOwner VAL government - hospital district or authority COL EmergencyService VAL yes COL Condition VAL heart attack COL MeasureCode VAL ami-1 COL MeasureName VAL heart attack patients given aspirin at arrival COL Score VAL 97% COL Sample VAL 33 patients COL Stateavg VAL al_ami-1 ,COL Stateavg VAL al_ami-1 ,0
1386,COL ProviderNumber VAL 10019 COL HospitalName VAL helen keller memorial hospital COL Address1 VAL 1300 south montgomery avenue COL Address2 VAL empty COL Address3 VAL empty COL City VAL sheffield COL State VAL al COL ZipCode VAL 35660 COL CountyName VAL jefferson COL PhoneNumber VAL 2563864556 COL HospitalType VAL acute care hospitals COL HospitalOwner VAL government - hospital district or authority COL EmergencyService VAL yes COL Condition VAL heart attack COL MeasureCode VAL ami-2 COL MeasureName VAL heart attack patients given aspirin at discharge COL Score VAL 92% COL Sample VAL 13 patients COL Stateavg VAL al_ami-2 ,COL Stateavg VAL al_amix2 ,1
1387,COL ProviderNumber VAL 10019 COL HospitalName VAL helen keller memorial hospital COL Address1 VAL 1300 south montgomery avenue COL Address2 VAL empty COL Address3 VAL empty COL City VAL sheffield COL State VAL al COL ZipCode VAL 35660 COL CountyName VAL jefferson COL PhoneNumber VAL 2563864556 COL HospitalType VAL acute care hospitals COL HospitalOwner VAL government - hospital district or authority COL EmergencyService VAL yes COL Condition VAL heart attack COL MeasureCode VAL ami-2 COL MeasureName VAL heart attack patients given aspirin at discharge COL Score VAL 92% COL Sample VAL 13 patients COL Stateavg VAL al_ami-2 ,COL Stateavg VAL al_ami-2 ,0
1388,COL ProviderNumber VAL 10005 COL HospitalName VAL marshall medical center south COL Address1 VAL 2505 u s highway 431 north COL Address2 VAL empty COL Address3 VAL empty COL City VAL boaz COL State VAL xl COL ZipCode VAL 35957 COL CountyName VAL marshall COL PhoneNumber VAL 2565938310 COL HospitalType VAL acute care hospitals COL HospitalOwner VAL government - hospital district or authority COL EmergencyService VAL yes COL Condition VAL heart attack COL MeasureCode VAL ami-3 COL MeasureName VAL heart attack patients given ace inhibitor or arb for left ventricular systolic dysfunction (lvsd) COL Score VAL 100% COL Sample VAL 2 patients COL Stateavg VAL al_ami-3 ,COL Stateavg VAL ax_ami-3 ,1
1389,COL ProviderNumber VAL 10005 COL HospitalName VAL marshall medical center south COL Address1 VAL 2505 u s highway 431 north COL Address2 VAL empty COL Address3 VAL empty COL City VAL boaz COL State VAL xl COL ZipCode VAL 35957 COL CountyName VAL marshall COL PhoneNumber VAL 2565938310 COL HospitalType VAL acute care hospitals COL HospitalOwner VAL government - hospital district or authority COL EmergencyService VAL yes COL Condition VAL heart attack COL MeasureCode VAL ami-3 COL MeasureName VAL heart attack patients given ace inhibitor or arb for left ventricular systolic dysfunction (lvsd) COL Score VAL 100% COL Sample VAL 2 patients COL Stateavg VAL al_ami-3 ,COL Stateavg VAL al_ami-3 ,0
1390,COL ProviderNumber VAL 10019 COL HospitalName VAL helen keller memorial hospital COL Address1 VAL 1300 south montgomery avenue COL Address2 VAL empty COL Address3 VAL empty COL City VAL sheffield COL State VAL al COL ZipCode VAL 35660 COL CountyName VAL jefferson COL PhoneNumber VAL 2563864556 COL HospitalType VAL acute care hospitals COL HospitalOwner VAL government - hospital district or authority COL EmergencyService VAL yes COL Condition VAL heart attack COL MeasureCode VAL ami-4 COL MeasureName VAL heart attack patients given smoking cessation advice/counseling COL Score VAL 100% COL Sample VAL 4 patients COL Stateavg VAL al_ami-4 ,COL Stateavg VAL ax_ami-4 ,1
1391,COL ProviderNumber VAL 10019 COL HospitalName VAL helen keller memorial hospital COL Address1 VAL 1300 south montgomery avenue COL Address2 VAL empty COL Address3 VAL empty COL City VAL sheffield COL State VAL al COL ZipCode VAL 35660 COL CountyName VAL jefferson COL PhoneNumber VAL 2563864556 COL HospitalType VAL acute care hospitals COL HospitalOwner VAL government - hospital district or authority COL EmergencyService VAL yes COL Condition VAL heart attack COL MeasureCode VAL ami-4 COL MeasureName VAL heart attack patients given smoking cessation advice/counseling COL Score VAL 100% COL Sample VAL 4 patients COL Stateavg VAL al_ami-4 ,COL Stateavg VAL al_ami-4 ,0
1392,COL ProviderNumber VAL 10019 COL HospitalName VAL helen keller memorial hospital COL Address1 VAL 1300 south montgomery avenue COL Address2 VAL empty COL Address3 VAL empty COL City VAL sheffield COL State VAL al COL ZipCode VAL 35660 COL CountyName VAL jefferson COL PhoneNumber VAL 2563864556 COL HospitalType VAL acute care hospitals COL HospitalOwner VAL government - hospital district or authority COL EmergencyService VAL yes COL Condition VAL heart attack COL MeasureCode VAL ami-5 COL MeasureName VAL heart attack patients given beta blocker at discharge COL Score VAL 86% COL Sample VAL 14 patients COL Stateavg VAL al_ami-5 ,COL Stateavg VAL al_axi-5 ,1
1393,COL ProviderNumber VAL 10019 COL HospitalName VAL helen keller memorial hospital COL Address1 VAL 1300 south montgomery avenue COL Address2 VAL empty COL Address3 VAL empty COL City VAL sheffield COL State VAL al COL ZipCode VAL 35660 COL CountyName VAL jefferson COL PhoneNumber VAL 2563864556 COL HospitalType VAL acute care hospitals COL HospitalOwner VAL government - hospital district or authority COL EmergencyService VAL yes COL Condition VAL heart attack COL MeasureCode VAL ami-5 COL MeasureName VAL heart attack patients given beta blocker at discharge COL Score VAL 86% COL Sample VAL 14 patients COL Stateavg VAL al_ami-5 ,COL Stateavg VAL al_ami-5 ,0
1394,COL ProviderNumber VAL 1xx19 COL HospitalName VAL helen keller memorial hospital COL Address1 VAL 1300 south montgomery avenue COL Address2 VAL empty COL Address3 VAL empty COL City VAL sheffield COL State VAL al COL ZipCode VAL 35660 COL CountyName VAL jefferson COL PhoneNumber VAL 2563864556 COL HospitalType VAL acute care hospitals COL HospitalOwner VAL government - hospital district or authority COL EmergencyService VAL yes COL Condition VAL heart attack COL MeasureCode VAL ami-7a COL MeasureName VAL heart attack patients given fibrinolytic medication within 30 minutes of arrival COL Score VAL empty COL Sample VAL 0 patients COL Stateavg VAL al_ami-7a ,COL Stateavg VAL al_axi-7a ,1
1395,COL ProviderNumber VAL 1xx19 COL HospitalName VAL helen keller memorial hospital COL Address1 VAL 1300 south montgomery avenue COL Address2 VAL empty COL Address3 VAL empty COL City VAL sheffield COL State VAL al COL ZipCode VAL 35660 COL CountyName VAL jefferson COL PhoneNumber VAL 2563864556 COL HospitalType VAL acute care hospitals COL HospitalOwner VAL government - hospital district or authority COL EmergencyService VAL yes COL Condition VAL heart attack COL MeasureCode VAL ami-7a COL MeasureName VAL heart attack patients given fibrinolytic medication within 30 minutes of arrival COL Score VAL empty COL Sample VAL 0 patients COL Stateavg VAL al_ami-7a ,COL Stateavg VAL al_ami-7a ,0
1396,COL ProviderNumber VAL 10019 COL HospitalName VAL helen keller memorial hospital COL Address1 VAL 1300 south montgomery avenue COL Address2 VAL empty COL Address3 VAL empty COL City VAL sheffield COL State VAL al COL ZipCode VAL 35660 COL CountyName VAL jefferson COL PhoneNumber VAL 2563864556 COL HospitalType VAL acute care hospitals COL HospitalOwner VAL government - hospital district or authority COL EmergencyService VAL yes COL Condition VAL heart attack COL MeasureCode VAL ami-8a COL MeasureName VAL heart attack patients given pci within 90 minutes of arrival COL Score VAL empty COL Sample VAL 0 patients COL Stateavg VAL al_ami-8a ,COL Stateavg VAL xl_xmi-8x ,1
1397,COL ProviderNumber VAL 10019 COL HospitalName VAL helen keller memorial hospital COL Address1 VAL 1300 south montgomery avenue COL Address2 VAL empty COL Address3 VAL empty COL City VAL sheffield COL State VAL al COL ZipCode VAL 35660 COL CountyName VAL jefferson COL PhoneNumber VAL 2563864556 COL HospitalType VAL acute care hospitals COL HospitalOwner VAL government - hospital district or authority COL EmergencyService VAL yes COL Condition VAL heart attack COL MeasureCode VAL ami-8a COL MeasureName VAL heart attack patients given pci within 90 minutes of arrival COL Score VAL empty COL Sample VAL 0 patients COL Stateavg VAL al_ami-8a ,COL Stateavg VAL al_ami-8a ,0
1398,COL ProviderNumber VAL 10019 COL HospitalName VAL helen keller memorial hospital COL Address1 VAL 1300 south montgomery avenue COL Address2 VAL empty COL Address3 VAL empty COL City VAL sheffield COL State VAL al COL ZipCode VAL 35660 COL CountyName VAL jefferson COL PhoneNumber VAL 2563864556 COL HospitalType VAL acute care hospitals COL HospitalOwner VAL government - hospital district or authority COL EmergencyService VAL yes COL Condition VAL heart failure COL MeasureCode VAL hf-1 COL MeasureName VAL heart failure patients given discharge instructions COL Score VAL 80% COL Sample VAL 114 patients COL Stateavg VAL al_hf-1 ,COL Stateavg VAL ax_hf-1 ,1
1399,COL ProviderNumber VAL 10019 COL HospitalName VAL helen keller memorial hospital COL Address1 VAL 1300 south montgomery avenue COL Address2 VAL empty COL Address3 VAL empty COL City VAL sheffield COL State VAL al COL ZipCode VAL 35660 COL CountyName VAL jefferson COL PhoneNumber VAL 2563864556 COL HospitalType VAL acute care hospitals COL HospitalOwner VAL government - hospital district or authority COL EmergencyService VAL yes COL Condition VAL heart failure COL MeasureCode VAL hf-1 COL MeasureName VAL heart failure patients given discharge instructions COL Score VAL 80% COL Sample VAL 114 patients COL Stateavg VAL al_hf-1 ,COL Stateavg VAL al_hf-1 ,0
1400,COL ProviderNumber VAL 10019 COL HospitalName VAL helen keller memorial hospital COL Address1 VAL 1300 south montgomery avenue COL Address2 VAL empty COL Address3 VAL empty COL City VAL sheffield COL State VAL al COL ZipCode VAL 35660 COL CountyName VAL jefferson COL PhoneNumber VAL 2563864556 COL HospitalType VAL acuxe care hospixals COL HospitalOwner VAL government - hospital district or authority COL EmergencyService VAL yes COL Condition VAL heart failure COL MeasureCode VAL hf-2 COL MeasureName VAL heart failure patients given an evaluation of left ventricular systolic (lvs) function COL Score VAL 99% COL Sample VAL 149 patients COL Stateavg VAL al_hf-2 ,COL Stateavg VAL ax_hf-2 ,1
1401,COL ProviderNumber VAL 10019 COL HospitalName VAL helen keller memorial hospital COL Address1 VAL 1300 south montgomery avenue COL Address2 VAL empty COL Address3 VAL empty COL City VAL sheffield COL State VAL al COL ZipCode VAL 35660 COL CountyName VAL jefferson COL PhoneNumber VAL 2563864556 COL HospitalType VAL acuxe care hospixals COL HospitalOwner VAL government - hospital district or authority COL EmergencyService VAL yes COL Condition VAL heart failure COL MeasureCode VAL hf-2 COL MeasureName VAL heart failure patients given an evaluation of left ventricular systolic (lvs) function COL Score VAL 99% COL Sample VAL 149 patients COL Stateavg VAL al_hf-2 ,COL Stateavg VAL al_hf-2 ,0
1402,COL ProviderNumber VAL 10019 COL HospitalName VAL helen keller memorial hospital COL Address1 VAL 1300 south montgomery avenue COL Address2 VAL empty COL Address3 VAL empty COL City VAL sheffield COL State VAL al COL ZipCode VAL 35660 COL CountyName VAL jefferson COL PhoneNumber VAL 2563864556 COL HospitalType VAL acute care hospitals COL HospitalOwner VAL government - hospital district or authority COL EmergencyService VAL yes COL Condition VAL heart failure COL MeasureCode VAL hf-3 COL MeasureName VAL heart failure patients given ace inhibitor or arb for left ventricular systolic dysfunction (lvsd) COL Score VAL 92% COL Sample VAL 3x patients COL Stateavg VAL al_hf-3 ,COL Stateavg VAL al_hfx3 ,1
1403,COL ProviderNumber VAL 10019 COL HospitalName VAL helen keller memorial hospital COL Address1 VAL 1300 south montgomery avenue COL Address2 VAL empty COL Address3 VAL empty COL City VAL sheffield COL State VAL al COL ZipCode VAL 35660 COL CountyName VAL jefferson COL PhoneNumber VAL 2563864556 COL HospitalType VAL acute care hospitals COL HospitalOwner VAL government - hospital district or authority COL EmergencyService VAL yes COL Condition VAL heart failure COL MeasureCode VAL hf-3 COL MeasureName VAL heart failure patients given ace inhibitor or arb for left ventricular systolic dysfunction (lvsd) COL Score VAL 92% COL Sample VAL 3x patients COL Stateavg VAL al_hf-3 ,COL Stateavg VAL al_hf-3 ,0
1404,COL ProviderNumber VAL 10019 COL HospitalName VAL helen keller memorial hospital COL Address1 VAL 1300 south montgomery avenue COL Address2 VAL empty COL Address3 VAL empty COL City VAL sheffield COL State VAL al COL ZipCode VAL 35660 COL CountyName VAL jefferson COL PhoneNumber VAL 2563864556 COL HospitalType VAL acute care hospitals COL HospitalOwner VAL government - hospital district or authority COL EmergencyService VAL yes COL Condition VAL heart failure COL MeasureCode VAL hf-4 COL MeasureName VAL heart failure patients given smoking cessation advice/counseling COL Score VAL 100% COL Sample VAL 41 patients COL Stateavg VAL al_hf-4 ,COL Stateavg VAL alxhf-4 ,1
1405,COL ProviderNumber VAL 10019 COL HospitalName VAL helen keller memorial hospital COL Address1 VAL 1300 south montgomery avenue COL Address2 VAL empty COL Address3 VAL empty COL City VAL sheffield COL State VAL al COL ZipCode VAL 35660 COL CountyName VAL jefferson COL PhoneNumber VAL 2563864556 COL HospitalType VAL acute care hospitals COL HospitalOwner VAL government - hospital district or authority COL EmergencyService VAL yes COL Condition VAL heart failure COL MeasureCode VAL hf-4 COL MeasureName VAL heart failure patients given smoking cessation advice/counseling COL Score VAL 100% COL Sample VAL 41 patients COL Stateavg VAL al_hf-4 ,COL Stateavg VAL al_hf-4 ,0
1406,COL ProviderNumber VAL 10001 COL HospitalName VAL southeast alabama medical center COL Address1 VAL 1108 ross clark circle COL Address2 VAL empty COL Address3 VAL empty COL City VAL dothan COL State VAL al COL ZipCode VAL 36302 COL CountyName VAL houston COL PhoneNumber VAL 3347938701 COL HospitalType VAL acute care hospitals COL HospitalOwner VAL government - hospital district or authority COL EmergencyService VAL yes COL Condition VAL pneumonia COL MeasureCode VAL pn-2 COL MeasureName VAL pneumonia patients assessed and given pneumococcal vaccination COL Score VAL 93% COL Sample VAL 191 patients COL Stateavg VAL al_pn-2 ,COL Stateavg VAL al_xn-2 ,1
1407,COL ProviderNumber VAL 10001 COL HospitalName VAL southeast alabama medical center COL Address1 VAL 1108 ross clark circle COL Address2 VAL empty COL Address3 VAL empty COL City VAL dothan COL State VAL al COL ZipCode VAL 36302 COL CountyName VAL houston COL PhoneNumber VAL 3347938701 COL HospitalType VAL acute care hospitals COL HospitalOwner VAL government - hospital district or authority COL EmergencyService VAL yes COL Condition VAL pneumonia COL MeasureCode VAL pn-2 COL MeasureName VAL pneumonia patients assessed and given pneumococcal vaccination COL Score VAL 93% COL Sample VAL 191 patients COL Stateavg VAL al_pn-2 ,COL Stateavg VAL al_pn-2 ,0
1408,COL ProviderNumber VAL 10001 COL HospitalName VAL southeast alabama medical center COL Address1 VAL 1108 ross clark circle COL Address2 VAL empty COL Address3 VAL empty COL City VAL dothan COL State VAL al COL ZipCode VAL 36302 COL CountyName VAL houston COL PhoneNumber VAL 3347938701 COL HospitalType VAL acute care hospitals COL HospitalOwner VAL governmenx - hospixal disxricx or auxhorixy COL EmergencyService VAL yes COL Condition VAL pneumonia COL MeasureCode VAL pn-3b COL MeasureName VAL pneumonia patients whose initial emergency room blood culture was performed prior to the administration of the first hospital dose of antibiotics COL Score VAL 89% COL Sample VAL 125 patients COL Stateavg VAL al_pn-3b ,COL Stateavg VAL al_xn-3b ,1
1409,COL ProviderNumber VAL 10001 COL HospitalName VAL southeast alabama medical center COL Address1 VAL 1108 ross clark circle COL Address2 VAL empty COL Address3 VAL empty COL City VAL dothan COL State VAL al COL ZipCode VAL 36302 COL CountyName VAL houston COL PhoneNumber VAL 3347938701 COL HospitalType VAL acute care hospitals COL HospitalOwner VAL governmenx - hospixal disxricx or auxhorixy COL EmergencyService VAL yes COL Condition VAL pneumonia COL MeasureCode VAL pn-3b COL MeasureName VAL pneumonia patients whose initial emergency room blood culture was performed prior to the administration of the first hospital dose of antibiotics COL Score VAL 89% COL Sample VAL 125 patients COL Stateavg VAL al_pn-3b ,COL Stateavg VAL al_pn-3b ,0
1410,COL ProviderNumber VAL 10001 COL HospitalName VAL southeast alabama medical center COL Address1 VAL 1108 ross clark circle COL Address2 VAL empty COL Address3 VAL empty COL City VAL dothan COL State VAL al COL ZipCode VAL 36302 COL CountyName VAL houston COL PhoneNumber VAL 3347938701 COL HospitalType VAL acute care hospitals COL HospitalOwner VAL government - hospital district or authority COL EmergencyService VAL yes COL Condition VAL pneumonia COL MeasureCode VAL pn-4 COL MeasureName VAL pneumonia patients given smoking cessation advice/counseling COL Score VAL 99% COL Sample VAL 107 patients COL Stateavg VAL al_pn-4 ,COL Stateavg VAL al_pn-x ,1
1411,COL ProviderNumber VAL 10001 COL HospitalName VAL southeast alabama medical center COL Address1 VAL 1108 ross clark circle COL Address2 VAL empty COL Address3 VAL empty COL City VAL dothan COL State VAL al COL ZipCode VAL 36302 COL CountyName VAL houston COL PhoneNumber VAL 3347938701 COL HospitalType VAL acute care hospitals COL HospitalOwner VAL government - hospital district or authority COL EmergencyService VAL yes COL Condition VAL pneumonia COL MeasureCode VAL pn-4 COL MeasureName VAL pneumonia patients given smoking cessation advice/counseling COL Score VAL 99% COL Sample VAL 107 patients COL Stateavg VAL al_pn-4 ,COL Stateavg VAL al_pn-4 ,0
1412,COL ProviderNumber VAL 10001 COL HospitalName VAL southeast alabama medical center COL Address1 VAL 1108 ross clark circle COL Address2 VAL empty COL Address3 VAL empty COL City VAL dothan COL State VAL al COL ZipCode VAL 36302 COL CountyName VAL houston COL PhoneNumber VAL 3347938701 COL HospitalType VAL acute care hospitals COL HospitalOwner VAL government - hospital district or authority COL EmergencyService VAL yes COL Condition VAL pneumonia COL MeasureCode VAL pn-5c COL MeasureName VAL pneumonia patients given initial antibiotic(s) within 6 hours after arrival COL Score VAL 92% COL Sample VAL 196 patients COL Stateavg VAL al_pn-5c ,COL Stateavg VAL al_pn-5x ,1
1413,COL ProviderNumber VAL 10001 COL HospitalName VAL southeast alabama medical center COL Address1 VAL 1108 ross clark circle COL Address2 VAL empty COL Address3 VAL empty COL City VAL dothan COL State VAL al COL ZipCode VAL 36302 COL CountyName VAL houston COL PhoneNumber VAL 3347938701 COL HospitalType VAL acute care hospitals COL HospitalOwner VAL government - hospital district or authority COL EmergencyService VAL yes COL Condition VAL pneumonia COL MeasureCode VAL pn-5c COL MeasureName VAL pneumonia patients given initial antibiotic(s) within 6 hours after arrival COL Score VAL 92% COL Sample VAL 196 patients COL Stateavg VAL al_pn-5c ,COL Stateavg VAL al_pn-5c ,0
1414,COL ProviderNumber VAL 10001 COL HospitalName VAL southeast alabama medical center COL Address1 VAL 1108 ross clark circle COL Address2 VAL empty COL Address3 VAL empty COL City VAL dothan COL State VAL al COL ZipCode VAL 36302 COL CountyName VAL houston COL PhoneNumber VAL 3347938701 COL HospitalType VAL acute care hospitals COL HospitalOwner VAL government - hospital district or authority COL EmergencyService VAL yes COL Condition VAL pneumonia COL MeasureCode VAL pn-6 COL MeasureName VAL pneumonia patients given the most appropriate initial antibiotic(s) COL Score VAL 80% COL Sample VAL 147 patients COL Stateavg VAL al_pn-6 ,COL Stateavg VAL al_xn-6 ,1
1415,COL ProviderNumber VAL 10001 COL HospitalName VAL southeast alabama medical center COL Address1 VAL 1108 ross clark circle COL Address2 VAL empty COL Address3 VAL empty COL City VAL dothan COL State VAL al COL ZipCode VAL 36302 COL CountyName VAL houston COL PhoneNumber VAL 3347938701 COL HospitalType VAL acute care hospitals COL HospitalOwner VAL government - hospital district or authority COL EmergencyService VAL yes COL Condition VAL pneumonia COL MeasureCode VAL pn-6 COL MeasureName VAL pneumonia patients given the most appropriate initial antibiotic(s) COL Score VAL 80% COL Sample VAL 147 patients COL Stateavg VAL al_pn-6 ,COL Stateavg VAL al_pn-6 ,0
1416,COL ProviderNumber VAL 10001 COL HospitalName VAL southeast alabama medical center COL Address1 VAL 1108 ross clark circle COL Address2 VAL empty COL Address3 VAL empty COL City VAL dothan COL State VAL al COL ZipCode VAL 36302 COL CountyName VAL houston COL PhoneNumber VAL 3347938701 COL HospitalType VAL acute care hospitals COL HospitalOwner VAL government - hospital district or authority COL EmergencyService VAL yes COL Condition VAL pneumonia COL MeasureCode VAL pn-7 COL MeasureName VAL pneumonia patients assessed and given influenza vaccination COL Score VAL 84% COL Sample VAL 160 patients COL Stateavg VAL al_pn-7 ,COL Stateavg VAL xl_pn-7 ,1
1417,COL ProviderNumber VAL 10001 COL HospitalName VAL southeast alabama medical center COL Address1 VAL 1108 ross clark circle COL Address2 VAL empty COL Address3 VAL empty COL City VAL dothan COL State VAL al COL ZipCode VAL 36302 COL CountyName VAL houston COL PhoneNumber VAL 3347938701 COL HospitalType VAL acute care hospitals COL HospitalOwner VAL government - hospital district or authority COL EmergencyService VAL yes COL Condition VAL pneumonia COL MeasureCode VAL pn-7 COL MeasureName VAL pneumonia patients assessed and given influenza vaccination COL Score VAL 84% COL Sample VAL 160 patients COL Stateavg VAL al_pn-7 ,COL Stateavg VAL al_pn-7 ,0
1418,COL ProviderNumber VAL 10038 COL HospitalName VAL stringfellow memorial hospital COL Address1 VAL 301 east 18th st COL Address2 VAL empty COL Address3 VAL empty COL City VAL axxistox COL State VAL al COL ZipCode VAL 36201 COL CountyName VAL calhoun COL PhoneNumber VAL 2562358900 COL HospitalType VAL acute care hospitals COL HospitalOwner VAL proprietary COL EmergencyService VAL yes COL Condition VAL children s asthma care COL MeasureCode VAL cac-2 COL MeasureName VAL children who received systemic corticosteroid medication (oral and iv medication that reduces inflammation and controls symptoms) while hospitalized for asthma COL Score VAL 100% COL Sample VAL 9 patients COL Stateavg VAL al_cac-2 ,COL Stateavg VAL al_xax-2 ,1
1419,COL ProviderNumber VAL 10038 COL HospitalName VAL stringfellow memorial hospital COL Address1 VAL 301 east 18th st COL Address2 VAL empty COL Address3 VAL empty COL City VAL axxistox COL State VAL al COL ZipCode VAL 36201 COL CountyName VAL calhoun COL PhoneNumber VAL 2562358900 COL HospitalType VAL acute care hospitals COL HospitalOwner VAL proprietary COL EmergencyService VAL yes COL Condition VAL children s asthma care COL MeasureCode VAL cac-2 COL MeasureName VAL children who received systemic corticosteroid medication (oral and iv medication that reduces inflammation and controls symptoms) while hospitalized for asthma COL Score VAL 100% COL Sample VAL 9 patients COL Stateavg VAL al_cac-2 ,COL Stateavg VAL al_cac-2 ,0
1420,COL ProviderNumber VAL 10038 COL HospitalName VAL stringfellow memorial hospital COL Address1 VAL 301 east 18th st COL Address2 VAL empty COL Address3 VAL empty COL City VAL anniston COL State VAL al COL ZipCode VAL 36201 COL CountyName VAL calhoxn COL PhoneNumber VAL 2562358900 COL HospitalType VAL acute care hospitals COL HospitalOwner VAL proprietary COL EmergencyService VAL yes COL Condition VAL children s asthma care COL MeasureCode VAL cac-3 COL MeasureName VAL children and their caregivers who received a home management plan of care document while hospitalized for asthma COL Score VAL 33% COL Sample VAL 9 patients COL Stateavg VAL al_cac-3 ,COL Stateavg VAL alxcac-3 ,1
1421,COL ProviderNumber VAL 10038 COL HospitalName VAL stringfellow memorial hospital COL Address1 VAL 301 east 18th st COL Address2 VAL empty COL Address3 VAL empty COL City VAL anniston COL State VAL al COL ZipCode VAL 36201 COL CountyName VAL calhoxn COL PhoneNumber VAL 2562358900 COL HospitalType VAL acute care hospitals COL HospitalOwner VAL proprietary COL EmergencyService VAL yes COL Condition VAL children s asthma care COL MeasureCode VAL cac-3 COL MeasureName VAL children and their caregivers who received a home management plan of care document while hospitalized for asthma COL Score VAL 33% COL Sample VAL 9 patients COL Stateavg VAL al_cac-3 ,COL Stateavg VAL al_cac-3 ,0
1422,COL ProviderNumber VAL 20017 COL HospitalName VAL alaska regional hospital COL Address1 VAL 2801 debarr road COL Address2 VAL empty COL Address3 VAL empty COL City VAL anchorage COL State VAL ak COL ZipCode VAL 99508 COL CountyName VAL anchorage COL PhoneNumber VAL 9072761131 COL HospitalType VAL acute care hospitals COL HospitalOwner VAL proprietary COL EmergencyService VAL yes COL Condition VAL heart failure COL MeasureCode VAL hf-1 COL MeasureName VAL heart failure patients given discharge instructions COL Score VAL 91% COL Sample VAL 57 patients COL Stateavg VAL ak_hf-1 ,COL Stateavg VAL ak_hf-x ,1
1423,COL ProviderNumber VAL 20017 COL HospitalName VAL alaska regional hospital COL Address1 VAL 2801 debarr road COL Address2 VAL empty COL Address3 VAL empty COL City VAL anchorage COL State VAL ak COL ZipCode VAL 99508 COL CountyName VAL anchorage COL PhoneNumber VAL 9072761131 COL HospitalType VAL acute care hospitals COL HospitalOwner VAL proprietary COL EmergencyService VAL yes COL Condition VAL heart failure COL MeasureCode VAL hf-1 COL MeasureName VAL heart failure patients given discharge instructions COL Score VAL 91% COL Sample VAL 57 patients COL Stateavg VAL ak_hf-1 ,COL Stateavg VAL ak_hf-1 ,0
1424,COL ProviderNumber VAL 20017 COL HospitalName VAL alaska regional hospital COL Address1 VAL 2801 debarr road COL Address2 VAL empty COL Address3 VAL empty COL City VAL anchorage COL State VAL ak COL ZipCode VAL 99508 COL CountyName VAL anchorage COL PhoneNumber VAL 9072761131 COL HospitalType VAL acute care hospitals COL HospitalOwner VAL proprietary COL EmergencyService VAL yes COL Condition VAL heart failure COL MeasureCode VAL hf-2 COL MeasureName VAL heart failure patients given an evaluation of left ventricular systolic (lvs) function COL Score VAL 98% COL Sample VAL 61 patients COL Stateavg VAL ak_hf-2 ,COL Stateavg VAL ak_hf-x ,1
1425,COL ProviderNumber VAL 20017 COL HospitalName VAL alaska regional hospital COL Address1 VAL 2801 debarr road COL Address2 VAL empty COL Address3 VAL empty COL City VAL anchorage COL State VAL ak COL ZipCode VAL 99508 COL CountyName VAL anchorage COL PhoneNumber VAL 9072761131 COL HospitalType VAL acute care hospitals COL HospitalOwner VAL proprietary COL EmergencyService VAL yes COL Condition VAL heart failure COL MeasureCode VAL hf-2 COL MeasureName VAL heart failure patients given an evaluation of left ventricular systolic (lvs) function COL Score VAL 98% COL Sample VAL 61 patients COL Stateavg VAL ak_hf-2 ,COL Stateavg VAL ak_hf-2 ,0
1426,COL ProviderNumber VAL 20017 COL HospitalName VAL alaska regional hospital COL Address1 VAL 2801 debarr road COL Address2 VAL empty COL Address3 VAL empty COL City VAL anchorage COL State VAL ak COL ZipCode VAL 99508 COL CountyName VAL anchorage COL PhoneNumber VAL 9072761131 COL HospitalType VAL acute care hospitals COL HospitalOwner VAL proprietary COL EmergencyService VAL yes COL Condition VAL heart failure COL MeasureCode VAL hf-3 COL MeasureName VAL heart faxlure patxents gxven ace inhxbxtor or arb for left ventrxcular systolxc dysfunctxon (lvsd) COL Score VAL 100% COL Sample VAL 33 patients COL Stateavg VAL ak_hf-3 ,COL Stateavg VAL akxhf-3 ,1
1427,COL ProviderNumber VAL 20017 COL HospitalName VAL alaska regional hospital COL Address1 VAL 2801 debarr road COL Address2 VAL empty COL Address3 VAL empty COL City VAL anchorage COL State VAL ak COL ZipCode VAL 99508 COL CountyName VAL anchorage COL PhoneNumber VAL 9072761131 COL HospitalType VAL acute care hospitals COL HospitalOwner VAL proprietary COL EmergencyService VAL yes COL Condition VAL heart failure COL MeasureCode VAL hf-3 COL MeasureName VAL heart faxlure patxents gxven ace inhxbxtor or arb for left ventrxcular systolxc dysfunctxon (lvsd) COL Score VAL 100% COL Sample VAL 33 patients COL Stateavg VAL ak_hf-3 ,COL Stateavg VAL ak_hf-3 ,0
1428,COL ProviderNumber VAL 20017 COL HospitalName VAL alaska regional hospital COL Address1 VAL 2801 debarr road COL Address2 VAL empty COL Address3 VAL empty COL City VAL anchorage COL State VAL ak COL ZipCode VAL 99508 COL CountyName VAL anchorage COL PhoneNumber VAL 9072761131 COL HospitalType VAL acute care hospitals COL HospitalOwner VAL proprietary COL EmergencyService VAL yes COL Condition VAL heart failure COL MeasureCode VAL hf-4 COL MeasureName VAL heart failure patients given smoking cessation advice/counseling COL Score VAL 100% COL Sample VAL 13 patients COL Stateavg VAL ak_hf-4 ,COL Stateavg VAL ak_xf-4 ,1
1429,COL ProviderNumber VAL 20017 COL HospitalName VAL alaska regional hospital COL Address1 VAL 2801 debarr road COL Address2 VAL empty COL Address3 VAL empty COL City VAL anchorage COL State VAL ak COL ZipCode VAL 99508 COL CountyName VAL anchorage COL PhoneNumber VAL 9072761131 COL HospitalType VAL acute care hospitals COL HospitalOwner VAL proprietary COL EmergencyService VAL yes COL Condition VAL heart failure COL MeasureCode VAL hf-4 COL MeasureName VAL heart failure patients given smoking cessation advice/counseling COL Score VAL 100% COL Sample VAL 13 patients COL Stateavg VAL ak_hf-4 ,COL Stateavg VAL ak_hf-4 ,0
1430,COL ProviderNumber VAL 20017 COL HospitalName VAL alaska regional hospital COL Address1 VAL 2801 debarr road COL Address2 VAL empty COL Address3 VAL empty COL City VAL anchorage COL State VAL ak COL ZipCode VAL 99508 COL CountyName VAL anchorage COL PhoneNumber VAL 9072761131 COL HospitalType VAL acute care hospitals COL HospitalOwner VAL proprietary COL EmergencyService VAL yes COL Condition VAL pneumonia COL MeasureCode VAL pn-2 COL MeasureName VAL pneumonia patients assessed and given pneumococcal vaccination COL Score VAL 97% COL Sample VAL 37 patients COL Stateavg VAL ak_pn-2 ,COL Stateavg VAL ak_xn-2 ,1
1431,COL ProviderNumber VAL 20017 COL HospitalName VAL alaska regional hospital COL Address1 VAL 2801 debarr road COL Address2 VAL empty COL Address3 VAL empty COL City VAL anchorage COL State VAL ak COL ZipCode VAL 99508 COL CountyName VAL anchorage COL PhoneNumber VAL 9072761131 COL HospitalType VAL acute care hospitals COL HospitalOwner VAL proprietary COL EmergencyService VAL yes COL Condition VAL pneumonia COL MeasureCode VAL pn-2 COL MeasureName VAL pneumonia patients assessed and given pneumococcal vaccination COL Score VAL 97% COL Sample VAL 37 patients COL Stateavg VAL ak_pn-2 ,COL Stateavg VAL ak_pn-2 ,0
1432,COL ProviderNumber VAL 20017 COL HospitalName VAL alaska regional hospital COL Address1 VAL 2801 debarr road COL Address2 VAL empty COL Address3 VAL empty COL City VAL anchoraxe COL State VAL ak COL ZipCode VAL 99508 COL CountyName VAL anchorage COL PhoneNumber VAL 9072761131 COL HospitalType VAL acute care hospitals COL HospitalOwner VAL proprietary COL EmergencyService VAL yes COL Condition VAL pneumonia COL MeasureCode VAL pn-3b COL MeasureName VAL pneumonia patients whose initial emergency room blood culture was performed prior to the administration of the first hospital dose of antibiotics COL Score VAL 100% COL Sample VAL 47 patients COL Stateavg VAL ak_pn-3b ,COL Stateavg VAL ak_pn-xb ,1
1433,COL ProviderNumber VAL 20017 COL HospitalName VAL alaska regional hospital COL Address1 VAL 2801 debarr road COL Address2 VAL empty COL Address3 VAL empty COL City VAL anchoraxe COL State VAL ak COL ZipCode VAL 99508 COL CountyName VAL anchorage COL PhoneNumber VAL 9072761131 COL HospitalType VAL acute care hospitals COL HospitalOwner VAL proprietary COL EmergencyService VAL yes COL Condition VAL pneumonia COL MeasureCode VAL pn-3b COL MeasureName VAL pneumonia patients whose initial emergency room blood culture was performed prior to the administration of the first hospital dose of antibiotics COL Score VAL 100% COL Sample VAL 47 patients COL Stateavg VAL ak_pn-3b ,COL Stateavg VAL ak_pn-3b ,0
1434,COL ProviderNumber VAL 20017 COL HospitalName VAL alaska regional hospital COL Address1 VAL 2801 debarr road COL Address2 VAL empty COL Address3 VAL empty COL City VAL anchorage COL State VAL ak COL ZipCode VAL 99508 COL CountyName VAL anchorage COL PhoneNumber VAL 9072761131 COL HospitalType VAL acute care hospitals COL HospitalOwner VAL proprietary COL EmergencyService VAL yes COL Condition VAL pneumonia COL MeasureCode VAL pn-4 COL MeasureName VAL pneumonia patients given smoking cessation advice/counseling COL Score VAL 96% COL Sample VAL 26 patients COL Stateavg VAL ak_pn-4 ,COL Stateavg VAL ak_px-4 ,1
1435,COL ProviderNumber VAL 20017 COL HospitalName VAL alaska regional hospital COL Address1 VAL 2801 debarr road COL Address2 VAL empty COL Address3 VAL empty COL City VAL anchorage COL State VAL ak COL ZipCode VAL 99508 COL CountyName VAL anchorage COL PhoneNumber VAL 9072761131 COL HospitalType VAL acute care hospitals COL HospitalOwner VAL proprietary COL EmergencyService VAL yes COL Condition VAL pneumonia COL MeasureCode VAL pn-4 COL MeasureName VAL pneumonia patients given smoking cessation advice/counseling COL Score VAL 96% COL Sample VAL 26 patients COL Stateavg VAL ak_pn-4 ,COL Stateavg VAL ak_pn-4 ,0
1436,COL ProviderNumber VAL 20017 COL HospitalName VAL alaska regional hospital COL Address1 VAL 2801 debarr road COL Address2 VAL empty COL Address3 VAL empty COL City VAL anchorage COL State VAL ak COL ZipCode VAL 99508 COL CountyName VAL anchorage COL PhoneNumber VAL 9072761131 COL HospitalType VAL acute care hospitals COL HospitalOwner VAL proprietary COL EmergencyService VAL yes COL Condition VAL pneumonia COL MeasureCode VAL pn-5c COL MeasureName VAL pneumonia patients given initial antibiotic(s) within 6 hours after arrival COL Score VAL 97% COL Sample VAL 39 patients COL Stateavg VAL ak_pn-5c ,COL Stateavg VAL ax_pn-5c ,1
1437,COL ProviderNumber VAL 20017 COL HospitalName VAL alaska regional hospital COL Address1 VAL 2801 debarr road COL Address2 VAL empty COL Address3 VAL empty COL City VAL anchorage COL State VAL ak COL ZipCode VAL 99508 COL CountyName VAL anchorage COL PhoneNumber VAL 9072761131 COL HospitalType VAL acute care hospitals COL HospitalOwner VAL proprietary COL EmergencyService VAL yes COL Condition VAL pneumonia COL MeasureCode VAL pn-5c COL MeasureName VAL pneumonia patients given initial antibiotic(s) within 6 hours after arrival COL Score VAL 97% COL Sample VAL 39 patients COL Stateavg VAL ak_pn-5c ,COL Stateavg VAL ak_pn-5c ,0
1438,COL ProviderNumber VAL 20017 COL HospitalName VAL alaska regional hospital COL Address1 VAL 2801 debarr road COL Address2 VAL empty COL Address3 VAL empty COL City VAL anchorage COL State VAL ak COL ZipCode VAL 99508 COL CountyName VAL anchorage COL PhoneNumber VAL 9072761131 COL HospitalType VAL acute care hospitals COL HospitalOwner VAL proprietary COL EmergencyService VAL yes COL Condition VAL pneumonia COL MeasureCode VAL pn-6 COL MeasureName VAL pneumonia patients given the most appropriate initial antibiotic(s) COL Score VAL 95% COL Sample VAL 22 patients COL Stateavg VAL ak_pn-6 ,COL Stateavg VAL ak_xn-6 ,1
1439,COL ProviderNumber VAL 20017 COL HospitalName VAL alaska regional hospital COL Address1 VAL 2801 debarr road COL Address2 VAL empty COL Address3 VAL empty COL City VAL anchorage COL State VAL ak COL ZipCode VAL 99508 COL CountyName VAL anchorage COL PhoneNumber VAL 9072761131 COL HospitalType VAL acute care hospitals COL HospitalOwner VAL proprietary COL EmergencyService VAL yes COL Condition VAL pneumonia COL MeasureCode VAL pn-6 COL MeasureName VAL pneumonia patients given the most appropriate initial antibiotic(s) COL Score VAL 95% COL Sample VAL 22 patients COL Stateavg VAL ak_pn-6 ,COL Stateavg VAL ak_pn-6 ,0
1440,COL ProviderNumber VAL 20017 COL HospitalName VAL alaska regional hospital COL Address1 VAL 2801 debarr road COL Address2 VAL empty COL Address3 VAL empty COL City VAL anchorage COL State VAL ak COL ZipCode VAL 99508 COL CountyName VAL anchorage COL PhoneNumber VAL 9072761131 COL HospitalType VAL acute care hospitals COL HospitalOwner VAL proprietary COL EmergencyService VAL yes COL Condition VAL pneumonia COL MeasureCode VAL pn-7 COL MeasureName VAL pneumonia patients assessed and given influenza vaccination COL Score VAL 90% COL Sample VAL 29 patients COL Stateavg VAL ak_pn-7 ,COL Stateavg VAL xk_pn-7 ,1
1441,COL ProviderNumber VAL 20017 COL HospitalName VAL alaska regional hospital COL Address1 VAL 2801 debarr road COL Address2 VAL empty COL Address3 VAL empty COL City VAL anchorage COL State VAL ak COL ZipCode VAL 99508 COL CountyName VAL anchorage COL PhoneNumber VAL 9072761131 COL HospitalType VAL acute care hospitals COL HospitalOwner VAL proprietary COL EmergencyService VAL yes COL Condition VAL pneumonia COL MeasureCode VAL pn-7 COL MeasureName VAL pneumonia patients assessed and given influenza vaccination COL Score VAL 90% COL Sample VAL 29 patients COL Stateavg VAL ak_pn-7 ,COL Stateavg VAL ak_pn-7 ,0
1442,COL ProviderNumber VAL 20017 COL HospitalName VAL alaska regional hospital COL Address1 VAL 2801 debarr road COL Address2 VAL empty COL Address3 VAL empty COL City VAL anchorage COL State VAL ak COL ZipCode VAL 99508 COL CountyName VAL anchorage COL PhoneNumber VAL 9072761131 COL HospitalType VAL acute care hospitals COL HospitalOwner VAL proprietary COL EmergencyService VAL yes COL Condition VAL surgical infection prevention COL MeasureCode VAL scip-card-2 COL MeasureName VAL surgery patients who were taking heart drugs called beta blockers before coming to the hospital who were kept on the beta blockers during the period just before and after their surgery COL Score VAL 87% COL Sample VAL 106 patients COL Stateavg VAL ak_scip-card-2 ,COL Stateavg VAL ak_scip-card-x ,1
1443,COL ProviderNumber VAL 20017 COL HospitalName VAL alaska regional hospital COL Address1 VAL 2801 debarr road COL Address2 VAL empty COL Address3 VAL empty COL City VAL anchorage COL State VAL ak COL ZipCode VAL 99508 COL CountyName VAL anchorage COL PhoneNumber VAL 9072761131 COL HospitalType VAL acute care hospitals COL HospitalOwner VAL proprietary COL EmergencyService VAL yes COL Condition VAL surgical infection prevention COL MeasureCode VAL scip-card-2 COL MeasureName VAL surgery patients who were taking heart drugs called beta blockers before coming to the hospital who were kept on the beta blockers during the period just before and after their surgery COL Score VAL 87% COL Sample VAL 106 patients COL Stateavg VAL ak_scip-card-2 ,COL Stateavg VAL ak_scip-card-2 ,0
1444,COL ProviderNumber VAL 20017 COL HospitalName VAL alaska regional hospital COL Address1 VAL 2801 debarr road COL Address2 VAL empty COL Address3 VAL empty COL City VAL anchorage COL State VAL ak COL ZipCode VAL 99508 COL CountyName VAL anchorage COL PhoneNumber VAL 9072761131 COL HospitalType VAL acute care hospitals COL HospitalOwner VAL proprietary COL EmergencyService VAL yes COL Condition VAL surgical infection prevention COL MeasureCode VAL scip-inf-1 COL MeasureName VAL surgery patients who were given an antibiotic at the right time (within one hour before surgery) to help prevent infection COL Score VAL 96% COL Sample VAL 513 patients COL Stateavg VAL ak_scip-inf-1 ,COL Stateavg VAL ak_scix-inf-1 ,1
1445,COL ProviderNumber VAL 20017 COL HospitalName VAL alaska regional hospital COL Address1 VAL 2801 debarr road COL Address2 VAL empty COL Address3 VAL empty COL City VAL anchorage COL State VAL ak COL ZipCode VAL 99508 COL CountyName VAL anchorage COL PhoneNumber VAL 9072761131 COL HospitalType VAL acute care hospitals COL HospitalOwner VAL proprietary COL EmergencyService VAL yes COL Condition VAL surgical infection prevention COL MeasureCode VAL scip-inf-1 COL MeasureName VAL surgery patients who were given an antibiotic at the right time (within one hour before surgery) to help prevent infection COL Score VAL 96% COL Sample VAL 513 patients COL Stateavg VAL ak_scip-inf-1 ,COL Stateavg VAL ak_scip-inf-1 ,0
1446,COL ProviderNumber VAL 20017 COL HospitalName VAL alaska regional hospital COL Address1 VAL 2801 debarr road COL Address2 VAL empty COL Address3 VAL empty COL City VAL anchorage COL State VAL ak COL ZipCode VAL 99508 COL CountyName VAL anchorage COL PhoneNumber VAL 9072761131 COL HospitalType VAL acute care hospitals COL HospitalOwner VAL proprietary COL EmergencyService VAL yes COL Condition VAL surgical infection prevention COL MeasureCode VAL scip-inf-2 COL MeasureName VAL surgery patients who were given the  right kind  of antibiotic to help prevent infection COL Score VAL 98% COL Sample VAL 521 patiexts COL Stateavg VAL ak_scip-inf-2 ,COL Stateavg VAL ak_scip-inf-x ,1
1447,COL ProviderNumber VAL 20017 COL HospitalName VAL alaska regional hospital COL Address1 VAL 2801 debarr road COL Address2 VAL empty COL Address3 VAL empty COL City VAL anchorage COL State VAL ak COL ZipCode VAL 99508 COL CountyName VAL anchorage COL PhoneNumber VAL 9072761131 COL HospitalType VAL acute care hospitals COL HospitalOwner VAL proprietary COL EmergencyService VAL yes COL Condition VAL surgical infection prevention COL MeasureCode VAL scip-inf-2 COL MeasureName VAL surgery patients who were given the  right kind  of antibiotic to help prevent infection COL Score VAL 98% COL Sample VAL 521 patiexts COL Stateavg VAL ak_scip-inf-2 ,COL Stateavg VAL ak_scip-inf-2 ,0
1448,COL ProviderNumber VAL 20017 COL HospitalName VAL alaska regional hospital COL Address1 VAL 2801 debarr road COL Address2 VAL empty COL Address3 VAL empty COL City VAL anchorage COL State VAL ak COL ZipCode VAL 99508 COL CountyName VAL anchorage COL PhoneNumber VAL 9072761131 COL HospitalType VAL acute care hospitals COL HospitalOwner VAL proprietary COL EmergencyService VAL yes COL Condition VAL surgical infection prevention COL MeasureCode VAL scip-inf-3 COL MeasureName VAL surgery patients whose preventive antibiotics were stopped at the right time (within 24 hours after surgery) COL Score VAL 88% COL Sample VAL 499 patients COL Stateavg VAL ak_scip-inf-3 ,COL Stateavg VAL xk_scip-inf-3 ,1
1449,COL ProviderNumber VAL 20017 COL HospitalName VAL alaska regional hospital COL Address1 VAL 2801 debarr road COL Address2 VAL empty COL Address3 VAL empty COL City VAL anchorage COL State VAL ak COL ZipCode VAL 99508 COL CountyName VAL anchorage COL PhoneNumber VAL 9072761131 COL HospitalType VAL acute care hospitals COL HospitalOwner VAL proprietary COL EmergencyService VAL yes COL Condition VAL surgical infection prevention COL MeasureCode VAL scip-inf-3 COL MeasureName VAL surgery patients whose preventive antibiotics were stopped at the right time (within 24 hours after surgery) COL Score VAL 88% COL Sample VAL 499 patients COL Stateavg VAL ak_scip-inf-3 ,COL Stateavg VAL ak_scip-inf-3 ,0
1450,COL ProviderNumber VAL 20017 COL HospitalName VAL alaska regional hospital COL Address1 VAL 2801 debarr road COL Address2 VAL empty COL Address3 VAL empty COL City VAL anchorage COL State VAL ak COL ZipCode VAL 99508 COL CountyName VAL anchorage COL PhoneNumber VAL 9072761131 COL HospitalType VAL acute care hospitals COL HospitalOwner VAL proprietary COL EmergencyService VAL yes COL Condition VAL surgical infection prevention COL MeasureCode VAL scip-inf-4 COL MeasureName VAL all heart surgery patients whose blood sugar (blood glucose) is kept under good control in the days right after surgery COL Score VAL 94% COL Sample VAL 146 patients COL Stateavg VAL ak_scip-inf-4 ,COL Stateavg VAL ak_scip-ixf-4 ,1
1451,COL ProviderNumber VAL 20017 COL HospitalName VAL alaska regional hospital COL Address1 VAL 2801 debarr road COL Address2 VAL empty COL Address3 VAL empty COL City VAL anchorage COL State VAL ak COL ZipCode VAL 99508 COL CountyName VAL anchorage COL PhoneNumber VAL 9072761131 COL HospitalType VAL acute care hospitals COL HospitalOwner VAL proprietary COL EmergencyService VAL yes COL Condition VAL surgical infection prevention COL MeasureCode VAL scip-inf-4 COL MeasureName VAL all heart surgery patients whose blood sugar (blood glucose) is kept under good control in the days right after surgery COL Score VAL 94% COL Sample VAL 146 patients COL Stateavg VAL ak_scip-inf-4 ,COL Stateavg VAL ak_scip-inf-4 ,0
1452,COL ProviderNumber VAL 20017 COL HospitalName VAL alaska regional hospital COL Address1 VAL 2801 debarr road COL Address2 VAL empty COL Address3 VAL empty COL City VAL anchorage COL State VAL ak COL ZipCode VAL 99508 COL CountyName VAL anchorage COL PhoneNumber VAL 9072761131 COL HospitalType VAL acute care hospitals COL HospitalOwner VAL proprietary COL EmergencyService VAL yes COL Condition VAL surgical infection prevention COL MeasureCode VAL scip-inf-6 COL MeasureName VAL surgeryxpatientsxneedingxhairxremovedxfromxthexsurgicalxareaxbeforexsurgery& xwhoxhadxhairxremovedxusingxaxsaferxmethodx(electricxclippersxorxhairxremovalxcreamxï¿½cxnotxaxrazor) COL Score VAL 100% COL Sample VAL 690 patients COL Stateavg VAL ak_scip-inf-6 ,COL Stateavg VAL akxscip-inf-6 ,1
1453,COL ProviderNumber VAL 20017 COL HospitalName VAL alaska regional hospital COL Address1 VAL 2801 debarr road COL Address2 VAL empty COL Address3 VAL empty COL City VAL anchorage COL State VAL ak COL ZipCode VAL 99508 COL CountyName VAL anchorage COL PhoneNumber VAL 9072761131 COL HospitalType VAL acute care hospitals COL HospitalOwner VAL proprietary COL EmergencyService VAL yes COL Condition VAL surgical infection prevention COL MeasureCode VAL scip-inf-6 COL MeasureName VAL surgeryxpatientsxneedingxhairxremovedxfromxthexsurgicalxareaxbeforexsurgery& xwhoxhadxhairxremovedxusingxaxsaferxmethodx(electricxclippersxorxhairxremovalxcreamxï¿½cxnotxaxrazor) COL Score VAL 100% COL Sample VAL 690 patients COL Stateavg VAL ak_scip-inf-6 ,COL Stateavg VAL ak_scip-inf-6 ,0
1454,COL ProviderNumber VAL 20017 COL HospitalName VAL xlxskx regionxl hospitxl COL Address1 VAL 2801 debarr road COL Address2 VAL empty COL Address3 VAL empty COL City VAL anchorage COL State VAL ak COL ZipCode VAL 99508 COL CountyName VAL anchorage COL PhoneNumber VAL 9072761131 COL HospitalType VAL acute care hospitals COL HospitalOwner VAL proprietary COL EmergencyService VAL yes COL Condition VAL surgical infection prevention COL MeasureCode VAL scip-vte-1 COL MeasureName VAL surgery patients whose doctors ordered treatments to prevent blood clots after certain types of surgeries COL Score VAL 94% COL Sample VAL 226 patients COL Stateavg VAL ak_scip-vte-1 ,COL Stateavg VAL ak_scip-vxe-1 ,1
1455,COL ProviderNumber VAL 20017 COL HospitalName VAL xlxskx regionxl hospitxl COL Address1 VAL 2801 debarr road COL Address2 VAL empty COL Address3 VAL empty COL City VAL anchorage COL State VAL ak COL ZipCode VAL 99508 COL CountyName VAL anchorage COL PhoneNumber VAL 9072761131 COL HospitalType VAL acute care hospitals COL HospitalOwner VAL proprietary COL EmergencyService VAL yes COL Condition VAL surgical infection prevention COL MeasureCode VAL scip-vte-1 COL MeasureName VAL surgery patients whose doctors ordered treatments to prevent blood clots after certain types of surgeries COL Score VAL 94% COL Sample VAL 226 patients COL Stateavg VAL ak_scip-vte-1 ,COL Stateavg VAL ak_scip-vte-1 ,0
1456,COL ProviderNumber VAL 20017 COL HospitalName VAL alaska regional hospital COL Address1 VAL 2801 debarr road COL Address2 VAL empty COL Address3 VAL empty COL City VAL anchorage COL State VAL ak COL ZipCode VAL 99508 COL CountyName VAL anchorage COL PhoneNumber VAL 9072761131 COL HospitalType VAL acute care hospitals COL HospitalOwner VAL proxrietary COL EmergencyService VAL yes COL Condition VAL surgical infection prevention COL MeasureCode VAL scip-vte-2 COL MeasureName VAL patients who got treatment  at the right time (within 24 hours before or after their surgery) to help prevent blood clots after certain types of surgery COL Score VAL 94% COL Sample VAL 223 patients COL Stateavg VAL ak_scip-vte-2 ,COL Stateavg VAL ak_scip-vxe-2 ,1
1457,COL ProviderNumber VAL 20017 COL HospitalName VAL alaska regional hospital COL Address1 VAL 2801 debarr road COL Address2 VAL empty COL Address3 VAL empty COL City VAL anchorage COL State VAL ak COL ZipCode VAL 99508 COL CountyName VAL anchorage COL PhoneNumber VAL 9072761131 COL HospitalType VAL acute care hospitals COL HospitalOwner VAL proxrietary COL EmergencyService VAL yes COL Condition VAL surgical infection prevention COL MeasureCode VAL scip-vte-2 COL MeasureName VAL patients who got treatment  at the right time (within 24 hours before or after their surgery) to help prevent blood clots after certain types of surgery COL Score VAL 94% COL Sample VAL 223 patients COL Stateavg VAL ak_scip-vte-2 ,COL Stateavg VAL ak_scip-vte-2 ,0
1458,COL ProviderNumber VAL 20018 COL HospitalName VAL yukon kuskokwim delta reg hospital COL Address1 VAL po box 287 COL Address2 VAL empty COL Address3 VAL empty COL City VAL bethel COL State VAL ak COL ZipCode VAL 99559 COL CountyName VAL bethel COL PhoneNumber VAL 9075436300 COL HospitalType VAL acute care hospitals COL HospitalOwner VAL government - federal COL EmergencyService VAL no COL Condition VAL heart attack COL MeasureCode VAL ami-1 COL MeasureName VAL heart attack patients given aspirin at arrival COL Score VAL empty COL Sample VAL empty COL Stateavg VAL ak_ami-1 ,COL Stateavg VAL ak_amx-1 ,1
1459,COL ProviderNumber VAL 20018 COL HospitalName VAL yukon kuskokwim delta reg hospital COL Address1 VAL po box 287 COL Address2 VAL empty COL Address3 VAL empty COL City VAL bethel COL State VAL ak COL ZipCode VAL 99559 COL CountyName VAL bethel COL PhoneNumber VAL 9075436300 COL HospitalType VAL acute care hospitals COL HospitalOwner VAL government - federal COL EmergencyService VAL no COL Condition VAL heart attack COL MeasureCode VAL ami-1 COL MeasureName VAL heart attack patients given aspirin at arrival COL Score VAL empty COL Sample VAL empty COL Stateavg VAL ak_ami-1 ,COL Stateavg VAL ak_ami-1 ,0
1460,COL ProviderNumber VAL 20018 COL HospitalName VAL yukon kuskokwim delta reg hospital COL Address1 VAL poxboxx287 COL Address2 VAL empty COL Address3 VAL empty COL City VAL bethel COL State VAL ak COL ZipCode VAL 99559 COL CountyName VAL bethel COL PhoneNumber VAL 9075436300 COL HospitalType VAL acute care hospitals COL HospitalOwner VAL government - federal COL EmergencyService VAL no COL Condition VAL heart attack COL MeasureCode VAL ami-2 COL MeasureName VAL heart attack patients given aspirin at discharge COL Score VAL empty COL Sample VAL empty COL Stateavg VAL ak_ami-2 ,COL Stateavg VAL ak_amx-2 ,1
1461,COL ProviderNumber VAL 20018 COL HospitalName VAL yukon kuskokwim delta reg hospital COL Address1 VAL poxboxx287 COL Address2 VAL empty COL Address3 VAL empty COL City VAL bethel COL State VAL ak COL ZipCode VAL 99559 COL CountyName VAL bethel COL PhoneNumber VAL 9075436300 COL HospitalType VAL acute care hospitals COL HospitalOwner VAL government - federal COL EmergencyService VAL no COL Condition VAL heart attack COL MeasureCode VAL ami-2 COL MeasureName VAL heart attack patients given aspirin at discharge COL Score VAL empty COL Sample VAL empty COL Stateavg VAL ak_ami-2 ,COL Stateavg VAL ak_ami-2 ,0
1462,COL ProviderNumber VAL 10038 COL HospitalName VAL stringfellow memorial hospital COL Address1 VAL 301 east 18th st COL Address2 VAL empty COL Address3 VAL empty COL City VAL anniston COL State VAL al COL ZipCode VAL 36201 COL CountyName VAL calhoun COL PhoneNumber VAL 2562358900 COL HospitalType VAL acute care hospitals COL HospitalOwner VAL proprietary COL EmergencyService VAL yes COL Condition VAL children s asthma care COL MeasureCode VAL cac-1 COL MeasureName VAL children who received reliever medication while hospitalized for asthma COL Score VAL 100% COL Sample VAL 9 patients COL Stateavg VAL al_cac-1 ,COL Stateavg VAL al_cac-x ,1
1463,COL ProviderNumber VAL 10038 COL HospitalName VAL stringfellow memorial hospital COL Address1 VAL 301 east 18th st COL Address2 VAL empty COL Address3 VAL empty COL City VAL anniston COL State VAL al COL ZipCode VAL 36201 COL CountyName VAL calhoun COL PhoneNumber VAL 2562358900 COL HospitalType VAL acute care hospitals COL HospitalOwner VAL proprietary COL EmergencyService VAL yes COL Condition VAL children s asthma care COL MeasureCode VAL cac-1 COL MeasureName VAL children who received reliever medication while hospitalized for asthma COL Score VAL 100% COL Sample VAL 9 patients COL Stateavg VAL al_cac-1 ,COL Stateavg VAL al_cac-1 ,0
