,0,1,2
0,COL ProviderNumber VAL 20018 COL HospitalName VAL yukon kuskokwim delta reg hospital COL Address1 VAL poxboxx287 COL Address2 VAL empty COL Address3 VAL empty COL City VAL bethel COL State VAL ak COL ZipCode VAL 99559 COL CountyName VAL bethel COL PhoneNumber VAL 9075436300 COL HospitalType VAL acute care hospitals COL HospitalOwner VAL government - federal COL EmergencyService VAL no COL Condition VAL heart attack COL MeasureCode VAL ami-2 COL MeasureName VAL heart attack patients given aspirin at discharge COL Score VAL empty COL Sample VAL empty COL Stateavg VAL ak_ami-2 ,COL HospitalName VAL yukon kuskokwim delta reg hospital ,0
1,COL ProviderNumber VAL 20018 COL HospitalName VAL yukon kuskokwim delta reg hospital COL Address1 VAL poxboxx287 COL Address2 VAL empty COL Address3 VAL empty COL City VAL bethel COL State VAL ak COL ZipCode VAL 99559 COL CountyName VAL bethel COL PhoneNumber VAL 9075436300 COL HospitalType VAL acute care hospitals COL HospitalOwner VAL government - federal COL EmergencyService VAL no COL Condition VAL heart attack COL MeasureCode VAL ami-2 COL MeasureName VAL heart attack patients given aspirin at discharge COL Score VAL empty COL Sample VAL empty COL Stateavg VAL ak_ami-2 ,COL Address1 VAL poxboxx287 ,1
2,COL ProviderNumber VAL 20018 COL HospitalName VAL yukon kuskokwim delta reg hospital COL Address1 VAL poxboxx287 COL Address2 VAL empty COL Address3 VAL empty COL City VAL bethel COL State VAL ak COL ZipCode VAL 99559 COL CountyName VAL bethel COL PhoneNumber VAL 9075436300 COL HospitalType VAL acute care hospitals COL HospitalOwner VAL government - federal COL EmergencyService VAL no COL Condition VAL heart attack COL MeasureCode VAL ami-2 COL MeasureName VAL heart attack patients given aspirin at discharge COL Score VAL empty COL Sample VAL empty COL Stateavg VAL ak_ami-2 ,COL City VAL bethel ,0
3,COL ProviderNumber VAL 20018 COL HospitalName VAL yukon kuskokwim delta reg hospital COL Address1 VAL poxboxx287 COL Address2 VAL empty COL Address3 VAL empty COL City VAL bethel COL State VAL ak COL ZipCode VAL 99559 COL CountyName VAL bethel COL PhoneNumber VAL 9075436300 COL HospitalType VAL acute care hospitals COL HospitalOwner VAL government - federal COL EmergencyService VAL no COL Condition VAL heart attack COL MeasureCode VAL ami-2 COL MeasureName VAL heart attack patients given aspirin at discharge COL Score VAL empty COL Sample VAL empty COL Stateavg VAL ak_ami-2 ,COL CountyName VAL bethel ,0
4,COL ProviderNumber VAL 20018 COL HospitalName VAL yukon kuskokwim delta reg hospital COL Address1 VAL poxboxx287 COL Address2 VAL empty COL Address3 VAL empty COL City VAL bethel COL State VAL ak COL ZipCode VAL 99559 COL CountyName VAL bethel COL PhoneNumber VAL 9075436300 COL HospitalType VAL acute care hospitals COL HospitalOwner VAL government - federal COL EmergencyService VAL no COL Condition VAL heart attack COL MeasureCode VAL ami-2 COL MeasureName VAL heart attack patients given aspirin at discharge COL Score VAL empty COL Sample VAL empty COL Stateavg VAL ak_ami-2 ,COL PhoneNumber VAL 9075436300 ,0
5,COL ProviderNumber VAL 20018 COL HospitalName VAL yukon kuskokwim delta reg hospital COL Address1 VAL poxboxx287 COL Address2 VAL empty COL Address3 VAL empty COL City VAL bethel COL State VAL ak COL ZipCode VAL 99559 COL CountyName VAL bethel COL PhoneNumber VAL 9075436300 COL HospitalType VAL acute care hospitals COL HospitalOwner VAL government - federal COL EmergencyService VAL no COL Condition VAL heart attack COL MeasureCode VAL ami-2 COL MeasureName VAL heart attack patients given aspirin at discharge COL Score VAL empty COL Sample VAL empty COL Stateavg VAL ak_ami-2 ,COL HospitalType VAL acute care hospitals ,0
6,COL ProviderNumber VAL 20018 COL HospitalName VAL yukon kuskokwim delta reg hospital COL Address1 VAL poxboxx287 COL Address2 VAL empty COL Address3 VAL empty COL City VAL bethel COL State VAL ak COL ZipCode VAL 99559 COL CountyName VAL bethel COL PhoneNumber VAL 9075436300 COL HospitalType VAL acute care hospitals COL HospitalOwner VAL government - federal COL EmergencyService VAL no COL Condition VAL heart attack COL MeasureCode VAL ami-2 COL MeasureName VAL heart attack patients given aspirin at discharge COL Score VAL empty COL Sample VAL empty COL Stateavg VAL ak_ami-2 ,COL MeasureName VAL heart attack patients given aspirin at discharge ,0
7,COL ProviderNumber VAL 20018 COL HospitalName VAL yukon kuskokwim delta reg hospital COL Address1 VAL poxboxx287 COL Address2 VAL empty COL Address3 VAL empty COL City VAL bethel COL State VAL ak COL ZipCode VAL 99559 COL CountyName VAL bethel COL PhoneNumber VAL 9075436300 COL HospitalType VAL acute care hospitals COL HospitalOwner VAL government - federal COL EmergencyService VAL no COL Condition VAL heart attack COL MeasureCode VAL ami-2 COL MeasureName VAL heart attack patients given aspirin at discharge COL Score VAL empty COL Sample VAL empty COL Stateavg VAL ak_ami-2 ,COL Sample VAL empty ,0
8,COL ProviderNumber VAL 10025 COL HospitalName VAL g h lanier memorial hospital COL Address1 VAL 4800 48th st COL Address2 VAL empty COL Address3 VAL empty COL City VAL valley COL State VAL al COL ZipCode VAL 36854 COL CountyName VAL chambers COL PhoneNumber VAL 3347561400 COL HospitalType VAL acuxe care hospixals COL HospitalOwner VAL voluntary non-profit - other COL EmergencyService VAL yes COL Condition VAL surgical infection prevention COL MeasureCode VAL scip-inf-6 COL MeasureName VAL surgery patients needing hair removed from the surgical area before surgery who had hair removed using a safer method (electric clippers or hair removal cream c not a razor) COL Score VAL 96% COL Sample VAL 172 patxents COL Stateavg VAL al_scip-inf-6 ,COL HospitalName VAL g h lanier memorial hospital ,0
9,COL ProviderNumber VAL 10025 COL HospitalName VAL g h lanier memorial hospital COL Address1 VAL 4800 48th st COL Address2 VAL empty COL Address3 VAL empty COL City VAL valley COL State VAL al COL ZipCode VAL 36854 COL CountyName VAL chambers COL PhoneNumber VAL 3347561400 COL HospitalType VAL acuxe care hospixals COL HospitalOwner VAL voluntary non-profit - other COL EmergencyService VAL yes COL Condition VAL surgical infection prevention COL MeasureCode VAL scip-inf-6 COL MeasureName VAL surgery patients needing hair removed from the surgical area before surgery who had hair removed using a safer method (electric clippers or hair removal cream c not a razor) COL Score VAL 96% COL Sample VAL 172 patxents COL Stateavg VAL al_scip-inf-6 ,COL Address1 VAL 4800 48th st ,0
10,COL ProviderNumber VAL 10025 COL HospitalName VAL g h lanier memorial hospital COL Address1 VAL 4800 48th st COL Address2 VAL empty COL Address3 VAL empty COL City VAL valley COL State VAL al COL ZipCode VAL 36854 COL CountyName VAL chambers COL PhoneNumber VAL 3347561400 COL HospitalType VAL acuxe care hospixals COL HospitalOwner VAL voluntary non-profit - other COL EmergencyService VAL yes COL Condition VAL surgical infection prevention COL MeasureCode VAL scip-inf-6 COL MeasureName VAL surgery patients needing hair removed from the surgical area before surgery who had hair removed using a safer method (electric clippers or hair removal cream c not a razor) COL Score VAL 96% COL Sample VAL 172 patxents COL Stateavg VAL al_scip-inf-6 ,COL City VAL valley ,0
11,COL ProviderNumber VAL 10025 COL HospitalName VAL g h lanier memorial hospital COL Address1 VAL 4800 48th st COL Address2 VAL empty COL Address3 VAL empty COL City VAL valley COL State VAL al COL ZipCode VAL 36854 COL CountyName VAL chambers COL PhoneNumber VAL 3347561400 COL HospitalType VAL acuxe care hospixals COL HospitalOwner VAL voluntary non-profit - other COL EmergencyService VAL yes COL Condition VAL surgical infection prevention COL MeasureCode VAL scip-inf-6 COL MeasureName VAL surgery patients needing hair removed from the surgical area before surgery who had hair removed using a safer method (electric clippers or hair removal cream c not a razor) COL Score VAL 96% COL Sample VAL 172 patxents COL Stateavg VAL al_scip-inf-6 ,COL CountyName VAL chambers ,0
12,COL ProviderNumber VAL 10025 COL HospitalName VAL g h lanier memorial hospital COL Address1 VAL 4800 48th st COL Address2 VAL empty COL Address3 VAL empty COL City VAL valley COL State VAL al COL ZipCode VAL 36854 COL CountyName VAL chambers COL PhoneNumber VAL 3347561400 COL HospitalType VAL acuxe care hospixals COL HospitalOwner VAL voluntary non-profit - other COL EmergencyService VAL yes COL Condition VAL surgical infection prevention COL MeasureCode VAL scip-inf-6 COL MeasureName VAL surgery patients needing hair removed from the surgical area before surgery who had hair removed using a safer method (electric clippers or hair removal cream c not a razor) COL Score VAL 96% COL Sample VAL 172 patxents COL Stateavg VAL al_scip-inf-6 ,COL PhoneNumber VAL 3347561400 ,0
13,COL ProviderNumber VAL 10025 COL HospitalName VAL g h lanier memorial hospital COL Address1 VAL 4800 48th st COL Address2 VAL empty COL Address3 VAL empty COL City VAL valley COL State VAL al COL ZipCode VAL 36854 COL CountyName VAL chambers COL PhoneNumber VAL 3347561400 COL HospitalType VAL acuxe care hospixals COL HospitalOwner VAL voluntary non-profit - other COL EmergencyService VAL yes COL Condition VAL surgical infection prevention COL MeasureCode VAL scip-inf-6 COL MeasureName VAL surgery patients needing hair removed from the surgical area before surgery who had hair removed using a safer method (electric clippers or hair removal cream c not a razor) COL Score VAL 96% COL Sample VAL 172 patxents COL Stateavg VAL al_scip-inf-6 ,COL HospitalType VAL acuxe care hospixals ,1
14,COL ProviderNumber VAL 10025 COL HospitalName VAL g h lanier memorial hospital COL Address1 VAL 4800 48th st COL Address2 VAL empty COL Address3 VAL empty COL City VAL valley COL State VAL al COL ZipCode VAL 36854 COL CountyName VAL chambers COL PhoneNumber VAL 3347561400 COL HospitalType VAL acuxe care hospixals COL HospitalOwner VAL voluntary non-profit - other COL EmergencyService VAL yes COL Condition VAL surgical infection prevention COL MeasureCode VAL scip-inf-6 COL MeasureName VAL surgery patients needing hair removed from the surgical area before surgery who had hair removed using a safer method (electric clippers or hair removal cream c not a razor) COL Score VAL 96% COL Sample VAL 172 patxents COL Stateavg VAL al_scip-inf-6 ,COL MeasureName VAL surgery patients needing hair removed from the surgical area before surgery who had hair removed using a safer method (electric clippers or hair removal cream c not a razor) ,0
15,COL ProviderNumber VAL 10025 COL HospitalName VAL g h lanier memorial hospital COL Address1 VAL 4800 48th st COL Address2 VAL empty COL Address3 VAL empty COL City VAL valley COL State VAL al COL ZipCode VAL 36854 COL CountyName VAL chambers COL PhoneNumber VAL 3347561400 COL HospitalType VAL acuxe care hospixals COL HospitalOwner VAL voluntary non-profit - other COL EmergencyService VAL yes COL Condition VAL surgical infection prevention COL MeasureCode VAL scip-inf-6 COL MeasureName VAL surgery patients needing hair removed from the surgical area before surgery who had hair removed using a safer method (electric clippers or hair removal cream c not a razor) COL Score VAL 96% COL Sample VAL 172 patxents COL Stateavg VAL al_scip-inf-6 ,COL Sample VAL 172 patxents ,1
16,COL ProviderNumber VAL 10032 COL HospitalName VAL wedowee hosxital COL Address1 VAL 209 north main street COL Address2 VAL empty COL Address3 VAL empty COL City VAL wxdowxx COL State VAL al COL ZipCode VAL 36278 COL CountyName VAL randolph COL PhoneNumber VAL 2563572111 COL HospitalType VAL acute care hospitals COL HospitalOwner VAL government - local COL EmergencyService VAL no COL Condition VAL pneumonia COL MeasureCode VAL pn-4 COL MeasureName VAL pneumonia patients given smoking cessation advice/counseling COL Score VAL 67% COL Sample VAL 6 patients COL Stateavg VAL al_pn-4 ,COL HospitalName VAL wedowee hosxital ,1
17,COL ProviderNumber VAL 10032 COL HospitalName VAL wedowee hosxital COL Address1 VAL 209 north main street COL Address2 VAL empty COL Address3 VAL empty COL City VAL wxdowxx COL State VAL al COL ZipCode VAL 36278 COL CountyName VAL randolph COL PhoneNumber VAL 2563572111 COL HospitalType VAL acute care hospitals COL HospitalOwner VAL government - local COL EmergencyService VAL no COL Condition VAL pneumonia COL MeasureCode VAL pn-4 COL MeasureName VAL pneumonia patients given smoking cessation advice/counseling COL Score VAL 67% COL Sample VAL 6 patients COL Stateavg VAL al_pn-4 ,COL Address1 VAL 209 north main street ,0
18,COL ProviderNumber VAL 10032 COL HospitalName VAL wedowee hosxital COL Address1 VAL 209 north main street COL Address2 VAL empty COL Address3 VAL empty COL City VAL wxdowxx COL State VAL al COL ZipCode VAL 36278 COL CountyName VAL randolph COL PhoneNumber VAL 2563572111 COL HospitalType VAL acute care hospitals COL HospitalOwner VAL government - local COL EmergencyService VAL no COL Condition VAL pneumonia COL MeasureCode VAL pn-4 COL MeasureName VAL pneumonia patients given smoking cessation advice/counseling COL Score VAL 67% COL Sample VAL 6 patients COL Stateavg VAL al_pn-4 ,COL City VAL wxdowxx ,1
19,COL ProviderNumber VAL 10032 COL HospitalName VAL wedowee hosxital COL Address1 VAL 209 north main street COL Address2 VAL empty COL Address3 VAL empty COL City VAL wxdowxx COL State VAL al COL ZipCode VAL 36278 COL CountyName VAL randolph COL PhoneNumber VAL 2563572111 COL HospitalType VAL acute care hospitals COL HospitalOwner VAL government - local COL EmergencyService VAL no COL Condition VAL pneumonia COL MeasureCode VAL pn-4 COL MeasureName VAL pneumonia patients given smoking cessation advice/counseling COL Score VAL 67% COL Sample VAL 6 patients COL Stateavg VAL al_pn-4 ,COL CountyName VAL randolph ,0
20,COL ProviderNumber VAL 10032 COL HospitalName VAL wedowee hosxital COL Address1 VAL 209 north main street COL Address2 VAL empty COL Address3 VAL empty COL City VAL wxdowxx COL State VAL al COL ZipCode VAL 36278 COL CountyName VAL randolph COL PhoneNumber VAL 2563572111 COL HospitalType VAL acute care hospitals COL HospitalOwner VAL government - local COL EmergencyService VAL no COL Condition VAL pneumonia COL MeasureCode VAL pn-4 COL MeasureName VAL pneumonia patients given smoking cessation advice/counseling COL Score VAL 67% COL Sample VAL 6 patients COL Stateavg VAL al_pn-4 ,COL PhoneNumber VAL 2563572111 ,0
21,COL ProviderNumber VAL 10032 COL HospitalName VAL wedowee hosxital COL Address1 VAL 209 north main street COL Address2 VAL empty COL Address3 VAL empty COL City VAL wxdowxx COL State VAL al COL ZipCode VAL 36278 COL CountyName VAL randolph COL PhoneNumber VAL 2563572111 COL HospitalType VAL acute care hospitals COL HospitalOwner VAL government - local COL EmergencyService VAL no COL Condition VAL pneumonia COL MeasureCode VAL pn-4 COL MeasureName VAL pneumonia patients given smoking cessation advice/counseling COL Score VAL 67% COL Sample VAL 6 patients COL Stateavg VAL al_pn-4 ,COL HospitalType VAL acute care hospitals ,0
22,COL ProviderNumber VAL 10032 COL HospitalName VAL wedowee hosxital COL Address1 VAL 209 north main street COL Address2 VAL empty COL Address3 VAL empty COL City VAL wxdowxx COL State VAL al COL ZipCode VAL 36278 COL CountyName VAL randolph COL PhoneNumber VAL 2563572111 COL HospitalType VAL acute care hospitals COL HospitalOwner VAL government - local COL EmergencyService VAL no COL Condition VAL pneumonia COL MeasureCode VAL pn-4 COL MeasureName VAL pneumonia patients given smoking cessation advice/counseling COL Score VAL 67% COL Sample VAL 6 patients COL Stateavg VAL al_pn-4 ,COL MeasureName VAL pneumonia patients given smoking cessation advice/counseling ,0
23,COL ProviderNumber VAL 10032 COL HospitalName VAL wedowee hosxital COL Address1 VAL 209 north main street COL Address2 VAL empty COL Address3 VAL empty COL City VAL wxdowxx COL State VAL al COL ZipCode VAL 36278 COL CountyName VAL randolph COL PhoneNumber VAL 2563572111 COL HospitalType VAL acute care hospitals COL HospitalOwner VAL government - local COL EmergencyService VAL no COL Condition VAL pneumonia COL MeasureCode VAL pn-4 COL MeasureName VAL pneumonia patients given smoking cessation advice/counseling COL Score VAL 67% COL Sample VAL 6 patients COL Stateavg VAL al_pn-4 ,COL Sample VAL 6 patients ,0
24,COL ProviderNumber VAL 10087 COL HospitalName VAL univ ox south alabama medical center COL Address1 VAL 2451 fillingim street COL Address2 VAL empty COL Address3 VAL empty COL City VAL mobile COL State VAL al COL ZipCode VAL 36617 COL CountyName VAL mobile COL PhoneNumber VAL 25x47x7xx0 COL HospitalType VAL acute care hospitals COL HospitalOwner VAL government - state COL EmergencyService VAL yes COL Condition VAL heart attack COL MeasureCode VAL ami-7a COL MeasureName VAL heart attack patients given fibrinolytic medication within 30 minutes of arrival COL Score VAL empty COL Sample VAL 0 patients COL Stateavg VAL al_ami-7a ,COL HospitalName VAL univ ox south alabama medical center ,1
25,COL ProviderNumber VAL 10087 COL HospitalName VAL univ ox south alabama medical center COL Address1 VAL 2451 fillingim street COL Address2 VAL empty COL Address3 VAL empty COL City VAL mobile COL State VAL al COL ZipCode VAL 36617 COL CountyName VAL mobile COL PhoneNumber VAL 25x47x7xx0 COL HospitalType VAL acute care hospitals COL HospitalOwner VAL government - state COL EmergencyService VAL yes COL Condition VAL heart attack COL MeasureCode VAL ami-7a COL MeasureName VAL heart attack patients given fibrinolytic medication within 30 minutes of arrival COL Score VAL empty COL Sample VAL 0 patients COL Stateavg VAL al_ami-7a ,COL Address1 VAL 2451 fillingim street ,0
26,COL ProviderNumber VAL 10087 COL HospitalName VAL univ ox south alabama medical center COL Address1 VAL 2451 fillingim street COL Address2 VAL empty COL Address3 VAL empty COL City VAL mobile COL State VAL al COL ZipCode VAL 36617 COL CountyName VAL mobile COL PhoneNumber VAL 25x47x7xx0 COL HospitalType VAL acute care hospitals COL HospitalOwner VAL government - state COL EmergencyService VAL yes COL Condition VAL heart attack COL MeasureCode VAL ami-7a COL MeasureName VAL heart attack patients given fibrinolytic medication within 30 minutes of arrival COL Score VAL empty COL Sample VAL 0 patients COL Stateavg VAL al_ami-7a ,COL City VAL mobile ,0
27,COL ProviderNumber VAL 10087 COL HospitalName VAL univ ox south alabama medical center COL Address1 VAL 2451 fillingim street COL Address2 VAL empty COL Address3 VAL empty COL City VAL mobile COL State VAL al COL ZipCode VAL 36617 COL CountyName VAL mobile COL PhoneNumber VAL 25x47x7xx0 COL HospitalType VAL acute care hospitals COL HospitalOwner VAL government - state COL EmergencyService VAL yes COL Condition VAL heart attack COL MeasureCode VAL ami-7a COL MeasureName VAL heart attack patients given fibrinolytic medication within 30 minutes of arrival COL Score VAL empty COL Sample VAL 0 patients COL Stateavg VAL al_ami-7a ,COL CountyName VAL mobile ,0
28,COL ProviderNumber VAL 10087 COL HospitalName VAL univ ox south alabama medical center COL Address1 VAL 2451 fillingim street COL Address2 VAL empty COL Address3 VAL empty COL City VAL mobile COL State VAL al COL ZipCode VAL 36617 COL CountyName VAL mobile COL PhoneNumber VAL 25x47x7xx0 COL HospitalType VAL acute care hospitals COL HospitalOwner VAL government - state COL EmergencyService VAL yes COL Condition VAL heart attack COL MeasureCode VAL ami-7a COL MeasureName VAL heart attack patients given fibrinolytic medication within 30 minutes of arrival COL Score VAL empty COL Sample VAL 0 patients COL Stateavg VAL al_ami-7a ,COL PhoneNumber VAL 25x47x7xx0 ,1
29,COL ProviderNumber VAL 10087 COL HospitalName VAL univ ox south alabama medical center COL Address1 VAL 2451 fillingim street COL Address2 VAL empty COL Address3 VAL empty COL City VAL mobile COL State VAL al COL ZipCode VAL 36617 COL CountyName VAL mobile COL PhoneNumber VAL 25x47x7xx0 COL HospitalType VAL acute care hospitals COL HospitalOwner VAL government - state COL EmergencyService VAL yes COL Condition VAL heart attack COL MeasureCode VAL ami-7a COL MeasureName VAL heart attack patients given fibrinolytic medication within 30 minutes of arrival COL Score VAL empty COL Sample VAL 0 patients COL Stateavg VAL al_ami-7a ,COL HospitalType VAL acute care hospitals ,0
30,COL ProviderNumber VAL 10087 COL HospitalName VAL univ ox south alabama medical center COL Address1 VAL 2451 fillingim street COL Address2 VAL empty COL Address3 VAL empty COL City VAL mobile COL State VAL al COL ZipCode VAL 36617 COL CountyName VAL mobile COL PhoneNumber VAL 25x47x7xx0 COL HospitalType VAL acute care hospitals COL HospitalOwner VAL government - state COL EmergencyService VAL yes COL Condition VAL heart attack COL MeasureCode VAL ami-7a COL MeasureName VAL heart attack patients given fibrinolytic medication within 30 minutes of arrival COL Score VAL empty COL Sample VAL 0 patients COL Stateavg VAL al_ami-7a ,COL MeasureName VAL heart attack patients given fibrinolytic medication within 30 minutes of arrival ,0
31,COL ProviderNumber VAL 10087 COL HospitalName VAL univ ox south alabama medical center COL Address1 VAL 2451 fillingim street COL Address2 VAL empty COL Address3 VAL empty COL City VAL mobile COL State VAL al COL ZipCode VAL 36617 COL CountyName VAL mobile COL PhoneNumber VAL 25x47x7xx0 COL HospitalType VAL acute care hospitals COL HospitalOwner VAL government - state COL EmergencyService VAL yes COL Condition VAL heart attack COL MeasureCode VAL ami-7a COL MeasureName VAL heart attack patients given fibrinolytic medication within 30 minutes of arrival COL Score VAL empty COL Sample VAL 0 patients COL Stateavg VAL al_ami-7a ,COL Sample VAL 0 patients ,0
32,COL ProviderNumber VAL 10015 COL HospitalName VAL southwest alabama medical center COL Address1 VAL 33700 highway 43 COL Address2 VAL empty COL Address3 VAL empty COL City VAL thomasville COL State VAL al COL ZipCode VAL 36784 COL CountyName VAL clarke COL PhoneNumber VAL 3346366221 COL HospitalType VAL acuxe care hospixals COL HospitalOwner VAL government - federal COL EmergencyService VAL yes COL Condition VAL surgical infection prevention COL MeasureCode VAL scip-inf-6 COL MeasureName VAL surgery patients needing hair removed from the surgical area before surgery who had hair removed using a safer method (electric clippers or hair removal cream c not a razor) COL Score VAL 100% COL Sample VAL 15 patients COL Stateavg VAL al_scip-inf-6 ,COL HospitalName VAL southwest alabama medical center ,0
33,COL ProviderNumber VAL 10015 COL HospitalName VAL southwest alabama medical center COL Address1 VAL 33700 highway 43 COL Address2 VAL empty COL Address3 VAL empty COL City VAL thomasville COL State VAL al COL ZipCode VAL 36784 COL CountyName VAL clarke COL PhoneNumber VAL 3346366221 COL HospitalType VAL acuxe care hospixals COL HospitalOwner VAL government - federal COL EmergencyService VAL yes COL Condition VAL surgical infection prevention COL MeasureCode VAL scip-inf-6 COL MeasureName VAL surgery patients needing hair removed from the surgical area before surgery who had hair removed using a safer method (electric clippers or hair removal cream c not a razor) COL Score VAL 100% COL Sample VAL 15 patients COL Stateavg VAL al_scip-inf-6 ,COL Address1 VAL 33700 highway 43 ,0
34,COL ProviderNumber VAL 10015 COL HospitalName VAL southwest alabama medical center COL Address1 VAL 33700 highway 43 COL Address2 VAL empty COL Address3 VAL empty COL City VAL thomasville COL State VAL al COL ZipCode VAL 36784 COL CountyName VAL clarke COL PhoneNumber VAL 3346366221 COL HospitalType VAL acuxe care hospixals COL HospitalOwner VAL government - federal COL EmergencyService VAL yes COL Condition VAL surgical infection prevention COL MeasureCode VAL scip-inf-6 COL MeasureName VAL surgery patients needing hair removed from the surgical area before surgery who had hair removed using a safer method (electric clippers or hair removal cream c not a razor) COL Score VAL 100% COL Sample VAL 15 patients COL Stateavg VAL al_scip-inf-6 ,COL City VAL thomasville ,0
35,COL ProviderNumber VAL 10015 COL HospitalName VAL southwest alabama medical center COL Address1 VAL 33700 highway 43 COL Address2 VAL empty COL Address3 VAL empty COL City VAL thomasville COL State VAL al COL ZipCode VAL 36784 COL CountyName VAL clarke COL PhoneNumber VAL 3346366221 COL HospitalType VAL acuxe care hospixals COL HospitalOwner VAL government - federal COL EmergencyService VAL yes COL Condition VAL surgical infection prevention COL MeasureCode VAL scip-inf-6 COL MeasureName VAL surgery patients needing hair removed from the surgical area before surgery who had hair removed using a safer method (electric clippers or hair removal cream c not a razor) COL Score VAL 100% COL Sample VAL 15 patients COL Stateavg VAL al_scip-inf-6 ,COL CountyName VAL clarke ,0
36,COL ProviderNumber VAL 10015 COL HospitalName VAL southwest alabama medical center COL Address1 VAL 33700 highway 43 COL Address2 VAL empty COL Address3 VAL empty COL City VAL thomasville COL State VAL al COL ZipCode VAL 36784 COL CountyName VAL clarke COL PhoneNumber VAL 3346366221 COL HospitalType VAL acuxe care hospixals COL HospitalOwner VAL government - federal COL EmergencyService VAL yes COL Condition VAL surgical infection prevention COL MeasureCode VAL scip-inf-6 COL MeasureName VAL surgery patients needing hair removed from the surgical area before surgery who had hair removed using a safer method (electric clippers or hair removal cream c not a razor) COL Score VAL 100% COL Sample VAL 15 patients COL Stateavg VAL al_scip-inf-6 ,COL PhoneNumber VAL 3346366221 ,0
37,COL ProviderNumber VAL 10015 COL HospitalName VAL southwest alabama medical center COL Address1 VAL 33700 highway 43 COL Address2 VAL empty COL Address3 VAL empty COL City VAL thomasville COL State VAL al COL ZipCode VAL 36784 COL CountyName VAL clarke COL PhoneNumber VAL 3346366221 COL HospitalType VAL acuxe care hospixals COL HospitalOwner VAL government - federal COL EmergencyService VAL yes COL Condition VAL surgical infection prevention COL MeasureCode VAL scip-inf-6 COL MeasureName VAL surgery patients needing hair removed from the surgical area before surgery who had hair removed using a safer method (electric clippers or hair removal cream c not a razor) COL Score VAL 100% COL Sample VAL 15 patients COL Stateavg VAL al_scip-inf-6 ,COL HospitalType VAL acuxe care hospixals ,1
38,COL ProviderNumber VAL 10015 COL HospitalName VAL southwest alabama medical center COL Address1 VAL 33700 highway 43 COL Address2 VAL empty COL Address3 VAL empty COL City VAL thomasville COL State VAL al COL ZipCode VAL 36784 COL CountyName VAL clarke COL PhoneNumber VAL 3346366221 COL HospitalType VAL acuxe care hospixals COL HospitalOwner VAL government - federal COL EmergencyService VAL yes COL Condition VAL surgical infection prevention COL MeasureCode VAL scip-inf-6 COL MeasureName VAL surgery patients needing hair removed from the surgical area before surgery who had hair removed using a safer method (electric clippers or hair removal cream c not a razor) COL Score VAL 100% COL Sample VAL 15 patients COL Stateavg VAL al_scip-inf-6 ,COL MeasureName VAL surgery patients needing hair removed from the surgical area before surgery who had hair removed using a safer method (electric clippers or hair removal cream c not a razor) ,0
39,COL ProviderNumber VAL 10015 COL HospitalName VAL southwest alabama medical center COL Address1 VAL 33700 highway 43 COL Address2 VAL empty COL Address3 VAL empty COL City VAL thomasville COL State VAL al COL ZipCode VAL 36784 COL CountyName VAL clarke COL PhoneNumber VAL 3346366221 COL HospitalType VAL acuxe care hospixals COL HospitalOwner VAL government - federal COL EmergencyService VAL yes COL Condition VAL surgical infection prevention COL MeasureCode VAL scip-inf-6 COL MeasureName VAL surgery patients needing hair removed from the surgical area before surgery who had hair removed using a safer method (electric clippers or hair removal cream c not a razor) COL Score VAL 100% COL Sample VAL 15 patients COL Stateavg VAL al_scip-inf-6 ,COL Sample VAL 15 patients ,0
40,COL ProviderNumber VAL 10032 COL HospitalName VAL wedowee hospital COL Address1 VAL 209 north main street COL Address2 VAL empty COL Address3 VAL empty COL City VAL wedowee COL State VAL al COL ZipCode VAL 36278 COL CountyName VAL randolph COL PhoneNumber VAL 2563572111 COL HospitalType VAL acute care hospitals COL HospitalOwner VAL government - local COL EmergencyService VAL no COL Condition VAL heart failure COL MeasureCode VAL hf-3 COL MeasureName VAL heart failure patients given ace inhibitor or arb for left xentricular systolic dysfunction (lxsd) COL Score VAL 25% COL Sample VAL 4 patients COL Stateavg VAL al_hf-3 ,COL HospitalName VAL wedowee hospital ,0
41,COL ProviderNumber VAL 10032 COL HospitalName VAL wedowee hospital COL Address1 VAL 209 north main street COL Address2 VAL empty COL Address3 VAL empty COL City VAL wedowee COL State VAL al COL ZipCode VAL 36278 COL CountyName VAL randolph COL PhoneNumber VAL 2563572111 COL HospitalType VAL acute care hospitals COL HospitalOwner VAL government - local COL EmergencyService VAL no COL Condition VAL heart failure COL MeasureCode VAL hf-3 COL MeasureName VAL heart failure patients given ace inhibitor or arb for left xentricular systolic dysfunction (lxsd) COL Score VAL 25% COL Sample VAL 4 patients COL Stateavg VAL al_hf-3 ,COL Address1 VAL 209 north main street ,0
42,COL ProviderNumber VAL 10032 COL HospitalName VAL wedowee hospital COL Address1 VAL 209 north main street COL Address2 VAL empty COL Address3 VAL empty COL City VAL wedowee COL State VAL al COL ZipCode VAL 36278 COL CountyName VAL randolph COL PhoneNumber VAL 2563572111 COL HospitalType VAL acute care hospitals COL HospitalOwner VAL government - local COL EmergencyService VAL no COL Condition VAL heart failure COL MeasureCode VAL hf-3 COL MeasureName VAL heart failure patients given ace inhibitor or arb for left xentricular systolic dysfunction (lxsd) COL Score VAL 25% COL Sample VAL 4 patients COL Stateavg VAL al_hf-3 ,COL City VAL wedowee ,0
43,COL ProviderNumber VAL 10032 COL HospitalName VAL wedowee hospital COL Address1 VAL 209 north main street COL Address2 VAL empty COL Address3 VAL empty COL City VAL wedowee COL State VAL al COL ZipCode VAL 36278 COL CountyName VAL randolph COL PhoneNumber VAL 2563572111 COL HospitalType VAL acute care hospitals COL HospitalOwner VAL government - local COL EmergencyService VAL no COL Condition VAL heart failure COL MeasureCode VAL hf-3 COL MeasureName VAL heart failure patients given ace inhibitor or arb for left xentricular systolic dysfunction (lxsd) COL Score VAL 25% COL Sample VAL 4 patients COL Stateavg VAL al_hf-3 ,COL CountyName VAL randolph ,0
44,COL ProviderNumber VAL 10032 COL HospitalName VAL wedowee hospital COL Address1 VAL 209 north main street COL Address2 VAL empty COL Address3 VAL empty COL City VAL wedowee COL State VAL al COL ZipCode VAL 36278 COL CountyName VAL randolph COL PhoneNumber VAL 2563572111 COL HospitalType VAL acute care hospitals COL HospitalOwner VAL government - local COL EmergencyService VAL no COL Condition VAL heart failure COL MeasureCode VAL hf-3 COL MeasureName VAL heart failure patients given ace inhibitor or arb for left xentricular systolic dysfunction (lxsd) COL Score VAL 25% COL Sample VAL 4 patients COL Stateavg VAL al_hf-3 ,COL PhoneNumber VAL 2563572111 ,0
45,COL ProviderNumber VAL 10032 COL HospitalName VAL wedowee hospital COL Address1 VAL 209 north main street COL Address2 VAL empty COL Address3 VAL empty COL City VAL wedowee COL State VAL al COL ZipCode VAL 36278 COL CountyName VAL randolph COL PhoneNumber VAL 2563572111 COL HospitalType VAL acute care hospitals COL HospitalOwner VAL government - local COL EmergencyService VAL no COL Condition VAL heart failure COL MeasureCode VAL hf-3 COL MeasureName VAL heart failure patients given ace inhibitor or arb for left xentricular systolic dysfunction (lxsd) COL Score VAL 25% COL Sample VAL 4 patients COL Stateavg VAL al_hf-3 ,COL HospitalType VAL acute care hospitals ,0
46,COL ProviderNumber VAL 10032 COL HospitalName VAL wedowee hospital COL Address1 VAL 209 north main street COL Address2 VAL empty COL Address3 VAL empty COL City VAL wedowee COL State VAL al COL ZipCode VAL 36278 COL CountyName VAL randolph COL PhoneNumber VAL 2563572111 COL HospitalType VAL acute care hospitals COL HospitalOwner VAL government - local COL EmergencyService VAL no COL Condition VAL heart failure COL MeasureCode VAL hf-3 COL MeasureName VAL heart failure patients given ace inhibitor or arb for left xentricular systolic dysfunction (lxsd) COL Score VAL 25% COL Sample VAL 4 patients COL Stateavg VAL al_hf-3 ,COL MeasureName VAL heart failure patients given ace inhibitor or arb for left xentricular systolic dysfunction (lxsd) ,1
47,COL ProviderNumber VAL 10032 COL HospitalName VAL wedowee hospital COL Address1 VAL 209 north main street COL Address2 VAL empty COL Address3 VAL empty COL City VAL wedowee COL State VAL al COL ZipCode VAL 36278 COL CountyName VAL randolph COL PhoneNumber VAL 2563572111 COL HospitalType VAL acute care hospitals COL HospitalOwner VAL government - local COL EmergencyService VAL no COL Condition VAL heart failure COL MeasureCode VAL hf-3 COL MeasureName VAL heart failure patients given ace inhibitor or arb for left xentricular systolic dysfunction (lxsd) COL Score VAL 25% COL Sample VAL 4 patients COL Stateavg VAL al_hf-3 ,COL Sample VAL 4 patients ,0
48,COL ProviderNumber VAL 10010 COL HospitalName VAL marshall medical cenxer norxh COL Address1 VAL 8000 alabama highway 69 COL Address2 VAL empty COL Address3 VAL empty COL City VAL guntersville COL State VAL al COL ZipCode VAL 35976 COL CountyName VAL marshall COL PhoneNumber VAL 2565718000 COL HospitalType VAL acute care hospitals COL HospitalOwner VAL government - hospital district or authority COL EmergencyService VAL yes COL Condition VAL heart attack COL MeasureCode VAL ami-3 COL MeasureName VAL heart attack patients given ace inhibitor or arb for left ventricular systolic dysfunction (lvsd) COL Score VAL 50% COL Sample VAL 2 patients COL Stateavg VAL al_ami-3 ,COL HospitalName VAL marshall medical cenxer norxh ,1
49,COL ProviderNumber VAL 10010 COL HospitalName VAL marshall medical cenxer norxh COL Address1 VAL 8000 alabama highway 69 COL Address2 VAL empty COL Address3 VAL empty COL City VAL guntersville COL State VAL al COL ZipCode VAL 35976 COL CountyName VAL marshall COL PhoneNumber VAL 2565718000 COL HospitalType VAL acute care hospitals COL HospitalOwner VAL government - hospital district or authority COL EmergencyService VAL yes COL Condition VAL heart attack COL MeasureCode VAL ami-3 COL MeasureName VAL heart attack patients given ace inhibitor or arb for left ventricular systolic dysfunction (lvsd) COL Score VAL 50% COL Sample VAL 2 patients COL Stateavg VAL al_ami-3 ,COL Address1 VAL 8000 alabama highway 69 ,0
50,COL ProviderNumber VAL 10010 COL HospitalName VAL marshall medical cenxer norxh COL Address1 VAL 8000 alabama highway 69 COL Address2 VAL empty COL Address3 VAL empty COL City VAL guntersville COL State VAL al COL ZipCode VAL 35976 COL CountyName VAL marshall COL PhoneNumber VAL 2565718000 COL HospitalType VAL acute care hospitals COL HospitalOwner VAL government - hospital district or authority COL EmergencyService VAL yes COL Condition VAL heart attack COL MeasureCode VAL ami-3 COL MeasureName VAL heart attack patients given ace inhibitor or arb for left ventricular systolic dysfunction (lvsd) COL Score VAL 50% COL Sample VAL 2 patients COL Stateavg VAL al_ami-3 ,COL City VAL guntersville ,0
51,COL ProviderNumber VAL 10010 COL HospitalName VAL marshall medical cenxer norxh COL Address1 VAL 8000 alabama highway 69 COL Address2 VAL empty COL Address3 VAL empty COL City VAL guntersville COL State VAL al COL ZipCode VAL 35976 COL CountyName VAL marshall COL PhoneNumber VAL 2565718000 COL HospitalType VAL acute care hospitals COL HospitalOwner VAL government - hospital district or authority COL EmergencyService VAL yes COL Condition VAL heart attack COL MeasureCode VAL ami-3 COL MeasureName VAL heart attack patients given ace inhibitor or arb for left ventricular systolic dysfunction (lvsd) COL Score VAL 50% COL Sample VAL 2 patients COL Stateavg VAL al_ami-3 ,COL CountyName VAL marshall ,0
52,COL ProviderNumber VAL 10010 COL HospitalName VAL marshall medical cenxer norxh COL Address1 VAL 8000 alabama highway 69 COL Address2 VAL empty COL Address3 VAL empty COL City VAL guntersville COL State VAL al COL ZipCode VAL 35976 COL CountyName VAL marshall COL PhoneNumber VAL 2565718000 COL HospitalType VAL acute care hospitals COL HospitalOwner VAL government - hospital district or authority COL EmergencyService VAL yes COL Condition VAL heart attack COL MeasureCode VAL ami-3 COL MeasureName VAL heart attack patients given ace inhibitor or arb for left ventricular systolic dysfunction (lvsd) COL Score VAL 50% COL Sample VAL 2 patients COL Stateavg VAL al_ami-3 ,COL PhoneNumber VAL 2565718000 ,0
53,COL ProviderNumber VAL 10010 COL HospitalName VAL marshall medical cenxer norxh COL Address1 VAL 8000 alabama highway 69 COL Address2 VAL empty COL Address3 VAL empty COL City VAL guntersville COL State VAL al COL ZipCode VAL 35976 COL CountyName VAL marshall COL PhoneNumber VAL 2565718000 COL HospitalType VAL acute care hospitals COL HospitalOwner VAL government - hospital district or authority COL EmergencyService VAL yes COL Condition VAL heart attack COL MeasureCode VAL ami-3 COL MeasureName VAL heart attack patients given ace inhibitor or arb for left ventricular systolic dysfunction (lvsd) COL Score VAL 50% COL Sample VAL 2 patients COL Stateavg VAL al_ami-3 ,COL HospitalType VAL acute care hospitals ,0
54,COL ProviderNumber VAL 10010 COL HospitalName VAL marshall medical cenxer norxh COL Address1 VAL 8000 alabama highway 69 COL Address2 VAL empty COL Address3 VAL empty COL City VAL guntersville COL State VAL al COL ZipCode VAL 35976 COL CountyName VAL marshall COL PhoneNumber VAL 2565718000 COL HospitalType VAL acute care hospitals COL HospitalOwner VAL government - hospital district or authority COL EmergencyService VAL yes COL Condition VAL heart attack COL MeasureCode VAL ami-3 COL MeasureName VAL heart attack patients given ace inhibitor or arb for left ventricular systolic dysfunction (lvsd) COL Score VAL 50% COL Sample VAL 2 patients COL Stateavg VAL al_ami-3 ,COL MeasureName VAL heart attack patients given ace inhibitor or arb for left ventricular systolic dysfunction (lvsd) ,0
55,COL ProviderNumber VAL 10010 COL HospitalName VAL marshall medical cenxer norxh COL Address1 VAL 8000 alabama highway 69 COL Address2 VAL empty COL Address3 VAL empty COL City VAL guntersville COL State VAL al COL ZipCode VAL 35976 COL CountyName VAL marshall COL PhoneNumber VAL 2565718000 COL HospitalType VAL acute care hospitals COL HospitalOwner VAL government - hospital district or authority COL EmergencyService VAL yes COL Condition VAL heart attack COL MeasureCode VAL ami-3 COL MeasureName VAL heart attack patients given ace inhibitor or arb for left ventricular systolic dysfunction (lvsd) COL Score VAL 50% COL Sample VAL 2 patients COL Stateavg VAL al_ami-3 ,COL Sample VAL 2 patients ,0
56,COL ProviderNumber VAL 10086 COL HospitalName VAL northwest medical center COL Address1 VAL 1530 u s highway 43 COL Address2 VAL empty COL Address3 VAL empty COL City VAL winfielx COL State VAL al COL ZipCode VAL 35594 COL CountyName VAL marion COL PhoneNumber VAL 2054877736 COL HospitalType VAL acute care hospitals COL HospitalOwner VAL proprietary COL EmergencyService VAL yes COL Condition VAL pneumonia COL MeasureCode VAL pn-4 COL MeasureName VAL pneumonia patients given smoking cessation advice/counseling COL Score VAL 98% COL Sample VAL 40 patients COL Stateavg VAL al_pn-4 ,COL HospitalName VAL northwest medical center ,0
57,COL ProviderNumber VAL 10086 COL HospitalName VAL northwest medical center COL Address1 VAL 1530 u s highway 43 COL Address2 VAL empty COL Address3 VAL empty COL City VAL winfielx COL State VAL al COL ZipCode VAL 35594 COL CountyName VAL marion COL PhoneNumber VAL 2054877736 COL HospitalType VAL acute care hospitals COL HospitalOwner VAL proprietary COL EmergencyService VAL yes COL Condition VAL pneumonia COL MeasureCode VAL pn-4 COL MeasureName VAL pneumonia patients given smoking cessation advice/counseling COL Score VAL 98% COL Sample VAL 40 patients COL Stateavg VAL al_pn-4 ,COL Address1 VAL 1530 u s highway 43 ,0
58,COL ProviderNumber VAL 10086 COL HospitalName VAL northwest medical center COL Address1 VAL 1530 u s highway 43 COL Address2 VAL empty COL Address3 VAL empty COL City VAL winfielx COL State VAL al COL ZipCode VAL 35594 COL CountyName VAL marion COL PhoneNumber VAL 2054877736 COL HospitalType VAL acute care hospitals COL HospitalOwner VAL proprietary COL EmergencyService VAL yes COL Condition VAL pneumonia COL MeasureCode VAL pn-4 COL MeasureName VAL pneumonia patients given smoking cessation advice/counseling COL Score VAL 98% COL Sample VAL 40 patients COL Stateavg VAL al_pn-4 ,COL City VAL winfielx ,1
59,COL ProviderNumber VAL 10086 COL HospitalName VAL northwest medical center COL Address1 VAL 1530 u s highway 43 COL Address2 VAL empty COL Address3 VAL empty COL City VAL winfielx COL State VAL al COL ZipCode VAL 35594 COL CountyName VAL marion COL PhoneNumber VAL 2054877736 COL HospitalType VAL acute care hospitals COL HospitalOwner VAL proprietary COL EmergencyService VAL yes COL Condition VAL pneumonia COL MeasureCode VAL pn-4 COL MeasureName VAL pneumonia patients given smoking cessation advice/counseling COL Score VAL 98% COL Sample VAL 40 patients COL Stateavg VAL al_pn-4 ,COL CountyName VAL marion ,0
60,COL ProviderNumber VAL 10086 COL HospitalName VAL northwest medical center COL Address1 VAL 1530 u s highway 43 COL Address2 VAL empty COL Address3 VAL empty COL City VAL winfielx COL State VAL al COL ZipCode VAL 35594 COL CountyName VAL marion COL PhoneNumber VAL 2054877736 COL HospitalType VAL acute care hospitals COL HospitalOwner VAL proprietary COL EmergencyService VAL yes COL Condition VAL pneumonia COL MeasureCode VAL pn-4 COL MeasureName VAL pneumonia patients given smoking cessation advice/counseling COL Score VAL 98% COL Sample VAL 40 patients COL Stateavg VAL al_pn-4 ,COL PhoneNumber VAL 2054877736 ,0
61,COL ProviderNumber VAL 10086 COL HospitalName VAL northwest medical center COL Address1 VAL 1530 u s highway 43 COL Address2 VAL empty COL Address3 VAL empty COL City VAL winfielx COL State VAL al COL ZipCode VAL 35594 COL CountyName VAL marion COL PhoneNumber VAL 2054877736 COL HospitalType VAL acute care hospitals COL HospitalOwner VAL proprietary COL EmergencyService VAL yes COL Condition VAL pneumonia COL MeasureCode VAL pn-4 COL MeasureName VAL pneumonia patients given smoking cessation advice/counseling COL Score VAL 98% COL Sample VAL 40 patients COL Stateavg VAL al_pn-4 ,COL HospitalType VAL acute care hospitals ,0
62,COL ProviderNumber VAL 10086 COL HospitalName VAL northwest medical center COL Address1 VAL 1530 u s highway 43 COL Address2 VAL empty COL Address3 VAL empty COL City VAL winfielx COL State VAL al COL ZipCode VAL 35594 COL CountyName VAL marion COL PhoneNumber VAL 2054877736 COL HospitalType VAL acute care hospitals COL HospitalOwner VAL proprietary COL EmergencyService VAL yes COL Condition VAL pneumonia COL MeasureCode VAL pn-4 COL MeasureName VAL pneumonia patients given smoking cessation advice/counseling COL Score VAL 98% COL Sample VAL 40 patients COL Stateavg VAL al_pn-4 ,COL MeasureName VAL pneumonia patients given smoking cessation advice/counseling ,0
63,COL ProviderNumber VAL 10086 COL HospitalName VAL northwest medical center COL Address1 VAL 1530 u s highway 43 COL Address2 VAL empty COL Address3 VAL empty COL City VAL winfielx COL State VAL al COL ZipCode VAL 35594 COL CountyName VAL marion COL PhoneNumber VAL 2054877736 COL HospitalType VAL acute care hospitals COL HospitalOwner VAL proprietary COL EmergencyService VAL yes COL Condition VAL pneumonia COL MeasureCode VAL pn-4 COL MeasureName VAL pneumonia patients given smoking cessation advice/counseling COL Score VAL 98% COL Sample VAL 40 patients COL Stateavg VAL al_pn-4 ,COL Sample VAL 40 patients ,0
64,COL ProviderNumber VAL 10016 COL HospitalName VAL shelby baptist medical center COL Address1 VAL 1000 first street north COL Address2 VAL empty COL Address3 VAL empty COL City VAL alabaster COL State VAL al COL ZipCode VAL 35007 COL CountyName VAL shelby COL PhoneNumber VAL 2056208100 COL HospitalType VAL acuxe care hospixals COL HospitalOwner VAL voluntary non-profit - church COL EmergencyService VAL yes COL Condition VAL surgical infection prevention COL MeasureCode VAL scip-vte-2 COL MeasureName VAL patients who got treatment  at the right time (within 24 hours before or after their surgery) to help prevent blood clots after certain types of surgery COL Score VAL 94% COL Sample VAL 225 patients COL Stateavg VAL al_scip-vte-2 ,COL HospitalName VAL shelby baptist medical center ,0
65,COL ProviderNumber VAL 10016 COL HospitalName VAL shelby baptist medical center COL Address1 VAL 1000 first street north COL Address2 VAL empty COL Address3 VAL empty COL City VAL alabaster COL State VAL al COL ZipCode VAL 35007 COL CountyName VAL shelby COL PhoneNumber VAL 2056208100 COL HospitalType VAL acuxe care hospixals COL HospitalOwner VAL voluntary non-profit - church COL EmergencyService VAL yes COL Condition VAL surgical infection prevention COL MeasureCode VAL scip-vte-2 COL MeasureName VAL patients who got treatment  at the right time (within 24 hours before or after their surgery) to help prevent blood clots after certain types of surgery COL Score VAL 94% COL Sample VAL 225 patients COL Stateavg VAL al_scip-vte-2 ,COL Address1 VAL 1000 first street north ,0
66,COL ProviderNumber VAL 10016 COL HospitalName VAL shelby baptist medical center COL Address1 VAL 1000 first street north COL Address2 VAL empty COL Address3 VAL empty COL City VAL alabaster COL State VAL al COL ZipCode VAL 35007 COL CountyName VAL shelby COL PhoneNumber VAL 2056208100 COL HospitalType VAL acuxe care hospixals COL HospitalOwner VAL voluntary non-profit - church COL EmergencyService VAL yes COL Condition VAL surgical infection prevention COL MeasureCode VAL scip-vte-2 COL MeasureName VAL patients who got treatment  at the right time (within 24 hours before or after their surgery) to help prevent blood clots after certain types of surgery COL Score VAL 94% COL Sample VAL 225 patients COL Stateavg VAL al_scip-vte-2 ,COL City VAL alabaster ,0
67,COL ProviderNumber VAL 10016 COL HospitalName VAL shelby baptist medical center COL Address1 VAL 1000 first street north COL Address2 VAL empty COL Address3 VAL empty COL City VAL alabaster COL State VAL al COL ZipCode VAL 35007 COL CountyName VAL shelby COL PhoneNumber VAL 2056208100 COL HospitalType VAL acuxe care hospixals COL HospitalOwner VAL voluntary non-profit - church COL EmergencyService VAL yes COL Condition VAL surgical infection prevention COL MeasureCode VAL scip-vte-2 COL MeasureName VAL patients who got treatment  at the right time (within 24 hours before or after their surgery) to help prevent blood clots after certain types of surgery COL Score VAL 94% COL Sample VAL 225 patients COL Stateavg VAL al_scip-vte-2 ,COL CountyName VAL shelby ,0
68,COL ProviderNumber VAL 10016 COL HospitalName VAL shelby baptist medical center COL Address1 VAL 1000 first street north COL Address2 VAL empty COL Address3 VAL empty COL City VAL alabaster COL State VAL al COL ZipCode VAL 35007 COL CountyName VAL shelby COL PhoneNumber VAL 2056208100 COL HospitalType VAL acuxe care hospixals COL HospitalOwner VAL voluntary non-profit - church COL EmergencyService VAL yes COL Condition VAL surgical infection prevention COL MeasureCode VAL scip-vte-2 COL MeasureName VAL patients who got treatment  at the right time (within 24 hours before or after their surgery) to help prevent blood clots after certain types of surgery COL Score VAL 94% COL Sample VAL 225 patients COL Stateavg VAL al_scip-vte-2 ,COL PhoneNumber VAL 2056208100 ,0
69,COL ProviderNumber VAL 10016 COL HospitalName VAL shelby baptist medical center COL Address1 VAL 1000 first street north COL Address2 VAL empty COL Address3 VAL empty COL City VAL alabaster COL State VAL al COL ZipCode VAL 35007 COL CountyName VAL shelby COL PhoneNumber VAL 2056208100 COL HospitalType VAL acuxe care hospixals COL HospitalOwner VAL voluntary non-profit - church COL EmergencyService VAL yes COL Condition VAL surgical infection prevention COL MeasureCode VAL scip-vte-2 COL MeasureName VAL patients who got treatment  at the right time (within 24 hours before or after their surgery) to help prevent blood clots after certain types of surgery COL Score VAL 94% COL Sample VAL 225 patients COL Stateavg VAL al_scip-vte-2 ,COL HospitalType VAL acuxe care hospixals ,1
70,COL ProviderNumber VAL 10016 COL HospitalName VAL shelby baptist medical center COL Address1 VAL 1000 first street north COL Address2 VAL empty COL Address3 VAL empty COL City VAL alabaster COL State VAL al COL ZipCode VAL 35007 COL CountyName VAL shelby COL PhoneNumber VAL 2056208100 COL HospitalType VAL acuxe care hospixals COL HospitalOwner VAL voluntary non-profit - church COL EmergencyService VAL yes COL Condition VAL surgical infection prevention COL MeasureCode VAL scip-vte-2 COL MeasureName VAL patients who got treatment  at the right time (within 24 hours before or after their surgery) to help prevent blood clots after certain types of surgery COL Score VAL 94% COL Sample VAL 225 patients COL Stateavg VAL al_scip-vte-2 ,COL MeasureName VAL patients who got treatment  at the right time (within 24 hours before or after their surgery) to help prevent blood clots after certain types of surgery ,0
71,COL ProviderNumber VAL 10016 COL HospitalName VAL shelby baptist medical center COL Address1 VAL 1000 first street north COL Address2 VAL empty COL Address3 VAL empty COL City VAL alabaster COL State VAL al COL ZipCode VAL 35007 COL CountyName VAL shelby COL PhoneNumber VAL 2056208100 COL HospitalType VAL acuxe care hospixals COL HospitalOwner VAL voluntary non-profit - church COL EmergencyService VAL yes COL Condition VAL surgical infection prevention COL MeasureCode VAL scip-vte-2 COL MeasureName VAL patients who got treatment  at the right time (within 24 hours before or after their surgery) to help prevent blood clots after certain types of surgery COL Score VAL 94% COL Sample VAL 225 patients COL Stateavg VAL al_scip-vte-2 ,COL Sample VAL 225 patients ,0
72,COL ProviderNumber VAL 10006 COL HospitalName VAL eliza coffee memorial hospital COL Address1 VAL 205 marengo street COL Address2 VAL empty COL Address3 VAL empty COL City VAL florence COL State VAL al COL ZipCode VAL 35631 COL CountyName VAL lauderdale COL PhoneNumber VAL 2567688400 COL HospitalType VAL acute care hospitals COL HospitalOwner VAL voluntary non-profit - other COL EmergencyService VAL yes COL Condition VAL surgical infection prevention COL MeasureCode VAL scip-inf-6 COL MeasureName VAL surgery patients needing hair removed from the surgical area before surgery who had hair removed using a safer method (electric clippers or hair removal cream c not a razor) COL Score VAL 100% COL Sample VAL 619 paxienxs COL Stateavg VAL al_scip-inf-6 ,COL HospitalName VAL eliza coffee memorial hospital ,0
73,COL ProviderNumber VAL 10006 COL HospitalName VAL eliza coffee memorial hospital COL Address1 VAL 205 marengo street COL Address2 VAL empty COL Address3 VAL empty COL City VAL florence COL State VAL al COL ZipCode VAL 35631 COL CountyName VAL lauderdale COL PhoneNumber VAL 2567688400 COL HospitalType VAL acute care hospitals COL HospitalOwner VAL voluntary non-profit - other COL EmergencyService VAL yes COL Condition VAL surgical infection prevention COL MeasureCode VAL scip-inf-6 COL MeasureName VAL surgery patients needing hair removed from the surgical area before surgery who had hair removed using a safer method (electric clippers or hair removal cream c not a razor) COL Score VAL 100% COL Sample VAL 619 paxienxs COL Stateavg VAL al_scip-inf-6 ,COL Address1 VAL 205 marengo street ,0
74,COL ProviderNumber VAL 10006 COL HospitalName VAL eliza coffee memorial hospital COL Address1 VAL 205 marengo street COL Address2 VAL empty COL Address3 VAL empty COL City VAL florence COL State VAL al COL ZipCode VAL 35631 COL CountyName VAL lauderdale COL PhoneNumber VAL 2567688400 COL HospitalType VAL acute care hospitals COL HospitalOwner VAL voluntary non-profit - other COL EmergencyService VAL yes COL Condition VAL surgical infection prevention COL MeasureCode VAL scip-inf-6 COL MeasureName VAL surgery patients needing hair removed from the surgical area before surgery who had hair removed using a safer method (electric clippers or hair removal cream c not a razor) COL Score VAL 100% COL Sample VAL 619 paxienxs COL Stateavg VAL al_scip-inf-6 ,COL City VAL florence ,0
75,COL ProviderNumber VAL 10006 COL HospitalName VAL eliza coffee memorial hospital COL Address1 VAL 205 marengo street COL Address2 VAL empty COL Address3 VAL empty COL City VAL florence COL State VAL al COL ZipCode VAL 35631 COL CountyName VAL lauderdale COL PhoneNumber VAL 2567688400 COL HospitalType VAL acute care hospitals COL HospitalOwner VAL voluntary non-profit - other COL EmergencyService VAL yes COL Condition VAL surgical infection prevention COL MeasureCode VAL scip-inf-6 COL MeasureName VAL surgery patients needing hair removed from the surgical area before surgery who had hair removed using a safer method (electric clippers or hair removal cream c not a razor) COL Score VAL 100% COL Sample VAL 619 paxienxs COL Stateavg VAL al_scip-inf-6 ,COL CountyName VAL lauderdale ,0
76,COL ProviderNumber VAL 10006 COL HospitalName VAL eliza coffee memorial hospital COL Address1 VAL 205 marengo street COL Address2 VAL empty COL Address3 VAL empty COL City VAL florence COL State VAL al COL ZipCode VAL 35631 COL CountyName VAL lauderdale COL PhoneNumber VAL 2567688400 COL HospitalType VAL acute care hospitals COL HospitalOwner VAL voluntary non-profit - other COL EmergencyService VAL yes COL Condition VAL surgical infection prevention COL MeasureCode VAL scip-inf-6 COL MeasureName VAL surgery patients needing hair removed from the surgical area before surgery who had hair removed using a safer method (electric clippers or hair removal cream c not a razor) COL Score VAL 100% COL Sample VAL 619 paxienxs COL Stateavg VAL al_scip-inf-6 ,COL PhoneNumber VAL 2567688400 ,0
77,COL ProviderNumber VAL 10006 COL HospitalName VAL eliza coffee memorial hospital COL Address1 VAL 205 marengo street COL Address2 VAL empty COL Address3 VAL empty COL City VAL florence COL State VAL al COL ZipCode VAL 35631 COL CountyName VAL lauderdale COL PhoneNumber VAL 2567688400 COL HospitalType VAL acute care hospitals COL HospitalOwner VAL voluntary non-profit - other COL EmergencyService VAL yes COL Condition VAL surgical infection prevention COL MeasureCode VAL scip-inf-6 COL MeasureName VAL surgery patients needing hair removed from the surgical area before surgery who had hair removed using a safer method (electric clippers or hair removal cream c not a razor) COL Score VAL 100% COL Sample VAL 619 paxienxs COL Stateavg VAL al_scip-inf-6 ,COL HospitalType VAL acute care hospitals ,0
78,COL ProviderNumber VAL 10006 COL HospitalName VAL eliza coffee memorial hospital COL Address1 VAL 205 marengo street COL Address2 VAL empty COL Address3 VAL empty COL City VAL florence COL State VAL al COL ZipCode VAL 35631 COL CountyName VAL lauderdale COL PhoneNumber VAL 2567688400 COL HospitalType VAL acute care hospitals COL HospitalOwner VAL voluntary non-profit - other COL EmergencyService VAL yes COL Condition VAL surgical infection prevention COL MeasureCode VAL scip-inf-6 COL MeasureName VAL surgery patients needing hair removed from the surgical area before surgery who had hair removed using a safer method (electric clippers or hair removal cream c not a razor) COL Score VAL 100% COL Sample VAL 619 paxienxs COL Stateavg VAL al_scip-inf-6 ,COL MeasureName VAL surgery patients needing hair removed from the surgical area before surgery who had hair removed using a safer method (electric clippers or hair removal cream c not a razor) ,0
79,COL ProviderNumber VAL 10006 COL HospitalName VAL eliza coffee memorial hospital COL Address1 VAL 205 marengo street COL Address2 VAL empty COL Address3 VAL empty COL City VAL florence COL State VAL al COL ZipCode VAL 35631 COL CountyName VAL lauderdale COL PhoneNumber VAL 2567688400 COL HospitalType VAL acute care hospitals COL HospitalOwner VAL voluntary non-profit - other COL EmergencyService VAL yes COL Condition VAL surgical infection prevention COL MeasureCode VAL scip-inf-6 COL MeasureName VAL surgery patients needing hair removed from the surgical area before surgery who had hair removed using a safer method (electric clippers or hair removal cream c not a razor) COL Score VAL 100% COL Sample VAL 619 paxienxs COL Stateavg VAL al_scip-inf-6 ,COL Sample VAL 619 paxienxs ,1
80,COL ProviderNumber VAL 10034 COL HospitalName VAL community hospital inc COL Address1 VAL 805 friendship road COL Address2 VAL empty COL Address3 VAL empty COL City VAL tallassee COL State VAL al COL ZipCode VAL 36078 COL CountyName VAL elmore COL PhoneNumber VAL 33x28365x1 COL HospitalType VAL acute care hospitals COL HospitalOwner VAL voluntary non-profit - private COL EmergencyService VAL no COL Condition VAL surgical infection prevention COL MeasureCode VAL scip-inf-6 COL MeasureName VAL surgery paxienxs needing hair removed from xhe surgical area before surgery who had hair removed using a safer mexhod (elecxric clippers or hair removal cream c nox a razor) COL Score VAL 100% COL Sample VAL 33 patients COL Stateavg VAL al_scip-inf-6 ,COL HospitalName VAL community hospital inc ,0
81,COL ProviderNumber VAL 10034 COL HospitalName VAL community hospital inc COL Address1 VAL 805 friendship road COL Address2 VAL empty COL Address3 VAL empty COL City VAL tallassee COL State VAL al COL ZipCode VAL 36078 COL CountyName VAL elmore COL PhoneNumber VAL 33x28365x1 COL HospitalType VAL acute care hospitals COL HospitalOwner VAL voluntary non-profit - private COL EmergencyService VAL no COL Condition VAL surgical infection prevention COL MeasureCode VAL scip-inf-6 COL MeasureName VAL surgery paxienxs needing hair removed from xhe surgical area before surgery who had hair removed using a safer mexhod (elecxric clippers or hair removal cream c nox a razor) COL Score VAL 100% COL Sample VAL 33 patients COL Stateavg VAL al_scip-inf-6 ,COL Address1 VAL 805 friendship road ,0
82,COL ProviderNumber VAL 10034 COL HospitalName VAL community hospital inc COL Address1 VAL 805 friendship road COL Address2 VAL empty COL Address3 VAL empty COL City VAL tallassee COL State VAL al COL ZipCode VAL 36078 COL CountyName VAL elmore COL PhoneNumber VAL 33x28365x1 COL HospitalType VAL acute care hospitals COL HospitalOwner VAL voluntary non-profit - private COL EmergencyService VAL no COL Condition VAL surgical infection prevention COL MeasureCode VAL scip-inf-6 COL MeasureName VAL surgery paxienxs needing hair removed from xhe surgical area before surgery who had hair removed using a safer mexhod (elecxric clippers or hair removal cream c nox a razor) COL Score VAL 100% COL Sample VAL 33 patients COL Stateavg VAL al_scip-inf-6 ,COL City VAL tallassee ,0
83,COL ProviderNumber VAL 10034 COL HospitalName VAL community hospital inc COL Address1 VAL 805 friendship road COL Address2 VAL empty COL Address3 VAL empty COL City VAL tallassee COL State VAL al COL ZipCode VAL 36078 COL CountyName VAL elmore COL PhoneNumber VAL 33x28365x1 COL HospitalType VAL acute care hospitals COL HospitalOwner VAL voluntary non-profit - private COL EmergencyService VAL no COL Condition VAL surgical infection prevention COL MeasureCode VAL scip-inf-6 COL MeasureName VAL surgery paxienxs needing hair removed from xhe surgical area before surgery who had hair removed using a safer mexhod (elecxric clippers or hair removal cream c nox a razor) COL Score VAL 100% COL Sample VAL 33 patients COL Stateavg VAL al_scip-inf-6 ,COL CountyName VAL elmore ,0
84,COL ProviderNumber VAL 10034 COL HospitalName VAL community hospital inc COL Address1 VAL 805 friendship road COL Address2 VAL empty COL Address3 VAL empty COL City VAL tallassee COL State VAL al COL ZipCode VAL 36078 COL CountyName VAL elmore COL PhoneNumber VAL 33x28365x1 COL HospitalType VAL acute care hospitals COL HospitalOwner VAL voluntary non-profit - private COL EmergencyService VAL no COL Condition VAL surgical infection prevention COL MeasureCode VAL scip-inf-6 COL MeasureName VAL surgery paxienxs needing hair removed from xhe surgical area before surgery who had hair removed using a safer mexhod (elecxric clippers or hair removal cream c nox a razor) COL Score VAL 100% COL Sample VAL 33 patients COL Stateavg VAL al_scip-inf-6 ,COL PhoneNumber VAL 33x28365x1 ,1
85,COL ProviderNumber VAL 10034 COL HospitalName VAL community hospital inc COL Address1 VAL 805 friendship road COL Address2 VAL empty COL Address3 VAL empty COL City VAL tallassee COL State VAL al COL ZipCode VAL 36078 COL CountyName VAL elmore COL PhoneNumber VAL 33x28365x1 COL HospitalType VAL acute care hospitals COL HospitalOwner VAL voluntary non-profit - private COL EmergencyService VAL no COL Condition VAL surgical infection prevention COL MeasureCode VAL scip-inf-6 COL MeasureName VAL surgery paxienxs needing hair removed from xhe surgical area before surgery who had hair removed using a safer mexhod (elecxric clippers or hair removal cream c nox a razor) COL Score VAL 100% COL Sample VAL 33 patients COL Stateavg VAL al_scip-inf-6 ,COL HospitalType VAL acute care hospitals ,0
86,COL ProviderNumber VAL 10034 COL HospitalName VAL community hospital inc COL Address1 VAL 805 friendship road COL Address2 VAL empty COL Address3 VAL empty COL City VAL tallassee COL State VAL al COL ZipCode VAL 36078 COL CountyName VAL elmore COL PhoneNumber VAL 33x28365x1 COL HospitalType VAL acute care hospitals COL HospitalOwner VAL voluntary non-profit - private COL EmergencyService VAL no COL Condition VAL surgical infection prevention COL MeasureCode VAL scip-inf-6 COL MeasureName VAL surgery paxienxs needing hair removed from xhe surgical area before surgery who had hair removed using a safer mexhod (elecxric clippers or hair removal cream c nox a razor) COL Score VAL 100% COL Sample VAL 33 patients COL Stateavg VAL al_scip-inf-6 ,COL MeasureName VAL surgery paxienxs needing hair removed from xhe surgical area before surgery who had hair removed using a safer mexhod (elecxric clippers or hair removal cream c nox a razor) ,1
87,COL ProviderNumber VAL 10034 COL HospitalName VAL community hospital inc COL Address1 VAL 805 friendship road COL Address2 VAL empty COL Address3 VAL empty COL City VAL tallassee COL State VAL al COL ZipCode VAL 36078 COL CountyName VAL elmore COL PhoneNumber VAL 33x28365x1 COL HospitalType VAL acute care hospitals COL HospitalOwner VAL voluntary non-profit - private COL EmergencyService VAL no COL Condition VAL surgical infection prevention COL MeasureCode VAL scip-inf-6 COL MeasureName VAL surgery paxienxs needing hair removed from xhe surgical area before surgery who had hair removed using a safer mexhod (elecxric clippers or hair removal cream c nox a razor) COL Score VAL 100% COL Sample VAL 33 patients COL Stateavg VAL al_scip-inf-6 ,COL Sample VAL 33 patients ,0
88,COL ProviderNumber VAL 10036 COL HospitalName VAL andalusia regional hospital COL Address1 VAL 849 south three notch street COL Address2 VAL empty COL Address3 VAL empty COL City VAL andalusia COL State VAL al COL ZipCode VAL 36420 COL CountyName VAL covington COL PhoneNumber VAL 33422284xx COL HospitalType VAL acute care hospitals COL HospitalOwner VAL proprietary COL EmergencyService VAL no COL Condition VAL surgical infection prevention COL MeasureCode VAL scip-inf-6 COL MeasureName VAL surgery patients needing hair removed from the surgical area before surgery who had hair removed using a safer method (electric clippers or hair removal cream c not a razor) COL Score VAL 100% COL Sample VAL 204 patients COL Stateavg VAL al_scip-inf-6 ,COL HospitalName VAL andalusia regional hospital ,0
89,COL ProviderNumber VAL 10036 COL HospitalName VAL andalusia regional hospital COL Address1 VAL 849 south three notch street COL Address2 VAL empty COL Address3 VAL empty COL City VAL andalusia COL State VAL al COL ZipCode VAL 36420 COL CountyName VAL covington COL PhoneNumber VAL 33422284xx COL HospitalType VAL acute care hospitals COL HospitalOwner VAL proprietary COL EmergencyService VAL no COL Condition VAL surgical infection prevention COL MeasureCode VAL scip-inf-6 COL MeasureName VAL surgery patients needing hair removed from the surgical area before surgery who had hair removed using a safer method (electric clippers or hair removal cream c not a razor) COL Score VAL 100% COL Sample VAL 204 patients COL Stateavg VAL al_scip-inf-6 ,COL Address1 VAL 849 south three notch street ,0
90,COL ProviderNumber VAL 10036 COL HospitalName VAL andalusia regional hospital COL Address1 VAL 849 south three notch street COL Address2 VAL empty COL Address3 VAL empty COL City VAL andalusia COL State VAL al COL ZipCode VAL 36420 COL CountyName VAL covington COL PhoneNumber VAL 33422284xx COL HospitalType VAL acute care hospitals COL HospitalOwner VAL proprietary COL EmergencyService VAL no COL Condition VAL surgical infection prevention COL MeasureCode VAL scip-inf-6 COL MeasureName VAL surgery patients needing hair removed from the surgical area before surgery who had hair removed using a safer method (electric clippers or hair removal cream c not a razor) COL Score VAL 100% COL Sample VAL 204 patients COL Stateavg VAL al_scip-inf-6 ,COL City VAL andalusia ,0
91,COL ProviderNumber VAL 10036 COL HospitalName VAL andalusia regional hospital COL Address1 VAL 849 south three notch street COL Address2 VAL empty COL Address3 VAL empty COL City VAL andalusia COL State VAL al COL ZipCode VAL 36420 COL CountyName VAL covington COL PhoneNumber VAL 33422284xx COL HospitalType VAL acute care hospitals COL HospitalOwner VAL proprietary COL EmergencyService VAL no COL Condition VAL surgical infection prevention COL MeasureCode VAL scip-inf-6 COL MeasureName VAL surgery patients needing hair removed from the surgical area before surgery who had hair removed using a safer method (electric clippers or hair removal cream c not a razor) COL Score VAL 100% COL Sample VAL 204 patients COL Stateavg VAL al_scip-inf-6 ,COL CountyName VAL covington ,0
92,COL ProviderNumber VAL 10036 COL HospitalName VAL andalusia regional hospital COL Address1 VAL 849 south three notch street COL Address2 VAL empty COL Address3 VAL empty COL City VAL andalusia COL State VAL al COL ZipCode VAL 36420 COL CountyName VAL covington COL PhoneNumber VAL 33422284xx COL HospitalType VAL acute care hospitals COL HospitalOwner VAL proprietary COL EmergencyService VAL no COL Condition VAL surgical infection prevention COL MeasureCode VAL scip-inf-6 COL MeasureName VAL surgery patients needing hair removed from the surgical area before surgery who had hair removed using a safer method (electric clippers or hair removal cream c not a razor) COL Score VAL 100% COL Sample VAL 204 patients COL Stateavg VAL al_scip-inf-6 ,COL PhoneNumber VAL 33422284xx ,1
93,COL ProviderNumber VAL 10036 COL HospitalName VAL andalusia regional hospital COL Address1 VAL 849 south three notch street COL Address2 VAL empty COL Address3 VAL empty COL City VAL andalusia COL State VAL al COL ZipCode VAL 36420 COL CountyName VAL covington COL PhoneNumber VAL 33422284xx COL HospitalType VAL acute care hospitals COL HospitalOwner VAL proprietary COL EmergencyService VAL no COL Condition VAL surgical infection prevention COL MeasureCode VAL scip-inf-6 COL MeasureName VAL surgery patients needing hair removed from the surgical area before surgery who had hair removed using a safer method (electric clippers or hair removal cream c not a razor) COL Score VAL 100% COL Sample VAL 204 patients COL Stateavg VAL al_scip-inf-6 ,COL HospitalType VAL acute care hospitals ,0
94,COL ProviderNumber VAL 10036 COL HospitalName VAL andalusia regional hospital COL Address1 VAL 849 south three notch street COL Address2 VAL empty COL Address3 VAL empty COL City VAL andalusia COL State VAL al COL ZipCode VAL 36420 COL CountyName VAL covington COL PhoneNumber VAL 33422284xx COL HospitalType VAL acute care hospitals COL HospitalOwner VAL proprietary COL EmergencyService VAL no COL Condition VAL surgical infection prevention COL MeasureCode VAL scip-inf-6 COL MeasureName VAL surgery patients needing hair removed from the surgical area before surgery who had hair removed using a safer method (electric clippers or hair removal cream c not a razor) COL Score VAL 100% COL Sample VAL 204 patients COL Stateavg VAL al_scip-inf-6 ,COL MeasureName VAL surgery patients needing hair removed from the surgical area before surgery who had hair removed using a safer method (electric clippers or hair removal cream c not a razor) ,0
95,COL ProviderNumber VAL 10036 COL HospitalName VAL andalusia regional hospital COL Address1 VAL 849 south three notch street COL Address2 VAL empty COL Address3 VAL empty COL City VAL andalusia COL State VAL al COL ZipCode VAL 36420 COL CountyName VAL covington COL PhoneNumber VAL 33422284xx COL HospitalType VAL acute care hospitals COL HospitalOwner VAL proprietary COL EmergencyService VAL no COL Condition VAL surgical infection prevention COL MeasureCode VAL scip-inf-6 COL MeasureName VAL surgery patients needing hair removed from the surgical area before surgery who had hair removed using a safer method (electric clippers or hair removal cream c not a razor) COL Score VAL 100% COL Sample VAL 204 patients COL Stateavg VAL al_scip-inf-6 ,COL Sample VAL 204 patients ,0
96,COL ProviderNumber VAL 10038 COL HospitalName VAL stringfellow memorial hospital COL Address1 VAL 301 east 18th st COL Address2 VAL empty COL Address3 VAL empty COL City VAL axxistox COL State VAL al COL ZipCode VAL 36201 COL CountyName VAL calhoun COL PhoneNumber VAL 2562358900 COL HospitalType VAL acute care hospitals COL HospitalOwner VAL proprietary COL EmergencyService VAL yes COL Condition VAL children s asthma care COL MeasureCode VAL cac-2 COL MeasureName VAL children who received systemic corticosteroid medication (oral and iv medication that reduces inflammation and controls symptoms) while hospitalized for asthma COL Score VAL 100% COL Sample VAL 9 patients COL Stateavg VAL al_cac-2 ,COL HospitalName VAL stringfellow memorial hospital ,0
97,COL ProviderNumber VAL 10038 COL HospitalName VAL stringfellow memorial hospital COL Address1 VAL 301 east 18th st COL Address2 VAL empty COL Address3 VAL empty COL City VAL axxistox COL State VAL al COL ZipCode VAL 36201 COL CountyName VAL calhoun COL PhoneNumber VAL 2562358900 COL HospitalType VAL acute care hospitals COL HospitalOwner VAL proprietary COL EmergencyService VAL yes COL Condition VAL children s asthma care COL MeasureCode VAL cac-2 COL MeasureName VAL children who received systemic corticosteroid medication (oral and iv medication that reduces inflammation and controls symptoms) while hospitalized for asthma COL Score VAL 100% COL Sample VAL 9 patients COL Stateavg VAL al_cac-2 ,COL Address1 VAL 301 east 18th st ,0
98,COL ProviderNumber VAL 10038 COL HospitalName VAL stringfellow memorial hospital COL Address1 VAL 301 east 18th st COL Address2 VAL empty COL Address3 VAL empty COL City VAL axxistox COL State VAL al COL ZipCode VAL 36201 COL CountyName VAL calhoun COL PhoneNumber VAL 2562358900 COL HospitalType VAL acute care hospitals COL HospitalOwner VAL proprietary COL EmergencyService VAL yes COL Condition VAL children s asthma care COL MeasureCode VAL cac-2 COL MeasureName VAL children who received systemic corticosteroid medication (oral and iv medication that reduces inflammation and controls symptoms) while hospitalized for asthma COL Score VAL 100% COL Sample VAL 9 patients COL Stateavg VAL al_cac-2 ,COL City VAL axxistox ,1
99,COL ProviderNumber VAL 10038 COL HospitalName VAL stringfellow memorial hospital COL Address1 VAL 301 east 18th st COL Address2 VAL empty COL Address3 VAL empty COL City VAL axxistox COL State VAL al COL ZipCode VAL 36201 COL CountyName VAL calhoun COL PhoneNumber VAL 2562358900 COL HospitalType VAL acute care hospitals COL HospitalOwner VAL proprietary COL EmergencyService VAL yes COL Condition VAL children s asthma care COL MeasureCode VAL cac-2 COL MeasureName VAL children who received systemic corticosteroid medication (oral and iv medication that reduces inflammation and controls symptoms) while hospitalized for asthma COL Score VAL 100% COL Sample VAL 9 patients COL Stateavg VAL al_cac-2 ,COL CountyName VAL calhoun ,0
100,COL ProviderNumber VAL 10038 COL HospitalName VAL stringfellow memorial hospital COL Address1 VAL 301 east 18th st COL Address2 VAL empty COL Address3 VAL empty COL City VAL axxistox COL State VAL al COL ZipCode VAL 36201 COL CountyName VAL calhoun COL PhoneNumber VAL 2562358900 COL HospitalType VAL acute care hospitals COL HospitalOwner VAL proprietary COL EmergencyService VAL yes COL Condition VAL children s asthma care COL MeasureCode VAL cac-2 COL MeasureName VAL children who received systemic corticosteroid medication (oral and iv medication that reduces inflammation and controls symptoms) while hospitalized for asthma COL Score VAL 100% COL Sample VAL 9 patients COL Stateavg VAL al_cac-2 ,COL PhoneNumber VAL 2562358900 ,0
101,COL ProviderNumber VAL 10038 COL HospitalName VAL stringfellow memorial hospital COL Address1 VAL 301 east 18th st COL Address2 VAL empty COL Address3 VAL empty COL City VAL axxistox COL State VAL al COL ZipCode VAL 36201 COL CountyName VAL calhoun COL PhoneNumber VAL 2562358900 COL HospitalType VAL acute care hospitals COL HospitalOwner VAL proprietary COL EmergencyService VAL yes COL Condition VAL children s asthma care COL MeasureCode VAL cac-2 COL MeasureName VAL children who received systemic corticosteroid medication (oral and iv medication that reduces inflammation and controls symptoms) while hospitalized for asthma COL Score VAL 100% COL Sample VAL 9 patients COL Stateavg VAL al_cac-2 ,COL HospitalType VAL acute care hospitals ,0
102,COL ProviderNumber VAL 10038 COL HospitalName VAL stringfellow memorial hospital COL Address1 VAL 301 east 18th st COL Address2 VAL empty COL Address3 VAL empty COL City VAL axxistox COL State VAL al COL ZipCode VAL 36201 COL CountyName VAL calhoun COL PhoneNumber VAL 2562358900 COL HospitalType VAL acute care hospitals COL HospitalOwner VAL proprietary COL EmergencyService VAL yes COL Condition VAL children s asthma care COL MeasureCode VAL cac-2 COL MeasureName VAL children who received systemic corticosteroid medication (oral and iv medication that reduces inflammation and controls symptoms) while hospitalized for asthma COL Score VAL 100% COL Sample VAL 9 patients COL Stateavg VAL al_cac-2 ,COL MeasureName VAL children who received systemic corticosteroid medication (oral and iv medication that reduces inflammation and controls symptoms) while hospitalized for asthma ,0
103,COL ProviderNumber VAL 10038 COL HospitalName VAL stringfellow memorial hospital COL Address1 VAL 301 east 18th st COL Address2 VAL empty COL Address3 VAL empty COL City VAL axxistox COL State VAL al COL ZipCode VAL 36201 COL CountyName VAL calhoun COL PhoneNumber VAL 2562358900 COL HospitalType VAL acute care hospitals COL HospitalOwner VAL proprietary COL EmergencyService VAL yes COL Condition VAL children s asthma care COL MeasureCode VAL cac-2 COL MeasureName VAL children who received systemic corticosteroid medication (oral and iv medication that reduces inflammation and controls symptoms) while hospitalized for asthma COL Score VAL 100% COL Sample VAL 9 patients COL Stateavg VAL al_cac-2 ,COL Sample VAL 9 patients ,0
104,COL ProviderNumber VAL 10039 COL HospitalName VAL huntsville hospital COL Address1 VAL 101 sivley rd COL Address2 VAL empty COL Address3 VAL empty COL City VAL huntsville COL State VAL al COL ZipCode VAL 35801 COL CountyName VAL madison COL PhoneNumber VAL 2562651000 COL HospitalType VAL acute care hospitals COL HospitalOwner VAL government - hospital district or authority COL EmergencyService VAL yes COL Condition VAL children s asthma care COL MeasureCode VAL cac-3 COL MeasureName VAL children and their caregivers who received a home management plan of care document while hospitalized for asthma COL Score VAL 14% COL Sample VAL 193 paxienxs COL Stateavg VAL al_cac-3 ,COL HospitalName VAL huntsville hospital ,0
105,COL ProviderNumber VAL 10039 COL HospitalName VAL huntsville hospital COL Address1 VAL 101 sivley rd COL Address2 VAL empty COL Address3 VAL empty COL City VAL huntsville COL State VAL al COL ZipCode VAL 35801 COL CountyName VAL madison COL PhoneNumber VAL 2562651000 COL HospitalType VAL acute care hospitals COL HospitalOwner VAL government - hospital district or authority COL EmergencyService VAL yes COL Condition VAL children s asthma care COL MeasureCode VAL cac-3 COL MeasureName VAL children and their caregivers who received a home management plan of care document while hospitalized for asthma COL Score VAL 14% COL Sample VAL 193 paxienxs COL Stateavg VAL al_cac-3 ,COL Address1 VAL 101 sivley rd ,0
106,COL ProviderNumber VAL 10039 COL HospitalName VAL huntsville hospital COL Address1 VAL 101 sivley rd COL Address2 VAL empty COL Address3 VAL empty COL City VAL huntsville COL State VAL al COL ZipCode VAL 35801 COL CountyName VAL madison COL PhoneNumber VAL 2562651000 COL HospitalType VAL acute care hospitals COL HospitalOwner VAL government - hospital district or authority COL EmergencyService VAL yes COL Condition VAL children s asthma care COL MeasureCode VAL cac-3 COL MeasureName VAL children and their caregivers who received a home management plan of care document while hospitalized for asthma COL Score VAL 14% COL Sample VAL 193 paxienxs COL Stateavg VAL al_cac-3 ,COL City VAL huntsville ,0
107,COL ProviderNumber VAL 10039 COL HospitalName VAL huntsville hospital COL Address1 VAL 101 sivley rd COL Address2 VAL empty COL Address3 VAL empty COL City VAL huntsville COL State VAL al COL ZipCode VAL 35801 COL CountyName VAL madison COL PhoneNumber VAL 2562651000 COL HospitalType VAL acute care hospitals COL HospitalOwner VAL government - hospital district or authority COL EmergencyService VAL yes COL Condition VAL children s asthma care COL MeasureCode VAL cac-3 COL MeasureName VAL children and their caregivers who received a home management plan of care document while hospitalized for asthma COL Score VAL 14% COL Sample VAL 193 paxienxs COL Stateavg VAL al_cac-3 ,COL CountyName VAL madison ,0
108,COL ProviderNumber VAL 10039 COL HospitalName VAL huntsville hospital COL Address1 VAL 101 sivley rd COL Address2 VAL empty COL Address3 VAL empty COL City VAL huntsville COL State VAL al COL ZipCode VAL 35801 COL CountyName VAL madison COL PhoneNumber VAL 2562651000 COL HospitalType VAL acute care hospitals COL HospitalOwner VAL government - hospital district or authority COL EmergencyService VAL yes COL Condition VAL children s asthma care COL MeasureCode VAL cac-3 COL MeasureName VAL children and their caregivers who received a home management plan of care document while hospitalized for asthma COL Score VAL 14% COL Sample VAL 193 paxienxs COL Stateavg VAL al_cac-3 ,COL PhoneNumber VAL 2562651000 ,0
109,COL ProviderNumber VAL 10039 COL HospitalName VAL huntsville hospital COL Address1 VAL 101 sivley rd COL Address2 VAL empty COL Address3 VAL empty COL City VAL huntsville COL State VAL al COL ZipCode VAL 35801 COL CountyName VAL madison COL PhoneNumber VAL 2562651000 COL HospitalType VAL acute care hospitals COL HospitalOwner VAL government - hospital district or authority COL EmergencyService VAL yes COL Condition VAL children s asthma care COL MeasureCode VAL cac-3 COL MeasureName VAL children and their caregivers who received a home management plan of care document while hospitalized for asthma COL Score VAL 14% COL Sample VAL 193 paxienxs COL Stateavg VAL al_cac-3 ,COL HospitalType VAL acute care hospitals ,0
110,COL ProviderNumber VAL 10039 COL HospitalName VAL huntsville hospital COL Address1 VAL 101 sivley rd COL Address2 VAL empty COL Address3 VAL empty COL City VAL huntsville COL State VAL al COL ZipCode VAL 35801 COL CountyName VAL madison COL PhoneNumber VAL 2562651000 COL HospitalType VAL acute care hospitals COL HospitalOwner VAL government - hospital district or authority COL EmergencyService VAL yes COL Condition VAL children s asthma care COL MeasureCode VAL cac-3 COL MeasureName VAL children and their caregivers who received a home management plan of care document while hospitalized for asthma COL Score VAL 14% COL Sample VAL 193 paxienxs COL Stateavg VAL al_cac-3 ,COL MeasureName VAL children and their caregivers who received a home management plan of care document while hospitalized for asthma ,0
111,COL ProviderNumber VAL 10039 COL HospitalName VAL huntsville hospital COL Address1 VAL 101 sivley rd COL Address2 VAL empty COL Address3 VAL empty COL City VAL huntsville COL State VAL al COL ZipCode VAL 35801 COL CountyName VAL madison COL PhoneNumber VAL 2562651000 COL HospitalType VAL acute care hospitals COL HospitalOwner VAL government - hospital district or authority COL EmergencyService VAL yes COL Condition VAL children s asthma care COL MeasureCode VAL cac-3 COL MeasureName VAL children and their caregivers who received a home management plan of care document while hospitalized for asthma COL Score VAL 14% COL Sample VAL 193 paxienxs COL Stateavg VAL al_cac-3 ,COL Sample VAL 193 paxienxs ,1
112,COL ProviderNumber VAL 10009 COL HospitalName VAL hartselle medical center COL Address1 VAL 201 pine street northwest COL Address2 VAL empty COL Address3 VAL empty COL City VAL hartselle COL State VAL al COL ZipCode VAL 35640 COL CountyName VAL morgan COL PhoneNumber VAL 2567736511 COL HospitalType VAL acute care hospitals COL HospitalOwner VAL proprietary COL EmergencyService VAL yes COL Condition VAL surgical infection prevention COL MeasureCode VAL scip-inf-6 COL MeasureName VAL surgery patients needing hair removed from the surgical area before surgery who had hair removed using a safer method (electric clippers or hair removal cream c not a razor) COL Score VAL 100% COL Sample VAL xx patients COL Stateavg VAL al_scip-inf-6 ,COL HospitalName VAL hartselle medical center ,0
113,COL ProviderNumber VAL 10009 COL HospitalName VAL hartselle medical center COL Address1 VAL 201 pine street northwest COL Address2 VAL empty COL Address3 VAL empty COL City VAL hartselle COL State VAL al COL ZipCode VAL 35640 COL CountyName VAL morgan COL PhoneNumber VAL 2567736511 COL HospitalType VAL acute care hospitals COL HospitalOwner VAL proprietary COL EmergencyService VAL yes COL Condition VAL surgical infection prevention COL MeasureCode VAL scip-inf-6 COL MeasureName VAL surgery patients needing hair removed from the surgical area before surgery who had hair removed using a safer method (electric clippers or hair removal cream c not a razor) COL Score VAL 100% COL Sample VAL xx patients COL Stateavg VAL al_scip-inf-6 ,COL Address1 VAL 201 pine street northwest ,0
114,COL ProviderNumber VAL 10009 COL HospitalName VAL hartselle medical center COL Address1 VAL 201 pine street northwest COL Address2 VAL empty COL Address3 VAL empty COL City VAL hartselle COL State VAL al COL ZipCode VAL 35640 COL CountyName VAL morgan COL PhoneNumber VAL 2567736511 COL HospitalType VAL acute care hospitals COL HospitalOwner VAL proprietary COL EmergencyService VAL yes COL Condition VAL surgical infection prevention COL MeasureCode VAL scip-inf-6 COL MeasureName VAL surgery patients needing hair removed from the surgical area before surgery who had hair removed using a safer method (electric clippers or hair removal cream c not a razor) COL Score VAL 100% COL Sample VAL xx patients COL Stateavg VAL al_scip-inf-6 ,COL City VAL hartselle ,0
115,COL ProviderNumber VAL 10009 COL HospitalName VAL hartselle medical center COL Address1 VAL 201 pine street northwest COL Address2 VAL empty COL Address3 VAL empty COL City VAL hartselle COL State VAL al COL ZipCode VAL 35640 COL CountyName VAL morgan COL PhoneNumber VAL 2567736511 COL HospitalType VAL acute care hospitals COL HospitalOwner VAL proprietary COL EmergencyService VAL yes COL Condition VAL surgical infection prevention COL MeasureCode VAL scip-inf-6 COL MeasureName VAL surgery patients needing hair removed from the surgical area before surgery who had hair removed using a safer method (electric clippers or hair removal cream c not a razor) COL Score VAL 100% COL Sample VAL xx patients COL Stateavg VAL al_scip-inf-6 ,COL CountyName VAL morgan ,0
116,COL ProviderNumber VAL 10009 COL HospitalName VAL hartselle medical center COL Address1 VAL 201 pine street northwest COL Address2 VAL empty COL Address3 VAL empty COL City VAL hartselle COL State VAL al COL ZipCode VAL 35640 COL CountyName VAL morgan COL PhoneNumber VAL 2567736511 COL HospitalType VAL acute care hospitals COL HospitalOwner VAL proprietary COL EmergencyService VAL yes COL Condition VAL surgical infection prevention COL MeasureCode VAL scip-inf-6 COL MeasureName VAL surgery patients needing hair removed from the surgical area before surgery who had hair removed using a safer method (electric clippers or hair removal cream c not a razor) COL Score VAL 100% COL Sample VAL xx patients COL Stateavg VAL al_scip-inf-6 ,COL PhoneNumber VAL 2567736511 ,0
117,COL ProviderNumber VAL 10009 COL HospitalName VAL hartselle medical center COL Address1 VAL 201 pine street northwest COL Address2 VAL empty COL Address3 VAL empty COL City VAL hartselle COL State VAL al COL ZipCode VAL 35640 COL CountyName VAL morgan COL PhoneNumber VAL 2567736511 COL HospitalType VAL acute care hospitals COL HospitalOwner VAL proprietary COL EmergencyService VAL yes COL Condition VAL surgical infection prevention COL MeasureCode VAL scip-inf-6 COL MeasureName VAL surgery patients needing hair removed from the surgical area before surgery who had hair removed using a safer method (electric clippers or hair removal cream c not a razor) COL Score VAL 100% COL Sample VAL xx patients COL Stateavg VAL al_scip-inf-6 ,COL HospitalType VAL acute care hospitals ,0
118,COL ProviderNumber VAL 10009 COL HospitalName VAL hartselle medical center COL Address1 VAL 201 pine street northwest COL Address2 VAL empty COL Address3 VAL empty COL City VAL hartselle COL State VAL al COL ZipCode VAL 35640 COL CountyName VAL morgan COL PhoneNumber VAL 2567736511 COL HospitalType VAL acute care hospitals COL HospitalOwner VAL proprietary COL EmergencyService VAL yes COL Condition VAL surgical infection prevention COL MeasureCode VAL scip-inf-6 COL MeasureName VAL surgery patients needing hair removed from the surgical area before surgery who had hair removed using a safer method (electric clippers or hair removal cream c not a razor) COL Score VAL 100% COL Sample VAL xx patients COL Stateavg VAL al_scip-inf-6 ,COL MeasureName VAL surgery patients needing hair removed from the surgical area before surgery who had hair removed using a safer method (electric clippers or hair removal cream c not a razor) ,0
119,COL ProviderNumber VAL 10009 COL HospitalName VAL hartselle medical center COL Address1 VAL 201 pine street northwest COL Address2 VAL empty COL Address3 VAL empty COL City VAL hartselle COL State VAL al COL ZipCode VAL 35640 COL CountyName VAL morgan COL PhoneNumber VAL 2567736511 COL HospitalType VAL acute care hospitals COL HospitalOwner VAL proprietary COL EmergencyService VAL yes COL Condition VAL surgical infection prevention COL MeasureCode VAL scip-inf-6 COL MeasureName VAL surgery patients needing hair removed from the surgical area before surgery who had hair removed using a safer method (electric clippers or hair removal cream c not a razor) COL Score VAL 100% COL Sample VAL xx patients COL Stateavg VAL al_scip-inf-6 ,COL Sample VAL xx patients ,1
120,COL ProviderNumber VAL 10008 COL HospitalName VAL crenshaw community hospital COL Address1 VAL 101 hospital circle COL Address2 VAL empty COL Address3 VAL empty COL City VAL luverne COL State VAL al COL ZipCode VAL 36049 COL CountyName VAL crxnshaw COL PhoneNumber VAL 3343353374 COL HospitalType VAL acute care hospitals COL HospitalOwner VAL government - federal COL EmergencyService VAL yes COL Condition VAL surgical infection prevention COL MeasureCode VAL scip-card-2 COL MeasureName VAL surgery patients who were taking heart drugs called beta blockers before coming to the hospital who were kept on the beta blockers during the period just before and after their surgery COL Score VAL 100% COL Sample VAL 1 patients COL Stateavg VAL al_scip-card-2 ,COL HospitalName VAL crenshaw community hospital ,0
121,COL ProviderNumber VAL 10008 COL HospitalName VAL crenshaw community hospital COL Address1 VAL 101 hospital circle COL Address2 VAL empty COL Address3 VAL empty COL City VAL luverne COL State VAL al COL ZipCode VAL 36049 COL CountyName VAL crxnshaw COL PhoneNumber VAL 3343353374 COL HospitalType VAL acute care hospitals COL HospitalOwner VAL government - federal COL EmergencyService VAL yes COL Condition VAL surgical infection prevention COL MeasureCode VAL scip-card-2 COL MeasureName VAL surgery patients who were taking heart drugs called beta blockers before coming to the hospital who were kept on the beta blockers during the period just before and after their surgery COL Score VAL 100% COL Sample VAL 1 patients COL Stateavg VAL al_scip-card-2 ,COL Address1 VAL 101 hospital circle ,0
122,COL ProviderNumber VAL 10008 COL HospitalName VAL crenshaw community hospital COL Address1 VAL 101 hospital circle COL Address2 VAL empty COL Address3 VAL empty COL City VAL luverne COL State VAL al COL ZipCode VAL 36049 COL CountyName VAL crxnshaw COL PhoneNumber VAL 3343353374 COL HospitalType VAL acute care hospitals COL HospitalOwner VAL government - federal COL EmergencyService VAL yes COL Condition VAL surgical infection prevention COL MeasureCode VAL scip-card-2 COL MeasureName VAL surgery patients who were taking heart drugs called beta blockers before coming to the hospital who were kept on the beta blockers during the period just before and after their surgery COL Score VAL 100% COL Sample VAL 1 patients COL Stateavg VAL al_scip-card-2 ,COL City VAL luverne ,0
123,COL ProviderNumber VAL 10008 COL HospitalName VAL crenshaw community hospital COL Address1 VAL 101 hospital circle COL Address2 VAL empty COL Address3 VAL empty COL City VAL luverne COL State VAL al COL ZipCode VAL 36049 COL CountyName VAL crxnshaw COL PhoneNumber VAL 3343353374 COL HospitalType VAL acute care hospitals COL HospitalOwner VAL government - federal COL EmergencyService VAL yes COL Condition VAL surgical infection prevention COL MeasureCode VAL scip-card-2 COL MeasureName VAL surgery patients who were taking heart drugs called beta blockers before coming to the hospital who were kept on the beta blockers during the period just before and after their surgery COL Score VAL 100% COL Sample VAL 1 patients COL Stateavg VAL al_scip-card-2 ,COL CountyName VAL crxnshaw ,1
124,COL ProviderNumber VAL 10008 COL HospitalName VAL crenshaw community hospital COL Address1 VAL 101 hospital circle COL Address2 VAL empty COL Address3 VAL empty COL City VAL luverne COL State VAL al COL ZipCode VAL 36049 COL CountyName VAL crxnshaw COL PhoneNumber VAL 3343353374 COL HospitalType VAL acute care hospitals COL HospitalOwner VAL government - federal COL EmergencyService VAL yes COL Condition VAL surgical infection prevention COL MeasureCode VAL scip-card-2 COL MeasureName VAL surgery patients who were taking heart drugs called beta blockers before coming to the hospital who were kept on the beta blockers during the period just before and after their surgery COL Score VAL 100% COL Sample VAL 1 patients COL Stateavg VAL al_scip-card-2 ,COL PhoneNumber VAL 3343353374 ,0
125,COL ProviderNumber VAL 10008 COL HospitalName VAL crenshaw community hospital COL Address1 VAL 101 hospital circle COL Address2 VAL empty COL Address3 VAL empty COL City VAL luverne COL State VAL al COL ZipCode VAL 36049 COL CountyName VAL crxnshaw COL PhoneNumber VAL 3343353374 COL HospitalType VAL acute care hospitals COL HospitalOwner VAL government - federal COL EmergencyService VAL yes COL Condition VAL surgical infection prevention COL MeasureCode VAL scip-card-2 COL MeasureName VAL surgery patients who were taking heart drugs called beta blockers before coming to the hospital who were kept on the beta blockers during the period just before and after their surgery COL Score VAL 100% COL Sample VAL 1 patients COL Stateavg VAL al_scip-card-2 ,COL HospitalType VAL acute care hospitals ,0
126,COL ProviderNumber VAL 10008 COL HospitalName VAL crenshaw community hospital COL Address1 VAL 101 hospital circle COL Address2 VAL empty COL Address3 VAL empty COL City VAL luverne COL State VAL al COL ZipCode VAL 36049 COL CountyName VAL crxnshaw COL PhoneNumber VAL 3343353374 COL HospitalType VAL acute care hospitals COL HospitalOwner VAL government - federal COL EmergencyService VAL yes COL Condition VAL surgical infection prevention COL MeasureCode VAL scip-card-2 COL MeasureName VAL surgery patients who were taking heart drugs called beta blockers before coming to the hospital who were kept on the beta blockers during the period just before and after their surgery COL Score VAL 100% COL Sample VAL 1 patients COL Stateavg VAL al_scip-card-2 ,COL MeasureName VAL surgery patients who were taking heart drugs called beta blockers before coming to the hospital who were kept on the beta blockers during the period just before and after their surgery ,0
127,COL ProviderNumber VAL 10008 COL HospitalName VAL crenshaw community hospital COL Address1 VAL 101 hospital circle COL Address2 VAL empty COL Address3 VAL empty COL City VAL luverne COL State VAL al COL ZipCode VAL 36049 COL CountyName VAL crxnshaw COL PhoneNumber VAL 3343353374 COL HospitalType VAL acute care hospitals COL HospitalOwner VAL government - federal COL EmergencyService VAL yes COL Condition VAL surgical infection prevention COL MeasureCode VAL scip-card-2 COL MeasureName VAL surgery patients who were taking heart drugs called beta blockers before coming to the hospital who were kept on the beta blockers during the period just before and after their surgery COL Score VAL 100% COL Sample VAL 1 patients COL Stateavg VAL al_scip-card-2 ,COL Sample VAL 1 patients ,0
128,COL ProviderNumber VAL 10012 COL HospitalName VAL dexalb regional medical center COL Address1 VAL 200 med center drive COL Address2 VAL empty COL Address3 VAL empty COL City VAL fort payne COL State VAL al COL ZipCode VAL 35968 COL CountyName VAL de kalb COL PhoneNumber VAL 2568453150 COL HospitalType VAL acute care hospitals COL HospitalOwner VAL voluntary non-profit - church COL EmergencyService VAL yes COL Condition VAL surgical infection prevention COL MeasureCode VAL scip-vte-2 COL MeasureName VAL patients who got treatment  at the right time (within 24 hours before or after their surgery) to help prevent blood clots after certain types of surgery COL Score VAL 97% COL Sample VAL 90 patients COL Stateavg VAL al_scip-vte-2 ,COL HospitalName VAL dexalb regional medical center ,1
129,COL ProviderNumber VAL 10012 COL HospitalName VAL dexalb regional medical center COL Address1 VAL 200 med center drive COL Address2 VAL empty COL Address3 VAL empty COL City VAL fort payne COL State VAL al COL ZipCode VAL 35968 COL CountyName VAL de kalb COL PhoneNumber VAL 2568453150 COL HospitalType VAL acute care hospitals COL HospitalOwner VAL voluntary non-profit - church COL EmergencyService VAL yes COL Condition VAL surgical infection prevention COL MeasureCode VAL scip-vte-2 COL MeasureName VAL patients who got treatment  at the right time (within 24 hours before or after their surgery) to help prevent blood clots after certain types of surgery COL Score VAL 97% COL Sample VAL 90 patients COL Stateavg VAL al_scip-vte-2 ,COL Address1 VAL 200 med center drive ,0
130,COL ProviderNumber VAL 10012 COL HospitalName VAL dexalb regional medical center COL Address1 VAL 200 med center drive COL Address2 VAL empty COL Address3 VAL empty COL City VAL fort payne COL State VAL al COL ZipCode VAL 35968 COL CountyName VAL de kalb COL PhoneNumber VAL 2568453150 COL HospitalType VAL acute care hospitals COL HospitalOwner VAL voluntary non-profit - church COL EmergencyService VAL yes COL Condition VAL surgical infection prevention COL MeasureCode VAL scip-vte-2 COL MeasureName VAL patients who got treatment  at the right time (within 24 hours before or after their surgery) to help prevent blood clots after certain types of surgery COL Score VAL 97% COL Sample VAL 90 patients COL Stateavg VAL al_scip-vte-2 ,COL City VAL fort payne ,0
131,COL ProviderNumber VAL 10012 COL HospitalName VAL dexalb regional medical center COL Address1 VAL 200 med center drive COL Address2 VAL empty COL Address3 VAL empty COL City VAL fort payne COL State VAL al COL ZipCode VAL 35968 COL CountyName VAL de kalb COL PhoneNumber VAL 2568453150 COL HospitalType VAL acute care hospitals COL HospitalOwner VAL voluntary non-profit - church COL EmergencyService VAL yes COL Condition VAL surgical infection prevention COL MeasureCode VAL scip-vte-2 COL MeasureName VAL patients who got treatment  at the right time (within 24 hours before or after their surgery) to help prevent blood clots after certain types of surgery COL Score VAL 97% COL Sample VAL 90 patients COL Stateavg VAL al_scip-vte-2 ,COL CountyName VAL de kalb ,0
132,COL ProviderNumber VAL 10012 COL HospitalName VAL dexalb regional medical center COL Address1 VAL 200 med center drive COL Address2 VAL empty COL Address3 VAL empty COL City VAL fort payne COL State VAL al COL ZipCode VAL 35968 COL CountyName VAL de kalb COL PhoneNumber VAL 2568453150 COL HospitalType VAL acute care hospitals COL HospitalOwner VAL voluntary non-profit - church COL EmergencyService VAL yes COL Condition VAL surgical infection prevention COL MeasureCode VAL scip-vte-2 COL MeasureName VAL patients who got treatment  at the right time (within 24 hours before or after their surgery) to help prevent blood clots after certain types of surgery COL Score VAL 97% COL Sample VAL 90 patients COL Stateavg VAL al_scip-vte-2 ,COL PhoneNumber VAL 2568453150 ,0
133,COL ProviderNumber VAL 10012 COL HospitalName VAL dexalb regional medical center COL Address1 VAL 200 med center drive COL Address2 VAL empty COL Address3 VAL empty COL City VAL fort payne COL State VAL al COL ZipCode VAL 35968 COL CountyName VAL de kalb COL PhoneNumber VAL 2568453150 COL HospitalType VAL acute care hospitals COL HospitalOwner VAL voluntary non-profit - church COL EmergencyService VAL yes COL Condition VAL surgical infection prevention COL MeasureCode VAL scip-vte-2 COL MeasureName VAL patients who got treatment  at the right time (within 24 hours before or after their surgery) to help prevent blood clots after certain types of surgery COL Score VAL 97% COL Sample VAL 90 patients COL Stateavg VAL al_scip-vte-2 ,COL HospitalType VAL acute care hospitals ,0
134,COL ProviderNumber VAL 10012 COL HospitalName VAL dexalb regional medical center COL Address1 VAL 200 med center drive COL Address2 VAL empty COL Address3 VAL empty COL City VAL fort payne COL State VAL al COL ZipCode VAL 35968 COL CountyName VAL de kalb COL PhoneNumber VAL 2568453150 COL HospitalType VAL acute care hospitals COL HospitalOwner VAL voluntary non-profit - church COL EmergencyService VAL yes COL Condition VAL surgical infection prevention COL MeasureCode VAL scip-vte-2 COL MeasureName VAL patients who got treatment  at the right time (within 24 hours before or after their surgery) to help prevent blood clots after certain types of surgery COL Score VAL 97% COL Sample VAL 90 patients COL Stateavg VAL al_scip-vte-2 ,COL MeasureName VAL patients who got treatment  at the right time (within 24 hours before or after their surgery) to help prevent blood clots after certain types of surgery ,0
135,COL ProviderNumber VAL 10012 COL HospitalName VAL dexalb regional medical center COL Address1 VAL 200 med center drive COL Address2 VAL empty COL Address3 VAL empty COL City VAL fort payne COL State VAL al COL ZipCode VAL 35968 COL CountyName VAL de kalb COL PhoneNumber VAL 2568453150 COL HospitalType VAL acute care hospitals COL HospitalOwner VAL voluntary non-profit - church COL EmergencyService VAL yes COL Condition VAL surgical infection prevention COL MeasureCode VAL scip-vte-2 COL MeasureName VAL patients who got treatment  at the right time (within 24 hours before or after their surgery) to help prevent blood clots after certain types of surgery COL Score VAL 97% COL Sample VAL 90 patients COL Stateavg VAL al_scip-vte-2 ,COL Sample VAL 90 patients ,0
136,COL ProviderNumber VAL 10047 COL HospitalName VAL georgiana hospital COL Address1 VAL 515 miranda st COL Address2 VAL empty COL Address3 VAL empty COL City VAL georgiana COL State VAL al COL ZipCode VAL 36033 COL CountyName VAL butxer COL PhoneNumber VAL 3343762205 COL HospitalType VAL acute care hospitals COL HospitalOwner VAL voluntary non-profit - private COL EmergencyService VAL no COL Condition VAL pneumonia COL MeasureCode VAL pn-4 COL MeasureName VAL pneumonia patients given smoking cessation advice/counseling COL Score VAL 80% COL Sample VAL 5 patients COL Stateavg VAL al_pn-4 ,COL HospitalName VAL georgiana hospital ,0
137,COL ProviderNumber VAL 10047 COL HospitalName VAL georgiana hospital COL Address1 VAL 515 miranda st COL Address2 VAL empty COL Address3 VAL empty COL City VAL georgiana COL State VAL al COL ZipCode VAL 36033 COL CountyName VAL butxer COL PhoneNumber VAL 3343762205 COL HospitalType VAL acute care hospitals COL HospitalOwner VAL voluntary non-profit - private COL EmergencyService VAL no COL Condition VAL pneumonia COL MeasureCode VAL pn-4 COL MeasureName VAL pneumonia patients given smoking cessation advice/counseling COL Score VAL 80% COL Sample VAL 5 patients COL Stateavg VAL al_pn-4 ,COL Address1 VAL 515 miranda st ,0
138,COL ProviderNumber VAL 10047 COL HospitalName VAL georgiana hospital COL Address1 VAL 515 miranda st COL Address2 VAL empty COL Address3 VAL empty COL City VAL georgiana COL State VAL al COL ZipCode VAL 36033 COL CountyName VAL butxer COL PhoneNumber VAL 3343762205 COL HospitalType VAL acute care hospitals COL HospitalOwner VAL voluntary non-profit - private COL EmergencyService VAL no COL Condition VAL pneumonia COL MeasureCode VAL pn-4 COL MeasureName VAL pneumonia patients given smoking cessation advice/counseling COL Score VAL 80% COL Sample VAL 5 patients COL Stateavg VAL al_pn-4 ,COL City VAL georgiana ,0
139,COL ProviderNumber VAL 10047 COL HospitalName VAL georgiana hospital COL Address1 VAL 515 miranda st COL Address2 VAL empty COL Address3 VAL empty COL City VAL georgiana COL State VAL al COL ZipCode VAL 36033 COL CountyName VAL butxer COL PhoneNumber VAL 3343762205 COL HospitalType VAL acute care hospitals COL HospitalOwner VAL voluntary non-profit - private COL EmergencyService VAL no COL Condition VAL pneumonia COL MeasureCode VAL pn-4 COL MeasureName VAL pneumonia patients given smoking cessation advice/counseling COL Score VAL 80% COL Sample VAL 5 patients COL Stateavg VAL al_pn-4 ,COL CountyName VAL butxer ,1
140,COL ProviderNumber VAL 10047 COL HospitalName VAL georgiana hospital COL Address1 VAL 515 miranda st COL Address2 VAL empty COL Address3 VAL empty COL City VAL georgiana COL State VAL al COL ZipCode VAL 36033 COL CountyName VAL butxer COL PhoneNumber VAL 3343762205 COL HospitalType VAL acute care hospitals COL HospitalOwner VAL voluntary non-profit - private COL EmergencyService VAL no COL Condition VAL pneumonia COL MeasureCode VAL pn-4 COL MeasureName VAL pneumonia patients given smoking cessation advice/counseling COL Score VAL 80% COL Sample VAL 5 patients COL Stateavg VAL al_pn-4 ,COL PhoneNumber VAL 3343762205 ,0
141,COL ProviderNumber VAL 10047 COL HospitalName VAL georgiana hospital COL Address1 VAL 515 miranda st COL Address2 VAL empty COL Address3 VAL empty COL City VAL georgiana COL State VAL al COL ZipCode VAL 36033 COL CountyName VAL butxer COL PhoneNumber VAL 3343762205 COL HospitalType VAL acute care hospitals COL HospitalOwner VAL voluntary non-profit - private COL EmergencyService VAL no COL Condition VAL pneumonia COL MeasureCode VAL pn-4 COL MeasureName VAL pneumonia patients given smoking cessation advice/counseling COL Score VAL 80% COL Sample VAL 5 patients COL Stateavg VAL al_pn-4 ,COL HospitalType VAL acute care hospitals ,0
142,COL ProviderNumber VAL 10047 COL HospitalName VAL georgiana hospital COL Address1 VAL 515 miranda st COL Address2 VAL empty COL Address3 VAL empty COL City VAL georgiana COL State VAL al COL ZipCode VAL 36033 COL CountyName VAL butxer COL PhoneNumber VAL 3343762205 COL HospitalType VAL acute care hospitals COL HospitalOwner VAL voluntary non-profit - private COL EmergencyService VAL no COL Condition VAL pneumonia COL MeasureCode VAL pn-4 COL MeasureName VAL pneumonia patients given smoking cessation advice/counseling COL Score VAL 80% COL Sample VAL 5 patients COL Stateavg VAL al_pn-4 ,COL MeasureName VAL pneumonia patients given smoking cessation advice/counseling ,0
143,COL ProviderNumber VAL 10047 COL HospitalName VAL georgiana hospital COL Address1 VAL 515 miranda st COL Address2 VAL empty COL Address3 VAL empty COL City VAL georgiana COL State VAL al COL ZipCode VAL 36033 COL CountyName VAL butxer COL PhoneNumber VAL 3343762205 COL HospitalType VAL acute care hospitals COL HospitalOwner VAL voluntary non-profit - private COL EmergencyService VAL no COL Condition VAL pneumonia COL MeasureCode VAL pn-4 COL MeasureName VAL pneumonia patients given smoking cessation advice/counseling COL Score VAL 80% COL Sample VAL 5 patients COL Stateavg VAL al_pn-4 ,COL Sample VAL 5 patients ,0
144,COL ProviderNumber VAL 10022 COL HospitalName VAL cherokee medical center COL Address1 VAL 400 northwood dr COL Address2 VAL empty COL Address3 VAL empty COL City VAL centre COL State VAL al COL ZipCode VAL 35960 COL CountyName VAL chxrokxx COL PhoneNumber VAL 2569275531 COL HospitalType VAL acute care hospitals COL HospitalOwner VAL voluntary non-profit - private COL EmergencyService VAL yes COL Condition VAL surgical infection prevention COL MeasureCode VAL scip-inf-6 COL MeasureName VAL surgery patients needing hair removed from the surgical area before surgery who had hair removed using a safer method (electric clippers or hair removal cream c not a razor) COL Score VAL 100% COL Sample VAL 6 patients COL Stateavg VAL al_scip-inf-6 ,COL HospitalName VAL cherokee medical center ,0
145,COL ProviderNumber VAL 10022 COL HospitalName VAL cherokee medical center COL Address1 VAL 400 northwood dr COL Address2 VAL empty COL Address3 VAL empty COL City VAL centre COL State VAL al COL ZipCode VAL 35960 COL CountyName VAL chxrokxx COL PhoneNumber VAL 2569275531 COL HospitalType VAL acute care hospitals COL HospitalOwner VAL voluntary non-profit - private COL EmergencyService VAL yes COL Condition VAL surgical infection prevention COL MeasureCode VAL scip-inf-6 COL MeasureName VAL surgery patients needing hair removed from the surgical area before surgery who had hair removed using a safer method (electric clippers or hair removal cream c not a razor) COL Score VAL 100% COL Sample VAL 6 patients COL Stateavg VAL al_scip-inf-6 ,COL Address1 VAL 400 northwood dr ,0
146,COL ProviderNumber VAL 10022 COL HospitalName VAL cherokee medical center COL Address1 VAL 400 northwood dr COL Address2 VAL empty COL Address3 VAL empty COL City VAL centre COL State VAL al COL ZipCode VAL 35960 COL CountyName VAL chxrokxx COL PhoneNumber VAL 2569275531 COL HospitalType VAL acute care hospitals COL HospitalOwner VAL voluntary non-profit - private COL EmergencyService VAL yes COL Condition VAL surgical infection prevention COL MeasureCode VAL scip-inf-6 COL MeasureName VAL surgery patients needing hair removed from the surgical area before surgery who had hair removed using a safer method (electric clippers or hair removal cream c not a razor) COL Score VAL 100% COL Sample VAL 6 patients COL Stateavg VAL al_scip-inf-6 ,COL City VAL centre ,0
147,COL ProviderNumber VAL 10022 COL HospitalName VAL cherokee medical center COL Address1 VAL 400 northwood dr COL Address2 VAL empty COL Address3 VAL empty COL City VAL centre COL State VAL al COL ZipCode VAL 35960 COL CountyName VAL chxrokxx COL PhoneNumber VAL 2569275531 COL HospitalType VAL acute care hospitals COL HospitalOwner VAL voluntary non-profit - private COL EmergencyService VAL yes COL Condition VAL surgical infection prevention COL MeasureCode VAL scip-inf-6 COL MeasureName VAL surgery patients needing hair removed from the surgical area before surgery who had hair removed using a safer method (electric clippers or hair removal cream c not a razor) COL Score VAL 100% COL Sample VAL 6 patients COL Stateavg VAL al_scip-inf-6 ,COL CountyName VAL chxrokxx ,1
148,COL ProviderNumber VAL 10022 COL HospitalName VAL cherokee medical center COL Address1 VAL 400 northwood dr COL Address2 VAL empty COL Address3 VAL empty COL City VAL centre COL State VAL al COL ZipCode VAL 35960 COL CountyName VAL chxrokxx COL PhoneNumber VAL 2569275531 COL HospitalType VAL acute care hospitals COL HospitalOwner VAL voluntary non-profit - private COL EmergencyService VAL yes COL Condition VAL surgical infection prevention COL MeasureCode VAL scip-inf-6 COL MeasureName VAL surgery patients needing hair removed from the surgical area before surgery who had hair removed using a safer method (electric clippers or hair removal cream c not a razor) COL Score VAL 100% COL Sample VAL 6 patients COL Stateavg VAL al_scip-inf-6 ,COL PhoneNumber VAL 2569275531 ,0
149,COL ProviderNumber VAL 10022 COL HospitalName VAL cherokee medical center COL Address1 VAL 400 northwood dr COL Address2 VAL empty COL Address3 VAL empty COL City VAL centre COL State VAL al COL ZipCode VAL 35960 COL CountyName VAL chxrokxx COL PhoneNumber VAL 2569275531 COL HospitalType VAL acute care hospitals COL HospitalOwner VAL voluntary non-profit - private COL EmergencyService VAL yes COL Condition VAL surgical infection prevention COL MeasureCode VAL scip-inf-6 COL MeasureName VAL surgery patients needing hair removed from the surgical area before surgery who had hair removed using a safer method (electric clippers or hair removal cream c not a razor) COL Score VAL 100% COL Sample VAL 6 patients COL Stateavg VAL al_scip-inf-6 ,COL HospitalType VAL acute care hospitals ,0
150,COL ProviderNumber VAL 10022 COL HospitalName VAL cherokee medical center COL Address1 VAL 400 northwood dr COL Address2 VAL empty COL Address3 VAL empty COL City VAL centre COL State VAL al COL ZipCode VAL 35960 COL CountyName VAL chxrokxx COL PhoneNumber VAL 2569275531 COL HospitalType VAL acute care hospitals COL HospitalOwner VAL voluntary non-profit - private COL EmergencyService VAL yes COL Condition VAL surgical infection prevention COL MeasureCode VAL scip-inf-6 COL MeasureName VAL surgery patients needing hair removed from the surgical area before surgery who had hair removed using a safer method (electric clippers or hair removal cream c not a razor) COL Score VAL 100% COL Sample VAL 6 patients COL Stateavg VAL al_scip-inf-6 ,COL MeasureName VAL surgery patients needing hair removed from the surgical area before surgery who had hair removed using a safer method (electric clippers or hair removal cream c not a razor) ,0
151,COL ProviderNumber VAL 10022 COL HospitalName VAL cherokee medical center COL Address1 VAL 400 northwood dr COL Address2 VAL empty COL Address3 VAL empty COL City VAL centre COL State VAL al COL ZipCode VAL 35960 COL CountyName VAL chxrokxx COL PhoneNumber VAL 2569275531 COL HospitalType VAL acute care hospitals COL HospitalOwner VAL voluntary non-profit - private COL EmergencyService VAL yes COL Condition VAL surgical infection prevention COL MeasureCode VAL scip-inf-6 COL MeasureName VAL surgery patients needing hair removed from the surgical area before surgery who had hair removed using a safer method (electric clippers or hair removal cream c not a razor) COL Score VAL 100% COL Sample VAL 6 patients COL Stateavg VAL al_scip-inf-6 ,COL Sample VAL 6 patients ,0
152,COL ProviderNumber VAL 10029 COL HospitalName VAL east alabama medical center and snf COL Address1 VAL 2000 pepperell parkway COL Address2 VAL empty COL Address3 VAL empty COL City VAL opelika COL State VAL al COL ZipCode VAL 36801 COL CountyName VAL lee COL PhoneNumber VAL 3347493411 COL HospitalType VAL acuxe care hospixals COL HospitalOwner VAL government - hospital district or authority COL EmergencyService VAL yes COL Condition VAL surgical infection prevention COL MeasureCode VAL scip-inf-1 COL MeasureName VAL surgery patients who were given an antibiotic at the right time (within one hour before surgery) to help prevent infection COL Score VAL 99% COL Sample VAL 1001 patients COL Stateavg VAL al_scip-inf-1 ,COL HospitalName VAL east alabama medical center and snf ,0
153,COL ProviderNumber VAL 10029 COL HospitalName VAL east alabama medical center and snf COL Address1 VAL 2000 pepperell parkway COL Address2 VAL empty COL Address3 VAL empty COL City VAL opelika COL State VAL al COL ZipCode VAL 36801 COL CountyName VAL lee COL PhoneNumber VAL 3347493411 COL HospitalType VAL acuxe care hospixals COL HospitalOwner VAL government - hospital district or authority COL EmergencyService VAL yes COL Condition VAL surgical infection prevention COL MeasureCode VAL scip-inf-1 COL MeasureName VAL surgery patients who were given an antibiotic at the right time (within one hour before surgery) to help prevent infection COL Score VAL 99% COL Sample VAL 1001 patients COL Stateavg VAL al_scip-inf-1 ,COL Address1 VAL 2000 pepperell parkway ,0
154,COL ProviderNumber VAL 10029 COL HospitalName VAL east alabama medical center and snf COL Address1 VAL 2000 pepperell parkway COL Address2 VAL empty COL Address3 VAL empty COL City VAL opelika COL State VAL al COL ZipCode VAL 36801 COL CountyName VAL lee COL PhoneNumber VAL 3347493411 COL HospitalType VAL acuxe care hospixals COL HospitalOwner VAL government - hospital district or authority COL EmergencyService VAL yes COL Condition VAL surgical infection prevention COL MeasureCode VAL scip-inf-1 COL MeasureName VAL surgery patients who were given an antibiotic at the right time (within one hour before surgery) to help prevent infection COL Score VAL 99% COL Sample VAL 1001 patients COL Stateavg VAL al_scip-inf-1 ,COL City VAL opelika ,0
155,COL ProviderNumber VAL 10029 COL HospitalName VAL east alabama medical center and snf COL Address1 VAL 2000 pepperell parkway COL Address2 VAL empty COL Address3 VAL empty COL City VAL opelika COL State VAL al COL ZipCode VAL 36801 COL CountyName VAL lee COL PhoneNumber VAL 3347493411 COL HospitalType VAL acuxe care hospixals COL HospitalOwner VAL government - hospital district or authority COL EmergencyService VAL yes COL Condition VAL surgical infection prevention COL MeasureCode VAL scip-inf-1 COL MeasureName VAL surgery patients who were given an antibiotic at the right time (within one hour before surgery) to help prevent infection COL Score VAL 99% COL Sample VAL 1001 patients COL Stateavg VAL al_scip-inf-1 ,COL CountyName VAL lee ,0
156,COL ProviderNumber VAL 10029 COL HospitalName VAL east alabama medical center and snf COL Address1 VAL 2000 pepperell parkway COL Address2 VAL empty COL Address3 VAL empty COL City VAL opelika COL State VAL al COL ZipCode VAL 36801 COL CountyName VAL lee COL PhoneNumber VAL 3347493411 COL HospitalType VAL acuxe care hospixals COL HospitalOwner VAL government - hospital district or authority COL EmergencyService VAL yes COL Condition VAL surgical infection prevention COL MeasureCode VAL scip-inf-1 COL MeasureName VAL surgery patients who were given an antibiotic at the right time (within one hour before surgery) to help prevent infection COL Score VAL 99% COL Sample VAL 1001 patients COL Stateavg VAL al_scip-inf-1 ,COL PhoneNumber VAL 3347493411 ,0
157,COL ProviderNumber VAL 10029 COL HospitalName VAL east alabama medical center and snf COL Address1 VAL 2000 pepperell parkway COL Address2 VAL empty COL Address3 VAL empty COL City VAL opelika COL State VAL al COL ZipCode VAL 36801 COL CountyName VAL lee COL PhoneNumber VAL 3347493411 COL HospitalType VAL acuxe care hospixals COL HospitalOwner VAL government - hospital district or authority COL EmergencyService VAL yes COL Condition VAL surgical infection prevention COL MeasureCode VAL scip-inf-1 COL MeasureName VAL surgery patients who were given an antibiotic at the right time (within one hour before surgery) to help prevent infection COL Score VAL 99% COL Sample VAL 1001 patients COL Stateavg VAL al_scip-inf-1 ,COL HospitalType VAL acuxe care hospixals ,1
158,COL ProviderNumber VAL 10029 COL HospitalName VAL east alabama medical center and snf COL Address1 VAL 2000 pepperell parkway COL Address2 VAL empty COL Address3 VAL empty COL City VAL opelika COL State VAL al COL ZipCode VAL 36801 COL CountyName VAL lee COL PhoneNumber VAL 3347493411 COL HospitalType VAL acuxe care hospixals COL HospitalOwner VAL government - hospital district or authority COL EmergencyService VAL yes COL Condition VAL surgical infection prevention COL MeasureCode VAL scip-inf-1 COL MeasureName VAL surgery patients who were given an antibiotic at the right time (within one hour before surgery) to help prevent infection COL Score VAL 99% COL Sample VAL 1001 patients COL Stateavg VAL al_scip-inf-1 ,COL MeasureName VAL surgery patients who were given an antibiotic at the right time (within one hour before surgery) to help prevent infection ,0
159,COL ProviderNumber VAL 10029 COL HospitalName VAL east alabama medical center and snf COL Address1 VAL 2000 pepperell parkway COL Address2 VAL empty COL Address3 VAL empty COL City VAL opelika COL State VAL al COL ZipCode VAL 36801 COL CountyName VAL lee COL PhoneNumber VAL 3347493411 COL HospitalType VAL acuxe care hospixals COL HospitalOwner VAL government - hospital district or authority COL EmergencyService VAL yes COL Condition VAL surgical infection prevention COL MeasureCode VAL scip-inf-1 COL MeasureName VAL surgery patients who were given an antibiotic at the right time (within one hour before surgery) to help prevent infection COL Score VAL 99% COL Sample VAL 1001 patients COL Stateavg VAL al_scip-inf-1 ,COL Sample VAL 1001 patients ,0
160,COL ProviderNumber VAL 10018 COL HospitalName VAL callahan eye foundation hospital COL Address1 VAL 1720 university blvd COL Address2 VAL empty COL Address3 VAL empty COL City VAL birmingham COL State VAL al COL ZipCode VAL 35233 COL CountyName VAL jefferson COL PhoneNumber VAL 2053258100 COL HospitalType VAL acute care hospitals COL HospitalOwner VAL voluntary non-profit - private COL EmergencyService VAL yes COL Condition VAL surgical infection prevention COL MeasureCode VAL scip-card-2 COL MeasureName VAL surgery patients who were taking heart drugs caxxed beta bxockers before coming to the hospitax who were kept on the beta bxockers during the period just before and after their surgery COL Score VAL empty COL Sample VAL empty COL Stateavg VAL al_scip-card-2 ,COL HospitalName VAL callahan eye foundatxon hospxtal ,1
161,COL ProviderNumber VAL 10018 COL HospitalName VAL callahan eye foundation hospital COL Address1 VAL 1720 university blvd COL Address2 VAL empty COL Address3 VAL empty COL City VAL birmingham COL State VAL al COL ZipCode VAL 35233 COL CountyName VAL jefferson COL PhoneNumber VAL 2053258100 COL HospitalType VAL acute care hospitals COL HospitalOwner VAL voluntary non-profit - private COL EmergencyService VAL yes COL Condition VAL surgical infection prevention COL MeasureCode VAL scip-card-2 COL MeasureName VAL surgery patients who were taking heart drugs caxxed beta bxockers before coming to the hospitax who were kept on the beta bxockers during the period just before and after their surgery COL Score VAL empty COL Sample VAL empty COL Stateavg VAL al_scip-card-2 ,COL HospitalName VAL callahan eye foundation hospital ,0
162,COL ProviderNumber VAL 10019 COL HospitalName VAL helen keller memorial hospital COL Address1 VAL 1300 south montgomery avenue COL Address2 VAL empty COL Address3 VAL empty COL City VAL sheffield COL State VAL al COL ZipCode VAL 35660 COL CountyName VAL jefferson COL PhoneNumber VAL 2563864556 COL HospitalType VAL acute care hospitals COL HospitalOwner VAL government - hospital district or authority COL EmergencyService VAL yes COL Condition VAL heart attack COL MeasureCode VAL ami-1 COL MeasureName VAL heart attack patients given aspirin at arrival COL Score VAL 97% COL Sample VAL 33 patients COL Stateavg VAL al_ami-1 ,COL HospitalName VAL hxlxn kxllxr mxmorial hospital ,1
163,COL ProviderNumber VAL 10019 COL HospitalName VAL helen keller memorial hospital COL Address1 VAL 1300 south montgomery avenue COL Address2 VAL empty COL Address3 VAL empty COL City VAL sheffield COL State VAL al COL ZipCode VAL 35660 COL CountyName VAL jefferson COL PhoneNumber VAL 2563864556 COL HospitalType VAL acute care hospitals COL HospitalOwner VAL government - hospital district or authority COL EmergencyService VAL yes COL Condition VAL heart attack COL MeasureCode VAL ami-1 COL MeasureName VAL heart attack patients given aspirin at arrival COL Score VAL 97% COL Sample VAL 33 patients COL Stateavg VAL al_ami-1 ,COL HospitalName VAL helen keller memorial hospital ,0
164,COL ProviderNumber VAL 10001 COL HospitalName VAL southeast alabama medical center COL Address1 VAL 1108 ross clark circle COL Address2 VAL empty COL Address3 VAL empty COL City VAL dothan COL State VAL al COL ZipCode VAL 36302 COL CountyName VAL houston COL PhoneNumber VAL 3347938701 COL HospitalType VAL acute care hospitals COL HospitalOwner VAL government - hospital district or authority COL EmergencyService VAL yes COL Condition VAL heart attack COL MeasureCode VAL ami-1 COL MeasureName VAL heart attack patients given aspirin at arrival COL Score VAL 98% COL Sample VAL 270 patients COL Stateavg VAL al_ami-1 ,COL HospitalName VAL southxast alabama mxdical cxntxr ,1
165,COL ProviderNumber VAL 10001 COL HospitalName VAL southeast alabama medical center COL Address1 VAL 1108 ross clark circle COL Address2 VAL empty COL Address3 VAL empty COL City VAL dothan COL State VAL al COL ZipCode VAL 36302 COL CountyName VAL houston COL PhoneNumber VAL 3347938701 COL HospitalType VAL acute care hospitals COL HospitalOwner VAL government - hospital district or authority COL EmergencyService VAL yes COL Condition VAL heart attack COL MeasureCode VAL ami-1 COL MeasureName VAL heart attack patients given aspirin at arrival COL Score VAL 98% COL Sample VAL 270 patients COL Stateavg VAL al_ami-1 ,COL HospitalName VAL southeast alabama medical center ,0
166,COL ProviderNumber VAL 10005 COL HospitalName VAL marshall medical center south COL Address1 VAL 2505 u s highway 431 north COL Address2 VAL empty COL Address3 VAL empty COL City VAL boaz COL State VAL al COL ZipCode VAL x5957 COL CountyName VAL marshall COL PhoneNumber VAL 2565938310 COL HospitalType VAL acute care hospitals COL HospitalOwner VAL government - hospital district or authority COL EmergencyService VAL yes COL Condition VAL heart attack COL MeasureCode VAL ami-1 COL MeasureName VAL heart attack patients given aspirin at arrival COL Score VAL 80% COL Sample VAL 20 patients COL Stateavg VAL al_ami-1 ,COL HospitalName VAL marshall mxdical cxntxr south ,1
167,COL ProviderNumber VAL 10005 COL HospitalName VAL marshall medical center south COL Address1 VAL 2505 u s highway 431 north COL Address2 VAL empty COL Address3 VAL empty COL City VAL boaz COL State VAL al COL ZipCode VAL x5957 COL CountyName VAL marshall COL PhoneNumber VAL 2565938310 COL HospitalType VAL acute care hospitals COL HospitalOwner VAL government - hospital district or authority COL EmergencyService VAL yes COL Condition VAL heart attack COL MeasureCode VAL ami-1 COL MeasureName VAL heart attack patients given aspirin at arrival COL Score VAL 80% COL Sample VAL 20 patients COL Stateavg VAL al_ami-1 ,COL HospitalName VAL marshall medical center south ,0
168,COL ProviderNumber VAL 10006 COL HospitalName VAL eliza coffee memorial hospital COL Address1 VAL 205 marengo street COL Address2 VAL empty COL Address3 VAL empty COL City VAL florence COL State VAL al COL ZipCode VAL 35631 COL CountyName VAL lauderdale COL PhoneNumber VAL 2567688400 COL HospitalType VAL acute care hospitals COL HospitalOwner VAL voluntary non-profit - other COL EmergencyService VAL yes COL Condition VAL heart attack COL MeasureCode VAL ami-1 COL MeasureName VAL heart attack patients given aspirin at arrival COL Score VAL 97% COL Sample VAL 159 patients COL Stateavg VAL al_amx-1 ,COL HospitalName VAL exiza coffee memoriax hospitax ,1
169,COL ProviderNumber VAL 10006 COL HospitalName VAL eliza coffee memorial hospital COL Address1 VAL 205 marengo street COL Address2 VAL empty COL Address3 VAL empty COL City VAL florence COL State VAL al COL ZipCode VAL 35631 COL CountyName VAL lauderdale COL PhoneNumber VAL 2567688400 COL HospitalType VAL acute care hospitals COL HospitalOwner VAL voluntary non-profit - other COL EmergencyService VAL yes COL Condition VAL heart attack COL MeasureCode VAL ami-1 COL MeasureName VAL heart attack patients given aspirin at arrival COL Score VAL 97% COL Sample VAL 159 patients COL Stateavg VAL al_amx-1 ,COL HospitalName VAL eliza coffee memorial hospital ,0
170,COL ProviderNumber VAL 10007 COL HospitalName VAL mizell memorial hospital COL Address1 VAL 702xnxmainxst COL Address2 VAL empty COL Address3 VAL empty COL City VAL opp COL State VAL al COL ZipCode VAL 36467 COL CountyName VAL covington COL PhoneNumber VAL 3344933541 COL HospitalType VAL acute care hospitals COL HospitalOwner VAL voluntary non-profit - private COL EmergencyService VAL no COL Condition VAL heart attack COL MeasureCode VAL ami-1 COL MeasureName VAL xeart attack patients given aspirin at arrival COL Score VAL 60% COL Sample VAL 5 patients COL Stateavg VAL al_ami-1 ,COL HospitalName VAL xizell xexorial hospital ,1
171,COL ProviderNumber VAL 10007 COL HospitalName VAL mizell memorial hospital COL Address1 VAL 702xnxmainxst COL Address2 VAL empty COL Address3 VAL empty COL City VAL opp COL State VAL al COL ZipCode VAL 36467 COL CountyName VAL covington COL PhoneNumber VAL 3344933541 COL HospitalType VAL acute care hospitals COL HospitalOwner VAL voluntary non-profit - private COL EmergencyService VAL no COL Condition VAL heart attack COL MeasureCode VAL ami-1 COL MeasureName VAL xeart attack patients given aspirin at arrival COL Score VAL 60% COL Sample VAL 5 patients COL Stateavg VAL al_ami-1 ,COL HospitalName VAL mizell memorial hospital ,0
172,COL ProviderNumber VAL 10008 COL HospitalName VAL crenshaw community hospital COL Address1 VAL 101 hospital circle COL Address2 VAL empty COL Address3 VAL empty COL City VAL luverne COL State VAL ax COL ZipCode VAL 36049 COL CountyName VAL crenshaw COL PhoneNumber VAL 3343353374 COL HospitalType VAL acute care hospitals COL HospitalOwner VAL government - federal COL EmergencyService VAL yes COL Condition VAL heart attack COL MeasureCode VAL ami-1 COL MeasureName VAL heart attack patients given aspirin at arrivax COL Score VAL 0% COL Sample VAL 1 patients COL Stateavg VAL al_ami-1 ,COL HospitalName VAL crenshax community hospital ,1
173,COL ProviderNumber VAL 10008 COL HospitalName VAL crenshaw community hospital COL Address1 VAL 101 hospital circle COL Address2 VAL empty COL Address3 VAL empty COL City VAL luverne COL State VAL ax COL ZipCode VAL 36049 COL CountyName VAL crenshaw COL PhoneNumber VAL 3343353374 COL HospitalType VAL acute care hospitals COL HospitalOwner VAL government - federal COL EmergencyService VAL yes COL Condition VAL heart attack COL MeasureCode VAL ami-1 COL MeasureName VAL heart attack patients given aspirin at arrivax COL Score VAL 0% COL Sample VAL 1 patients COL Stateavg VAL al_ami-1 ,COL HospitalName VAL crenshaw community hospital ,0
174,COL ProviderNumber VAL 10009 COL HospitalName VAL hartselle medical center COL Address1 VAL 201 pine street northwest COL Address2 VAL empty COL Address3 VAL empty COL City VAL hartselle COL State VAL al COL ZipCode VAL 35640 COL CountyName VAL morgan COL PhoneNumber VAL 2567736511 COL HospitalType VAL acute care hospitals COL HospitalOwner VAL proprietary COL EmergencyService VAL yes COL Condition VAL heart attack COL MeasureCode VAL ami-1 COL MeasureName VAL heart attack patients given aspirin at arrival COL Score VAL 100% COL Sample VAL 6 patients COL Stateavg VAL al_ami-1 ,COL HospitalName VAL hartsxllx mxdical cxntxr ,1
175,COL ProviderNumber VAL 10009 COL HospitalName VAL hartselle medical center COL Address1 VAL 201 pine street northwest COL Address2 VAL empty COL Address3 VAL empty COL City VAL hartselle COL State VAL al COL ZipCode VAL 35640 COL CountyName VAL morgan COL PhoneNumber VAL 2567736511 COL HospitalType VAL acute care hospitals COL HospitalOwner VAL proprietary COL EmergencyService VAL yes COL Condition VAL heart attack COL MeasureCode VAL ami-1 COL MeasureName VAL heart attack patients given aspirin at arrival COL Score VAL 100% COL Sample VAL 6 patients COL Stateavg VAL al_ami-1 ,COL HospitalName VAL hartselle medical center ,0
176,COL ProviderNumber VAL 10010 COL HospitalName VAL marshall medical center north COL Address1 VAL 8000 alabama highway 69 COL Address2 VAL empty COL Address3 VAL empty COL City VAL guntersville COL State VAL al COL ZipCode VAL 35976 COL CountyName VAL marshall COL PhoneNumber VAL 2565718000 COL HospitalType VAL acute care hospitals COL HospitalOwner VAL government - hospital district or authority COL EmergencyService VAL yes COL Condition VAL heart attack COL MeasureCode VAL ami-1 COL MeasureName VAL heart attack patients given aspirin at arrival COL Score VAL 100% COL Sample VAL 8 patients COL Stateavg VAL al_ami-1 ,COL HospitalName VAL marshall medical cexter xorth ,1
177,COL ProviderNumber VAL 10010 COL HospitalName VAL marshall medical center north COL Address1 VAL 8000 alabama highway 69 COL Address2 VAL empty COL Address3 VAL empty COL City VAL guntersville COL State VAL al COL ZipCode VAL 35976 COL CountyName VAL marshall COL PhoneNumber VAL 2565718000 COL HospitalType VAL acute care hospitals COL HospitalOwner VAL government - hospital district or authority COL EmergencyService VAL yes COL Condition VAL heart attack COL MeasureCode VAL ami-1 COL MeasureName VAL heart attack patients given aspirin at arrival COL Score VAL 100% COL Sample VAL 8 patients COL Stateavg VAL al_ami-1 ,COL HospitalName VAL marshall medical center north ,0
178,COL ProviderNumber VAL 10011 COL HospitalName VAL st vincents east COL Address1 VAL 50 medical park east drive COL Address2 VAL empty COL Address3 VAL empty COL City VAL birmingham COL State VAL al COL ZipCode VAL 35235 COL CountyName VAL jefferson COL PhoneNumber VAL 2058383122 COL HospitalType VAL acute care hospitals COL HospitalOwner VAL voluntary non-profit - private COL EmergencyService VAL yes COL Condition VAL heart attack COL MeasureCode VAL ami-1 COL MeasureName VAL heart attack patients given aspirin at arrival COL Score VAL 99% COL Sample VAL 240 patients COL Stateavg VAL al_ami-1 ,COL HospitalName VAL sx vincenxs easx ,1
179,COL ProviderNumber VAL 10011 COL HospitalName VAL st vincents east COL Address1 VAL 50 medical park east drive COL Address2 VAL empty COL Address3 VAL empty COL City VAL birmingham COL State VAL al COL ZipCode VAL 35235 COL CountyName VAL jefferson COL PhoneNumber VAL 2058383122 COL HospitalType VAL acute care hospitals COL HospitalOwner VAL voluntary non-profit - private COL EmergencyService VAL yes COL Condition VAL heart attack COL MeasureCode VAL ami-1 COL MeasureName VAL heart attack patients given aspirin at arrival COL Score VAL 99% COL Sample VAL 240 patients COL Stateavg VAL al_ami-1 ,COL HospitalName VAL st vincents east ,0
180,COL ProviderNumber VAL 10012 COL HospitalName VAL dekalb regional medical center COL Address1 VAL 200 med center drive COL Address2 VAL empty COL Address3 VAL empty COL City VAL fort payne COL State VAL al COL ZipCode VAL 35968 COL CountyName VAL de kalb COL PhoneNumber VAL 2568453150 COL HospitalType VAL acute care hospitals COL HospitalOwner VAL voluntary non-profit - church COL EmergencyService VAL yes COL Condition VAL heart attack COL MeasureCode VAL ami-1 COL MeasureName VAL heartxattackxpatientsxgivenxaspirinxatxarrival COL Score VAL 100% COL Sample VAL 46 patients COL Stateavg VAL al_ami-1 ,COL HospitalName VAL dxkalb rxgional mxdical cxntxr ,1
181,COL ProviderNumber VAL 10012 COL HospitalName VAL dekalb regional medical center COL Address1 VAL 200 med center drive COL Address2 VAL empty COL Address3 VAL empty COL City VAL fort payne COL State VAL al COL ZipCode VAL 35968 COL CountyName VAL de kalb COL PhoneNumber VAL 2568453150 COL HospitalType VAL acute care hospitals COL HospitalOwner VAL voluntary non-profit - church COL EmergencyService VAL yes COL Condition VAL heart attack COL MeasureCode VAL ami-1 COL MeasureName VAL heartxattackxpatientsxgivenxaspirinxatxarrival COL Score VAL 100% COL Sample VAL 46 patients COL Stateavg VAL al_ami-1 ,COL HospitalName VAL dekalb regional medical center ,0
182,COL ProviderNumber VAL x00x5 COL HospitalName VAL southwest alabama medical center COL Address1 VAL 33700 highway 43 COL Address2 VAL empty COL Address3 VAL empty COL City VAL thomasville COL State VAL al COL ZipCode VAL 36784 COL CountyName VAL clarke COL PhoneNumber VAL 3346366221 COL HospitalType VAL acute care hospitals COL HospitalOwner VAL government - federal COL EmergencyService VAL yes COL Condition VAL heart attack COL MeasureCode VAL ami-1 COL MeasureName VAL heart attack patients given aspirin at arrival COL Score VAL empty COL Sample VAL 0 patients COL Stateavg VAL ax_ami-1 ,COL HospitalName VAL southwest alabama medical centex ,1
183,COL ProviderNumber VAL x00x5 COL HospitalName VAL southwest alabama medical center COL Address1 VAL 33700 highway 43 COL Address2 VAL empty COL Address3 VAL empty COL City VAL thomasville COL State VAL al COL ZipCode VAL 36784 COL CountyName VAL clarke COL PhoneNumber VAL 3346366221 COL HospitalType VAL acute care hospitals COL HospitalOwner VAL government - federal COL EmergencyService VAL yes COL Condition VAL heart attack COL MeasureCode VAL ami-1 COL MeasureName VAL heart attack patients given aspirin at arrival COL Score VAL empty COL Sample VAL 0 patients COL Stateavg VAL ax_ami-1 ,COL HospitalName VAL southwest alabama medical center ,0
184,COL ProviderNumber VAL 10016 COL HospitalName VAL shelby baptist medical center COL Address1 VAL 1000 first street north COL Address2 VAL empty COL Address3 VAL empty COL City VAL alabaster COL State VAL al COL ZipCode VAL 35007 COL CountyName VAL shelby COL PhoneNumber VAL 2056208100 COL HospitalType VAL acute care hospitals COL HospitalOwner VAL voluntary non-profit - church COL EmergencyService VAL yes COL Condition VAL heart attack COL MeasureCode VAL ami-1 COL MeasureName VAL heart attack patients given aspirin at arrival COL Score VAL 99% COL Sample VAL 179 patients COL Stateavg VAL al_axi-1 ,COL HospitalName VAL shelby bapxisx medical cenxer ,1
185,COL ProviderNumber VAL 10016 COL HospitalName VAL shelby baptist medical center COL Address1 VAL 1000 first street north COL Address2 VAL empty COL Address3 VAL empty COL City VAL alabaster COL State VAL al COL ZipCode VAL 35007 COL CountyName VAL shelby COL PhoneNumber VAL 2056208100 COL HospitalType VAL acute care hospitals COL HospitalOwner VAL voluntary non-profit - church COL EmergencyService VAL yes COL Condition VAL heart attack COL MeasureCode VAL ami-1 COL MeasureName VAL heart attack patients given aspirin at arrival COL Score VAL 99% COL Sample VAL 179 patients COL Stateavg VAL al_axi-1 ,COL HospitalName VAL shelby baptist medical center ,0
186,COL ProviderNumber VAL 10038 COL HospitalName VAL stringfellow memorial hospital COL Address1 VAL 301 east 18th st COL Address2 VAL empty COL Address3 VAL empty COL City VAL anniston COL State VAL al COL ZipCode VAL 36201 COL CountyName VAL calhoxn COL PhoneNumber VAL 2562358900 COL HospitalType VAL acute care hospitals COL HospitalOwner VAL proprietary COL EmergencyService VAL yes COL Condition VAL children s asthma care COL MeasureCode VAL cac-3 COL MeasureName VAL children and their caregivers who received a home management plan of care document while hospitalized for asthma COL Score VAL 33% COL Sample VAL 9 patients COL Stateavg VAL al_cac-3 ,COL HospitalName VAL stringfxllow mxmorial hospital ,1
187,COL ProviderNumber VAL 10038 COL HospitalName VAL stringfellow memorial hospital COL Address1 VAL 301 east 18th st COL Address2 VAL empty COL Address3 VAL empty COL City VAL anniston COL State VAL al COL ZipCode VAL 36201 COL CountyName VAL calhoxn COL PhoneNumber VAL 2562358900 COL HospitalType VAL acute care hospitals COL HospitalOwner VAL proprietary COL EmergencyService VAL yes COL Condition VAL children s asthma care COL MeasureCode VAL cac-3 COL MeasureName VAL children and their caregivers who received a home management plan of care document while hospitalized for asthma COL Score VAL 33% COL Sample VAL 9 patients COL Stateavg VAL al_cac-3 ,COL HospitalName VAL stringfellow memorial hospital ,0
188,COL ProviderNumber VAL 10055 COL HospitalName VAL flowers hospital COL Address1 VAL 4370 west main street COL Address2 VAL empty COL Address3 VAL empty COL City VAL dothan COL State VAL al COL ZipCode VAL 36305 COL CountyName VAL houston COL PhoneNumber VAL 3347935000 COL HospitalType VAL acute care hospitals COL HospitalOwner VAL proprietary COL EmergencyService VAL yes COL Condition VAL heart failure COL MeasureCode VAL hf-2 COL MeasureName VAL heart failure patients given an evaluation of left ventricular systolic (lvs) function COL Score VAL 100% COL Sample VAL 342 patients COL Stateavg VAL al_hf-2 ,COL HospitalName VAL xlowers hospital ,1
189,COL ProviderNumber VAL 10055 COL HospitalName VAL flowers hospital COL Address1 VAL 4370 west main street COL Address2 VAL empty COL Address3 VAL empty COL City VAL dothan COL State VAL al COL ZipCode VAL 36305 COL CountyName VAL houston COL PhoneNumber VAL 3347935000 COL HospitalType VAL acute care hospitals COL HospitalOwner VAL proprietary COL EmergencyService VAL yes COL Condition VAL heart failure COL MeasureCode VAL hf-2 COL MeasureName VAL heart failure patients given an evaluation of left ventricular systolic (lvs) function COL Score VAL 100% COL Sample VAL 342 patients COL Stateavg VAL al_hf-2 ,COL HospitalName VAL flowers hospital ,0
190,COL ProviderNumber VAL 10056 COL HospitalName VAL st vincents hospital COL Address1 VAL 810 st vincents drive COL Address2 VAL empty COL Address3 VAL empty COL City VAL birmingham COL State VAL al COL ZipCode VAL 35205 COL CountyName VAL jefferson COL PhoneNumber VAL 2059397000 COL HospitalType VAL acute care hospitals COL HospitalOwner VAL voluntary non-profit - other COL EmergencyService VAL yes COL Condition VAL heart attack COL MeasureCode VAL ami-1 COL MeasureName VAL heart attack patients given aspirin at arrival COL Score VAL 97% COL Sample VAL 239 patients COL Stateavg VAL al_ami-1 ,COL HospitalName VAL xt vincentx hoxpital ,1
191,COL ProviderNumber VAL 10056 COL HospitalName VAL st vincents hospital COL Address1 VAL 810 st vincents drive COL Address2 VAL empty COL Address3 VAL empty COL City VAL birmingham COL State VAL al COL ZipCode VAL 35205 COL CountyName VAL jefferson COL PhoneNumber VAL 2059397000 COL HospitalType VAL acute care hospitals COL HospitalOwner VAL voluntary non-profit - other COL EmergencyService VAL yes COL Condition VAL heart attack COL MeasureCode VAL ami-1 COL MeasureName VAL heart attack patients given aspirin at arrival COL Score VAL 97% COL Sample VAL 239 patients COL Stateavg VAL al_ami-1 ,COL HospitalName VAL st vincents hospital ,0
192,COL ProviderNumber VAL 10085 COL HospitalName VAL decatur general hospital COL Address1 VAL 1201 7th street se COL Address2 VAL empty COL Address3 VAL empty COL City VAL decatur COL State VAL al COL ZipCode VAL 35609 COL CountyName VAL morgan COL PhoneNumber VAL 2563412000 COL HospitalType VAL acute care hospitals COL HospitalOwner VAL government - hospital district or authority COL EmergencyService VAL yes COL Condition VAL surgical infection prevention COL MeasureCode VAL scip-vte-2 COL MeasureName VAL patients who got treatment  at the right time (within 24 hours before or after their surgery) to help prevent blood clots after certain types of surgery COL Score VAL 87% COL Sample VAL 205 patients COL Stateavg VAL al_scip-vte-2 ,COL HospitalName VAL decatur generax hospitax ,1
193,COL ProviderNumber VAL 10085 COL HospitalName VAL decatur general hospital COL Address1 VAL 1201 7th street se COL Address2 VAL empty COL Address3 VAL empty COL City VAL decatur COL State VAL al COL ZipCode VAL 35609 COL CountyName VAL morgan COL PhoneNumber VAL 2563412000 COL HospitalType VAL acute care hospitals COL HospitalOwner VAL government - hospital district or authority COL EmergencyService VAL yes COL Condition VAL surgical infection prevention COL MeasureCode VAL scip-vte-2 COL MeasureName VAL patients who got treatment  at the right time (within 24 hours before or after their surgery) to help prevent blood clots after certain types of surgery COL Score VAL 87% COL Sample VAL 205 patients COL Stateavg VAL al_scip-vte-2 ,COL HospitalName VAL decatur general hospital ,0
194,COL ProviderNumber VAL 10086 COL HospitalName VAL northwest medical center COL Address1 VAL 1530 u s highway 43 COL Address2 VAL empty COL Address3 VAL empty COL City VAL winfield COL State VAL al COL ZipCode VAL 35594 COL CountyName VAL marion COL PhoneNumber VAL 2054877736 COL HospitalType VAL acute care hospitals COL HospitalOwner VAL proprietary COL EmergencyService VAL yes COL Condition VAL heart attack COL MeasureCode VAL ami-1 COL MeasureName VAL heart attack patients given aspirin at arrival COL Score VAL 100% COL Sample VAL 1x patients COL Stateavg VAL al_ami-1 ,COL HospitalName VAL noxthwest medical centex ,1
195,COL ProviderNumber VAL 10086 COL HospitalName VAL northwest medical center COL Address1 VAL 1530 u s highway 43 COL Address2 VAL empty COL Address3 VAL empty COL City VAL winfield COL State VAL al COL ZipCode VAL 35594 COL CountyName VAL marion COL PhoneNumber VAL 2054877736 COL HospitalType VAL acute care hospitals COL HospitalOwner VAL proprietary COL EmergencyService VAL yes COL Condition VAL heart attack COL MeasureCode VAL ami-1 COL MeasureName VAL heart attack patients given aspirin at arrival COL Score VAL 100% COL Sample VAL 1x patients COL Stateavg VAL al_ami-1 ,COL HospitalName VAL northwest medical center ,0
196,COL ProviderNumber VAL 10087 COL HospitalName VAL univ of south alabama medical center COL Address1 VAL 2451 fillingim street COL Address2 VAL empty COL Address3 VAL empty COL City VAL mobile COL State VAL al COL ZipCode VAL 36617 COL CountyName VAL mobile COL PhoneNumber VAL 2514717110 COL HospitalType VAL acute care hospitals COL HospitalOwner VAL government - state COL EmergencyService VAL yes COL Condition VAL heart attack COL MeasureCode VAL ami-1 COL MeasureName VAL heart attack patients given aspirin at arrival COL Score VAL 99% COL Sample VAL 86 patients COL Stateavg VAL al_ami-1 ,COL HospitalName VAL univ of south alabaxa xedical center ,1
197,COL ProviderNumber VAL 10087 COL HospitalName VAL univ of south alabama medical center COL Address1 VAL 2451 fillingim street COL Address2 VAL empty COL Address3 VAL empty COL City VAL mobile COL State VAL al COL ZipCode VAL 36617 COL CountyName VAL mobile COL PhoneNumber VAL 2514717110 COL HospitalType VAL acute care hospitals COL HospitalOwner VAL government - state COL EmergencyService VAL yes COL Condition VAL heart attack COL MeasureCode VAL ami-1 COL MeasureName VAL heart attack patients given aspirin at arrival COL Score VAL 99% COL Sample VAL 86 patients COL Stateavg VAL al_ami-1 ,COL HospitalName VAL univ of south alabama medical center ,0
198,COL ProviderNumber VAL 10108 COL HospitalName VAL prattville baptist hospital COL Address1 VAL 124 s memorial dr COL Address2 VAL empty COL Address3 VAL empty COL City VAL prattville COL State VAL al COL ZipCode VAL 36067 COL CountyName VAL autauga COL PhoneNumber VAL 3343614267 COL HospitalType VAL acute care hospitals COL HospitalOwner VAL voluntary non-profit - private COL EmergencyService VAL yes COL Condition VAL heart attack COL MeasureCode VAL ami-2 COL MeasureName VAL heart attack patients given aspirin at discharge COL Score VAL 100% COL Sample VAL 4 patients COL Stateavg VAL al_ami-2 ,COL HospitalName VAL prattxille baptist hospital ,1
199,COL ProviderNumber VAL 10108 COL HospitalName VAL prattville baptist hospital COL Address1 VAL 124 s memorial dr COL Address2 VAL empty COL Address3 VAL empty COL City VAL prattville COL State VAL al COL ZipCode VAL 36067 COL CountyName VAL autauga COL PhoneNumber VAL 3343614267 COL HospitalType VAL acute care hospitals COL HospitalOwner VAL voluntary non-profit - private COL EmergencyService VAL yes COL Condition VAL heart attack COL MeasureCode VAL ami-2 COL MeasureName VAL heart attack patients given aspirin at discharge COL Score VAL 100% COL Sample VAL 4 patients COL Stateavg VAL al_ami-2 ,COL HospitalName VAL prattville baptist hospital ,0
200,COL ProviderNumber VAL 10158 COL HospitalName VAL russellville hospital COL Address1 VAL 15155 highway 43 COL Address2 VAL empty COL Address3 VAL empty COL City VAL russellville COL State VAL al COL ZipCode VAL 35653 COL CountyName VAL franklin COL PhoneNumber VAL 2563321611 COL HospitalType VAL acute care hospitals COL HospitalOwner VAL proprietary COL EmergencyService VAL yes COL Condition VAL surgical infection prevention COL MeasureCode VAL scip-vte-1 COL MeasureName VAL surgery patients whose doctors ordered treatments to prevent blood clots after certain types of surgeries COL Score VAL 100% COL Sample VAL 125 patients COL Stateavg VAL al_scip-vte-1 ,COL HospitalName VAL russellville hospixal ,1
201,COL ProviderNumber VAL 10158 COL HospitalName VAL russellville hospital COL Address1 VAL 15155 highway 43 COL Address2 VAL empty COL Address3 VAL empty COL City VAL russellville COL State VAL al COL ZipCode VAL 35653 COL CountyName VAL franklin COL PhoneNumber VAL 2563321611 COL HospitalType VAL acute care hospitals COL HospitalOwner VAL proprietary COL EmergencyService VAL yes COL Condition VAL surgical infection prevention COL MeasureCode VAL scip-vte-1 COL MeasureName VAL surgery patients whose doctors ordered treatments to prevent blood clots after certain types of surgeries COL Score VAL 100% COL Sample VAL 125 patients COL Stateavg VAL al_scip-vte-1 ,COL HospitalName VAL russellville hospital ,0
202,COL ProviderNumber VAL 10164 COL HospitalName VAL coosa valley medical center COL Address1 VAL 315 w hickory st COL Address2 VAL empty COL Address3 VAL empty COL City VAL sylacauga COL State VAL al COL ZipCode VAL 35150 COL CountyName VAL talladega COL PhoneNumber VAL 2562495000 COL HospitalType VAL acute care hospitals COL HospitalOwner VAL voluntary non-profit - other COL EmergencyService VAL no COL Condition VAL heart attack COL MeasureCode VAL ami-1 COL MeasureName VAL heart attack patients given aspirin at arrival COL Score VAL 90% COL Sample VAL 10 patients COL Stateavg VAL al_ami-1 ,COL HospitalName VAL coosa valley mexical center ,1
203,COL ProviderNumber VAL 10164 COL HospitalName VAL coosa valley medical center COL Address1 VAL 315 w hickory st COL Address2 VAL empty COL Address3 VAL empty COL City VAL sylacauga COL State VAL al COL ZipCode VAL 35150 COL CountyName VAL talladega COL PhoneNumber VAL 2562495000 COL HospitalType VAL acute care hospitals COL HospitalOwner VAL voluntary non-profit - other COL EmergencyService VAL no COL Condition VAL heart attack COL MeasureCode VAL ami-1 COL MeasureName VAL heart attack patients given aspirin at arrival COL Score VAL 90% COL Sample VAL 10 patients COL Stateavg VAL al_ami-1 ,COL HospitalName VAL coosa valley medical center ,0
204,COL ProviderNumber VAL 20017 COL HospitalName VAL alaska regional hospital COL Address1 VAL 2801 debarr road COL Address2 VAL empty COL Address3 VAL empty COL City VAL anchorage COL State VAL ak COL ZipCode VAL 99508 COL CountyName VAL anchorage COL PhoneNumber VAL 9072761131 COL HospitalType VAL acute care hospitals COL HospitalOwner VAL proprietary COL EmergencyService VAL yes COL Condition VAL heart failure COL MeasureCode VAL hf-1 COL MeasureName VAL heart failure patients given discharge instructions COL Score VAL 91% COL Sample VAL 57 patients COL Stateavg VAL ak_hf-1 ,COL HospitalName VAL xlxskx regionxl hospitxl ,1
205,COL ProviderNumber VAL 20017 COL HospitalName VAL alaska regional hospital COL Address1 VAL 2801 debarr road COL Address2 VAL empty COL Address3 VAL empty COL City VAL anchorage COL State VAL ak COL ZipCode VAL 99508 COL CountyName VAL anchorage COL PhoneNumber VAL 9072761131 COL HospitalType VAL acute care hospitals COL HospitalOwner VAL proprietary COL EmergencyService VAL yes COL Condition VAL heart failure COL MeasureCode VAL hf-1 COL MeasureName VAL heart failure patients given discharge instructions COL Score VAL 91% COL Sample VAL 57 patients COL Stateavg VAL ak_hf-1 ,COL HospitalName VAL alaska regional hospital ,0
206,COL ProviderNumber VAL 20018 COL HospitalName VAL yukon kuskokwim delta reg hospital COL Address1 VAL po box 287 COL Address2 VAL empty COL Address3 VAL empty COL City VAL bethel COL State VAL ak COL ZipCode VAL 99559 COL CountyName VAL bethel COL PhoneNumber VAL 9075436300 COL HospitalType VAL acute care hospitals COL HospitalOwner VAL government - federal COL EmergencyService VAL no COL Condition VAL heart attack COL MeasureCode VAL ami-1 COL MeasureName VAL heart attack patients given aspirin at arrival COL Score VAL empty COL Sample VAL empty COL Stateavg VAL ak_ami-1 ,COL HospitalName VAL yukon kuskokwim delta rex hospital ,1
207,COL ProviderNumber VAL 20018 COL HospitalName VAL yukon kuskokwim delta reg hospital COL Address1 VAL po box 287 COL Address2 VAL empty COL Address3 VAL empty COL City VAL bethel COL State VAL ak COL ZipCode VAL 99559 COL CountyName VAL bethel COL PhoneNumber VAL 9075436300 COL HospitalType VAL acute care hospitals COL HospitalOwner VAL government - federal COL EmergencyService VAL no COL Condition VAL heart attack COL MeasureCode VAL ami-1 COL MeasureName VAL heart attack patients given aspirin at arrival COL Score VAL empty COL Sample VAL empty COL Stateavg VAL ak_ami-1 ,COL HospitalName VAL yukon kuskokwim delta reg hospital ,0
208,COL ProviderNumber VAL 10021 COL HospitalName VAL dale medical center COL Address1 VAL 126 hospital ave COL Address2 VAL empty COL Address3 VAL empty COL City VAL ozark COL State VAL al COL ZipCode VAL 36360 COL CountyName VAL dale COL PhoneNumber VAL 3347742601 COL HospitalType VAL acute care hospitals COL HospitalOwner VAL government - hospital district or authority COL EmergencyService VAL yes COL Condition VAL heart attack COL MeasureCode VAL ami-1 COL MeasureName VAL heart attack patients given aspirin at arrival COL Score VAL 100% COL Sample VAL 11 patients COL Stateavg VAL al_ami-1 ,COL HospitalName VAL xale mexical center ,1
209,COL ProviderNumber VAL 10021 COL HospitalName VAL dale medical center COL Address1 VAL 126 hospital ave COL Address2 VAL empty COL Address3 VAL empty COL City VAL ozark COL State VAL al COL ZipCode VAL 36360 COL CountyName VAL dale COL PhoneNumber VAL 3347742601 COL HospitalType VAL acute care hospitals COL HospitalOwner VAL government - hospital district or authority COL EmergencyService VAL yes COL Condition VAL heart attack COL MeasureCode VAL ami-1 COL MeasureName VAL heart attack patients given aspirin at arrival COL Score VAL 100% COL Sample VAL 11 patients COL Stateavg VAL al_ami-1 ,COL HospitalName VAL dale medical center ,0
210,COL ProviderNumber VAL 10022 COL HospitalName VAL cherokee medical center COL Address1 VAL 400 northwood dr COL Address2 VAL empty COL Address3 VAL empty COL City VAL centre COL State VAL al COL ZipCode VAL 35960 COL CountyName VAL cherokee COL PhoneNumber VAL 2569275531 COL HospitalType VAL acute care hospitals COL HospitalOwner VAL voluntary non-profit - private COL EmergencyService VAL yes COL Condition VAL heart attack COL MeasureCode VAL ami-1 COL MeasureName VAL heart attack patients given aspirin at arrival COL Score VAL empty COL Sample VAL 0 patients COL Stateavg VAL al_ami-1 ,COL HospitalName VAL cherokee medxcal center ,1
211,COL ProviderNumber VAL 10022 COL HospitalName VAL cherokee medical center COL Address1 VAL 400 northwood dr COL Address2 VAL empty COL Address3 VAL empty COL City VAL centre COL State VAL al COL ZipCode VAL 35960 COL CountyName VAL cherokee COL PhoneNumber VAL 2569275531 COL HospitalType VAL acute care hospitals COL HospitalOwner VAL voluntary non-profit - private COL EmergencyService VAL yes COL Condition VAL heart attack COL MeasureCode VAL ami-1 COL MeasureName VAL heart attack patients given aspirin at arrival COL Score VAL empty COL Sample VAL 0 patients COL Stateavg VAL al_ami-1 ,COL HospitalName VAL cherokee medical center ,0
212,COL ProviderNumber VAL 10023 COL HospitalName VAL baptist medical center south COL Address1 VAL 2105 east south boulevard COL Address2 VAL empty COL Address3 VAL empty COL City VAL montgomery COL State VAL al COL ZipCode VAL 36116 COL CountyName VAL montgomery COL PhoneNumber VAL 3342xx2100 COL HospitalType VAL acute care hospitals COL HospitalOwner VAL voluntary non-profit - church COL EmergencyService VAL yes COL Condition VAL heart attack COL MeasureCode VAL ami-1 COL MeasureName VAL heart attack patients given aspirin at arrival COL Score VAL 100% COL Sample VAL 134 patients COL Stateavg VAL al_ami-1 ,COL HospitalName VAL bapxisx medical cenxer souxh ,1
213,COL ProviderNumber VAL 10023 COL HospitalName VAL baptist medical center south COL Address1 VAL 2105 east south boulevard COL Address2 VAL empty COL Address3 VAL empty COL City VAL montgomery COL State VAL al COL ZipCode VAL 36116 COL CountyName VAL montgomery COL PhoneNumber VAL 3342xx2100 COL HospitalType VAL acute care hospitals COL HospitalOwner VAL voluntary non-profit - church COL EmergencyService VAL yes COL Condition VAL heart attack COL MeasureCode VAL ami-1 COL MeasureName VAL heart attack patients given aspirin at arrival COL Score VAL 100% COL Sample VAL 134 patients COL Stateavg VAL al_ami-1 ,COL HospitalName VAL baptist medical center south ,0
214,COL ProviderNumber VAL 10024 COL HospitalName VAL jackson hospital & clinic inc COL Address1 VAL 1725 pine street COL Address2 VAL empty COL Address3 VAL empty COL City VAL montgomery COL State VAL al COL ZipCode VAL 36106 COL CountyName VAL montgomery COL PhoneNumber VAL 3342938000 COL HospitalType VAL acute care hospitals COL HospitalOwner VAL voluntary non-profit - private COL EmergencyService VAL yes COL Condition VAL heart attack COL MeasureCode VAL ami-1 COL MeasureName VAL hexrt attxck pxtients given aspirin xt arrivxl COL Score VAL 95% COL Sample VAL 111 patients COL Stateavg VAL al_ami-1 ,COL HospitalName VAL jacksxn hxspital & clinic inc ,1
215,COL ProviderNumber VAL 10024 COL HospitalName VAL jackson hospital & clinic inc COL Address1 VAL 1725 pine street COL Address2 VAL empty COL Address3 VAL empty COL City VAL montgomery COL State VAL al COL ZipCode VAL 36106 COL CountyName VAL montgomery COL PhoneNumber VAL 3342938000 COL HospitalType VAL acute care hospitals COL HospitalOwner VAL voluntary non-profit - private COL EmergencyService VAL yes COL Condition VAL heart attack COL MeasureCode VAL ami-1 COL MeasureName VAL hexrt attxck pxtients given aspirin xt arrivxl COL Score VAL 95% COL Sample VAL 111 patients COL Stateavg VAL al_ami-1 ,COL HospitalName VAL jackson hospital & clinic inc ,0
216,COL ProviderNumber VAL 10025 COL HospitalName VAL g h lanier memorial hospital COL Address1 VAL 4800 48th st COL Address2 VAL empty COL Address3 VAL empty COL City VAL valley COL State VAL al COL ZipCode VAL 36854 COL CountyName VAL chambers COL PhoneNumber VAL 3347561400 COL HospitalType VAL acute care hospitals COL HospitalOwner VAL voluntary non-profit - other COL EmergencyService VAL yes COL Condition VAL heart attack COL MeasureCode VAL ami-1 COL MeasureName VAL heart attack patients given aspirin at arrival COL Score VAL 92% COL Sample VAL 24 patients COL Stateavg VAL al_ami-1 ,COL HospitalName VAL g h laniex memoxial hospital ,1
217,COL ProviderNumber VAL 10025 COL HospitalName VAL g h lanier memorial hospital COL Address1 VAL 4800 48th st COL Address2 VAL empty COL Address3 VAL empty COL City VAL valley COL State VAL al COL ZipCode VAL 36854 COL CountyName VAL chambers COL PhoneNumber VAL 3347561400 COL HospitalType VAL acute care hospitals COL HospitalOwner VAL voluntary non-profit - other COL EmergencyService VAL yes COL Condition VAL heart attack COL MeasureCode VAL ami-1 COL MeasureName VAL heart attack patients given aspirin at arrival COL Score VAL 92% COL Sample VAL 24 patients COL Stateavg VAL al_ami-1 ,COL HospitalName VAL g h lanier memorial hospital ,0
218,COL ProviderNumber VAL 10027 COL HospitalName VAL elba general hospital COL Address1 VAL 987 drayton street COL Address2 VAL empty COL Address3 VAL empty COL City VAL elba COL State VAL al COL ZipCode VAL 36323 COL CountyName VAL coffee COL PhoneNumber VAL 3348972257 COL HospitalType VAL acute care hospitals COL HospitalOwner VAL voluntary non-profit - other COL EmergencyService VAL yes COL Condition VAL heart attack COL MeasureCode VAL ami-1 COL MeasureName VAL heart attack patients given aspirin at arrival COL Score VAL empty COL Sample VAL empty COL Stateavg VAL al_ami-1 ,COL HospitalName VAL exba generax hospitax ,1
219,COL ProviderNumber VAL 10027 COL HospitalName VAL elba general hospital COL Address1 VAL 987 drayton street COL Address2 VAL empty COL Address3 VAL empty COL City VAL elba COL State VAL al COL ZipCode VAL 36323 COL CountyName VAL coffee COL PhoneNumber VAL 3348972257 COL HospitalType VAL acute care hospitals COL HospitalOwner VAL voluntary non-profit - other COL EmergencyService VAL yes COL Condition VAL heart attack COL MeasureCode VAL ami-1 COL MeasureName VAL heart attack patients given aspirin at arrival COL Score VAL empty COL Sample VAL empty COL Stateavg VAL al_ami-1 ,COL HospitalName VAL elba general hospital ,0
220,COL ProviderNumber VAL 10029 COL HospitalName VAL east alabama medical center and snf COL Address1 VAL 2000 pepperell parkway COL Address2 VAL empty COL Address3 VAL empty COL City VAL opelika COL State VAL al COL ZipCode VAL 36801 COL CountyName VAL lee COL PhoneNumber VAL 3347493411 COL HospitalType VAL acute care hospitals COL HospitalOwner VAL government - hospital district or authority COL EmergencyService VAL yes COL Condition VAL heart attack COL MeasureCode VAL ami-1 COL MeasureName VAL heart attack patients given aspirin at arrival COL Score VAL 98% COL Sample VAL 185 patients COL Stateavg VAL al_ami-1 ,COL HospitalName VAL east alabama medixal xenter and snf ,1
221,COL ProviderNumber VAL 10029 COL HospitalName VAL east alabama medical center and snf COL Address1 VAL 2000 pepperell parkway COL Address2 VAL empty COL Address3 VAL empty COL City VAL opelika COL State VAL al COL ZipCode VAL 36801 COL CountyName VAL lee COL PhoneNumber VAL 3347493411 COL HospitalType VAL acute care hospitals COL HospitalOwner VAL government - hospital district or authority COL EmergencyService VAL yes COL Condition VAL heart attack COL MeasureCode VAL ami-1 COL MeasureName VAL heart attack patients given aspirin at arrival COL Score VAL 98% COL Sample VAL 185 patients COL Stateavg VAL al_ami-1 ,COL HospitalName VAL east alabama medical center and snf ,0
222,COL ProviderNumber VAL 10032 COL HospitalName VAL wedowee hospital COL Address1 VAL 209 north main street COL Address2 VAL empty COL Address3 VAL empty COL City VAL wedowee COL State VAL al COL ZipCode VAL 36278 COL CountyName VAL randolph COL PhoneNumber VAL 2563572111 COL HospitalType VAL acute care hospitals COL HospitalOwner VAL government - local COL EmergencyService VAL no COL Condition VAL heart attack COL MeasureCode VAL ami-1 COL MeasureName VAL heart attack patients given aspirin at arrival COL Score VAL 50% COL Sample VAL 4 patients COL Stateavg VAL al_ami-1 ,COL HospitalName VAL wxdowxx hospital ,1
223,COL ProviderNumber VAL 10032 COL HospitalName VAL wedowee hospital COL Address1 VAL 209 north main street COL Address2 VAL empty COL Address3 VAL empty COL City VAL wedowee COL State VAL al COL ZipCode VAL 36278 COL CountyName VAL randolph COL PhoneNumber VAL 2563572111 COL HospitalType VAL acute care hospitals COL HospitalOwner VAL government - local COL EmergencyService VAL no COL Condition VAL heart attack COL MeasureCode VAL ami-1 COL MeasureName VAL heart attack patients given aspirin at arrival COL Score VAL 50% COL Sample VAL 4 patients COL Stateavg VAL al_ami-1 ,COL HospitalName VAL wedowee hospital ,0
224,COL ProviderNumber VAL 10033 COL HospitalName VAL university of alabama hospital COL Address1 VAL 619 south 19th street COL Address2 VAL empty COL Address3 VAL empty COL City VAL birmingham COL State VAL al COL ZipCode VAL 35233 COL CountyName VAL jefferson COL PhoneNumber VAL 20593xx011 COL HospitalType VAL acute care hospitals COL HospitalOwner VAL government - state COL EmergencyService VAL yes COL Condition VAL heart attack COL MeasureCode VAL ami-1 COL MeasureName VAL heart attack patients given aspirin at arrival COL Score VAL 98% COL Sample VAL 229 patients COL Stateavg VAL al_ami-1 ,COL HospitalName VAL universityxofxalabamaxhospital ,1
225,COL ProviderNumber VAL 10033 COL HospitalName VAL university of alabama hospital COL Address1 VAL 619 south 19th street COL Address2 VAL empty COL Address3 VAL empty COL City VAL birmingham COL State VAL al COL ZipCode VAL 35233 COL CountyName VAL jefferson COL PhoneNumber VAL 20593xx011 COL HospitalType VAL acute care hospitals COL HospitalOwner VAL government - state COL EmergencyService VAL yes COL Condition VAL heart attack COL MeasureCode VAL ami-1 COL MeasureName VAL heart attack patients given aspirin at arrival COL Score VAL 98% COL Sample VAL 229 patients COL Stateavg VAL al_ami-1 ,COL HospitalName VAL university of alabama hospital ,0
226,COL ProviderNumber VAL 10034 COL HospitalName VAL community hospital inc COL Address1 VAL 805 friendship road COL Address2 VAL empty COL Address3 VAL empty COL City VAL tallassee COL State VAL al COL ZipCode VAL 36078 COL CountyName VAL elmore COL PhoneNumber VAL 3342836541 COL HospitalType VAL acute care hospitals COL HospitalOwner VAL voluntary non-profit - private COL EmergencyService VAL no COL Condition VAL heart attack COL MeasureCode VAL amix1 COL MeasureName VAL heart attack patients given aspirin at arrival COL Score VAL 77% COL Sample VAL 13 patients COL Stateavg VAL al_ami-1 ,COL HospitalName VAL commuxity hospital ixc ,1
227,COL ProviderNumber VAL 10034 COL HospitalName VAL community hospital inc COL Address1 VAL 805 friendship road COL Address2 VAL empty COL Address3 VAL empty COL City VAL tallassee COL State VAL al COL ZipCode VAL 36078 COL CountyName VAL elmore COL PhoneNumber VAL 3342836541 COL HospitalType VAL acute care hospitals COL HospitalOwner VAL voluntary non-profit - private COL EmergencyService VAL no COL Condition VAL heart attack COL MeasureCode VAL amix1 COL MeasureName VAL heart attack patients given aspirin at arrival COL Score VAL 77% COL Sample VAL 13 patients COL Stateavg VAL al_ami-1 ,COL HospitalName VAL community hospital inc ,0
228,COL ProviderNumber VAL 10035 COL HospitalName VAL cullman regional medical center COL Address1 VAL 1912 alabama highway 157 COL Address2 VAL empty COL Address3 VAL empty COL City VAL cullman COL State VAL al COL ZipCode VAL 35058 COL CountyName VAL cullman COL PhoneNumber VAL 2567372000 COL HospitalType VAL acute care hospitals COL HospitalOwner VAL government - hospital district or authority COL EmergencyService VAL yes COL Condition VAL heartxattack COL MeasureCode VAL ami-1 COL MeasureName VAL heart attack patients given aspirin at arrival COL Score VAL 100% COL Sample VAL 51 patients COL Stateavg VAL al_ami-1 ,COL HospitalName VAL cullman regixnal medical center ,1
229,COL ProviderNumber VAL 10035 COL HospitalName VAL cullman regional medical center COL Address1 VAL 1912 alabama highway 157 COL Address2 VAL empty COL Address3 VAL empty COL City VAL cullman COL State VAL al COL ZipCode VAL 35058 COL CountyName VAL cullman COL PhoneNumber VAL 2567372000 COL HospitalType VAL acute care hospitals COL HospitalOwner VAL government - hospital district or authority COL EmergencyService VAL yes COL Condition VAL heartxattack COL MeasureCode VAL ami-1 COL MeasureName VAL heart attack patients given aspirin at arrival COL Score VAL 100% COL Sample VAL 51 patients COL Stateavg VAL al_ami-1 ,COL HospitalName VAL cullman regional medical center ,0
230,COL ProviderNumber VAL 10036 COL HospitalName VAL andalusia regional hospital COL Address1 VAL 849 south three notch street COL Address2 VAL empty COL Address3 VAL empty COL City VAL andalusia COL State VAL al COL ZipCode VAL 36420 COL CountyName VAL covington COL PhoneNumber VAL 3342228466 COL HospitalType VAL acute care hospitals COL HospitalOwner VAL proprietary COL EmergencyService VAL no COL Condition VAL heart attack COL MeasureCode VAL ami-1 COL MeasureName VAL heart attack patients given aspirin at arrival COL Score VAL 100% COL Sample VAL 8 patients COL Stateavg VAL al_ami-1 ,COL HospitalName VAL andalusia regional hospixal ,1
231,COL ProviderNumber VAL 10036 COL HospitalName VAL andalusia regional hospital COL Address1 VAL 849 south three notch street COL Address2 VAL empty COL Address3 VAL empty COL City VAL andalusia COL State VAL al COL ZipCode VAL 36420 COL CountyName VAL covington COL PhoneNumber VAL 3342228466 COL HospitalType VAL acute care hospitals COL HospitalOwner VAL proprietary COL EmergencyService VAL no COL Condition VAL heart attack COL MeasureCode VAL ami-1 COL MeasureName VAL heart attack patients given aspirin at arrival COL Score VAL 100% COL Sample VAL 8 patients COL Stateavg VAL al_ami-1 ,COL HospitalName VAL andalusia regional hospital ,0
232,COL ProviderNumber VAL 10039 COL HospitalName VAL huntsville hospital COL Address1 VAL 101 sivley rd COL Address2 VAL empty COL Address3 VAL empty COL City VAL huntsville COL State VAL al COL ZipCode VAL 35801 COL CountyName VAL madison COL PhoneNumber VAL 2562651000 COL HospitalType VAL acute care hospitals COL HospitalOwner VAL government - hospital district or authority COL EmergencyService VAL yes COL Condition VAL children s asthma care COL MeasureCode VAL xax-1 COL MeasureName VAL children who received reliever medication while hospitalized for asthma COL Score VAL 100% COL Sample VAL 193 patients COL Stateavg VAL al_cac-1 ,COL HospitalName VAL huntxville hoxpital ,1
233,COL ProviderNumber VAL 10039 COL HospitalName VAL huntsville hospital COL Address1 VAL 101 sivley rd COL Address2 VAL empty COL Address3 VAL empty COL City VAL huntsville COL State VAL al COL ZipCode VAL 35801 COL CountyName VAL madison COL PhoneNumber VAL 2562651000 COL HospitalType VAL acute care hospitals COL HospitalOwner VAL government - hospital district or authority COL EmergencyService VAL yes COL Condition VAL children s asthma care COL MeasureCode VAL xax-1 COL MeasureName VAL children who received reliever medication while hospitalized for asthma COL Score VAL 100% COL Sample VAL 193 patients COL Stateavg VAL al_cac-1 ,COL HospitalName VAL huntsville hospital ,0
234,COL ProviderNumber VAL 10040 COL HospitalName VAL gadsden regional medical center COL Address1 VAL 1007 goodyear avenue COL Address2 VAL empty COL Address3 VAL empty COL City VAL gadsden COL State VAL al COL ZipCode VAL 35903 COL CountyName VAL etowah COL PhoneNumber VAL 2564944000 COL HospitalType VAL acute care hospitals COL HospitalOwner VAL proprietary COL EmergencyService VAL yes COL Condition VAL heart attack COL MeasureCode VAL ami-1 COL MeasureName VAL heart attack patxents gxven aspxrxn at arrxval COL Score VAL 94% COL Sample VAL 123 patients COL Stateavg VAL al_ami-1 ,COL HospitalName VAL xadsden rexional medical center ,1
235,COL ProviderNumber VAL 10040 COL HospitalName VAL gadsden regional medical center COL Address1 VAL 1007 goodyear avenue COL Address2 VAL empty COL Address3 VAL empty COL City VAL gadsden COL State VAL al COL ZipCode VAL 35903 COL CountyName VAL etowah COL PhoneNumber VAL 2564944000 COL HospitalType VAL acute care hospitals COL HospitalOwner VAL proprietary COL EmergencyService VAL yes COL Condition VAL heart attack COL MeasureCode VAL ami-1 COL MeasureName VAL heart attack patxents gxven aspxrxn at arrxval COL Score VAL 94% COL Sample VAL 123 patients COL Stateavg VAL al_ami-1 ,COL HospitalName VAL gadsden regional medical center ,0
236,COL ProviderNumber VAL 10043 COL HospitalName VAL chilton medical center COL Address1 VAL 1010 lay dam road COL Address2 VAL empty COL Address3 VAL empty COL City VAL clanton COL State VAL al COL ZipCode VAL 35045 COL CountyName VAL chilton COL PhoneNumber VAL 2057552500 COL HospitalType VAL acute care hospitals COL HospitalOwner VAL voluntary non-profit - private COL EmergencyService VAL yes COL Condition VAL heart attack COL MeasureCode VAL ami-1 COL MeasureName VAL heart attack patients given aspirin at arrival COL Score VAL 100% COL Sample VAL 1 patients COL Stateavg VAL xl_xmi-1 ,COL HospitalName VAL chilton xedical center ,1
237,COL ProviderNumber VAL 10043 COL HospitalName VAL chilton medical center COL Address1 VAL 1010 lay dam road COL Address2 VAL empty COL Address3 VAL empty COL City VAL clanton COL State VAL al COL ZipCode VAL 35045 COL CountyName VAL chilton COL PhoneNumber VAL 2057552500 COL HospitalType VAL acute care hospitals COL HospitalOwner VAL voluntary non-profit - private COL EmergencyService VAL yes COL Condition VAL heart attack COL MeasureCode VAL ami-1 COL MeasureName VAL heart attack patients given aspirin at arrival COL Score VAL 100% COL Sample VAL 1 patients COL Stateavg VAL xl_xmi-1 ,COL HospitalName VAL chilton medical center ,0
238,COL ProviderNumber VAL 10044 COL HospitalName VAL marion regional medical center COL Address1 VAL 1256 military street south COL Address2 VAL empty COL Address3 VAL empty COL City VAL hamilton COL State VAL al COL ZipCode VAL 35570 COL CountyName VAL marion COL PhoneNumber VAL 2059216200 COL HospitalType VAL acute care hospitals COL HospitalOwner VAL voluntary non-profit - private COL EmergencyService VAL yes COL Condition VAL heart attack COL MeasureCode VAL ami-1 COL MeasureName VAL heart attack patients given aspirin at arrival COL Score VAL 67% COL Sample VAL 3 patients COL Stateavg VAL al_ami-1 ,COL HospitalName VAL mariox regioxal medical cexter ,1
239,COL ProviderNumber VAL 10044 COL HospitalName VAL marion regional medical center COL Address1 VAL 1256 military street south COL Address2 VAL empty COL Address3 VAL empty COL City VAL hamilton COL State VAL al COL ZipCode VAL 35570 COL CountyName VAL marion COL PhoneNumber VAL 2059216200 COL HospitalType VAL acute care hospitals COL HospitalOwner VAL voluntary non-profit - private COL EmergencyService VAL yes COL Condition VAL heart attack COL MeasureCode VAL ami-1 COL MeasureName VAL heart attack patients given aspirin at arrival COL Score VAL 67% COL Sample VAL 3 patients COL Stateavg VAL al_ami-1 ,COL HospitalName VAL marion regional medical center ,0
240,COL ProviderNumber VAL 10045 COL HospitalName VAL fayette medical center COL Address1 VAL 1653 temple avenue north COL Address2 VAL empty COL Address3 VAL empty COL City VAL fayette COL State VAL al COL ZipCode VAL 35555 COL CountyName VAL fayette COL PhoneNumber VAL 2059325966 COL HospitalType VAL acute care hoxpitalx COL HospitalOwner VAL voluntary non-profit - other COL EmergencyService VAL yes COL Condition VAL heart attack COL MeasureCode VAL ami-1 COL MeasureName VAL heart attack patients given aspirin at arrival COL Score VAL 100% COL Sample VAL 18 patients COL Stateavg VAL al_ami-1 ,COL HospitalName VAL fayxttx mxdical cxntxr ,1
241,COL ProviderNumber VAL 10045 COL HospitalName VAL fayette medical center COL Address1 VAL 1653 temple avenue north COL Address2 VAL empty COL Address3 VAL empty COL City VAL fayette COL State VAL al COL ZipCode VAL 35555 COL CountyName VAL fayette COL PhoneNumber VAL 2059325966 COL HospitalType VAL acute care hoxpitalx COL HospitalOwner VAL voluntary non-profit - other COL EmergencyService VAL yes COL Condition VAL heart attack COL MeasureCode VAL ami-1 COL MeasureName VAL heart attack patients given aspirin at arrival COL Score VAL 100% COL Sample VAL 18 patients COL Stateavg VAL al_ami-1 ,COL HospitalName VAL fayette medical center ,0
242,COL ProviderNumber VAL 10046 COL HospitalName VAL riverview regional medical center COL Address1 VAL 600 south third street COL Address2 VAL empty COL Address3 VAL empty COL City VAL gadsden COL State VAL al COL ZipCode VAL 35901 COL CountyName VAL etowah COL PhoneNumber VAL 2565435200 COL HospitalType VAL acutexcarexhospitals COL HospitalOwner VAL proprietary COL EmergencyService VAL yes COL Condition VAL children s asthma care COL MeasureCode VAL cac-1 COL MeasureName VAL childrenxwhoxreceivedxrelieverxmedicationxwhilexhospitalizedxforxasthma COL Score VAL 100% COL Sample VAL 4 patients COL Stateavg VAL al_cac-1 ,COL HospitalName VAL riverview regionxl medicxl center ,1
243,COL ProviderNumber VAL 10046 COL HospitalName VAL riverview regional medical center COL Address1 VAL 600 south third street COL Address2 VAL empty COL Address3 VAL empty COL City VAL gadsden COL State VAL al COL ZipCode VAL 35901 COL CountyName VAL etowah COL PhoneNumber VAL 2565435200 COL HospitalType VAL acutexcarexhospitals COL HospitalOwner VAL proprietary COL EmergencyService VAL yes COL Condition VAL children s asthma care COL MeasureCode VAL cac-1 COL MeasureName VAL childrenxwhoxreceivedxrelieverxmedicationxwhilexhospitalizedxforxasthma COL Score VAL 100% COL Sample VAL 4 patients COL Stateavg VAL al_cac-1 ,COL HospitalName VAL riverview regional medical center ,0
244,COL ProviderNumber VAL 10047 COL HospitalName VAL georgiana hospital COL Address1 VAL 515 miranda st COL Address2 VAL empty COL Address3 VAL empty COL City VAL georgiana COL State VAL al COL ZipCode VAL 36033 COL CountyName VAL butler COL PhoneNumber VAL 3343762205 COL HospitalType VAL acute care hospitals COL HospitalOwner VAL voluntary non-profit - private COL EmergencyService VAL no COL Condition VAL heart attack COL MeasureCode VAL amix1 COL MeasureName VAL heart attack patients given aspirin at arrival COL Score VAL 53% COL Sample VAL 19 patients COL Stateavg VAL al_ami-1 ,COL HospitalName VAL georgiana hosxital ,1
245,COL ProviderNumber VAL 10047 COL HospitalName VAL georgiana hospital COL Address1 VAL 515 miranda st COL Address2 VAL empty COL Address3 VAL empty COL City VAL georgiana COL State VAL al COL ZipCode VAL 36033 COL CountyName VAL butler COL PhoneNumber VAL 3343762205 COL HospitalType VAL acute care hospitals COL HospitalOwner VAL voluntary non-profit - private COL EmergencyService VAL no COL Condition VAL heart attack COL MeasureCode VAL amix1 COL MeasureName VAL heart attack patients given aspirin at arrival COL Score VAL 53% COL Sample VAL 19 patients COL Stateavg VAL al_ami-1 ,COL HospitalName VAL georgiana hospital ,0
246,COL ProviderNumber VAL 1004x COL HospitalName VAL medical center enterprise COL Address1 VAL 400 n edwards street COL Address2 VAL empty COL Address3 VAL empty COL City VAL enterprise COL State VAL al COL ZipCode VAL 36330 COL CountyName VAL coffee COL PhoneNumber VAL 3343470584 COL HospitalType VAL acute care hospitals COL HospitalOwner VAL proprietary COL EmergencyService VAL yes COL Condition VAL hexrt attxck COL MeasureCode VAL ami-1 COL MeasureName VAL heart attack patients given aspirin at arrival COL Score VAL 100% COL Sample VAL 4 patients COL Stateavg VAL al_ami-1 ,COL HospitalName VAL mexical center enterprise ,1
247,COL ProviderNumber VAL 1004x COL HospitalName VAL medical center enterprise COL Address1 VAL 400 n edwards street COL Address2 VAL empty COL Address3 VAL empty COL City VAL enterprise COL State VAL al COL ZipCode VAL 36330 COL CountyName VAL coffee COL PhoneNumber VAL 3343470584 COL HospitalType VAL acute care hospitals COL HospitalOwner VAL proprietary COL EmergencyService VAL yes COL Condition VAL hexrt attxck COL MeasureCode VAL ami-1 COL MeasureName VAL heart attack patients given aspirin at arrival COL Score VAL 100% COL Sample VAL 4 patients COL Stateavg VAL al_ami-1 ,COL HospitalName VAL medical center enterprise ,0
248,COL ProviderNumber VAL 10050 COL HospitalName VAL st vincents blount COL Address1 VAL 150 gilbreath drive COL Address2 VAL empty COL Address3 VAL empty COL City VAL oneonta COL State VAL al COL ZipCode VAL 35121 COL CountyName VAL blount COL PhoneNumber VAL 2052743000 COL HospitalType VAL acute care hospitals COL HospitalOwner VAL voluntary non-profit - private COL EmergencyService VAL yes COL Condition VAL heart attack COL MeasureCode VAL ami-1 COL MeasureName VAL heart attack patients given aspirin at arrival COL Score VAL 100% COL Sample VAL 7 patients COL Stateavg VAL al_ami-1 ,COL HospitalName VAL st vixcexts blouxt ,1
249,COL ProviderNumber VAL 10050 COL HospitalName VAL st vincents blount COL Address1 VAL 150 gilbreath drive COL Address2 VAL empty COL Address3 VAL empty COL City VAL oneonta COL State VAL al COL ZipCode VAL 35121 COL CountyName VAL blount COL PhoneNumber VAL 2052743000 COL HospitalType VAL acute care hospitals COL HospitalOwner VAL voluntary non-profit - private COL EmergencyService VAL yes COL Condition VAL heart attack COL MeasureCode VAL ami-1 COL MeasureName VAL heart attack patients given aspirin at arrival COL Score VAL 100% COL Sample VAL 7 patients COL Stateavg VAL al_ami-1 ,COL HospitalName VAL st vincents blount ,0
250,COL ProviderNumber VAL 10018 COL HospitalName VAL callahan eye foundation hospital COL Address1 VAL 1720 university blvd COL Address2 VAL empty COL Address3 VAL empty COL City VAL birmingham COL State VAL al COL ZipCode VAL 35233 COL CountyName VAL jefferson COL PhoneNumber VAL 2053258100 COL HospitalType VAL acute care hospitals COL HospitalOwner VAL voluntary non-profit - private COL EmergencyService VAL yes COL Condition VAL surgical infection prevention COL MeasureCode VAL scip-card-2 COL MeasureName VAL surgery patients who were taking heart drugs caxxed beta bxockers before coming to the hospitax who were kept on the beta bxockers during the period just before and after their surgery COL Score VAL empty COL Sample VAL empty COL Stateavg VAL al_scip-card-2 ,COL Address1 VAL 1720 xniversity blvd ,1
251,COL ProviderNumber VAL 10018 COL HospitalName VAL callahan eye foundation hospital COL Address1 VAL 1720 university blvd COL Address2 VAL empty COL Address3 VAL empty COL City VAL birmingham COL State VAL al COL ZipCode VAL 35233 COL CountyName VAL jefferson COL PhoneNumber VAL 2053258100 COL HospitalType VAL acute care hospitals COL HospitalOwner VAL voluntary non-profit - private COL EmergencyService VAL yes COL Condition VAL surgical infection prevention COL MeasureCode VAL scip-card-2 COL MeasureName VAL surgery patients who were taking heart drugs caxxed beta bxockers before coming to the hospitax who were kept on the beta bxockers during the period just before and after their surgery COL Score VAL empty COL Sample VAL empty COL Stateavg VAL al_scip-card-2 ,COL Address1 VAL 1720 university blvd ,0
252,COL ProviderNumber VAL 10019 COL HospitalName VAL helen keller memorial hospital COL Address1 VAL 1300 south montgomery avenue COL Address2 VAL empty COL Address3 VAL empty COL City VAL sheffield COL State VAL al COL ZipCode VAL 35660 COL CountyName VAL jefferson COL PhoneNumber VAL 2563864556 COL HospitalType VAL acute care hospitals COL HospitalOwner VAL government - hospital district or authority COL EmergencyService VAL yes COL Condition VAL heart attack COL MeasureCode VAL ami-1 COL MeasureName VAL heart attack patients given aspirin at arrival COL Score VAL 97% COL Sample VAL 33 patients COL Stateavg VAL al_ami-1 ,COL Address1 VAL 13xx south montgomery avenue ,1
253,COL ProviderNumber VAL 10019 COL HospitalName VAL helen keller memorial hospital COL Address1 VAL 1300 south montgomery avenue COL Address2 VAL empty COL Address3 VAL empty COL City VAL sheffield COL State VAL al COL ZipCode VAL 35660 COL CountyName VAL jefferson COL PhoneNumber VAL 2563864556 COL HospitalType VAL acute care hospitals COL HospitalOwner VAL government - hospital district or authority COL EmergencyService VAL yes COL Condition VAL heart attack COL MeasureCode VAL ami-1 COL MeasureName VAL heart attack patients given aspirin at arrival COL Score VAL 97% COL Sample VAL 33 patients COL Stateavg VAL al_ami-1 ,COL Address1 VAL 1300 south montgomery avenue ,0
254,COL ProviderNumber VAL 10001 COL HospitalName VAL southeast alabama medical center COL Address1 VAL 1108 ross clark circle COL Address2 VAL empty COL Address3 VAL empty COL City VAL dothan COL State VAL al COL ZipCode VAL 36302 COL CountyName VAL houston COL PhoneNumber VAL 3347938701 COL HospitalType VAL acute care hospitals COL HospitalOwner VAL government - hospital district or authority COL EmergencyService VAL yes COL Condition VAL heart attack COL MeasureCode VAL ami-1 COL MeasureName VAL heart attack patients given aspirin at arrival COL Score VAL 98% COL Sample VAL 270 patients COL Stateavg VAL al_ami-1 ,COL Address1 VAL 1108xrossxclarkxcircle ,1
255,COL ProviderNumber VAL 10001 COL HospitalName VAL southeast alabama medical center COL Address1 VAL 1108 ross clark circle COL Address2 VAL empty COL Address3 VAL empty COL City VAL dothan COL State VAL al COL ZipCode VAL 36302 COL CountyName VAL houston COL PhoneNumber VAL 3347938701 COL HospitalType VAL acute care hospitals COL HospitalOwner VAL government - hospital district or authority COL EmergencyService VAL yes COL Condition VAL heart attack COL MeasureCode VAL ami-1 COL MeasureName VAL heart attack patients given aspirin at arrival COL Score VAL 98% COL Sample VAL 270 patients COL Stateavg VAL al_ami-1 ,COL Address1 VAL 1108 ross clark circle ,0
256,COL ProviderNumber VAL 10005 COL HospitalName VAL marshall medical center south COL Address1 VAL 2505 u s highway 431 north COL Address2 VAL empty COL Address3 VAL empty COL City VAL boaz COL State VAL al COL ZipCode VAL x5957 COL CountyName VAL marshall COL PhoneNumber VAL 2565938310 COL HospitalType VAL acute care hospitals COL HospitalOwner VAL government - hospital district or authority COL EmergencyService VAL yes COL Condition VAL heart attack COL MeasureCode VAL ami-1 COL MeasureName VAL heart attack patients given aspirin at arrival COL Score VAL 80% COL Sample VAL 20 patients COL Stateavg VAL al_ami-1 ,COL Address1 VAL 2505 u s highwax 431 north ,1
257,COL ProviderNumber VAL 10005 COL HospitalName VAL marshall medical center south COL Address1 VAL 2505 u s highway 431 north COL Address2 VAL empty COL Address3 VAL empty COL City VAL boaz COL State VAL al COL ZipCode VAL x5957 COL CountyName VAL marshall COL PhoneNumber VAL 2565938310 COL HospitalType VAL acute care hospitals COL HospitalOwner VAL government - hospital district or authority COL EmergencyService VAL yes COL Condition VAL heart attack COL MeasureCode VAL ami-1 COL MeasureName VAL heart attack patients given aspirin at arrival COL Score VAL 80% COL Sample VAL 20 patients COL Stateavg VAL al_ami-1 ,COL Address1 VAL 2505 u s highway 431 north ,0
258,COL ProviderNumber VAL 10006 COL HospitalName VAL eliza coffee memorial hospital COL Address1 VAL 205 marengo street COL Address2 VAL empty COL Address3 VAL empty COL City VAL florence COL State VAL al COL ZipCode VAL 35631 COL CountyName VAL lauderdale COL PhoneNumber VAL 2567688400 COL HospitalType VAL acute care hospitals COL HospitalOwner VAL voluntary non-profit - other COL EmergencyService VAL yes COL Condition VAL heart attack COL MeasureCode VAL ami-1 COL MeasureName VAL heart attack patients given aspirin at arrival COL Score VAL 97% COL Sample VAL 159 patients COL Stateavg VAL al_amx-1 ,COL Address1 VAL 205 marengo xtreet ,1
259,COL ProviderNumber VAL 10006 COL HospitalName VAL eliza coffee memorial hospital COL Address1 VAL 205 marengo street COL Address2 VAL empty COL Address3 VAL empty COL City VAL florence COL State VAL al COL ZipCode VAL 35631 COL CountyName VAL lauderdale COL PhoneNumber VAL 2567688400 COL HospitalType VAL acute care hospitals COL HospitalOwner VAL voluntary non-profit - other COL EmergencyService VAL yes COL Condition VAL heart attack COL MeasureCode VAL ami-1 COL MeasureName VAL heart attack patients given aspirin at arrival COL Score VAL 97% COL Sample VAL 159 patients COL Stateavg VAL al_amx-1 ,COL Address1 VAL 205 marengo street ,0
260,COL ProviderNumber VAL 10007 COL HospitalName VAL mizell memorial hospital COL Address1 VAL 702 n main st COL Address2 VAL empty COL Address3 VAL empty COL City VAL opp COL State VAL al COL ZipCode VAL 36467 COL CountyName VAL covington COL PhoneNumber VAL 3344933541 COL HospitalType VAL acute care hospitals COL HospitalOwner VAL voluntary non-profit - private COL EmergencyService VAL no COL Condition VAL heart attack COL MeasureCode VAL ami-2 COL MeasureName VAL heart attack patients given aspirin at discharge COL Score VAL 50% COL Sample VAL 2 patients COL Stateavg VAL al_ami-2 ,COL Address1 VAL 70x n main st ,1
261,COL ProviderNumber VAL 10007 COL HospitalName VAL mizell memorial hospital COL Address1 VAL 702 n main st COL Address2 VAL empty COL Address3 VAL empty COL City VAL opp COL State VAL al COL ZipCode VAL 36467 COL CountyName VAL covington COL PhoneNumber VAL 3344933541 COL HospitalType VAL acute care hospitals COL HospitalOwner VAL voluntary non-profit - private COL EmergencyService VAL no COL Condition VAL heart attack COL MeasureCode VAL ami-2 COL MeasureName VAL heart attack patients given aspirin at discharge COL Score VAL 50% COL Sample VAL 2 patients COL Stateavg VAL al_ami-2 ,COL Address1 VAL 702 n main st ,0
262,COL ProviderNumber VAL 10008 COL HospitalName VAL crenshaw community hospital COL Address1 VAL 101 hospital circle COL Address2 VAL empty COL Address3 VAL empty COL City VAL luverne COL State VAL ax COL ZipCode VAL 36049 COL CountyName VAL crenshaw COL PhoneNumber VAL 3343353374 COL HospitalType VAL acute care hospitals COL HospitalOwner VAL government - federal COL EmergencyService VAL yes COL Condition VAL heart attack COL MeasureCode VAL ami-1 COL MeasureName VAL heart attack patients given aspirin at arrivax COL Score VAL 0% COL Sample VAL 1 patients COL Stateavg VAL al_ami-1 ,COL Address1 VAL x0x hospital circle ,1
263,COL ProviderNumber VAL 10008 COL HospitalName VAL crenshaw community hospital COL Address1 VAL 101 hospital circle COL Address2 VAL empty COL Address3 VAL empty COL City VAL luverne COL State VAL ax COL ZipCode VAL 36049 COL CountyName VAL crenshaw COL PhoneNumber VAL 3343353374 COL HospitalType VAL acute care hospitals COL HospitalOwner VAL government - federal COL EmergencyService VAL yes COL Condition VAL heart attack COL MeasureCode VAL ami-1 COL MeasureName VAL heart attack patients given aspirin at arrivax COL Score VAL 0% COL Sample VAL 1 patients COL Stateavg VAL al_ami-1 ,COL Address1 VAL 101 hospital circle ,0
264,COL ProviderNumber VAL 10009 COL HospitalName VAL hartselle medical center COL Address1 VAL 201 pine street northwest COL Address2 VAL empty COL Address3 VAL empty COL City VAL hartselle COL State VAL al COL ZipCode VAL 35640 COL CountyName VAL morgan COL PhoneNumber VAL 2567736511 COL HospitalType VAL acute care hospitals COL HospitalOwner VAL proprietary COL EmergencyService VAL yes COL Condition VAL heart attack COL MeasureCode VAL ami-1 COL MeasureName VAL heart attack patients given aspirin at arrival COL Score VAL 100% COL Sample VAL 6 patients COL Stateavg VAL al_ami-1 ,COL Address1 VAL 201 pixe street xorthwest ,1
265,COL ProviderNumber VAL 10009 COL HospitalName VAL hartselle medical center COL Address1 VAL 201 pine street northwest COL Address2 VAL empty COL Address3 VAL empty COL City VAL hartselle COL State VAL al COL ZipCode VAL 35640 COL CountyName VAL morgan COL PhoneNumber VAL 2567736511 COL HospitalType VAL acute care hospitals COL HospitalOwner VAL proprietary COL EmergencyService VAL yes COL Condition VAL heart attack COL MeasureCode VAL ami-1 COL MeasureName VAL heart attack patients given aspirin at arrival COL Score VAL 100% COL Sample VAL 6 patients COL Stateavg VAL al_ami-1 ,COL Address1 VAL 201 pine street northwest ,0
266,COL ProviderNumber VAL 10010 COL HospitalName VAL marshall medical center north COL Address1 VAL 8000 alabama highway 69 COL Address2 VAL empty COL Address3 VAL empty COL City VAL guntersville COL State VAL al COL ZipCode VAL 35976 COL CountyName VAL marshall COL PhoneNumber VAL 2565718000 COL HospitalType VAL acute care hospitals COL HospitalOwner VAL government - hospital district or authority COL EmergencyService VAL yes COL Condition VAL heart attack COL MeasureCode VAL ami-1 COL MeasureName VAL heart attack patients given aspirin at arrival COL Score VAL 100% COL Sample VAL 8 patients COL Stateavg VAL al_ami-1 ,COL Address1 VAL 8000 alaxama highway 69 ,1
267,COL ProviderNumber VAL 10010 COL HospitalName VAL marshall medical center north COL Address1 VAL 8000 alabama highway 69 COL Address2 VAL empty COL Address3 VAL empty COL City VAL guntersville COL State VAL al COL ZipCode VAL 35976 COL CountyName VAL marshall COL PhoneNumber VAL 2565718000 COL HospitalType VAL acute care hospitals COL HospitalOwner VAL government - hospital district or authority COL EmergencyService VAL yes COL Condition VAL heart attack COL MeasureCode VAL ami-1 COL MeasureName VAL heart attack patients given aspirin at arrival COL Score VAL 100% COL Sample VAL 8 patients COL Stateavg VAL al_ami-1 ,COL Address1 VAL 8000 alabama highway 69 ,0
268,COL ProviderNumber VAL 10011 COL HospitalName VAL st vincents east COL Address1 VAL 50 medical park east drive COL Address2 VAL empty COL Address3 VAL empty COL City VAL birmingham COL State VAL al COL ZipCode VAL 35235 COL CountyName VAL jefferson COL PhoneNumber VAL 2058383122 COL HospitalType VAL acute care hospitals COL HospitalOwner VAL voluntary non-profit - private COL EmergencyService VAL yes COL Condition VAL heart attack COL MeasureCode VAL ami-1 COL MeasureName VAL heart attack patients given aspirin at arrival COL Score VAL 99% COL Sample VAL 240 patients COL Stateavg VAL al_ami-1 ,COL Address1 VAL 50 medical park east drixe ,1
269,COL ProviderNumber VAL 10011 COL HospitalName VAL st vincents east COL Address1 VAL 50 medical park east drive COL Address2 VAL empty COL Address3 VAL empty COL City VAL birmingham COL State VAL al COL ZipCode VAL 35235 COL CountyName VAL jefferson COL PhoneNumber VAL 2058383122 COL HospitalType VAL acute care hospitals COL HospitalOwner VAL voluntary non-profit - private COL EmergencyService VAL yes COL Condition VAL heart attack COL MeasureCode VAL ami-1 COL MeasureName VAL heart attack patients given aspirin at arrival COL Score VAL 99% COL Sample VAL 240 patients COL Stateavg VAL al_ami-1 ,COL Address1 VAL 50 medical park east drive ,0
270,COL ProviderNumber VAL 10012 COL HospitalName VAL dekalb regional medical center COL Address1 VAL 200 med center drive COL Address2 VAL empty COL Address3 VAL empty COL City VAL fort payne COL State VAL al COL ZipCode VAL 35968 COL CountyName VAL de kalb COL PhoneNumber VAL 2568453150 COL HospitalType VAL acute care hospitals COL HospitalOwner VAL voluntary non-profit - church COL EmergencyService VAL yes COL Condition VAL heart attack COL MeasureCode VAL ami-1 COL MeasureName VAL heartxattackxpatientsxgivenxaspirinxatxarrival COL Score VAL 100% COL Sample VAL 46 patients COL Stateavg VAL al_ami-1 ,COL Address1 VAL 200 xed center drive ,1
271,COL ProviderNumber VAL 10012 COL HospitalName VAL dekalb regional medical center COL Address1 VAL 200 med center drive COL Address2 VAL empty COL Address3 VAL empty COL City VAL fort payne COL State VAL al COL ZipCode VAL 35968 COL CountyName VAL de kalb COL PhoneNumber VAL 2568453150 COL HospitalType VAL acute care hospitals COL HospitalOwner VAL voluntary non-profit - church COL EmergencyService VAL yes COL Condition VAL heart attack COL MeasureCode VAL ami-1 COL MeasureName VAL heartxattackxpatientsxgivenxaspirinxatxarrival COL Score VAL 100% COL Sample VAL 46 patients COL Stateavg VAL al_ami-1 ,COL Address1 VAL 200 med center drive ,0
272,COL ProviderNumber VAL x00x5 COL HospitalName VAL southwest alabama medical center COL Address1 VAL 33700 highway 43 COL Address2 VAL empty COL Address3 VAL empty COL City VAL thomasville COL State VAL al COL ZipCode VAL 36784 COL CountyName VAL clarke COL PhoneNumber VAL 3346366221 COL HospitalType VAL acute care hospitals COL HospitalOwner VAL government - federal COL EmergencyService VAL yes COL Condition VAL heart attack COL MeasureCode VAL ami-1 COL MeasureName VAL heart attack patients given aspirin at arrival COL Score VAL empty COL Sample VAL 0 patients COL Stateavg VAL ax_ami-1 ,COL Address1 VAL 33700 highway x3 ,1
273,COL ProviderNumber VAL x00x5 COL HospitalName VAL southwest alabama medical center COL Address1 VAL 33700 highway 43 COL Address2 VAL empty COL Address3 VAL empty COL City VAL thomasville COL State VAL al COL ZipCode VAL 36784 COL CountyName VAL clarke COL PhoneNumber VAL 3346366221 COL HospitalType VAL acute care hospitals COL HospitalOwner VAL government - federal COL EmergencyService VAL yes COL Condition VAL heart attack COL MeasureCode VAL ami-1 COL MeasureName VAL heart attack patients given aspirin at arrival COL Score VAL empty COL Sample VAL 0 patients COL Stateavg VAL ax_ami-1 ,COL Address1 VAL 33700 highway 43 ,0
274,COL ProviderNumber VAL 10016 COL HospitalName VAL shelby baptist medical center COL Address1 VAL 1000 first street north COL Address2 VAL empty COL Address3 VAL empty COL City VAL alabaster COL State VAL al COL ZipCode VAL 35007 COL CountyName VAL shelby COL PhoneNumber VAL 2056208100 COL HospitalType VAL acute care hospitals COL HospitalOwner VAL voluntary non-profit - church COL EmergencyService VAL yes COL Condition VAL heart attack COL MeasureCode VAL ami-1 COL MeasureName VAL heart attack patients given aspirin at arrival COL Score VAL 99% COL Sample VAL 179 patients COL Stateavg VAL al_axi-1 ,COL Address1 VAL 1xxx first street north ,1
275,COL ProviderNumber VAL 10016 COL HospitalName VAL shelby baptist medical center COL Address1 VAL 1000 first street north COL Address2 VAL empty COL Address3 VAL empty COL City VAL alabaster COL State VAL al COL ZipCode VAL 35007 COL CountyName VAL shelby COL PhoneNumber VAL 2056208100 COL HospitalType VAL acute care hospitals COL HospitalOwner VAL voluntary non-profit - church COL EmergencyService VAL yes COL Condition VAL heart attack COL MeasureCode VAL ami-1 COL MeasureName VAL heart attack patients given aspirin at arrival COL Score VAL 99% COL Sample VAL 179 patients COL Stateavg VAL al_axi-1 ,COL Address1 VAL 1000 first street north ,0
276,COL ProviderNumber VAL 10038 COL HospitalName VAL stringfellow memorial hospital COL Address1 VAL 301 east 18th st COL Address2 VAL empty COL Address3 VAL empty COL City VAL anniston COL State VAL al COL ZipCode VAL 36201 COL CountyName VAL calhoxn COL PhoneNumber VAL 2562358900 COL HospitalType VAL acute care hospitals COL HospitalOwner VAL proprietary COL EmergencyService VAL yes COL Condition VAL children s asthma care COL MeasureCode VAL cac-3 COL MeasureName VAL children and their caregivers who received a home management plan of care document while hospitalized for asthma COL Score VAL 33% COL Sample VAL 9 patients COL Stateavg VAL al_cac-3 ,COL Address1 VAL 301xeastx18thxst ,1
277,COL ProviderNumber VAL 10038 COL HospitalName VAL stringfellow memorial hospital COL Address1 VAL 301 east 18th st COL Address2 VAL empty COL Address3 VAL empty COL City VAL anniston COL State VAL al COL ZipCode VAL 36201 COL CountyName VAL calhoxn COL PhoneNumber VAL 2562358900 COL HospitalType VAL acute care hospitals COL HospitalOwner VAL proprietary COL EmergencyService VAL yes COL Condition VAL children s asthma care COL MeasureCode VAL cac-3 COL MeasureName VAL children and their caregivers who received a home management plan of care document while hospitalized for asthma COL Score VAL 33% COL Sample VAL 9 patients COL Stateavg VAL al_cac-3 ,COL Address1 VAL 301 east 18th st ,0
278,COL ProviderNumber VAL 10055 COL HospitalName VAL flowers hospital COL Address1 VAL 4370 west main street COL Address2 VAL empty COL Address3 VAL empty COL City VAL dothan COL State VAL al COL ZipCode VAL 36305 COL CountyName VAL houston COL PhoneNumber VAL 3347935000 COL HospitalType VAL acute care hospitals COL HospitalOwner VAL proprietary COL EmergencyService VAL yes COL Condition VAL heart failure COL MeasureCode VAL hf-2 COL MeasureName VAL heart failure patients given an evaluation of left ventricular systolic (lvs) function COL Score VAL 100% COL Sample VAL 342 patients COL Stateavg VAL al_hf-2 ,COL Address1 VAL 43x0 west main street ,1
279,COL ProviderNumber VAL 10055 COL HospitalName VAL flowers hospital COL Address1 VAL 4370 west main street COL Address2 VAL empty COL Address3 VAL empty COL City VAL dothan COL State VAL al COL ZipCode VAL 36305 COL CountyName VAL houston COL PhoneNumber VAL 3347935000 COL HospitalType VAL acute care hospitals COL HospitalOwner VAL proprietary COL EmergencyService VAL yes COL Condition VAL heart failure COL MeasureCode VAL hf-2 COL MeasureName VAL heart failure patients given an evaluation of left ventricular systolic (lvs) function COL Score VAL 100% COL Sample VAL 342 patients COL Stateavg VAL al_hf-2 ,COL Address1 VAL 4370 west main street ,0
280,COL ProviderNumber VAL 10056 COL HospitalName VAL st vincents hospital COL Address1 VAL 810 st vincents drive COL Address2 VAL empty COL Address3 VAL empty COL City VAL birmingham COL State VAL al COL ZipCode VAL 35205 COL CountyName VAL jefferson COL PhoneNumber VAL 2059397000 COL HospitalType VAL acute care hospitals COL HospitalOwner VAL voluntary non-profit - other COL EmergencyService VAL yes COL Condition VAL heart attack COL MeasureCode VAL ami-1 COL MeasureName VAL heart attack patients given aspirin at arrival COL Score VAL 97% COL Sample VAL 239 patients COL Stateavg VAL al_ami-1 ,COL Address1 VAL 810xstxvincentsxdrive ,1
281,COL ProviderNumber VAL 10056 COL HospitalName VAL st vincents hospital COL Address1 VAL 810 st vincents drive COL Address2 VAL empty COL Address3 VAL empty COL City VAL birmingham COL State VAL al COL ZipCode VAL 35205 COL CountyName VAL jefferson COL PhoneNumber VAL 2059397000 COL HospitalType VAL acute care hospitals COL HospitalOwner VAL voluntary non-profit - other COL EmergencyService VAL yes COL Condition VAL heart attack COL MeasureCode VAL ami-1 COL MeasureName VAL heart attack patients given aspirin at arrival COL Score VAL 97% COL Sample VAL 239 patients COL Stateavg VAL al_ami-1 ,COL Address1 VAL 810 st vincents drive ,0
282,COL ProviderNumber VAL 10085 COL HospitalName VAL decatur general hospital COL Address1 VAL 1201 7th street se COL Address2 VAL empty COL Address3 VAL empty COL City VAL decatur COL State VAL al COL ZipCode VAL 35609 COL CountyName VAL morgan COL PhoneNumber VAL 2563412000 COL HospitalType VAL acute care hospitals COL HospitalOwner VAL government - hospital district or authority COL EmergencyService VAL yes COL Condition VAL surgical infection prevention COL MeasureCode VAL scip-vte-2 COL MeasureName VAL patients who got treatment  at the right time (within 24 hours before or after their surgery) to help prevent blood clots after certain types of surgery COL Score VAL 87% COL Sample VAL 205 patients COL Stateavg VAL al_scip-vte-2 ,COL Address1 VAL 1201 7xh sxreex se ,1
283,COL ProviderNumber VAL 10085 COL HospitalName VAL decatur general hospital COL Address1 VAL 1201 7th street se COL Address2 VAL empty COL Address3 VAL empty COL City VAL decatur COL State VAL al COL ZipCode VAL 35609 COL CountyName VAL morgan COL PhoneNumber VAL 2563412000 COL HospitalType VAL acute care hospitals COL HospitalOwner VAL government - hospital district or authority COL EmergencyService VAL yes COL Condition VAL surgical infection prevention COL MeasureCode VAL scip-vte-2 COL MeasureName VAL patients who got treatment  at the right time (within 24 hours before or after their surgery) to help prevent blood clots after certain types of surgery COL Score VAL 87% COL Sample VAL 205 patients COL Stateavg VAL al_scip-vte-2 ,COL Address1 VAL 1201 7th street se ,0
284,COL ProviderNumber VAL 10086 COL HospitalName VAL northwest medical center COL Address1 VAL 1530 u s highway 43 COL Address2 VAL empty COL Address3 VAL empty COL City VAL winfield COL State VAL al COL ZipCode VAL 35594 COL CountyName VAL marion COL PhoneNumber VAL 2054877736 COL HospitalType VAL acute care hospitals COL HospitalOwner VAL proprietary COL EmergencyService VAL yes COL Condition VAL heart attack COL MeasureCode VAL ami-1 COL MeasureName VAL heart attack patients given aspirin at arrival COL Score VAL 100% COL Sample VAL 1x patients COL Stateavg VAL al_ami-1 ,COL Address1 VAL 1530 u s highwax 43 ,1
285,COL ProviderNumber VAL 10086 COL HospitalName VAL northwest medical center COL Address1 VAL 1530 u s highway 43 COL Address2 VAL empty COL Address3 VAL empty COL City VAL winfield COL State VAL al COL ZipCode VAL 35594 COL CountyName VAL marion COL PhoneNumber VAL 2054877736 COL HospitalType VAL acute care hospitals COL HospitalOwner VAL proprietary COL EmergencyService VAL yes COL Condition VAL heart attack COL MeasureCode VAL ami-1 COL MeasureName VAL heart attack patients given aspirin at arrival COL Score VAL 100% COL Sample VAL 1x patients COL Stateavg VAL al_ami-1 ,COL Address1 VAL 1530 u s highway 43 ,0
286,COL ProviderNumber VAL 10087 COL HospitalName VAL univ of south alabama medical center COL Address1 VAL 2451 fillingim street COL Address2 VAL empty COL Address3 VAL empty COL City VAL mobile COL State VAL al COL ZipCode VAL 36617 COL CountyName VAL mobile COL PhoneNumber VAL 2514717110 COL HospitalType VAL acute care hospitals COL HospitalOwner VAL government - state COL EmergencyService VAL yes COL Condition VAL heart attack COL MeasureCode VAL ami-1 COL MeasureName VAL heart attack patients given aspirin at arrival COL Score VAL 99% COL Sample VAL 86 patients COL Stateavg VAL al_ami-1 ,COL Address1 VAL 2451 fxllxngxm street ,1
287,COL ProviderNumber VAL 10087 COL HospitalName VAL univ of south alabama medical center COL Address1 VAL 2451 fillingim street COL Address2 VAL empty COL Address3 VAL empty COL City VAL mobile COL State VAL al COL ZipCode VAL 36617 COL CountyName VAL mobile COL PhoneNumber VAL 2514717110 COL HospitalType VAL acute care hospitals COL HospitalOwner VAL government - state COL EmergencyService VAL yes COL Condition VAL heart attack COL MeasureCode VAL ami-1 COL MeasureName VAL heart attack patients given aspirin at arrival COL Score VAL 99% COL Sample VAL 86 patients COL Stateavg VAL al_ami-1 ,COL Address1 VAL 2451 fillingim street ,0
288,COL ProviderNumber VAL 10108 COL HospitalName VAL prattville baptist hospital COL Address1 VAL 124 s memorial dr COL Address2 VAL empty COL Address3 VAL empty COL City VAL prattville COL State VAL al COL ZipCode VAL 36067 COL CountyName VAL autauga COL PhoneNumber VAL 3343614267 COL HospitalType VAL acute care hospitals COL HospitalOwner VAL voluntary non-profit - private COL EmergencyService VAL yes COL Condition VAL heart attack COL MeasureCode VAL ami-2 COL MeasureName VAL heart attack patients given aspirin at discharge COL Score VAL 100% COL Sample VAL 4 patients COL Stateavg VAL al_ami-2 ,COL Address1 VAL 124 s memoriax dr ,1
289,COL ProviderNumber VAL 10108 COL HospitalName VAL prattville baptist hospital COL Address1 VAL 124 s memorial dr COL Address2 VAL empty COL Address3 VAL empty COL City VAL prattville COL State VAL al COL ZipCode VAL 36067 COL CountyName VAL autauga COL PhoneNumber VAL 3343614267 COL HospitalType VAL acute care hospitals COL HospitalOwner VAL voluntary non-profit - private COL EmergencyService VAL yes COL Condition VAL heart attack COL MeasureCode VAL ami-2 COL MeasureName VAL heart attack patients given aspirin at discharge COL Score VAL 100% COL Sample VAL 4 patients COL Stateavg VAL al_ami-2 ,COL Address1 VAL 124 s memorial dr ,0
290,COL ProviderNumber VAL 10158 COL HospitalName VAL russellville hospital COL Address1 VAL 15155 highway 43 COL Address2 VAL empty COL Address3 VAL empty COL City VAL russellville COL State VAL al COL ZipCode VAL 35653 COL CountyName VAL franklin COL PhoneNumber VAL 2563321611 COL HospitalType VAL acute care hospitals COL HospitalOwner VAL proprietary COL EmergencyService VAL yes COL Condition VAL surgical infection prevention COL MeasureCode VAL scip-vte-1 COL MeasureName VAL surgery patients whose doctors ordered treatments to prevent blood clots after certain types of surgeries COL Score VAL 100% COL Sample VAL 125 patients COL Stateavg VAL al_scip-vte-1 ,COL Address1 VAL 15155 highwxy 43 ,1
291,COL ProviderNumber VAL 10158 COL HospitalName VAL russellville hospital COL Address1 VAL 15155 highway 43 COL Address2 VAL empty COL Address3 VAL empty COL City VAL russellville COL State VAL al COL ZipCode VAL 35653 COL CountyName VAL franklin COL PhoneNumber VAL 2563321611 COL HospitalType VAL acute care hospitals COL HospitalOwner VAL proprietary COL EmergencyService VAL yes COL Condition VAL surgical infection prevention COL MeasureCode VAL scip-vte-1 COL MeasureName VAL surgery patients whose doctors ordered treatments to prevent blood clots after certain types of surgeries COL Score VAL 100% COL Sample VAL 125 patients COL Stateavg VAL al_scip-vte-1 ,COL Address1 VAL 15155 highway 43 ,0
292,COL ProviderNumber VAL 10164 COL HospitalName VAL coosa valley medical center COL Address1 VAL 315 w hickory st COL Address2 VAL empty COL Address3 VAL empty COL City VAL sylacauga COL State VAL al COL ZipCode VAL 35150 COL CountyName VAL talladega COL PhoneNumber VAL 2562495000 COL HospitalType VAL acute care hospitals COL HospitalOwner VAL voluntary non-profit - other COL EmergencyService VAL no COL Condition VAL heart attack COL MeasureCode VAL ami-1 COL MeasureName VAL heart attack patients given aspirin at arrival COL Score VAL 90% COL Sample VAL 10 patients COL Stateavg VAL al_ami-1 ,COL Address1 VAL 315 w hicxory st ,1
293,COL ProviderNumber VAL 10164 COL HospitalName VAL coosa valley medical center COL Address1 VAL 315 w hickory st COL Address2 VAL empty COL Address3 VAL empty COL City VAL sylacauga COL State VAL al COL ZipCode VAL 35150 COL CountyName VAL talladega COL PhoneNumber VAL 2562495000 COL HospitalType VAL acute care hospitals COL HospitalOwner VAL voluntary non-profit - other COL EmergencyService VAL no COL Condition VAL heart attack COL MeasureCode VAL ami-1 COL MeasureName VAL heart attack patients given aspirin at arrival COL Score VAL 90% COL Sample VAL 10 patients COL Stateavg VAL al_ami-1 ,COL Address1 VAL 315 w hickory st ,0
294,COL ProviderNumber VAL 20017 COL HospitalName VAL alaska regional hospital COL Address1 VAL 2801 debarr road COL Address2 VAL empty COL Address3 VAL empty COL City VAL anchorage COL State VAL ak COL ZipCode VAL 99508 COL CountyName VAL anchorage COL PhoneNumber VAL 9072761131 COL HospitalType VAL acute care hospitals COL HospitalOwner VAL proprietary COL EmergencyService VAL yes COL Condition VAL heart failure COL MeasureCode VAL hf-1 COL MeasureName VAL heart failure patients given discharge instructions COL Score VAL 91% COL Sample VAL 57 patients COL Stateavg VAL ak_hf-1 ,COL Address1 VAL 2801 xebarr roax ,1
295,COL ProviderNumber VAL 20017 COL HospitalName VAL alaska regional hospital COL Address1 VAL 2801 debarr road COL Address2 VAL empty COL Address3 VAL empty COL City VAL anchorage COL State VAL ak COL ZipCode VAL 99508 COL CountyName VAL anchorage COL PhoneNumber VAL 9072761131 COL HospitalType VAL acute care hospitals COL HospitalOwner VAL proprietary COL EmergencyService VAL yes COL Condition VAL heart failure COL MeasureCode VAL hf-1 COL MeasureName VAL heart failure patients given discharge instructions COL Score VAL 91% COL Sample VAL 57 patients COL Stateavg VAL ak_hf-1 ,COL Address1 VAL 2801 debarr road ,0
296,COL ProviderNumber VAL 10021 COL HospitalName VAL dale medical center COL Address1 VAL 126 hospital ave COL Address2 VAL empty COL Address3 VAL empty COL City VAL ozark COL State VAL al COL ZipCode VAL 36360 COL CountyName VAL dale COL PhoneNumber VAL 3347742601 COL HospitalType VAL acute care hospitals COL HospitalOwner VAL government - hospital district or authority COL EmergencyService VAL yes COL Condition VAL heart attack COL MeasureCode VAL ami-1 COL MeasureName VAL heart attack patients given aspirin at arrival COL Score VAL 100% COL Sample VAL 11 patients COL Stateavg VAL al_ami-1 ,COL Address1 VAL 126 hospital avx ,1
297,COL ProviderNumber VAL 10021 COL HospitalName VAL dale medical center COL Address1 VAL 126 hospital ave COL Address2 VAL empty COL Address3 VAL empty COL City VAL ozark COL State VAL al COL ZipCode VAL 36360 COL CountyName VAL dale COL PhoneNumber VAL 3347742601 COL HospitalType VAL acute care hospitals COL HospitalOwner VAL government - hospital district or authority COL EmergencyService VAL yes COL Condition VAL heart attack COL MeasureCode VAL ami-1 COL MeasureName VAL heart attack patients given aspirin at arrival COL Score VAL 100% COL Sample VAL 11 patients COL Stateavg VAL al_ami-1 ,COL Address1 VAL 126 hospital ave ,0
298,COL ProviderNumber VAL 10022 COL HospitalName VAL cherokee medical center COL Address1 VAL 400 northwood dr COL Address2 VAL empty COL Address3 VAL empty COL City VAL centre COL State VAL al COL ZipCode VAL 35960 COL CountyName VAL cherokee COL PhoneNumber VAL 2569275531 COL HospitalType VAL acute care hospitals COL HospitalOwner VAL voluntary non-profit - private COL EmergencyService VAL yes COL Condition VAL heart attack COL MeasureCode VAL ami-1 COL MeasureName VAL heart attack patients given aspirin at arrival COL Score VAL empty COL Sample VAL 0 patients COL Stateavg VAL al_ami-1 ,COL Address1 VAL 4xx northwood dr ,1
299,COL ProviderNumber VAL 10022 COL HospitalName VAL cherokee medical center COL Address1 VAL 400 northwood dr COL Address2 VAL empty COL Address3 VAL empty COL City VAL centre COL State VAL al COL ZipCode VAL 35960 COL CountyName VAL cherokee COL PhoneNumber VAL 2569275531 COL HospitalType VAL acute care hospitals COL HospitalOwner VAL voluntary non-profit - private COL EmergencyService VAL yes COL Condition VAL heart attack COL MeasureCode VAL ami-1 COL MeasureName VAL heart attack patients given aspirin at arrival COL Score VAL empty COL Sample VAL 0 patients COL Stateavg VAL al_ami-1 ,COL Address1 VAL 400 northwood dr ,0
300,COL ProviderNumber VAL 10023 COL HospitalName VAL baptist medical center south COL Address1 VAL 2105 east south boulevard COL Address2 VAL empty COL Address3 VAL empty COL City VAL montgomery COL State VAL al COL ZipCode VAL 36116 COL CountyName VAL montgomery COL PhoneNumber VAL 3342xx2100 COL HospitalType VAL acute care hospitals COL HospitalOwner VAL voluntary non-profit - church COL EmergencyService VAL yes COL Condition VAL heart attack COL MeasureCode VAL ami-1 COL MeasureName VAL heart attack patients given aspirin at arrival COL Score VAL 100% COL Sample VAL 134 patients COL Stateavg VAL al_ami-1 ,COL Address1 VAL 2105 east south boulevaxd ,1
301,COL ProviderNumber VAL 10023 COL HospitalName VAL baptist medical center south COL Address1 VAL 2105 east south boulevard COL Address2 VAL empty COL Address3 VAL empty COL City VAL montgomery COL State VAL al COL ZipCode VAL 36116 COL CountyName VAL montgomery COL PhoneNumber VAL 3342xx2100 COL HospitalType VAL acute care hospitals COL HospitalOwner VAL voluntary non-profit - church COL EmergencyService VAL yes COL Condition VAL heart attack COL MeasureCode VAL ami-1 COL MeasureName VAL heart attack patients given aspirin at arrival COL Score VAL 100% COL Sample VAL 134 patients COL Stateavg VAL al_ami-1 ,COL Address1 VAL 2105 east south boulevard ,0
302,COL ProviderNumber VAL 10024 COL HospitalName VAL jackson hospital & clinic inc COL Address1 VAL 1725 pine street COL Address2 VAL empty COL Address3 VAL empty COL City VAL montgomery COL State VAL al COL ZipCode VAL 36106 COL CountyName VAL montgomery COL PhoneNumber VAL 3342938000 COL HospitalType VAL acute care hospitals COL HospitalOwner VAL voluntary non-profit - private COL EmergencyService VAL yes COL Condition VAL heart attack COL MeasureCode VAL ami-1 COL MeasureName VAL hexrt attxck pxtients given aspirin xt arrivxl COL Score VAL 95% COL Sample VAL 111 patients COL Stateavg VAL al_ami-1 ,COL Address1 VAL 17x5 pine street ,1
303,COL ProviderNumber VAL 10024 COL HospitalName VAL jackson hospital & clinic inc COL Address1 VAL 1725 pine street COL Address2 VAL empty COL Address3 VAL empty COL City VAL montgomery COL State VAL al COL ZipCode VAL 36106 COL CountyName VAL montgomery COL PhoneNumber VAL 3342938000 COL HospitalType VAL acute care hospitals COL HospitalOwner VAL voluntary non-profit - private COL EmergencyService VAL yes COL Condition VAL heart attack COL MeasureCode VAL ami-1 COL MeasureName VAL hexrt attxck pxtients given aspirin xt arrivxl COL Score VAL 95% COL Sample VAL 111 patients COL Stateavg VAL al_ami-1 ,COL Address1 VAL 1725 pine street ,0
304,COL ProviderNumber VAL 10025 COL HospitalName VAL g h lanier memorial hospital COL Address1 VAL 4800 48th st COL Address2 VAL empty COL Address3 VAL empty COL City VAL valley COL State VAL al COL ZipCode VAL 36854 COL CountyName VAL chambers COL PhoneNumber VAL 3347561400 COL HospitalType VAL acute care hospitals COL HospitalOwner VAL voluntary non-profit - other COL EmergencyService VAL yes COL Condition VAL heart attack COL MeasureCode VAL ami-1 COL MeasureName VAL heart attack patients given aspirin at arrival COL Score VAL 92% COL Sample VAL 24 patients COL Stateavg VAL al_ami-1 ,COL Address1 VAL 4800 48th xt ,1
305,COL ProviderNumber VAL 10025 COL HospitalName VAL g h lanier memorial hospital COL Address1 VAL 4800 48th st COL Address2 VAL empty COL Address3 VAL empty COL City VAL valley COL State VAL al COL ZipCode VAL 36854 COL CountyName VAL chambers COL PhoneNumber VAL 3347561400 COL HospitalType VAL acute care hospitals COL HospitalOwner VAL voluntary non-profit - other COL EmergencyService VAL yes COL Condition VAL heart attack COL MeasureCode VAL ami-1 COL MeasureName VAL heart attack patients given aspirin at arrival COL Score VAL 92% COL Sample VAL 24 patients COL Stateavg VAL al_ami-1 ,COL Address1 VAL 4800 48th st ,0
306,COL ProviderNumber VAL 10027 COL HospitalName VAL elba general hospital COL Address1 VAL 987 drayton street COL Address2 VAL empty COL Address3 VAL empty COL City VAL elba COL State VAL al COL ZipCode VAL 36323 COL CountyName VAL coffee COL PhoneNumber VAL 3348972257 COL HospitalType VAL acute care hospitals COL HospitalOwner VAL voluntary non-profit - other COL EmergencyService VAL yes COL Condition VAL heart attack COL MeasureCode VAL ami-1 COL MeasureName VAL heart attack patients given aspirin at arrival COL Score VAL empty COL Sample VAL empty COL Stateavg VAL al_ami-1 ,COL Address1 VAL 987 draxton street ,1
307,COL ProviderNumber VAL 10027 COL HospitalName VAL elba general hospital COL Address1 VAL 987 drayton street COL Address2 VAL empty COL Address3 VAL empty COL City VAL elba COL State VAL al COL ZipCode VAL 36323 COL CountyName VAL coffee COL PhoneNumber VAL 3348972257 COL HospitalType VAL acute care hospitals COL HospitalOwner VAL voluntary non-profit - other COL EmergencyService VAL yes COL Condition VAL heart attack COL MeasureCode VAL ami-1 COL MeasureName VAL heart attack patients given aspirin at arrival COL Score VAL empty COL Sample VAL empty COL Stateavg VAL al_ami-1 ,COL Address1 VAL 987 drayton street ,0
308,COL ProviderNumber VAL 10029 COL HospitalName VAL east alabama medical center and snf COL Address1 VAL 2000 pepperell parkway COL Address2 VAL empty COL Address3 VAL empty COL City VAL opelika COL State VAL al COL ZipCode VAL 36801 COL CountyName VAL lee COL PhoneNumber VAL 3347493411 COL HospitalType VAL acute care hospitals COL HospitalOwner VAL government - hospital district or authority COL EmergencyService VAL yes COL Condition VAL heart attack COL MeasureCode VAL ami-1 COL MeasureName VAL heart attack patients given aspirin at arrival COL Score VAL 98% COL Sample VAL 185 patients COL Stateavg VAL al_ami-1 ,COL Address1 VAL 2000 pepperell parkxay ,1
309,COL ProviderNumber VAL 10029 COL HospitalName VAL east alabama medical center and snf COL Address1 VAL 2000 pepperell parkway COL Address2 VAL empty COL Address3 VAL empty COL City VAL opelika COL State VAL al COL ZipCode VAL 36801 COL CountyName VAL lee COL PhoneNumber VAL 3347493411 COL HospitalType VAL acute care hospitals COL HospitalOwner VAL government - hospital district or authority COL EmergencyService VAL yes COL Condition VAL heart attack COL MeasureCode VAL ami-1 COL MeasureName VAL heart attack patients given aspirin at arrival COL Score VAL 98% COL Sample VAL 185 patients COL Stateavg VAL al_ami-1 ,COL Address1 VAL 2000 pepperell parkway ,0
310,COL ProviderNumber VAL 10032 COL HospitalName VAL wedowee hospital COL Address1 VAL 209 north main street COL Address2 VAL empty COL Address3 VAL empty COL City VAL wedowee COL State VAL al COL ZipCode VAL 36278 COL CountyName VAL randolph COL PhoneNumber VAL 2563572111 COL HospitalType VAL acute care hospitals COL HospitalOwner VAL government - local COL EmergencyService VAL no COL Condition VAL heart attack COL MeasureCode VAL ami-1 COL MeasureName VAL heart attack patients given aspirin at arrival COL Score VAL 50% COL Sample VAL 4 patients COL Stateavg VAL al_ami-1 ,COL Address1 VAL 2x9 north main street ,1
311,COL ProviderNumber VAL 10032 COL HospitalName VAL wedowee hospital COL Address1 VAL 209 north main street COL Address2 VAL empty COL Address3 VAL empty COL City VAL wedowee COL State VAL al COL ZipCode VAL 36278 COL CountyName VAL randolph COL PhoneNumber VAL 2563572111 COL HospitalType VAL acute care hospitals COL HospitalOwner VAL government - local COL EmergencyService VAL no COL Condition VAL heart attack COL MeasureCode VAL ami-1 COL MeasureName VAL heart attack patients given aspirin at arrival COL Score VAL 50% COL Sample VAL 4 patients COL Stateavg VAL al_ami-1 ,COL Address1 VAL 209 north main street ,0
312,COL ProviderNumber VAL 10033 COL HospitalName VAL university of alabama hospital COL Address1 VAL 619 south 19th street COL Address2 VAL empty COL Address3 VAL empty COL City VAL birmingham COL State VAL al COL ZipCode VAL 35233 COL CountyName VAL jefferson COL PhoneNumber VAL 20593xx011 COL HospitalType VAL acute care hospitals COL HospitalOwner VAL government - state COL EmergencyService VAL yes COL Condition VAL heart attack COL MeasureCode VAL ami-1 COL MeasureName VAL heart attack patients given aspirin at arrival COL Score VAL 98% COL Sample VAL 229 patients COL Stateavg VAL al_ami-1 ,COL Address1 VAL 619 xouth 19th xtreet ,1
313,COL ProviderNumber VAL 10033 COL HospitalName VAL university of alabama hospital COL Address1 VAL 619 south 19th street COL Address2 VAL empty COL Address3 VAL empty COL City VAL birmingham COL State VAL al COL ZipCode VAL 35233 COL CountyName VAL jefferson COL PhoneNumber VAL 20593xx011 COL HospitalType VAL acute care hospitals COL HospitalOwner VAL government - state COL EmergencyService VAL yes COL Condition VAL heart attack COL MeasureCode VAL ami-1 COL MeasureName VAL heart attack patients given aspirin at arrival COL Score VAL 98% COL Sample VAL 229 patients COL Stateavg VAL al_ami-1 ,COL Address1 VAL 619 south 19th street ,0
314,COL ProviderNumber VAL 10034 COL HospitalName VAL community hospital inc COL Address1 VAL 805 friendship road COL Address2 VAL empty COL Address3 VAL empty COL City VAL tallassee COL State VAL al COL ZipCode VAL 36078 COL CountyName VAL elmore COL PhoneNumber VAL 3342836541 COL HospitalType VAL acute care hospitals COL HospitalOwner VAL voluntary non-profit - private COL EmergencyService VAL no COL Condition VAL heart attack COL MeasureCode VAL amix1 COL MeasureName VAL heart attack patients given aspirin at arrival COL Score VAL 77% COL Sample VAL 13 patients COL Stateavg VAL al_ami-1 ,COL Address1 VAL 805 frienxship roax ,1
315,COL ProviderNumber VAL 10034 COL HospitalName VAL community hospital inc COL Address1 VAL 805 friendship road COL Address2 VAL empty COL Address3 VAL empty COL City VAL tallassee COL State VAL al COL ZipCode VAL 36078 COL CountyName VAL elmore COL PhoneNumber VAL 3342836541 COL HospitalType VAL acute care hospitals COL HospitalOwner VAL voluntary non-profit - private COL EmergencyService VAL no COL Condition VAL heart attack COL MeasureCode VAL amix1 COL MeasureName VAL heart attack patients given aspirin at arrival COL Score VAL 77% COL Sample VAL 13 patients COL Stateavg VAL al_ami-1 ,COL Address1 VAL 805 friendship road ,0
316,COL ProviderNumber VAL 10035 COL HospitalName VAL cullman regional medical center COL Address1 VAL 1912 alabama highway 157 COL Address2 VAL empty COL Address3 VAL empty COL City VAL cullman COL State VAL al COL ZipCode VAL 35058 COL CountyName VAL cullman COL PhoneNumber VAL 2567372000 COL HospitalType VAL acute care hospitals COL HospitalOwner VAL government - hospital district or authority COL EmergencyService VAL yes COL Condition VAL heartxattack COL MeasureCode VAL ami-1 COL MeasureName VAL heart attack patients given aspirin at arrival COL Score VAL 100% COL Sample VAL 51 patients COL Stateavg VAL al_ami-1 ,COL Address1 VAL 191x alabama highway 157 ,1
317,COL ProviderNumber VAL 10035 COL HospitalName VAL cullman regional medical center COL Address1 VAL 1912 alabama highway 157 COL Address2 VAL empty COL Address3 VAL empty COL City VAL cullman COL State VAL al COL ZipCode VAL 35058 COL CountyName VAL cullman COL PhoneNumber VAL 2567372000 COL HospitalType VAL acute care hospitals COL HospitalOwner VAL government - hospital district or authority COL EmergencyService VAL yes COL Condition VAL heartxattack COL MeasureCode VAL ami-1 COL MeasureName VAL heart attack patients given aspirin at arrival COL Score VAL 100% COL Sample VAL 51 patients COL Stateavg VAL al_ami-1 ,COL Address1 VAL 1912 alabama highway 157 ,0
318,COL ProviderNumber VAL 10036 COL HospitalName VAL andalusia regional hospital COL Address1 VAL 849 south three notch street COL Address2 VAL empty COL Address3 VAL empty COL City VAL andalusia COL State VAL al COL ZipCode VAL 36420 COL CountyName VAL covington COL PhoneNumber VAL 3342228466 COL HospitalType VAL acute care hospitals COL HospitalOwner VAL proprietary COL EmergencyService VAL no COL Condition VAL heart attack COL MeasureCode VAL ami-1 COL MeasureName VAL heart attack patients given aspirin at arrival COL Score VAL 100% COL Sample VAL 8 patients COL Stateavg VAL al_ami-1 ,COL Address1 VAL 849 souxh xhree noxch sxreex ,1
319,COL ProviderNumber VAL 10036 COL HospitalName VAL andalusia regional hospital COL Address1 VAL 849 south three notch street COL Address2 VAL empty COL Address3 VAL empty COL City VAL andalusia COL State VAL al COL ZipCode VAL 36420 COL CountyName VAL covington COL PhoneNumber VAL 3342228466 COL HospitalType VAL acute care hospitals COL HospitalOwner VAL proprietary COL EmergencyService VAL no COL Condition VAL heart attack COL MeasureCode VAL ami-1 COL MeasureName VAL heart attack patients given aspirin at arrival COL Score VAL 100% COL Sample VAL 8 patients COL Stateavg VAL al_ami-1 ,COL Address1 VAL 849 south three notch street ,0
320,COL ProviderNumber VAL 10039 COL HospitalName VAL huntsville hospital COL Address1 VAL 101 sivley rd COL Address2 VAL empty COL Address3 VAL empty COL City VAL huntsville COL State VAL al COL ZipCode VAL 35801 COL CountyName VAL madison COL PhoneNumber VAL 2562651000 COL HospitalType VAL acute care hospitals COL HospitalOwner VAL government - hospital district or authority COL EmergencyService VAL yes COL Condition VAL children s asthma care COL MeasureCode VAL xax-1 COL MeasureName VAL children who received reliever medication while hospitalized for asthma COL Score VAL 100% COL Sample VAL 193 patients COL Stateavg VAL al_cac-1 ,COL Address1 VAL 101 xivley rd ,1
321,COL ProviderNumber VAL 10039 COL HospitalName VAL huntsville hospital COL Address1 VAL 101 sivley rd COL Address2 VAL empty COL Address3 VAL empty COL City VAL huntsville COL State VAL al COL ZipCode VAL 35801 COL CountyName VAL madison COL PhoneNumber VAL 2562651000 COL HospitalType VAL acute care hospitals COL HospitalOwner VAL government - hospital district or authority COL EmergencyService VAL yes COL Condition VAL children s asthma care COL MeasureCode VAL xax-1 COL MeasureName VAL children who received reliever medication while hospitalized for asthma COL Score VAL 100% COL Sample VAL 193 patients COL Stateavg VAL al_cac-1 ,COL Address1 VAL 101 sivley rd ,0
322,COL ProviderNumber VAL 10040 COL HospitalName VAL gadsden regional medical center COL Address1 VAL 1007 goodyear avenue COL Address2 VAL empty COL Address3 VAL empty COL City VAL gadsden COL State VAL al COL ZipCode VAL 35903 COL CountyName VAL etowah COL PhoneNumber VAL 2564944000 COL HospitalType VAL acute care hospitals COL HospitalOwner VAL proprietary COL EmergencyService VAL yes COL Condition VAL heart attack COL MeasureCode VAL ami-1 COL MeasureName VAL heart attack patxents gxven aspxrxn at arrxval COL Score VAL 94% COL Sample VAL 123 patients COL Stateavg VAL al_ami-1 ,COL Address1 VAL 100x goodyear avenue ,1
323,COL ProviderNumber VAL 10040 COL HospitalName VAL gadsden regional medical center COL Address1 VAL 1007 goodyear avenue COL Address2 VAL empty COL Address3 VAL empty COL City VAL gadsden COL State VAL al COL ZipCode VAL 35903 COL CountyName VAL etowah COL PhoneNumber VAL 2564944000 COL HospitalType VAL acute care hospitals COL HospitalOwner VAL proprietary COL EmergencyService VAL yes COL Condition VAL heart attack COL MeasureCode VAL ami-1 COL MeasureName VAL heart attack patxents gxven aspxrxn at arrxval COL Score VAL 94% COL Sample VAL 123 patients COL Stateavg VAL al_ami-1 ,COL Address1 VAL 1007 goodyear avenue ,0
324,COL ProviderNumber VAL 10043 COL HospitalName VAL chilton medical center COL Address1 VAL 1010 lay dam road COL Address2 VAL empty COL Address3 VAL empty COL City VAL clanton COL State VAL al COL ZipCode VAL 35045 COL CountyName VAL chilton COL PhoneNumber VAL 2057552500 COL HospitalType VAL acute care hospitals COL HospitalOwner VAL voluntary non-profit - private COL EmergencyService VAL yes COL Condition VAL heart attack COL MeasureCode VAL ami-1 COL MeasureName VAL heart attack patients given aspirin at arrival COL Score VAL 100% COL Sample VAL 1 patients COL Stateavg VAL xl_xmi-1 ,COL Address1 VAL 1010xlayxdamxroad ,1
325,COL ProviderNumber VAL 10043 COL HospitalName VAL chilton medical center COL Address1 VAL 1010 lay dam road COL Address2 VAL empty COL Address3 VAL empty COL City VAL clanton COL State VAL al COL ZipCode VAL 35045 COL CountyName VAL chilton COL PhoneNumber VAL 2057552500 COL HospitalType VAL acute care hospitals COL HospitalOwner VAL voluntary non-profit - private COL EmergencyService VAL yes COL Condition VAL heart attack COL MeasureCode VAL ami-1 COL MeasureName VAL heart attack patients given aspirin at arrival COL Score VAL 100% COL Sample VAL 1 patients COL Stateavg VAL xl_xmi-1 ,COL Address1 VAL 1010 lay dam road ,0
326,COL ProviderNumber VAL 10044 COL HospitalName VAL marion regional medical center COL Address1 VAL 1256 military street south COL Address2 VAL empty COL Address3 VAL empty COL City VAL hamilton COL State VAL al COL ZipCode VAL 35570 COL CountyName VAL marion COL PhoneNumber VAL 2059216200 COL HospitalType VAL acute care hospitals COL HospitalOwner VAL voluntary non-profit - private COL EmergencyService VAL yes COL Condition VAL heart attack COL MeasureCode VAL ami-1 COL MeasureName VAL heart attack patients given aspirin at arrival COL Score VAL 67% COL Sample VAL 3 patients COL Stateavg VAL al_ami-1 ,COL Address1 VAL 1256xmilitaryxstreetxsouth ,1
327,COL ProviderNumber VAL 10044 COL HospitalName VAL marion regional medical center COL Address1 VAL 1256 military street south COL Address2 VAL empty COL Address3 VAL empty COL City VAL hamilton COL State VAL al COL ZipCode VAL 35570 COL CountyName VAL marion COL PhoneNumber VAL 2059216200 COL HospitalType VAL acute care hospitals COL HospitalOwner VAL voluntary non-profit - private COL EmergencyService VAL yes COL Condition VAL heart attack COL MeasureCode VAL ami-1 COL MeasureName VAL heart attack patients given aspirin at arrival COL Score VAL 67% COL Sample VAL 3 patients COL Stateavg VAL al_ami-1 ,COL Address1 VAL 1256 military street south ,0
328,COL ProviderNumber VAL 10045 COL HospitalName VAL fayette medical center COL Address1 VAL 1653 temple avenue north COL Address2 VAL empty COL Address3 VAL empty COL City VAL fayette COL State VAL al COL ZipCode VAL 35555 COL CountyName VAL fayette COL PhoneNumber VAL 2059325966 COL HospitalType VAL acute care hoxpitalx COL HospitalOwner VAL voluntary non-profit - other COL EmergencyService VAL yes COL Condition VAL heart attack COL MeasureCode VAL ami-1 COL MeasureName VAL heart attack patients given aspirin at arrival COL Score VAL 100% COL Sample VAL 18 patients COL Stateavg VAL al_ami-1 ,COL Address1 VAL 1653 xemple avenue norxh ,1
329,COL ProviderNumber VAL 10045 COL HospitalName VAL fayette medical center COL Address1 VAL 1653 temple avenue north COL Address2 VAL empty COL Address3 VAL empty COL City VAL fayette COL State VAL al COL ZipCode VAL 35555 COL CountyName VAL fayette COL PhoneNumber VAL 2059325966 COL HospitalType VAL acute care hoxpitalx COL HospitalOwner VAL voluntary non-profit - other COL EmergencyService VAL yes COL Condition VAL heart attack COL MeasureCode VAL ami-1 COL MeasureName VAL heart attack patients given aspirin at arrival COL Score VAL 100% COL Sample VAL 18 patients COL Stateavg VAL al_ami-1 ,COL Address1 VAL 1653 temple avenue north ,0
330,COL ProviderNumber VAL 10046 COL HospitalName VAL riverview regional medical center COL Address1 VAL 600 south third street COL Address2 VAL empty COL Address3 VAL empty COL City VAL gadsden COL State VAL al COL ZipCode VAL 35901 COL CountyName VAL etowah COL PhoneNumber VAL 2565435200 COL HospitalType VAL acutexcarexhospitals COL HospitalOwner VAL proprietary COL EmergencyService VAL yes COL Condition VAL children s asthma care COL MeasureCode VAL cac-1 COL MeasureName VAL childrenxwhoxreceivedxrelieverxmedicationxwhilexhospitalizedxforxasthma COL Score VAL 100% COL Sample VAL 4 patients COL Stateavg VAL al_cac-1 ,COL Address1 VAL 600 south thixd stxeet ,1
331,COL ProviderNumber VAL 10046 COL HospitalName VAL riverview regional medical center COL Address1 VAL 600 south third street COL Address2 VAL empty COL Address3 VAL empty COL City VAL gadsden COL State VAL al COL ZipCode VAL 35901 COL CountyName VAL etowah COL PhoneNumber VAL 2565435200 COL HospitalType VAL acutexcarexhospitals COL HospitalOwner VAL proprietary COL EmergencyService VAL yes COL Condition VAL children s asthma care COL MeasureCode VAL cac-1 COL MeasureName VAL childrenxwhoxreceivedxrelieverxmedicationxwhilexhospitalizedxforxasthma COL Score VAL 100% COL Sample VAL 4 patients COL Stateavg VAL al_cac-1 ,COL Address1 VAL 600 south third street ,0
332,COL ProviderNumber VAL 10047 COL HospitalName VAL georgiana hospital COL Address1 VAL 515 miranda st COL Address2 VAL empty COL Address3 VAL empty COL City VAL georgiana COL State VAL al COL ZipCode VAL 36033 COL CountyName VAL butler COL PhoneNumber VAL 3343762205 COL HospitalType VAL acute care hospitals COL HospitalOwner VAL voluntary non-profit - private COL EmergencyService VAL no COL Condition VAL heart attack COL MeasureCode VAL amix1 COL MeasureName VAL heart attack patients given aspirin at arrival COL Score VAL 53% COL Sample VAL 19 patients COL Stateavg VAL al_ami-1 ,COL Address1 VAL 515 miranda xt ,1
333,COL ProviderNumber VAL 10047 COL HospitalName VAL georgiana hospital COL Address1 VAL 515 miranda st COL Address2 VAL empty COL Address3 VAL empty COL City VAL georgiana COL State VAL al COL ZipCode VAL 36033 COL CountyName VAL butler COL PhoneNumber VAL 3343762205 COL HospitalType VAL acute care hospitals COL HospitalOwner VAL voluntary non-profit - private COL EmergencyService VAL no COL Condition VAL heart attack COL MeasureCode VAL amix1 COL MeasureName VAL heart attack patients given aspirin at arrival COL Score VAL 53% COL Sample VAL 19 patients COL Stateavg VAL al_ami-1 ,COL Address1 VAL 515 miranda st ,0
334,COL ProviderNumber VAL 1004x COL HospitalName VAL medical center enterprise COL Address1 VAL 400 n edwards street COL Address2 VAL empty COL Address3 VAL empty COL City VAL enterprise COL State VAL al COL ZipCode VAL 36330 COL CountyName VAL coffee COL PhoneNumber VAL 3343470584 COL HospitalType VAL acute care hospitals COL HospitalOwner VAL proprietary COL EmergencyService VAL yes COL Condition VAL hexrt attxck COL MeasureCode VAL ami-1 COL MeasureName VAL heart attack patients given aspirin at arrival COL Score VAL 100% COL Sample VAL 4 patients COL Stateavg VAL al_ami-1 ,COL Address1 VAL 400 n exwarxs street ,1
335,COL ProviderNumber VAL 1004x COL HospitalName VAL medical center enterprise COL Address1 VAL 400 n edwards street COL Address2 VAL empty COL Address3 VAL empty COL City VAL enterprise COL State VAL al COL ZipCode VAL 36330 COL CountyName VAL coffee COL PhoneNumber VAL 3343470584 COL HospitalType VAL acute care hospitals COL HospitalOwner VAL proprietary COL EmergencyService VAL yes COL Condition VAL hexrt attxck COL MeasureCode VAL ami-1 COL MeasureName VAL heart attack patients given aspirin at arrival COL Score VAL 100% COL Sample VAL 4 patients COL Stateavg VAL al_ami-1 ,COL Address1 VAL 400 n edwards street ,0
336,COL ProviderNumber VAL 10050 COL HospitalName VAL st vincents blount COL Address1 VAL 150 gilbreath drive COL Address2 VAL empty COL Address3 VAL empty COL City VAL oneonta COL State VAL al COL ZipCode VAL 35121 COL CountyName VAL blount COL PhoneNumber VAL 2052743000 COL HospitalType VAL acute care hospitals COL HospitalOwner VAL voluntary non-profit - private COL EmergencyService VAL yes COL Condition VAL heart attack COL MeasureCode VAL ami-1 COL MeasureName VAL heart attack patients given aspirin at arrival COL Score VAL 100% COL Sample VAL 7 patients COL Stateavg VAL al_ami-1 ,COL Address1 VAL 150 xilbreath drive ,1
337,COL ProviderNumber VAL 10050 COL HospitalName VAL st vincents blount COL Address1 VAL 150 gilbreath drive COL Address2 VAL empty COL Address3 VAL empty COL City VAL oneonta COL State VAL al COL ZipCode VAL 35121 COL CountyName VAL blount COL PhoneNumber VAL 2052743000 COL HospitalType VAL acute care hospitals COL HospitalOwner VAL voluntary non-profit - private COL EmergencyService VAL yes COL Condition VAL heart attack COL MeasureCode VAL ami-1 COL MeasureName VAL heart attack patients given aspirin at arrival COL Score VAL 100% COL Sample VAL 7 patients COL Stateavg VAL al_ami-1 ,COL Address1 VAL 150 gilbreath drive ,0
338,COL ProviderNumber VAL 10018 COL HospitalName VAL callahan eye foundation hospital COL Address1 VAL 1720 university blvd COL Address2 VAL empty COL Address3 VAL empty COL City VAL birmingham COL State VAL al COL ZipCode VAL 35233 COL CountyName VAL jefferson COL PhoneNumber VAL 2053258100 COL HospitalType VAL acute care hospitals COL HospitalOwner VAL voluntary non-profit - private COL EmergencyService VAL yes COL Condition VAL surgical infection prevention COL MeasureCode VAL scip-card-2 COL MeasureName VAL surgery patients who were taking heart drugs caxxed beta bxockers before coming to the hospitax who were kept on the beta bxockers during the period just before and after their surgery COL Score VAL empty COL Sample VAL empty COL Stateavg VAL al_scip-card-2 ,COL City VAL birxinghax ,1
339,COL ProviderNumber VAL 10018 COL HospitalName VAL callahan eye foundation hospital COL Address1 VAL 1720 university blvd COL Address2 VAL empty COL Address3 VAL empty COL City VAL birmingham COL State VAL al COL ZipCode VAL 35233 COL CountyName VAL jefferson COL PhoneNumber VAL 2053258100 COL HospitalType VAL acute care hospitals COL HospitalOwner VAL voluntary non-profit - private COL EmergencyService VAL yes COL Condition VAL surgical infection prevention COL MeasureCode VAL scip-card-2 COL MeasureName VAL surgery patients who were taking heart drugs caxxed beta bxockers before coming to the hospitax who were kept on the beta bxockers during the period just before and after their surgery COL Score VAL empty COL Sample VAL empty COL Stateavg VAL al_scip-card-2 ,COL City VAL birmingham ,0
340,COL ProviderNumber VAL 10019 COL HospitalName VAL helen keller memorial hospital COL Address1 VAL 1300 south montgomery avenue COL Address2 VAL empty COL Address3 VAL empty COL City VAL sheffield COL State VAL al COL ZipCode VAL 35660 COL CountyName VAL jefferson COL PhoneNumber VAL 2563864556 COL HospitalType VAL acute care hospitals COL HospitalOwner VAL government - hospital district or authority COL EmergencyService VAL yes COL Condition VAL heart attack COL MeasureCode VAL ami-1 COL MeasureName VAL heart attack patients given aspirin at arrival COL Score VAL 97% COL Sample VAL 33 patients COL Stateavg VAL al_ami-1 ,COL City VAL shexxield ,1
341,COL ProviderNumber VAL 10019 COL HospitalName VAL helen keller memorial hospital COL Address1 VAL 1300 south montgomery avenue COL Address2 VAL empty COL Address3 VAL empty COL City VAL sheffield COL State VAL al COL ZipCode VAL 35660 COL CountyName VAL jefferson COL PhoneNumber VAL 2563864556 COL HospitalType VAL acute care hospitals COL HospitalOwner VAL government - hospital district or authority COL EmergencyService VAL yes COL Condition VAL heart attack COL MeasureCode VAL ami-1 COL MeasureName VAL heart attack patients given aspirin at arrival COL Score VAL 97% COL Sample VAL 33 patients COL Stateavg VAL al_ami-1 ,COL City VAL sheffield ,0
342,COL ProviderNumber VAL 10001 COL HospitalName VAL southeast alabama medical center COL Address1 VAL 1108 ross clark circle COL Address2 VAL empty COL Address3 VAL empty COL City VAL dothan COL State VAL al COL ZipCode VAL 36302 COL CountyName VAL houston COL PhoneNumber VAL 3347938701 COL HospitalType VAL acute care hospitals COL HospitalOwner VAL government - hospital district or authority COL EmergencyService VAL yes COL Condition VAL heart attack COL MeasureCode VAL ami-1 COL MeasureName VAL heart attack patients given aspirin at arrival COL Score VAL 98% COL Sample VAL 270 patients COL Stateavg VAL al_ami-1 ,COL City VAL doxhan ,1
343,COL ProviderNumber VAL 10001 COL HospitalName VAL southeast alabama medical center COL Address1 VAL 1108 ross clark circle COL Address2 VAL empty COL Address3 VAL empty COL City VAL dothan COL State VAL al COL ZipCode VAL 36302 COL CountyName VAL houston COL PhoneNumber VAL 3347938701 COL HospitalType VAL acute care hospitals COL HospitalOwner VAL government - hospital district or authority COL EmergencyService VAL yes COL Condition VAL heart attack COL MeasureCode VAL ami-1 COL MeasureName VAL heart attack patients given aspirin at arrival COL Score VAL 98% COL Sample VAL 270 patients COL Stateavg VAL al_ami-1 ,COL City VAL dothan ,0
344,COL ProviderNumber VAL 10005 COL HospitalName VAL marshall medical center south COL Address1 VAL 2505 u s highway 431 north COL Address2 VAL empty COL Address3 VAL empty COL City VAL boaz COL State VAL al COL ZipCode VAL x5957 COL CountyName VAL marshall COL PhoneNumber VAL 2565938310 COL HospitalType VAL acute care hospitals COL HospitalOwner VAL government - hospital district or authority COL EmergencyService VAL yes COL Condition VAL heart attack COL MeasureCode VAL ami-1 COL MeasureName VAL heart attack patients given aspirin at arrival COL Score VAL 80% COL Sample VAL 20 patients COL Stateavg VAL al_ami-1 ,COL City VAL boxz ,1
345,COL ProviderNumber VAL 10005 COL HospitalName VAL marshall medical center south COL Address1 VAL 2505 u s highway 431 north COL Address2 VAL empty COL Address3 VAL empty COL City VAL boaz COL State VAL al COL ZipCode VAL x5957 COL CountyName VAL marshall COL PhoneNumber VAL 2565938310 COL HospitalType VAL acute care hospitals COL HospitalOwner VAL government - hospital district or authority COL EmergencyService VAL yes COL Condition VAL heart attack COL MeasureCode VAL ami-1 COL MeasureName VAL heart attack patients given aspirin at arrival COL Score VAL 80% COL Sample VAL 20 patients COL Stateavg VAL al_ami-1 ,COL City VAL boaz ,0
346,COL ProviderNumber VAL 10006 COL HospitalName VAL eliza coffee memorial hospital COL Address1 VAL 205 marengo street COL Address2 VAL empty COL Address3 VAL empty COL City VAL florence COL State VAL al COL ZipCode VAL 35631 COL CountyName VAL lauderdale COL PhoneNumber VAL 2567688400 COL HospitalType VAL acute care hospitals COL HospitalOwner VAL voluntary non-profit - other COL EmergencyService VAL yes COL Condition VAL heart attack COL MeasureCode VAL ami-1 COL MeasureName VAL heart attack patients given aspirin at arrival COL Score VAL 97% COL Sample VAL 159 patients COL Stateavg VAL al_amx-1 ,COL City VAL xlorence ,1
347,COL ProviderNumber VAL 10006 COL HospitalName VAL eliza coffee memorial hospital COL Address1 VAL 205 marengo street COL Address2 VAL empty COL Address3 VAL empty COL City VAL florence COL State VAL al COL ZipCode VAL 35631 COL CountyName VAL lauderdale COL PhoneNumber VAL 2567688400 COL HospitalType VAL acute care hospitals COL HospitalOwner VAL voluntary non-profit - other COL EmergencyService VAL yes COL Condition VAL heart attack COL MeasureCode VAL ami-1 COL MeasureName VAL heart attack patients given aspirin at arrival COL Score VAL 97% COL Sample VAL 159 patients COL Stateavg VAL al_amx-1 ,COL City VAL florence ,0
348,COL ProviderNumber VAL 10007 COL HospitalName VAL mizell memorial hospital COL Address1 VAL 702xnxmainxst COL Address2 VAL empty COL Address3 VAL empty COL City VAL opp COL State VAL al COL ZipCode VAL 36467 COL CountyName VAL covington COL PhoneNumber VAL 3344933541 COL HospitalType VAL acute care hospitals COL HospitalOwner VAL voluntary non-profit - private COL EmergencyService VAL no COL Condition VAL heart attack COL MeasureCode VAL ami-1 COL MeasureName VAL xeart attack patients given aspirin at arrival COL Score VAL 60% COL Sample VAL 5 patients COL Stateavg VAL al_ami-1 ,COL City VAL xpp ,1
349,COL ProviderNumber VAL 10007 COL HospitalName VAL mizell memorial hospital COL Address1 VAL 702xnxmainxst COL Address2 VAL empty COL Address3 VAL empty COL City VAL opp COL State VAL al COL ZipCode VAL 36467 COL CountyName VAL covington COL PhoneNumber VAL 3344933541 COL HospitalType VAL acute care hospitals COL HospitalOwner VAL voluntary non-profit - private COL EmergencyService VAL no COL Condition VAL heart attack COL MeasureCode VAL ami-1 COL MeasureName VAL xeart attack patients given aspirin at arrival COL Score VAL 60% COL Sample VAL 5 patients COL Stateavg VAL al_ami-1 ,COL City VAL opp ,0
350,COL ProviderNumber VAL 10008 COL HospitalName VAL crenshaw community hospital COL Address1 VAL 101 hospital circle COL Address2 VAL empty COL Address3 VAL empty COL City VAL luverne COL State VAL ax COL ZipCode VAL 36049 COL CountyName VAL crenshaw COL PhoneNumber VAL 3343353374 COL HospitalType VAL acute care hospitals COL HospitalOwner VAL government - federal COL EmergencyService VAL yes COL Condition VAL heart attack COL MeasureCode VAL ami-1 COL MeasureName VAL heart attack patients given aspirin at arrivax COL Score VAL 0% COL Sample VAL 1 patients COL Stateavg VAL al_ami-1 ,COL City VAL luverxe ,1
351,COL ProviderNumber VAL 10008 COL HospitalName VAL crenshaw community hospital COL Address1 VAL 101 hospital circle COL Address2 VAL empty COL Address3 VAL empty COL City VAL luverne COL State VAL ax COL ZipCode VAL 36049 COL CountyName VAL crenshaw COL PhoneNumber VAL 3343353374 COL HospitalType VAL acute care hospitals COL HospitalOwner VAL government - federal COL EmergencyService VAL yes COL Condition VAL heart attack COL MeasureCode VAL ami-1 COL MeasureName VAL heart attack patients given aspirin at arrivax COL Score VAL 0% COL Sample VAL 1 patients COL Stateavg VAL al_ami-1 ,COL City VAL luverne ,0
352,COL ProviderNumber VAL 10009 COL HospitalName VAL hartselle medical center COL Address1 VAL 201 pine street northwest COL Address2 VAL empty COL Address3 VAL empty COL City VAL hartselle COL State VAL al COL ZipCode VAL 35640 COL CountyName VAL morgan COL PhoneNumber VAL 2567736511 COL HospitalType VAL acute care hospitals COL HospitalOwner VAL proprietary COL EmergencyService VAL yes COL Condition VAL heart attack COL MeasureCode VAL ami-1 COL MeasureName VAL heart attack patients given aspirin at arrival COL Score VAL 100% COL Sample VAL 6 patients COL Stateavg VAL al_ami-1 ,COL City VAL hxrtselle ,1
353,COL ProviderNumber VAL 10009 COL HospitalName VAL hartselle medical center COL Address1 VAL 201 pine street northwest COL Address2 VAL empty COL Address3 VAL empty COL City VAL hartselle COL State VAL al COL ZipCode VAL 35640 COL CountyName VAL morgan COL PhoneNumber VAL 2567736511 COL HospitalType VAL acute care hospitals COL HospitalOwner VAL proprietary COL EmergencyService VAL yes COL Condition VAL heart attack COL MeasureCode VAL ami-1 COL MeasureName VAL heart attack patients given aspirin at arrival COL Score VAL 100% COL Sample VAL 6 patients COL Stateavg VAL al_ami-1 ,COL City VAL hartselle ,0
354,COL ProviderNumber VAL 10010 COL HospitalName VAL marshall medical center north COL Address1 VAL 8000 alabama highway 69 COL Address2 VAL empty COL Address3 VAL empty COL City VAL guntersville COL State VAL al COL ZipCode VAL 35976 COL CountyName VAL marshall COL PhoneNumber VAL 2565718000 COL HospitalType VAL acute care hospitals COL HospitalOwner VAL government - hospital district or authority COL EmergencyService VAL yes COL Condition VAL heart attack COL MeasureCode VAL ami-1 COL MeasureName VAL heart attack patients given aspirin at arrival COL Score VAL 100% COL Sample VAL 8 patients COL Stateavg VAL al_ami-1 ,COL City VAL guntxrsvillx ,1
355,COL ProviderNumber VAL 10010 COL HospitalName VAL marshall medical center north COL Address1 VAL 8000 alabama highway 69 COL Address2 VAL empty COL Address3 VAL empty COL City VAL guntersville COL State VAL al COL ZipCode VAL 35976 COL CountyName VAL marshall COL PhoneNumber VAL 2565718000 COL HospitalType VAL acute care hospitals COL HospitalOwner VAL government - hospital district or authority COL EmergencyService VAL yes COL Condition VAL heart attack COL MeasureCode VAL ami-1 COL MeasureName VAL heart attack patients given aspirin at arrival COL Score VAL 100% COL Sample VAL 8 patients COL Stateavg VAL al_ami-1 ,COL City VAL guntersville ,0
356,COL ProviderNumber VAL 10012 COL HospitalName VAL dekalb regional medical center COL Address1 VAL 200 med center drive COL Address2 VAL empty COL Address3 VAL empty COL City VAL fort payne COL State VAL al COL ZipCode VAL 35968 COL CountyName VAL de kalb COL PhoneNumber VAL 2568453150 COL HospitalType VAL acute care hospitals COL HospitalOwner VAL voluntary non-profit - church COL EmergencyService VAL yes COL Condition VAL heart attack COL MeasureCode VAL ami-1 COL MeasureName VAL heartxattackxpatientsxgivenxaspirinxatxarrival COL Score VAL 100% COL Sample VAL 46 patients COL Stateavg VAL al_ami-1 ,COL City VAL xort payne ,1
357,COL ProviderNumber VAL 10012 COL HospitalName VAL dekalb regional medical center COL Address1 VAL 200 med center drive COL Address2 VAL empty COL Address3 VAL empty COL City VAL fort payne COL State VAL al COL ZipCode VAL 35968 COL CountyName VAL de kalb COL PhoneNumber VAL 2568453150 COL HospitalType VAL acute care hospitals COL HospitalOwner VAL voluntary non-profit - church COL EmergencyService VAL yes COL Condition VAL heart attack COL MeasureCode VAL ami-1 COL MeasureName VAL heartxattackxpatientsxgivenxaspirinxatxarrival COL Score VAL 100% COL Sample VAL 46 patients COL Stateavg VAL al_ami-1 ,COL City VAL fort payne ,0
358,COL ProviderNumber VAL x00x5 COL HospitalName VAL southwest alabama medical center COL Address1 VAL 33700 highway 43 COL Address2 VAL empty COL Address3 VAL empty COL City VAL thomasville COL State VAL al COL ZipCode VAL 36784 COL CountyName VAL clarke COL PhoneNumber VAL 3346366221 COL HospitalType VAL acute care hospitals COL HospitalOwner VAL government - federal COL EmergencyService VAL yes COL Condition VAL heart attack COL MeasureCode VAL ami-1 COL MeasureName VAL heart attack patients given aspirin at arrival COL Score VAL empty COL Sample VAL 0 patients COL Stateavg VAL ax_ami-1 ,COL City VAL thomasvxlle ,1
359,COL ProviderNumber VAL x00x5 COL HospitalName VAL southwest alabama medical center COL Address1 VAL 33700 highway 43 COL Address2 VAL empty COL Address3 VAL empty COL City VAL thomasville COL State VAL al COL ZipCode VAL 36784 COL CountyName VAL clarke COL PhoneNumber VAL 3346366221 COL HospitalType VAL acute care hospitals COL HospitalOwner VAL government - federal COL EmergencyService VAL yes COL Condition VAL heart attack COL MeasureCode VAL ami-1 COL MeasureName VAL heart attack patients given aspirin at arrival COL Score VAL empty COL Sample VAL 0 patients COL Stateavg VAL ax_ami-1 ,COL City VAL thomasville ,0
360,COL ProviderNumber VAL 10016 COL HospitalName VAL shelby baptist medical center COL Address1 VAL 1000 first street north COL Address2 VAL empty COL Address3 VAL empty COL City VAL alabaster COL State VAL al COL ZipCode VAL 35007 COL CountyName VAL shelby COL PhoneNumber VAL 2056208100 COL HospitalType VAL acute care hospitals COL HospitalOwner VAL voluntary non-profit - church COL EmergencyService VAL yes COL Condition VAL heart attack COL MeasureCode VAL ami-1 COL MeasureName VAL heart attack patients given aspirin at arrival COL Score VAL 99% COL Sample VAL 179 patients COL Stateavg VAL al_axi-1 ,COL City VAL alaxaster ,1
361,COL ProviderNumber VAL 10016 COL HospitalName VAL shelby baptist medical center COL Address1 VAL 1000 first street north COL Address2 VAL empty COL Address3 VAL empty COL City VAL alabaster COL State VAL al COL ZipCode VAL 35007 COL CountyName VAL shelby COL PhoneNumber VAL 2056208100 COL HospitalType VAL acute care hospitals COL HospitalOwner VAL voluntary non-profit - church COL EmergencyService VAL yes COL Condition VAL heart attack COL MeasureCode VAL ami-1 COL MeasureName VAL heart attack patients given aspirin at arrival COL Score VAL 99% COL Sample VAL 179 patients COL Stateavg VAL al_axi-1 ,COL City VAL alabaster ,0
362,COL ProviderNumber VAL 10038 COL HospitalName VAL stringfellow memorial hospital COL Address1 VAL 301 east 18th st COL Address2 VAL empty COL Address3 VAL empty COL City VAL anniston COL State VAL al COL ZipCode VAL 36201 COL CountyName VAL calhoxn COL PhoneNumber VAL 2562358900 COL HospitalType VAL acute care hospitals COL HospitalOwner VAL proprietary COL EmergencyService VAL yes COL Condition VAL children s asthma care COL MeasureCode VAL cac-3 COL MeasureName VAL children and their caregivers who received a home management plan of care document while hospitalized for asthma COL Score VAL 33% COL Sample VAL 9 patients COL Stateavg VAL al_cac-3 ,COL City VAL axxistox ,1
363,COL ProviderNumber VAL 10038 COL HospitalName VAL stringfellow memorial hospital COL Address1 VAL 301 east 18th st COL Address2 VAL empty COL Address3 VAL empty COL City VAL anniston COL State VAL al COL ZipCode VAL 36201 COL CountyName VAL calhoxn COL PhoneNumber VAL 2562358900 COL HospitalType VAL acute care hospitals COL HospitalOwner VAL proprietary COL EmergencyService VAL yes COL Condition VAL children s asthma care COL MeasureCode VAL cac-3 COL MeasureName VAL children and their caregivers who received a home management plan of care document while hospitalized for asthma COL Score VAL 33% COL Sample VAL 9 patients COL Stateavg VAL al_cac-3 ,COL City VAL anniston ,0
364,COL ProviderNumber VAL 10085 COL HospitalName VAL decatur general hospital COL Address1 VAL 1201 7th street se COL Address2 VAL empty COL Address3 VAL empty COL City VAL decatur COL State VAL al COL ZipCode VAL 35609 COL CountyName VAL morgan COL PhoneNumber VAL 2563412000 COL HospitalType VAL acute care hospitals COL HospitalOwner VAL government - hospital district or authority COL EmergencyService VAL yes COL Condition VAL surgical infection prevention COL MeasureCode VAL scip-vte-2 COL MeasureName VAL patients who got treatment  at the right time (within 24 hours before or after their surgery) to help prevent blood clots after certain types of surgery COL Score VAL 87% COL Sample VAL 205 patients COL Stateavg VAL al_scip-vte-2 ,COL City VAL decxtur ,1
365,COL ProviderNumber VAL 10085 COL HospitalName VAL decatur general hospital COL Address1 VAL 1201 7th street se COL Address2 VAL empty COL Address3 VAL empty COL City VAL decatur COL State VAL al COL ZipCode VAL 35609 COL CountyName VAL morgan COL PhoneNumber VAL 2563412000 COL HospitalType VAL acute care hospitals COL HospitalOwner VAL government - hospital district or authority COL EmergencyService VAL yes COL Condition VAL surgical infection prevention COL MeasureCode VAL scip-vte-2 COL MeasureName VAL patients who got treatment  at the right time (within 24 hours before or after their surgery) to help prevent blood clots after certain types of surgery COL Score VAL 87% COL Sample VAL 205 patients COL Stateavg VAL al_scip-vte-2 ,COL City VAL decatur ,0
366,COL ProviderNumber VAL 10086 COL HospitalName VAL northwest medical center COL Address1 VAL 1530 u s highway 43 COL Address2 VAL empty COL Address3 VAL empty COL City VAL winfield COL State VAL al COL ZipCode VAL 35594 COL CountyName VAL marion COL PhoneNumber VAL 2054877736 COL HospitalType VAL acute care hospitals COL HospitalOwner VAL proprietary COL EmergencyService VAL yes COL Condition VAL heart attack COL MeasureCode VAL ami-1 COL MeasureName VAL heart attack patients given aspirin at arrival COL Score VAL 100% COL Sample VAL 1x patients COL Stateavg VAL al_ami-1 ,COL City VAL winfiexd ,1
367,COL ProviderNumber VAL 10086 COL HospitalName VAL northwest medical center COL Address1 VAL 1530 u s highway 43 COL Address2 VAL empty COL Address3 VAL empty COL City VAL winfield COL State VAL al COL ZipCode VAL 35594 COL CountyName VAL marion COL PhoneNumber VAL 2054877736 COL HospitalType VAL acute care hospitals COL HospitalOwner VAL proprietary COL EmergencyService VAL yes COL Condition VAL heart attack COL MeasureCode VAL ami-1 COL MeasureName VAL heart attack patients given aspirin at arrival COL Score VAL 100% COL Sample VAL 1x patients COL Stateavg VAL al_ami-1 ,COL City VAL winfield ,0
368,COL ProviderNumber VAL 10087 COL HospitalName VAL univ of south alabama medical center COL Address1 VAL 2451 fillingim street COL Address2 VAL empty COL Address3 VAL empty COL City VAL mobile COL State VAL al COL ZipCode VAL 36617 COL CountyName VAL mobile COL PhoneNumber VAL 2514717110 COL HospitalType VAL acute care hospitals COL HospitalOwner VAL government - state COL EmergencyService VAL yes COL Condition VAL heart attack COL MeasureCode VAL ami-1 COL MeasureName VAL heart attack patients given aspirin at arrival COL Score VAL 99% COL Sample VAL 86 patients COL Stateavg VAL al_ami-1 ,COL City VAL mobilx ,1
369,COL ProviderNumber VAL 10087 COL HospitalName VAL univ of south alabama medical center COL Address1 VAL 2451 fillingim street COL Address2 VAL empty COL Address3 VAL empty COL City VAL mobile COL State VAL al COL ZipCode VAL 36617 COL CountyName VAL mobile COL PhoneNumber VAL 2514717110 COL HospitalType VAL acute care hospitals COL HospitalOwner VAL government - state COL EmergencyService VAL yes COL Condition VAL heart attack COL MeasureCode VAL ami-1 COL MeasureName VAL heart attack patients given aspirin at arrival COL Score VAL 99% COL Sample VAL 86 patients COL Stateavg VAL al_ami-1 ,COL City VAL mobile ,0
370,COL ProviderNumber VAL 10108 COL HospitalName VAL prattville baptist hospital COL Address1 VAL 124 s memorial dr COL Address2 VAL empty COL Address3 VAL empty COL City VAL prattville COL State VAL al COL ZipCode VAL 36067 COL CountyName VAL autauga COL PhoneNumber VAL 3343614267 COL HospitalType VAL acute care hospitals COL HospitalOwner VAL voluntary non-profit - private COL EmergencyService VAL yes COL Condition VAL heart attack COL MeasureCode VAL ami-2 COL MeasureName VAL heart attack patients given aspirin at discharge COL Score VAL 100% COL Sample VAL 4 patients COL Stateavg VAL al_ami-2 ,COL City VAL praxxville ,1
371,COL ProviderNumber VAL 10108 COL HospitalName VAL prattville baptist hospital COL Address1 VAL 124 s memorial dr COL Address2 VAL empty COL Address3 VAL empty COL City VAL prattville COL State VAL al COL ZipCode VAL 36067 COL CountyName VAL autauga COL PhoneNumber VAL 3343614267 COL HospitalType VAL acute care hospitals COL HospitalOwner VAL voluntary non-profit - private COL EmergencyService VAL yes COL Condition VAL heart attack COL MeasureCode VAL ami-2 COL MeasureName VAL heart attack patients given aspirin at discharge COL Score VAL 100% COL Sample VAL 4 patients COL Stateavg VAL al_ami-2 ,COL City VAL prattville ,0
372,COL ProviderNumber VAL 10158 COL HospitalName VAL russellville hospital COL Address1 VAL 15155 highway 43 COL Address2 VAL empty COL Address3 VAL empty COL City VAL russellville COL State VAL al COL ZipCode VAL 35653 COL CountyName VAL franklin COL PhoneNumber VAL 2563321611 COL HospitalType VAL acute care hospitals COL HospitalOwner VAL proprietary COL EmergencyService VAL yes COL Condition VAL surgical infection prevention COL MeasureCode VAL scip-vte-1 COL MeasureName VAL surgery patients whose doctors ordered treatments to prevent blood clots after certain types of surgeries COL Score VAL 100% COL Sample VAL 125 patients COL Stateavg VAL al_scip-vte-1 ,COL City VAL russexxvixxe ,1
373,COL ProviderNumber VAL 10158 COL HospitalName VAL russellville hospital COL Address1 VAL 15155 highway 43 COL Address2 VAL empty COL Address3 VAL empty COL City VAL russellville COL State VAL al COL ZipCode VAL 35653 COL CountyName VAL franklin COL PhoneNumber VAL 2563321611 COL HospitalType VAL acute care hospitals COL HospitalOwner VAL proprietary COL EmergencyService VAL yes COL Condition VAL surgical infection prevention COL MeasureCode VAL scip-vte-1 COL MeasureName VAL surgery patients whose doctors ordered treatments to prevent blood clots after certain types of surgeries COL Score VAL 100% COL Sample VAL 125 patients COL Stateavg VAL al_scip-vte-1 ,COL City VAL russellville ,0
374,COL ProviderNumber VAL 10164 COL HospitalName VAL coosa valley medical center COL Address1 VAL 315 w hickory st COL Address2 VAL empty COL Address3 VAL empty COL City VAL sylacauga COL State VAL al COL ZipCode VAL 35150 COL CountyName VAL talladega COL PhoneNumber VAL 2562495000 COL HospitalType VAL acute care hospitals COL HospitalOwner VAL voluntary non-profit - other COL EmergencyService VAL no COL Condition VAL heart attack COL MeasureCode VAL ami-1 COL MeasureName VAL heart attack patients given aspirin at arrival COL Score VAL 90% COL Sample VAL 10 patients COL Stateavg VAL al_ami-1 ,COL City VAL syxacauga ,1
375,COL ProviderNumber VAL 10164 COL HospitalName VAL coosa valley medical center COL Address1 VAL 315 w hickory st COL Address2 VAL empty COL Address3 VAL empty COL City VAL sylacauga COL State VAL al COL ZipCode VAL 35150 COL CountyName VAL talladega COL PhoneNumber VAL 2562495000 COL HospitalType VAL acute care hospitals COL HospitalOwner VAL voluntary non-profit - other COL EmergencyService VAL no COL Condition VAL heart attack COL MeasureCode VAL ami-1 COL MeasureName VAL heart attack patients given aspirin at arrival COL Score VAL 90% COL Sample VAL 10 patients COL Stateavg VAL al_ami-1 ,COL City VAL sylacauga ,0
376,COL ProviderNumber VAL 20017 COL HospitalName VAL alaska regional hospital COL Address1 VAL 2801 debarr road COL Address2 VAL empty COL Address3 VAL empty COL City VAL anchorage COL State VAL ak COL ZipCode VAL 99508 COL CountyName VAL anchorage COL PhoneNumber VAL 9072761131 COL HospitalType VAL acute care hospitals COL HospitalOwner VAL proprietary COL EmergencyService VAL yes COL Condition VAL heart failure COL MeasureCode VAL hf-1 COL MeasureName VAL heart failure patients given discharge instructions COL Score VAL 91% COL Sample VAL 57 patients COL Stateavg VAL ak_hf-1 ,COL City VAL axchorage ,1
377,COL ProviderNumber VAL 20017 COL HospitalName VAL alaska regional hospital COL Address1 VAL 2801 debarr road COL Address2 VAL empty COL Address3 VAL empty COL City VAL anchorage COL State VAL ak COL ZipCode VAL 99508 COL CountyName VAL anchorage COL PhoneNumber VAL 9072761131 COL HospitalType VAL acute care hospitals COL HospitalOwner VAL proprietary COL EmergencyService VAL yes COL Condition VAL heart failure COL MeasureCode VAL hf-1 COL MeasureName VAL heart failure patients given discharge instructions COL Score VAL 91% COL Sample VAL 57 patients COL Stateavg VAL ak_hf-1 ,COL City VAL anchorage ,0
378,COL ProviderNumber VAL 20018 COL HospitalName VAL yukon kuskokwim delta reg hospital COL Address1 VAL po box 287 COL Address2 VAL empty COL Address3 VAL empty COL City VAL bethel COL State VAL ak COL ZipCode VAL 99559 COL CountyName VAL bethel COL PhoneNumber VAL 9075436300 COL HospitalType VAL acute care hospitals COL HospitalOwner VAL government - federal COL EmergencyService VAL no COL Condition VAL heart attack COL MeasureCode VAL ami-1 COL MeasureName VAL heart attack patients given aspirin at arrival COL Score VAL empty COL Sample VAL empty COL Stateavg VAL ak_ami-1 ,COL City VAL bxthxl ,1
379,COL ProviderNumber VAL 20018 COL HospitalName VAL yukon kuskokwim delta reg hospital COL Address1 VAL po box 287 COL Address2 VAL empty COL Address3 VAL empty COL City VAL bethel COL State VAL ak COL ZipCode VAL 99559 COL CountyName VAL bethel COL PhoneNumber VAL 9075436300 COL HospitalType VAL acute care hospitals COL HospitalOwner VAL government - federal COL EmergencyService VAL no COL Condition VAL heart attack COL MeasureCode VAL ami-1 COL MeasureName VAL heart attack patients given aspirin at arrival COL Score VAL empty COL Sample VAL empty COL Stateavg VAL ak_ami-1 ,COL City VAL bethel ,0
380,COL ProviderNumber VAL 10021 COL HospitalName VAL dale medical center COL Address1 VAL 126 hospital ave COL Address2 VAL empty COL Address3 VAL empty COL City VAL ozark COL State VAL al COL ZipCode VAL 36360 COL CountyName VAL dale COL PhoneNumber VAL 3347742601 COL HospitalType VAL acute care hospitals COL HospitalOwner VAL government - hospital district or authority COL EmergencyService VAL yes COL Condition VAL heart attack COL MeasureCode VAL ami-1 COL MeasureName VAL heart attack patients given aspirin at arrival COL Score VAL 100% COL Sample VAL 11 patients COL Stateavg VAL al_ami-1 ,COL City VAL oxark ,1
381,COL ProviderNumber VAL 10021 COL HospitalName VAL dale medical center COL Address1 VAL 126 hospital ave COL Address2 VAL empty COL Address3 VAL empty COL City VAL ozark COL State VAL al COL ZipCode VAL 36360 COL CountyName VAL dale COL PhoneNumber VAL 3347742601 COL HospitalType VAL acute care hospitals COL HospitalOwner VAL government - hospital district or authority COL EmergencyService VAL yes COL Condition VAL heart attack COL MeasureCode VAL ami-1 COL MeasureName VAL heart attack patients given aspirin at arrival COL Score VAL 100% COL Sample VAL 11 patients COL Stateavg VAL al_ami-1 ,COL City VAL ozark ,0
382,COL ProviderNumber VAL 10022 COL HospitalName VAL cherokee medical center COL Address1 VAL 400 northwood dr COL Address2 VAL empty COL Address3 VAL empty COL City VAL centre COL State VAL al COL ZipCode VAL 35960 COL CountyName VAL cherokee COL PhoneNumber VAL 2569275531 COL HospitalType VAL acute care hospitals COL HospitalOwner VAL voluntary non-profit - private COL EmergencyService VAL yes COL Condition VAL heart attack COL MeasureCode VAL ami-1 COL MeasureName VAL heart attack patients given aspirin at arrival COL Score VAL empty COL Sample VAL 0 patients COL Stateavg VAL al_ami-1 ,COL City VAL xentre ,1
383,COL ProviderNumber VAL 10022 COL HospitalName VAL cherokee medical center COL Address1 VAL 400 northwood dr COL Address2 VAL empty COL Address3 VAL empty COL City VAL centre COL State VAL al COL ZipCode VAL 35960 COL CountyName VAL cherokee COL PhoneNumber VAL 2569275531 COL HospitalType VAL acute care hospitals COL HospitalOwner VAL voluntary non-profit - private COL EmergencyService VAL yes COL Condition VAL heart attack COL MeasureCode VAL ami-1 COL MeasureName VAL heart attack patients given aspirin at arrival COL Score VAL empty COL Sample VAL 0 patients COL Stateavg VAL al_ami-1 ,COL City VAL centre ,0
384,COL ProviderNumber VAL 10023 COL HospitalName VAL baptist medical center south COL Address1 VAL 2105 east south boulevard COL Address2 VAL empty COL Address3 VAL empty COL City VAL montgomery COL State VAL al COL ZipCode VAL 36116 COL CountyName VAL montgomery COL PhoneNumber VAL 3342xx2100 COL HospitalType VAL acute care hospitals COL HospitalOwner VAL voluntary non-profit - church COL EmergencyService VAL yes COL Condition VAL heart attack COL MeasureCode VAL ami-1 COL MeasureName VAL heart attack patients given aspirin at arrival COL Score VAL 100% COL Sample VAL 134 patients COL Stateavg VAL al_ami-1 ,COL City VAL xontgoxery ,1
385,COL ProviderNumber VAL 10023 COL HospitalName VAL baptist medical center south COL Address1 VAL 2105 east south boulevard COL Address2 VAL empty COL Address3 VAL empty COL City VAL montgomery COL State VAL al COL ZipCode VAL 36116 COL CountyName VAL montgomery COL PhoneNumber VAL 3342xx2100 COL HospitalType VAL acute care hospitals COL HospitalOwner VAL voluntary non-profit - church COL EmergencyService VAL yes COL Condition VAL heart attack COL MeasureCode VAL ami-1 COL MeasureName VAL heart attack patients given aspirin at arrival COL Score VAL 100% COL Sample VAL 134 patients COL Stateavg VAL al_ami-1 ,COL City VAL montgomery ,0
386,COL ProviderNumber VAL 10025 COL HospitalName VAL g h lanier memorial hospital COL Address1 VAL 4800 48th st COL Address2 VAL empty COL Address3 VAL empty COL City VAL valley COL State VAL al COL ZipCode VAL 36854 COL CountyName VAL chambers COL PhoneNumber VAL 3347561400 COL HospitalType VAL acute care hospitals COL HospitalOwner VAL voluntary non-profit - other COL EmergencyService VAL yes COL Condition VAL heart attack COL MeasureCode VAL ami-1 COL MeasureName VAL heart attack patients given aspirin at arrival COL Score VAL 92% COL Sample VAL 24 patients COL Stateavg VAL al_ami-1 ,COL City VAL vallxy ,1
387,COL ProviderNumber VAL 10025 COL HospitalName VAL g h lanier memorial hospital COL Address1 VAL 4800 48th st COL Address2 VAL empty COL Address3 VAL empty COL City VAL valley COL State VAL al COL ZipCode VAL 36854 COL CountyName VAL chambers COL PhoneNumber VAL 3347561400 COL HospitalType VAL acute care hospitals COL HospitalOwner VAL voluntary non-profit - other COL EmergencyService VAL yes COL Condition VAL heart attack COL MeasureCode VAL ami-1 COL MeasureName VAL heart attack patients given aspirin at arrival COL Score VAL 92% COL Sample VAL 24 patients COL Stateavg VAL al_ami-1 ,COL City VAL valley ,0
388,COL ProviderNumber VAL 10027 COL HospitalName VAL elba general hospital COL Address1 VAL 987 drayton street COL Address2 VAL empty COL Address3 VAL empty COL City VAL elba COL State VAL al COL ZipCode VAL 36323 COL CountyName VAL coffee COL PhoneNumber VAL 3348972257 COL HospitalType VAL acute care hospitals COL HospitalOwner VAL voluntary non-profit - other COL EmergencyService VAL yes COL Condition VAL heart attack COL MeasureCode VAL ami-1 COL MeasureName VAL heart attack patients given aspirin at arrival COL Score VAL empty COL Sample VAL empty COL Stateavg VAL al_ami-1 ,COL City VAL xlba ,1
389,COL ProviderNumber VAL 10027 COL HospitalName VAL elba general hospital COL Address1 VAL 987 drayton street COL Address2 VAL empty COL Address3 VAL empty COL City VAL elba COL State VAL al COL ZipCode VAL 36323 COL CountyName VAL coffee COL PhoneNumber VAL 3348972257 COL HospitalType VAL acute care hospitals COL HospitalOwner VAL voluntary non-profit - other COL EmergencyService VAL yes COL Condition VAL heart attack COL MeasureCode VAL ami-1 COL MeasureName VAL heart attack patients given aspirin at arrival COL Score VAL empty COL Sample VAL empty COL Stateavg VAL al_ami-1 ,COL City VAL elba ,0
390,COL ProviderNumber VAL 10029 COL HospitalName VAL east alabama medical center and snf COL Address1 VAL 2000 pepperell parkway COL Address2 VAL empty COL Address3 VAL empty COL City VAL opelika COL State VAL al COL ZipCode VAL 36801 COL CountyName VAL lee COL PhoneNumber VAL 3347493411 COL HospitalType VAL acute care hospitals COL HospitalOwner VAL government - hospital district or authority COL EmergencyService VAL yes COL Condition VAL heart attack COL MeasureCode VAL ami-1 COL MeasureName VAL heart attack patients given aspirin at arrival COL Score VAL 98% COL Sample VAL 185 patients COL Stateavg VAL al_ami-1 ,COL City VAL opelixa ,1
391,COL ProviderNumber VAL 10029 COL HospitalName VAL east alabama medical center and snf COL Address1 VAL 2000 pepperell parkway COL Address2 VAL empty COL Address3 VAL empty COL City VAL opelika COL State VAL al COL ZipCode VAL 36801 COL CountyName VAL lee COL PhoneNumber VAL 3347493411 COL HospitalType VAL acute care hospitals COL HospitalOwner VAL government - hospital district or authority COL EmergencyService VAL yes COL Condition VAL heart attack COL MeasureCode VAL ami-1 COL MeasureName VAL heart attack patients given aspirin at arrival COL Score VAL 98% COL Sample VAL 185 patients COL Stateavg VAL al_ami-1 ,COL City VAL opelika ,0
392,COL ProviderNumber VAL 10032 COL HospitalName VAL wedowee hospital COL Address1 VAL 209 north main street COL Address2 VAL empty COL Address3 VAL empty COL City VAL wedowee COL State VAL al COL ZipCode VAL 36278 COL CountyName VAL randolph COL PhoneNumber VAL 2563572111 COL HospitalType VAL acute care hospitals COL HospitalOwner VAL government - local COL EmergencyService VAL no COL Condition VAL heart attack COL MeasureCode VAL ami-1 COL MeasureName VAL heart attack patients given aspirin at arrival COL Score VAL 50% COL Sample VAL 4 patients COL Stateavg VAL al_ami-1 ,COL City VAL wxdowxx ,1
393,COL ProviderNumber VAL 10032 COL HospitalName VAL wedowee hospital COL Address1 VAL 209 north main street COL Address2 VAL empty COL Address3 VAL empty COL City VAL wedowee COL State VAL al COL ZipCode VAL 36278 COL CountyName VAL randolph COL PhoneNumber VAL 2563572111 COL HospitalType VAL acute care hospitals COL HospitalOwner VAL government - local COL EmergencyService VAL no COL Condition VAL heart attack COL MeasureCode VAL ami-1 COL MeasureName VAL heart attack patients given aspirin at arrival COL Score VAL 50% COL Sample VAL 4 patients COL Stateavg VAL al_ami-1 ,COL City VAL wedowee ,0
394,COL ProviderNumber VAL 10034 COL HospitalName VAL community hospital inc COL Address1 VAL 805 friendship road COL Address2 VAL empty COL Address3 VAL empty COL City VAL tallassee COL State VAL al COL ZipCode VAL 36078 COL CountyName VAL elmore COL PhoneNumber VAL 3342836541 COL HospitalType VAL acute care hospitals COL HospitalOwner VAL voluntary non-profit - private COL EmergencyService VAL no COL Condition VAL heart attack COL MeasureCode VAL amix1 COL MeasureName VAL heart attack patients given aspirin at arrival COL Score VAL 77% COL Sample VAL 13 patients COL Stateavg VAL al_ami-1 ,COL City VAL taxxassee ,1
395,COL ProviderNumber VAL 10034 COL HospitalName VAL community hospital inc COL Address1 VAL 805 friendship road COL Address2 VAL empty COL Address3 VAL empty COL City VAL tallassee COL State VAL al COL ZipCode VAL 36078 COL CountyName VAL elmore COL PhoneNumber VAL 3342836541 COL HospitalType VAL acute care hospitals COL HospitalOwner VAL voluntary non-profit - private COL EmergencyService VAL no COL Condition VAL heart attack COL MeasureCode VAL amix1 COL MeasureName VAL heart attack patients given aspirin at arrival COL Score VAL 77% COL Sample VAL 13 patients COL Stateavg VAL al_ami-1 ,COL City VAL tallassee ,0
396,COL ProviderNumber VAL 10035 COL HospitalName VAL cullman regional medical center COL Address1 VAL 1912 alabama highway 157 COL Address2 VAL empty COL Address3 VAL empty COL City VAL cullman COL State VAL al COL ZipCode VAL 35058 COL CountyName VAL cullman COL PhoneNumber VAL 2567372000 COL HospitalType VAL acute care hospitals COL HospitalOwner VAL government - hospital district or authority COL EmergencyService VAL yes COL Condition VAL heartxattack COL MeasureCode VAL ami-1 COL MeasureName VAL heart attack patients given aspirin at arrival COL Score VAL 100% COL Sample VAL 51 patients COL Stateavg VAL al_ami-1 ,COL City VAL cuxxman ,1
397,COL ProviderNumber VAL 10035 COL HospitalName VAL cullman regional medical center COL Address1 VAL 1912 alabama highway 157 COL Address2 VAL empty COL Address3 VAL empty COL City VAL cullman COL State VAL al COL ZipCode VAL 35058 COL CountyName VAL cullman COL PhoneNumber VAL 2567372000 COL HospitalType VAL acute care hospitals COL HospitalOwner VAL government - hospital district or authority COL EmergencyService VAL yes COL Condition VAL heartxattack COL MeasureCode VAL ami-1 COL MeasureName VAL heart attack patients given aspirin at arrival COL Score VAL 100% COL Sample VAL 51 patients COL Stateavg VAL al_ami-1 ,COL City VAL cullman ,0
398,COL ProviderNumber VAL 10036 COL HospitalName VAL andalusia regional hospital COL Address1 VAL 849 south three notch street COL Address2 VAL empty COL Address3 VAL empty COL City VAL andalusia COL State VAL al COL ZipCode VAL 36420 COL CountyName VAL covington COL PhoneNumber VAL 3342228466 COL HospitalType VAL acute care hospitals COL HospitalOwner VAL proprietary COL EmergencyService VAL no COL Condition VAL heart attack COL MeasureCode VAL ami-1 COL MeasureName VAL heart attack patients given aspirin at arrival COL Score VAL 100% COL Sample VAL 8 patients COL Stateavg VAL al_ami-1 ,COL City VAL xndxlusix ,1
399,COL ProviderNumber VAL 10036 COL HospitalName VAL andalusia regional hospital COL Address1 VAL 849 south three notch street COL Address2 VAL empty COL Address3 VAL empty COL City VAL andalusia COL State VAL al COL ZipCode VAL 36420 COL CountyName VAL covington COL PhoneNumber VAL 3342228466 COL HospitalType VAL acute care hospitals COL HospitalOwner VAL proprietary COL EmergencyService VAL no COL Condition VAL heart attack COL MeasureCode VAL ami-1 COL MeasureName VAL heart attack patients given aspirin at arrival COL Score VAL 100% COL Sample VAL 8 patients COL Stateavg VAL al_ami-1 ,COL City VAL andalusia ,0
400,COL ProviderNumber VAL 10039 COL HospitalName VAL huntsville hospital COL Address1 VAL 101 sivley rd COL Address2 VAL empty COL Address3 VAL empty COL City VAL huntsville COL State VAL al COL ZipCode VAL 35801 COL CountyName VAL madison COL PhoneNumber VAL 2562651000 COL HospitalType VAL acute care hospitals COL HospitalOwner VAL government - hospital district or authority COL EmergencyService VAL yes COL Condition VAL children s asthma care COL MeasureCode VAL xax-1 COL MeasureName VAL children who received reliever medication while hospitalized for asthma COL Score VAL 100% COL Sample VAL 193 patients COL Stateavg VAL al_cac-1 ,COL City VAL huntsvillx ,1
401,COL ProviderNumber VAL 10039 COL HospitalName VAL huntsville hospital COL Address1 VAL 101 sivley rd COL Address2 VAL empty COL Address3 VAL empty COL City VAL huntsville COL State VAL al COL ZipCode VAL 35801 COL CountyName VAL madison COL PhoneNumber VAL 2562651000 COL HospitalType VAL acute care hospitals COL HospitalOwner VAL government - hospital district or authority COL EmergencyService VAL yes COL Condition VAL children s asthma care COL MeasureCode VAL xax-1 COL MeasureName VAL children who received reliever medication while hospitalized for asthma COL Score VAL 100% COL Sample VAL 193 patients COL Stateavg VAL al_cac-1 ,COL City VAL huntsville ,0
402,COL ProviderNumber VAL 10040 COL HospitalName VAL gadsden regional medical center COL Address1 VAL 1007 goodyear avenue COL Address2 VAL empty COL Address3 VAL empty COL City VAL gadsden COL State VAL al COL ZipCode VAL 35903 COL CountyName VAL etowah COL PhoneNumber VAL 2564944000 COL HospitalType VAL acute care hospitals COL HospitalOwner VAL proprietary COL EmergencyService VAL yes COL Condition VAL heart attack COL MeasureCode VAL ami-1 COL MeasureName VAL heart attack patxents gxven aspxrxn at arrxval COL Score VAL 94% COL Sample VAL 123 patients COL Stateavg VAL al_ami-1 ,COL City VAL gxdsden ,1
403,COL ProviderNumber VAL 10040 COL HospitalName VAL gadsden regional medical center COL Address1 VAL 1007 goodyear avenue COL Address2 VAL empty COL Address3 VAL empty COL City VAL gadsden COL State VAL al COL ZipCode VAL 35903 COL CountyName VAL etowah COL PhoneNumber VAL 2564944000 COL HospitalType VAL acute care hospitals COL HospitalOwner VAL proprietary COL EmergencyService VAL yes COL Condition VAL heart attack COL MeasureCode VAL ami-1 COL MeasureName VAL heart attack patxents gxven aspxrxn at arrxval COL Score VAL 94% COL Sample VAL 123 patients COL Stateavg VAL al_ami-1 ,COL City VAL gadsden ,0
404,COL ProviderNumber VAL 10043 COL HospitalName VAL chilton medical center COL Address1 VAL 1010 lay dam road COL Address2 VAL empty COL Address3 VAL empty COL City VAL clanton COL State VAL al COL ZipCode VAL 35045 COL CountyName VAL chilton COL PhoneNumber VAL 2057552500 COL HospitalType VAL acute care hospitals COL HospitalOwner VAL voluntary non-profit - private COL EmergencyService VAL yes COL Condition VAL heart attack COL MeasureCode VAL ami-1 COL MeasureName VAL heart attack patients given aspirin at arrival COL Score VAL 100% COL Sample VAL 1 patients COL Stateavg VAL xl_xmi-1 ,COL City VAL claxtox ,1
405,COL ProviderNumber VAL 10043 COL HospitalName VAL chilton medical center COL Address1 VAL 1010 lay dam road COL Address2 VAL empty COL Address3 VAL empty COL City VAL clanton COL State VAL al COL ZipCode VAL 35045 COL CountyName VAL chilton COL PhoneNumber VAL 2057552500 COL HospitalType VAL acute care hospitals COL HospitalOwner VAL voluntary non-profit - private COL EmergencyService VAL yes COL Condition VAL heart attack COL MeasureCode VAL ami-1 COL MeasureName VAL heart attack patients given aspirin at arrival COL Score VAL 100% COL Sample VAL 1 patients COL Stateavg VAL xl_xmi-1 ,COL City VAL clanton ,0
406,COL ProviderNumber VAL 10044 COL HospitalName VAL marion regional medical center COL Address1 VAL 1256 military street south COL Address2 VAL empty COL Address3 VAL empty COL City VAL hamilton COL State VAL al COL ZipCode VAL 35570 COL CountyName VAL marion COL PhoneNumber VAL 2059216200 COL HospitalType VAL acute care hospitals COL HospitalOwner VAL voluntary non-profit - private COL EmergencyService VAL yes COL Condition VAL heart attack COL MeasureCode VAL ami-1 COL MeasureName VAL heart attack patients given aspirin at arrival COL Score VAL 67% COL Sample VAL 3 patients COL Stateavg VAL al_ami-1 ,COL City VAL hxmilton ,1
407,COL ProviderNumber VAL 10044 COL HospitalName VAL marion regional medical center COL Address1 VAL 1256 military street south COL Address2 VAL empty COL Address3 VAL empty COL City VAL hamilton COL State VAL al COL ZipCode VAL 35570 COL CountyName VAL marion COL PhoneNumber VAL 2059216200 COL HospitalType VAL acute care hospitals COL HospitalOwner VAL voluntary non-profit - private COL EmergencyService VAL yes COL Condition VAL heart attack COL MeasureCode VAL ami-1 COL MeasureName VAL heart attack patients given aspirin at arrival COL Score VAL 67% COL Sample VAL 3 patients COL Stateavg VAL al_ami-1 ,COL City VAL hamilton ,0
408,COL ProviderNumber VAL 10045 COL HospitalName VAL fayette medical center COL Address1 VAL 1653 temple avenue north COL Address2 VAL empty COL Address3 VAL empty COL City VAL fayette COL State VAL al COL ZipCode VAL 35555 COL CountyName VAL fayette COL PhoneNumber VAL 2059325966 COL HospitalType VAL acute care hoxpitalx COL HospitalOwner VAL voluntary non-profit - other COL EmergencyService VAL yes COL Condition VAL heart attack COL MeasureCode VAL ami-1 COL MeasureName VAL heart attack patients given aspirin at arrival COL Score VAL 100% COL Sample VAL 18 patients COL Stateavg VAL al_ami-1 ,COL City VAL faxette ,1
409,COL ProviderNumber VAL 10045 COL HospitalName VAL fayette medical center COL Address1 VAL 1653 temple avenue north COL Address2 VAL empty COL Address3 VAL empty COL City VAL fayette COL State VAL al COL ZipCode VAL 35555 COL CountyName VAL fayette COL PhoneNumber VAL 2059325966 COL HospitalType VAL acute care hoxpitalx COL HospitalOwner VAL voluntary non-profit - other COL EmergencyService VAL yes COL Condition VAL heart attack COL MeasureCode VAL ami-1 COL MeasureName VAL heart attack patients given aspirin at arrival COL Score VAL 100% COL Sample VAL 18 patients COL Stateavg VAL al_ami-1 ,COL City VAL fayette ,0
410,COL ProviderNumber VAL 10047 COL HospitalName VAL georgiana hospital COL Address1 VAL 515 miranda st COL Address2 VAL empty COL Address3 VAL empty COL City VAL georgiana COL State VAL al COL ZipCode VAL 36033 COL CountyName VAL butler COL PhoneNumber VAL 3343762205 COL HospitalType VAL acute care hospitals COL HospitalOwner VAL voluntary non-profit - private COL EmergencyService VAL no COL Condition VAL heart attack COL MeasureCode VAL amix1 COL MeasureName VAL heart attack patients given aspirin at arrival COL Score VAL 53% COL Sample VAL 19 patients COL Stateavg VAL al_ami-1 ,COL City VAL geoxgiana ,1
411,COL ProviderNumber VAL 10047 COL HospitalName VAL georgiana hospital COL Address1 VAL 515 miranda st COL Address2 VAL empty COL Address3 VAL empty COL City VAL georgiana COL State VAL al COL ZipCode VAL 36033 COL CountyName VAL butler COL PhoneNumber VAL 3343762205 COL HospitalType VAL acute care hospitals COL HospitalOwner VAL voluntary non-profit - private COL EmergencyService VAL no COL Condition VAL heart attack COL MeasureCode VAL amix1 COL MeasureName VAL heart attack patients given aspirin at arrival COL Score VAL 53% COL Sample VAL 19 patients COL Stateavg VAL al_ami-1 ,COL City VAL georgiana ,0
412,COL ProviderNumber VAL 1004x COL HospitalName VAL medical center enterprise COL Address1 VAL 400 n edwards street COL Address2 VAL empty COL Address3 VAL empty COL City VAL enterprise COL State VAL al COL ZipCode VAL 36330 COL CountyName VAL coffee COL PhoneNumber VAL 3343470584 COL HospitalType VAL acute care hospitals COL HospitalOwner VAL proprietary COL EmergencyService VAL yes COL Condition VAL hexrt attxck COL MeasureCode VAL ami-1 COL MeasureName VAL heart attack patients given aspirin at arrival COL Score VAL 100% COL Sample VAL 4 patients COL Stateavg VAL al_ami-1 ,COL City VAL entexpxise ,1
413,COL ProviderNumber VAL 1004x COL HospitalName VAL medical center enterprise COL Address1 VAL 400 n edwards street COL Address2 VAL empty COL Address3 VAL empty COL City VAL enterprise COL State VAL al COL ZipCode VAL 36330 COL CountyName VAL coffee COL PhoneNumber VAL 3343470584 COL HospitalType VAL acute care hospitals COL HospitalOwner VAL proprietary COL EmergencyService VAL yes COL Condition VAL hexrt attxck COL MeasureCode VAL ami-1 COL MeasureName VAL heart attack patients given aspirin at arrival COL Score VAL 100% COL Sample VAL 4 patients COL Stateavg VAL al_ami-1 ,COL City VAL enterprise ,0
414,COL ProviderNumber VAL 10050 COL HospitalName VAL st vincents blount COL Address1 VAL 150 gilbreath drive COL Address2 VAL empty COL Address3 VAL empty COL City VAL oneonta COL State VAL al COL ZipCode VAL 35121 COL CountyName VAL blount COL PhoneNumber VAL 2052743000 COL HospitalType VAL acute care hospitals COL HospitalOwner VAL voluntary non-profit - private COL EmergencyService VAL yes COL Condition VAL heart attack COL MeasureCode VAL ami-1 COL MeasureName VAL heart attack patients given aspirin at arrival COL Score VAL 100% COL Sample VAL 7 patients COL Stateavg VAL al_ami-1 ,COL City VAL xnexnta ,1
415,COL ProviderNumber VAL 10050 COL HospitalName VAL st vincents blount COL Address1 VAL 150 gilbreath drive COL Address2 VAL empty COL Address3 VAL empty COL City VAL oneonta COL State VAL al COL ZipCode VAL 35121 COL CountyName VAL blount COL PhoneNumber VAL 2052743000 COL HospitalType VAL acute care hospitals COL HospitalOwner VAL voluntary non-profit - private COL EmergencyService VAL yes COL Condition VAL heart attack COL MeasureCode VAL ami-1 COL MeasureName VAL heart attack patients given aspirin at arrival COL Score VAL 100% COL Sample VAL 7 patients COL Stateavg VAL al_ami-1 ,COL City VAL oneonta ,0
416,COL ProviderNumber VAL 10018 COL HospitalName VAL callahan eye foundation hospital COL Address1 VAL 1720 university blvd COL Address2 VAL empty COL Address3 VAL empty COL City VAL birmingham COL State VAL al COL ZipCode VAL 35233 COL CountyName VAL jefferson COL PhoneNumber VAL 2053258100 COL HospitalType VAL acute care hospitals COL HospitalOwner VAL voluntary non-profit - private COL EmergencyService VAL yes COL Condition VAL surgical infection prevention COL MeasureCode VAL scip-card-2 COL MeasureName VAL surgery patients who were taking heart drugs caxxed beta bxockers before coming to the hospitax who were kept on the beta bxockers during the period just before and after their surgery COL Score VAL empty COL Sample VAL empty COL Stateavg VAL al_scip-card-2 ,COL CountyName VAL jxffxrson ,1
417,COL ProviderNumber VAL 10018 COL HospitalName VAL callahan eye foundation hospital COL Address1 VAL 1720 university blvd COL Address2 VAL empty COL Address3 VAL empty COL City VAL birmingham COL State VAL al COL ZipCode VAL 35233 COL CountyName VAL jefferson COL PhoneNumber VAL 2053258100 COL HospitalType VAL acute care hospitals COL HospitalOwner VAL voluntary non-profit - private COL EmergencyService VAL yes COL Condition VAL surgical infection prevention COL MeasureCode VAL scip-card-2 COL MeasureName VAL surgery patients who were taking heart drugs caxxed beta bxockers before coming to the hospitax who were kept on the beta bxockers during the period just before and after their surgery COL Score VAL empty COL Sample VAL empty COL Stateavg VAL al_scip-card-2 ,COL CountyName VAL jefferson ,0
418,COL ProviderNumber VAL 10001 COL HospitalName VAL southeast alabama medical center COL Address1 VAL 1108 ross clark circle COL Address2 VAL empty COL Address3 VAL empty COL City VAL dothan COL State VAL al COL ZipCode VAL 36302 COL CountyName VAL houston COL PhoneNumber VAL 3347938701 COL HospitalType VAL acute care hospitals COL HospitalOwner VAL government - hospital district or authority COL EmergencyService VAL yes COL Condition VAL heart attack COL MeasureCode VAL ami-1 COL MeasureName VAL heart attack patients given aspirin at arrival COL Score VAL 98% COL Sample VAL 270 patients COL Stateavg VAL al_ami-1 ,COL CountyName VAL hxustxn ,1
419,COL ProviderNumber VAL 10001 COL HospitalName VAL southeast alabama medical center COL Address1 VAL 1108 ross clark circle COL Address2 VAL empty COL Address3 VAL empty COL City VAL dothan COL State VAL al COL ZipCode VAL 36302 COL CountyName VAL houston COL PhoneNumber VAL 3347938701 COL HospitalType VAL acute care hospitals COL HospitalOwner VAL government - hospital district or authority COL EmergencyService VAL yes COL Condition VAL heart attack COL MeasureCode VAL ami-1 COL MeasureName VAL heart attack patients given aspirin at arrival COL Score VAL 98% COL Sample VAL 270 patients COL Stateavg VAL al_ami-1 ,COL CountyName VAL houston ,0
420,COL ProviderNumber VAL 10005 COL HospitalName VAL marshall medical center south COL Address1 VAL 2505 u s highway 431 north COL Address2 VAL empty COL Address3 VAL empty COL City VAL boaz COL State VAL al COL ZipCode VAL x5957 COL CountyName VAL marshall COL PhoneNumber VAL 2565938310 COL HospitalType VAL acute care hospitals COL HospitalOwner VAL government - hospital district or authority COL EmergencyService VAL yes COL Condition VAL heart attack COL MeasureCode VAL ami-1 COL MeasureName VAL heart attack patients given aspirin at arrival COL Score VAL 80% COL Sample VAL 20 patients COL Stateavg VAL al_ami-1 ,COL CountyName VAL mxrshxll ,1
421,COL ProviderNumber VAL 10005 COL HospitalName VAL marshall medical center south COL Address1 VAL 2505 u s highway 431 north COL Address2 VAL empty COL Address3 VAL empty COL City VAL boaz COL State VAL al COL ZipCode VAL x5957 COL CountyName VAL marshall COL PhoneNumber VAL 2565938310 COL HospitalType VAL acute care hospitals COL HospitalOwner VAL government - hospital district or authority COL EmergencyService VAL yes COL Condition VAL heart attack COL MeasureCode VAL ami-1 COL MeasureName VAL heart attack patients given aspirin at arrival COL Score VAL 80% COL Sample VAL 20 patients COL Stateavg VAL al_ami-1 ,COL CountyName VAL marshall ,0
422,COL ProviderNumber VAL 10006 COL HospitalName VAL eliza coffee memorial hospital COL Address1 VAL 205 marengo street COL Address2 VAL empty COL Address3 VAL empty COL City VAL florence COL State VAL al COL ZipCode VAL 35631 COL CountyName VAL lauderdale COL PhoneNumber VAL 2567688400 COL HospitalType VAL acute care hospitals COL HospitalOwner VAL voluntary non-profit - other COL EmergencyService VAL yes COL Condition VAL heart attack COL MeasureCode VAL ami-1 COL MeasureName VAL heart attack patients given aspirin at arrival COL Score VAL 97% COL Sample VAL 159 patients COL Stateavg VAL al_amx-1 ,COL CountyName VAL laudxrdalx ,1
423,COL ProviderNumber VAL 10006 COL HospitalName VAL eliza coffee memorial hospital COL Address1 VAL 205 marengo street COL Address2 VAL empty COL Address3 VAL empty COL City VAL florence COL State VAL al COL ZipCode VAL 35631 COL CountyName VAL lauderdale COL PhoneNumber VAL 2567688400 COL HospitalType VAL acute care hospitals COL HospitalOwner VAL voluntary non-profit - other COL EmergencyService VAL yes COL Condition VAL heart attack COL MeasureCode VAL ami-1 COL MeasureName VAL heart attack patients given aspirin at arrival COL Score VAL 97% COL Sample VAL 159 patients COL Stateavg VAL al_amx-1 ,COL CountyName VAL lauderdale ,0
424,COL ProviderNumber VAL 10007 COL HospitalName VAL mizell memorial hospital COL Address1 VAL 702xnxmainxst COL Address2 VAL empty COL Address3 VAL empty COL City VAL opp COL State VAL al COL ZipCode VAL 36467 COL CountyName VAL covington COL PhoneNumber VAL 3344933541 COL HospitalType VAL acute care hospitals COL HospitalOwner VAL voluntary non-profit - private COL EmergencyService VAL no COL Condition VAL heart attack COL MeasureCode VAL ami-1 COL MeasureName VAL xeart attack patients given aspirin at arrival COL Score VAL 60% COL Sample VAL 5 patients COL Stateavg VAL al_ami-1 ,COL CountyName VAL covxngton ,1
425,COL ProviderNumber VAL 10007 COL HospitalName VAL mizell memorial hospital COL Address1 VAL 702xnxmainxst COL Address2 VAL empty COL Address3 VAL empty COL City VAL opp COL State VAL al COL ZipCode VAL 36467 COL CountyName VAL covington COL PhoneNumber VAL 3344933541 COL HospitalType VAL acute care hospitals COL HospitalOwner VAL voluntary non-profit - private COL EmergencyService VAL no COL Condition VAL heart attack COL MeasureCode VAL ami-1 COL MeasureName VAL xeart attack patients given aspirin at arrival COL Score VAL 60% COL Sample VAL 5 patients COL Stateavg VAL al_ami-1 ,COL CountyName VAL covington ,0
426,COL ProviderNumber VAL 10008 COL HospitalName VAL crenshaw community hospital COL Address1 VAL 101 hospital circle COL Address2 VAL empty COL Address3 VAL empty COL City VAL luverne COL State VAL ax COL ZipCode VAL 36049 COL CountyName VAL crenshaw COL PhoneNumber VAL 3343353374 COL HospitalType VAL acute care hospitals COL HospitalOwner VAL government - federal COL EmergencyService VAL yes COL Condition VAL heart attack COL MeasureCode VAL ami-1 COL MeasureName VAL heart attack patients given aspirin at arrivax COL Score VAL 0% COL Sample VAL 1 patients COL Stateavg VAL al_ami-1 ,COL CountyName VAL crexshaw ,1
427,COL ProviderNumber VAL 10008 COL HospitalName VAL crenshaw community hospital COL Address1 VAL 101 hospital circle COL Address2 VAL empty COL Address3 VAL empty COL City VAL luverne COL State VAL ax COL ZipCode VAL 36049 COL CountyName VAL crenshaw COL PhoneNumber VAL 3343353374 COL HospitalType VAL acute care hospitals COL HospitalOwner VAL government - federal COL EmergencyService VAL yes COL Condition VAL heart attack COL MeasureCode VAL ami-1 COL MeasureName VAL heart attack patients given aspirin at arrivax COL Score VAL 0% COL Sample VAL 1 patients COL Stateavg VAL al_ami-1 ,COL CountyName VAL crenshaw ,0
428,COL ProviderNumber VAL 10009 COL HospitalName VAL hartselle medical center COL Address1 VAL 201 pine street northwest COL Address2 VAL empty COL Address3 VAL empty COL City VAL hartselle COL State VAL al COL ZipCode VAL 35640 COL CountyName VAL morgan COL PhoneNumber VAL 2567736511 COL HospitalType VAL acute care hospitals COL HospitalOwner VAL proprietary COL EmergencyService VAL yes COL Condition VAL heart attack COL MeasureCode VAL ami-1 COL MeasureName VAL heart attack patients given aspirin at arrival COL Score VAL 100% COL Sample VAL 6 patients COL Stateavg VAL al_ami-1 ,COL CountyName VAL xorgan ,1
429,COL ProviderNumber VAL 10009 COL HospitalName VAL hartselle medical center COL Address1 VAL 201 pine street northwest COL Address2 VAL empty COL Address3 VAL empty COL City VAL hartselle COL State VAL al COL ZipCode VAL 35640 COL CountyName VAL morgan COL PhoneNumber VAL 2567736511 COL HospitalType VAL acute care hospitals COL HospitalOwner VAL proprietary COL EmergencyService VAL yes COL Condition VAL heart attack COL MeasureCode VAL ami-1 COL MeasureName VAL heart attack patients given aspirin at arrival COL Score VAL 100% COL Sample VAL 6 patients COL Stateavg VAL al_ami-1 ,COL CountyName VAL morgan ,0
430,COL ProviderNumber VAL 10012 COL HospitalName VAL dekalb regional medical center COL Address1 VAL 200 med center drive COL Address2 VAL empty COL Address3 VAL empty COL City VAL fort payne COL State VAL al COL ZipCode VAL 35968 COL CountyName VAL de kalb COL PhoneNumber VAL 2568453150 COL HospitalType VAL acute care hospitals COL HospitalOwner VAL voluntary non-profit - church COL EmergencyService VAL yes COL Condition VAL heart attack COL MeasureCode VAL ami-1 COL MeasureName VAL heartxattackxpatientsxgivenxaspirinxatxarrival COL Score VAL 100% COL Sample VAL 46 patients COL Stateavg VAL al_ami-1 ,COL CountyName VAL xe kalb ,1
431,COL ProviderNumber VAL 10012 COL HospitalName VAL dekalb regional medical center COL Address1 VAL 200 med center drive COL Address2 VAL empty COL Address3 VAL empty COL City VAL fort payne COL State VAL al COL ZipCode VAL 35968 COL CountyName VAL de kalb COL PhoneNumber VAL 2568453150 COL HospitalType VAL acute care hospitals COL HospitalOwner VAL voluntary non-profit - church COL EmergencyService VAL yes COL Condition VAL heart attack COL MeasureCode VAL ami-1 COL MeasureName VAL heartxattackxpatientsxgivenxaspirinxatxarrival COL Score VAL 100% COL Sample VAL 46 patients COL Stateavg VAL al_ami-1 ,COL CountyName VAL de kalb ,0
432,COL ProviderNumber VAL x00x5 COL HospitalName VAL southwest alabama medical center COL Address1 VAL 33700 highway 43 COL Address2 VAL empty COL Address3 VAL empty COL City VAL thomasville COL State VAL al COL ZipCode VAL 36784 COL CountyName VAL clarke COL PhoneNumber VAL 3346366221 COL HospitalType VAL acute care hospitals COL HospitalOwner VAL government - federal COL EmergencyService VAL yes COL Condition VAL heart attack COL MeasureCode VAL ami-1 COL MeasureName VAL heart attack patients given aspirin at arrival COL Score VAL empty COL Sample VAL 0 patients COL Stateavg VAL ax_ami-1 ,COL CountyName VAL claxke ,1
433,COL ProviderNumber VAL x00x5 COL HospitalName VAL southwest alabama medical center COL Address1 VAL 33700 highway 43 COL Address2 VAL empty COL Address3 VAL empty COL City VAL thomasville COL State VAL al COL ZipCode VAL 36784 COL CountyName VAL clarke COL PhoneNumber VAL 3346366221 COL HospitalType VAL acute care hospitals COL HospitalOwner VAL government - federal COL EmergencyService VAL yes COL Condition VAL heart attack COL MeasureCode VAL ami-1 COL MeasureName VAL heart attack patients given aspirin at arrival COL Score VAL empty COL Sample VAL 0 patients COL Stateavg VAL ax_ami-1 ,COL CountyName VAL clarke ,0
434,COL ProviderNumber VAL 10016 COL HospitalName VAL shelby baptist medical center COL Address1 VAL 1000 first street north COL Address2 VAL empty COL Address3 VAL empty COL City VAL alabaster COL State VAL al COL ZipCode VAL 35007 COL CountyName VAL shelby COL PhoneNumber VAL 2056208100 COL HospitalType VAL acute care hospitals COL HospitalOwner VAL voluntary non-profit - church COL EmergencyService VAL yes COL Condition VAL heart attack COL MeasureCode VAL ami-1 COL MeasureName VAL heart attack patients given aspirin at arrival COL Score VAL 99% COL Sample VAL 179 patients COL Stateavg VAL al_axi-1 ,COL CountyName VAL shxlby ,1
435,COL ProviderNumber VAL 10016 COL HospitalName VAL shelby baptist medical center COL Address1 VAL 1000 first street north COL Address2 VAL empty COL Address3 VAL empty COL City VAL alabaster COL State VAL al COL ZipCode VAL 35007 COL CountyName VAL shelby COL PhoneNumber VAL 2056208100 COL HospitalType VAL acute care hospitals COL HospitalOwner VAL voluntary non-profit - church COL EmergencyService VAL yes COL Condition VAL heart attack COL MeasureCode VAL ami-1 COL MeasureName VAL heart attack patients given aspirin at arrival COL Score VAL 99% COL Sample VAL 179 patients COL Stateavg VAL al_axi-1 ,COL CountyName VAL shelby ,0
436,COL ProviderNumber VAL 10038 COL HospitalName VAL stringfellow memorial hospital COL Address1 VAL 301 east 18th st COL Address2 VAL empty COL Address3 VAL empty COL City VAL anniston COL State VAL al COL ZipCode VAL 36201 COL CountyName VAL calhoun COL PhoneNumber VAL 2562358900 COL HospitalType VAL acute care hospitals COL HospitalOwner VAL prxprietary COL EmergencyService VAL yes COL Condition VAL heart attack COL MeasureCode VAL ami-1 COL MeasureName VAL heart attack patients given aspirin at arrival COL Score VAL 98% COL Sample VAL 81 patients COL Stateavg VAL al_ami-1 ,COL CountyName VAL calhoxn ,1
437,COL ProviderNumber VAL 10038 COL HospitalName VAL stringfellow memorial hospital COL Address1 VAL 301 east 18th st COL Address2 VAL empty COL Address3 VAL empty COL City VAL anniston COL State VAL al COL ZipCode VAL 36201 COL CountyName VAL calhoun COL PhoneNumber VAL 2562358900 COL HospitalType VAL acute care hospitals COL HospitalOwner VAL prxprietary COL EmergencyService VAL yes COL Condition VAL heart attack COL MeasureCode VAL ami-1 COL MeasureName VAL heart attack patients given aspirin at arrival COL Score VAL 98% COL Sample VAL 81 patients COL Stateavg VAL al_ami-1 ,COL CountyName VAL calhoun ,0
438,COL ProviderNumber VAL 10086 COL HospitalName VAL northwest medical center COL Address1 VAL 1530 u s highway 43 COL Address2 VAL empty COL Address3 VAL empty COL City VAL winfield COL State VAL al COL ZipCode VAL 35594 COL CountyName VAL marion COL PhoneNumber VAL 2054877736 COL HospitalType VAL acute care hospitals COL HospitalOwner VAL proprietary COL EmergencyService VAL yes COL Condition VAL heart attack COL MeasureCode VAL ami-1 COL MeasureName VAL heart attack patients given aspirin at arrival COL Score VAL 100% COL Sample VAL 1x patients COL Stateavg VAL al_ami-1 ,COL CountyName VAL xarion ,1
439,COL ProviderNumber VAL 10086 COL HospitalName VAL northwest medical center COL Address1 VAL 1530 u s highway 43 COL Address2 VAL empty COL Address3 VAL empty COL City VAL winfield COL State VAL al COL ZipCode VAL 35594 COL CountyName VAL marion COL PhoneNumber VAL 2054877736 COL HospitalType VAL acute care hospitals COL HospitalOwner VAL proprietary COL EmergencyService VAL yes COL Condition VAL heart attack COL MeasureCode VAL ami-1 COL MeasureName VAL heart attack patients given aspirin at arrival COL Score VAL 100% COL Sample VAL 1x patients COL Stateavg VAL al_ami-1 ,COL CountyName VAL marion ,0
440,COL ProviderNumber VAL 10087 COL HospitalName VAL univ of south alabama medical center COL Address1 VAL 2451 fillingim street COL Address2 VAL empty COL Address3 VAL empty COL City VAL mobile COL State VAL al COL ZipCode VAL 36617 COL CountyName VAL mobile COL PhoneNumber VAL 2514717110 COL HospitalType VAL acute care hospitals COL HospitalOwner VAL government - state COL EmergencyService VAL yes COL Condition VAL heart attack COL MeasureCode VAL ami-1 COL MeasureName VAL heart attack patients given aspirin at arrival COL Score VAL 99% COL Sample VAL 86 patients COL Stateavg VAL al_ami-1 ,COL CountyName VAL mxbile ,1
441,COL ProviderNumber VAL 10087 COL HospitalName VAL univ of south alabama medical center COL Address1 VAL 2451 fillingim street COL Address2 VAL empty COL Address3 VAL empty COL City VAL mobile COL State VAL al COL ZipCode VAL 36617 COL CountyName VAL mobile COL PhoneNumber VAL 2514717110 COL HospitalType VAL acute care hospitals COL HospitalOwner VAL government - state COL EmergencyService VAL yes COL Condition VAL heart attack COL MeasureCode VAL ami-1 COL MeasureName VAL heart attack patients given aspirin at arrival COL Score VAL 99% COL Sample VAL 86 patients COL Stateavg VAL al_ami-1 ,COL CountyName VAL mobile ,0
442,COL ProviderNumber VAL 10108 COL HospitalName VAL prattville baptist hospital COL Address1 VAL 124 s memorial dr COL Address2 VAL empty COL Address3 VAL empty COL City VAL prattville COL State VAL al COL ZipCode VAL 36067 COL CountyName VAL autauga COL PhoneNumber VAL 3343614267 COL HospitalType VAL acute care hospitals COL HospitalOwner VAL voluntary non-profit - private COL EmergencyService VAL yes COL Condition VAL heart attack COL MeasureCode VAL ami-2 COL MeasureName VAL heart attack patients given aspirin at discharge COL Score VAL 100% COL Sample VAL 4 patients COL Stateavg VAL al_ami-2 ,COL CountyName VAL axtaxga ,1
443,COL ProviderNumber VAL 10108 COL HospitalName VAL prattville baptist hospital COL Address1 VAL 124 s memorial dr COL Address2 VAL empty COL Address3 VAL empty COL City VAL prattville COL State VAL al COL ZipCode VAL 36067 COL CountyName VAL autauga COL PhoneNumber VAL 3343614267 COL HospitalType VAL acute care hospitals COL HospitalOwner VAL voluntary non-profit - private COL EmergencyService VAL yes COL Condition VAL heart attack COL MeasureCode VAL ami-2 COL MeasureName VAL heart attack patients given aspirin at discharge COL Score VAL 100% COL Sample VAL 4 patients COL Stateavg VAL al_ami-2 ,COL CountyName VAL autauga ,0
444,COL ProviderNumber VAL 10158 COL HospitalName VAL russellville hospital COL Address1 VAL 15155 highway 43 COL Address2 VAL empty COL Address3 VAL empty COL City VAL russellville COL State VAL al COL ZipCode VAL 35653 COL CountyName VAL franklin COL PhoneNumber VAL 2563321611 COL HospitalType VAL acute care hospitals COL HospitalOwner VAL proprietary COL EmergencyService VAL yes COL Condition VAL surgical infection prevention COL MeasureCode VAL scip-vte-1 COL MeasureName VAL surgery patients whose doctors ordered treatments to prevent blood clots after certain types of surgeries COL Score VAL 100% COL Sample VAL 125 patients COL Stateavg VAL al_scip-vte-1 ,COL CountyName VAL franxlin ,1
445,COL ProviderNumber VAL 10158 COL HospitalName VAL russellville hospital COL Address1 VAL 15155 highway 43 COL Address2 VAL empty COL Address3 VAL empty COL City VAL russellville COL State VAL al COL ZipCode VAL 35653 COL CountyName VAL franklin COL PhoneNumber VAL 2563321611 COL HospitalType VAL acute care hospitals COL HospitalOwner VAL proprietary COL EmergencyService VAL yes COL Condition VAL surgical infection prevention COL MeasureCode VAL scip-vte-1 COL MeasureName VAL surgery patients whose doctors ordered treatments to prevent blood clots after certain types of surgeries COL Score VAL 100% COL Sample VAL 125 patients COL Stateavg VAL al_scip-vte-1 ,COL CountyName VAL franklin ,0
446,COL ProviderNumber VAL 10164 COL HospitalName VAL coosa valley medical center COL Address1 VAL 315 w hickory st COL Address2 VAL empty COL Address3 VAL empty COL City VAL sylacauga COL State VAL al COL ZipCode VAL 35150 COL CountyName VAL talladega COL PhoneNumber VAL 2562495000 COL HospitalType VAL acute care hospitals COL HospitalOwner VAL voluntary non-profit - other COL EmergencyService VAL no COL Condition VAL heart attack COL MeasureCode VAL ami-1 COL MeasureName VAL heart attack patients given aspirin at arrival COL Score VAL 90% COL Sample VAL 10 patients COL Stateavg VAL al_ami-1 ,COL CountyName VAL txllxdegx ,1
447,COL ProviderNumber VAL 10164 COL HospitalName VAL coosa valley medical center COL Address1 VAL 315 w hickory st COL Address2 VAL empty COL Address3 VAL empty COL City VAL sylacauga COL State VAL al COL ZipCode VAL 35150 COL CountyName VAL talladega COL PhoneNumber VAL 2562495000 COL HospitalType VAL acute care hospitals COL HospitalOwner VAL voluntary non-profit - other COL EmergencyService VAL no COL Condition VAL heart attack COL MeasureCode VAL ami-1 COL MeasureName VAL heart attack patients given aspirin at arrival COL Score VAL 90% COL Sample VAL 10 patients COL Stateavg VAL al_ami-1 ,COL CountyName VAL talladega ,0
448,COL ProviderNumber VAL 20017 COL HospitalName VAL alaska regional hospital COL Address1 VAL 2801 debarr road COL Address2 VAL empty COL Address3 VAL empty COL City VAL anchorage COL State VAL ak COL ZipCode VAL 99508 COL CountyName VAL anchorage COL PhoneNumber VAL 9072761131 COL HospitalType VAL acute care hospitals COL HospitalOwner VAL proprietary COL EmergencyService VAL yes COL Condition VAL heart failure COL MeasureCode VAL hf-1 COL MeasureName VAL heart failure patients given discharge instructions COL Score VAL 91% COL Sample VAL 57 patients COL Stateavg VAL ak_hf-1 ,COL CountyName VAL anchoxage ,1
449,COL ProviderNumber VAL 20017 COL HospitalName VAL alaska regional hospital COL Address1 VAL 2801 debarr road COL Address2 VAL empty COL Address3 VAL empty COL City VAL anchorage COL State VAL ak COL ZipCode VAL 99508 COL CountyName VAL anchorage COL PhoneNumber VAL 9072761131 COL HospitalType VAL acute care hospitals COL HospitalOwner VAL proprietary COL EmergencyService VAL yes COL Condition VAL heart failure COL MeasureCode VAL hf-1 COL MeasureName VAL heart failure patients given discharge instructions COL Score VAL 91% COL Sample VAL 57 patients COL Stateavg VAL ak_hf-1 ,COL CountyName VAL anchorage ,0
450,COL ProviderNumber VAL 20018 COL HospitalName VAL yukon kuskokwim delta reg hospital COL Address1 VAL po box 287 COL Address2 VAL empty COL Address3 VAL empty COL City VAL bethel COL State VAL ak COL ZipCode VAL 99559 COL CountyName VAL bethel COL PhoneNumber VAL 9075436300 COL HospitalType VAL acute care hospitals COL HospitalOwner VAL government - federal COL EmergencyService VAL no COL Condition VAL heart attack COL MeasureCode VAL ami-1 COL MeasureName VAL heart attack patients given aspirin at arrival COL Score VAL empty COL Sample VAL empty COL Stateavg VAL ak_ami-1 ,COL CountyName VAL bxthxl ,1
451,COL ProviderNumber VAL 20018 COL HospitalName VAL yukon kuskokwim delta reg hospital COL Address1 VAL po box 287 COL Address2 VAL empty COL Address3 VAL empty COL City VAL bethel COL State VAL ak COL ZipCode VAL 99559 COL CountyName VAL bethel COL PhoneNumber VAL 9075436300 COL HospitalType VAL acute care hospitals COL HospitalOwner VAL government - federal COL EmergencyService VAL no COL Condition VAL heart attack COL MeasureCode VAL ami-1 COL MeasureName VAL heart attack patients given aspirin at arrival COL Score VAL empty COL Sample VAL empty COL Stateavg VAL ak_ami-1 ,COL CountyName VAL bethel ,0
452,COL ProviderNumber VAL 10021 COL HospitalName VAL dale medical center COL Address1 VAL 126 hospital ave COL Address2 VAL empty COL Address3 VAL empty COL City VAL ozark COL State VAL al COL ZipCode VAL 36360 COL CountyName VAL dale COL PhoneNumber VAL 3347742601 COL HospitalType VAL acute care hospitals COL HospitalOwner VAL government - hospital district or authority COL EmergencyService VAL yes COL Condition VAL heart attack COL MeasureCode VAL ami-1 COL MeasureName VAL heart attack patients given aspirin at arrival COL Score VAL 100% COL Sample VAL 11 patients COL Stateavg VAL al_ami-1 ,COL CountyName VAL daxe ,1
453,COL ProviderNumber VAL 10021 COL HospitalName VAL dale medical center COL Address1 VAL 126 hospital ave COL Address2 VAL empty COL Address3 VAL empty COL City VAL ozark COL State VAL al COL ZipCode VAL 36360 COL CountyName VAL dale COL PhoneNumber VAL 3347742601 COL HospitalType VAL acute care hospitals COL HospitalOwner VAL government - hospital district or authority COL EmergencyService VAL yes COL Condition VAL heart attack COL MeasureCode VAL ami-1 COL MeasureName VAL heart attack patients given aspirin at arrival COL Score VAL 100% COL Sample VAL 11 patients COL Stateavg VAL al_ami-1 ,COL CountyName VAL dale ,0
454,COL ProviderNumber VAL 10022 COL HospitalName VAL cherokee medical center COL Address1 VAL 400 northwood dr COL Address2 VAL empty COL Address3 VAL empty COL City VAL centre COL State VAL al COL ZipCode VAL 35960 COL CountyName VAL cherokee COL PhoneNumber VAL 2569275531 COL HospitalType VAL acute care hospitals COL HospitalOwner VAL voluntary non-profit - private COL EmergencyService VAL yes COL Condition VAL heart attack COL MeasureCode VAL ami-1 COL MeasureName VAL heart attack patients given aspirin at arrival COL Score VAL empty COL Sample VAL 0 patients COL Stateavg VAL al_ami-1 ,COL CountyName VAL cxerokee ,1
455,COL ProviderNumber VAL 10022 COL HospitalName VAL cherokee medical center COL Address1 VAL 400 northwood dr COL Address2 VAL empty COL Address3 VAL empty COL City VAL centre COL State VAL al COL ZipCode VAL 35960 COL CountyName VAL cherokee COL PhoneNumber VAL 2569275531 COL HospitalType VAL acute care hospitals COL HospitalOwner VAL voluntary non-profit - private COL EmergencyService VAL yes COL Condition VAL heart attack COL MeasureCode VAL ami-1 COL MeasureName VAL heart attack patients given aspirin at arrival COL Score VAL empty COL Sample VAL 0 patients COL Stateavg VAL al_ami-1 ,COL CountyName VAL cherokee ,0
456,COL ProviderNumber VAL 10023 COL HospitalName VAL baptist medical center south COL Address1 VAL 2105 east south boulevard COL Address2 VAL empty COL Address3 VAL empty COL City VAL montgomery COL State VAL al COL ZipCode VAL 36116 COL CountyName VAL montgomery COL PhoneNumber VAL 3342xx2100 COL HospitalType VAL acute care hospitals COL HospitalOwner VAL voluntary non-profit - church COL EmergencyService VAL yes COL Condition VAL heart attack COL MeasureCode VAL ami-1 COL MeasureName VAL heart attack patients given aspirin at arrival COL Score VAL 100% COL Sample VAL 134 patients COL Stateavg VAL al_ami-1 ,COL CountyName VAL moxtgomery ,1
457,COL ProviderNumber VAL 10023 COL HospitalName VAL baptist medical center south COL Address1 VAL 2105 east south boulevard COL Address2 VAL empty COL Address3 VAL empty COL City VAL montgomery COL State VAL al COL ZipCode VAL 36116 COL CountyName VAL montgomery COL PhoneNumber VAL 3342xx2100 COL HospitalType VAL acute care hospitals COL HospitalOwner VAL voluntary non-profit - church COL EmergencyService VAL yes COL Condition VAL heart attack COL MeasureCode VAL ami-1 COL MeasureName VAL heart attack patients given aspirin at arrival COL Score VAL 100% COL Sample VAL 134 patients COL Stateavg VAL al_ami-1 ,COL CountyName VAL montgomery ,0
458,COL ProviderNumber VAL 10025 COL HospitalName VAL g h lanier memorial hospital COL Address1 VAL 4800 48th st COL Address2 VAL empty COL Address3 VAL empty COL City VAL valley COL State VAL al COL ZipCode VAL 36854 COL CountyName VAL chambers COL PhoneNumber VAL 3347561400 COL HospitalType VAL acute care hospitals COL HospitalOwner VAL voluntary non-profit - other COL EmergencyService VAL yes COL Condition VAL heart attack COL MeasureCode VAL ami-1 COL MeasureName VAL heart attack patients given aspirin at arrival COL Score VAL 92% COL Sample VAL 24 patients COL Stateavg VAL al_ami-1 ,COL CountyName VAL cxambers ,1
459,COL ProviderNumber VAL 10025 COL HospitalName VAL g h lanier memorial hospital COL Address1 VAL 4800 48th st COL Address2 VAL empty COL Address3 VAL empty COL City VAL valley COL State VAL al COL ZipCode VAL 36854 COL CountyName VAL chambers COL PhoneNumber VAL 3347561400 COL HospitalType VAL acute care hospitals COL HospitalOwner VAL voluntary non-profit - other COL EmergencyService VAL yes COL Condition VAL heart attack COL MeasureCode VAL ami-1 COL MeasureName VAL heart attack patients given aspirin at arrival COL Score VAL 92% COL Sample VAL 24 patients COL Stateavg VAL al_ami-1 ,COL CountyName VAL chambers ,0
460,COL ProviderNumber VAL 10027 COL HospitalName VAL elba general hospital COL Address1 VAL 987 drayton street COL Address2 VAL empty COL Address3 VAL empty COL City VAL elba COL State VAL al COL ZipCode VAL 36323 COL CountyName VAL coffee COL PhoneNumber VAL 3348972257 COL HospitalType VAL acute care hospitals COL HospitalOwner VAL voluntary non-profit - other COL EmergencyService VAL yes COL Condition VAL heart attack COL MeasureCode VAL ami-1 COL MeasureName VAL heart attack patients given aspirin at arrival COL Score VAL empty COL Sample VAL empty COL Stateavg VAL al_ami-1 ,COL CountyName VAL cxffee ,1
461,COL ProviderNumber VAL 10027 COL HospitalName VAL elba general hospital COL Address1 VAL 987 drayton street COL Address2 VAL empty COL Address3 VAL empty COL City VAL elba COL State VAL al COL ZipCode VAL 36323 COL CountyName VAL coffee COL PhoneNumber VAL 3348972257 COL HospitalType VAL acute care hospitals COL HospitalOwner VAL voluntary non-profit - other COL EmergencyService VAL yes COL Condition VAL heart attack COL MeasureCode VAL ami-1 COL MeasureName VAL heart attack patients given aspirin at arrival COL Score VAL empty COL Sample VAL empty COL Stateavg VAL al_ami-1 ,COL CountyName VAL coffee ,0
462,COL ProviderNumber VAL 10029 COL HospitalName VAL east alabama medical center and snf COL Address1 VAL 2000 pepperell parkway COL Address2 VAL empty COL Address3 VAL empty COL City VAL opelika COL State VAL al COL ZipCode VAL 36801 COL CountyName VAL lee COL PhoneNumber VAL 3347493411 COL HospitalType VAL acute care hospitals COL HospitalOwner VAL government - hospital district or authority COL EmergencyService VAL yes COL Condition VAL heart attack COL MeasureCode VAL ami-1 COL MeasureName VAL heart attack patients given aspirin at arrival COL Score VAL 98% COL Sample VAL 185 patients COL Stateavg VAL al_ami-1 ,COL CountyName VAL lxx ,1
463,COL ProviderNumber VAL 10029 COL HospitalName VAL east alabama medical center and snf COL Address1 VAL 2000 pepperell parkway COL Address2 VAL empty COL Address3 VAL empty COL City VAL opelika COL State VAL al COL ZipCode VAL 36801 COL CountyName VAL lee COL PhoneNumber VAL 3347493411 COL HospitalType VAL acute care hospitals COL HospitalOwner VAL government - hospital district or authority COL EmergencyService VAL yes COL Condition VAL heart attack COL MeasureCode VAL ami-1 COL MeasureName VAL heart attack patients given aspirin at arrival COL Score VAL 98% COL Sample VAL 185 patients COL Stateavg VAL al_ami-1 ,COL CountyName VAL lee ,0
464,COL ProviderNumber VAL 10032 COL HospitalName VAL wedowee hospital COL Address1 VAL 209 north main street COL Address2 VAL empty COL Address3 VAL empty COL City VAL wedowee COL State VAL al COL ZipCode VAL 36278 COL CountyName VAL randolph COL PhoneNumber VAL 2563572111 COL HospitalType VAL acute care hospitals COL HospitalOwner VAL government - local COL EmergencyService VAL no COL Condition VAL heart attack COL MeasureCode VAL ami-1 COL MeasureName VAL heart attack patients given aspirin at arrival COL Score VAL 50% COL Sample VAL 4 patients COL Stateavg VAL al_ami-1 ,COL CountyName VAL randoxph ,1
465,COL ProviderNumber VAL 10032 COL HospitalName VAL wedowee hospital COL Address1 VAL 209 north main street COL Address2 VAL empty COL Address3 VAL empty COL City VAL wedowee COL State VAL al COL ZipCode VAL 36278 COL CountyName VAL randolph COL PhoneNumber VAL 2563572111 COL HospitalType VAL acute care hospitals COL HospitalOwner VAL government - local COL EmergencyService VAL no COL Condition VAL heart attack COL MeasureCode VAL ami-1 COL MeasureName VAL heart attack patients given aspirin at arrival COL Score VAL 50% COL Sample VAL 4 patients COL Stateavg VAL al_ami-1 ,COL CountyName VAL randolph ,0
466,COL ProviderNumber VAL 10034 COL HospitalName VAL community hospital inc COL Address1 VAL 805 friendship road COL Address2 VAL empty COL Address3 VAL empty COL City VAL tallassee COL State VAL al COL ZipCode VAL 36078 COL CountyName VAL elmore COL PhoneNumber VAL 3342836541 COL HospitalType VAL acute care hospitals COL HospitalOwner VAL voluntary non-profit - private COL EmergencyService VAL no COL Condition VAL heart attack COL MeasureCode VAL amix1 COL MeasureName VAL heart attack patients given aspirin at arrival COL Score VAL 77% COL Sample VAL 13 patients COL Stateavg VAL al_ami-1 ,COL CountyName VAL xlmorx ,1
467,COL ProviderNumber VAL 10034 COL HospitalName VAL community hospital inc COL Address1 VAL 805 friendship road COL Address2 VAL empty COL Address3 VAL empty COL City VAL tallassee COL State VAL al COL ZipCode VAL 36078 COL CountyName VAL elmore COL PhoneNumber VAL 3342836541 COL HospitalType VAL acute care hospitals COL HospitalOwner VAL voluntary non-profit - private COL EmergencyService VAL no COL Condition VAL heart attack COL MeasureCode VAL amix1 COL MeasureName VAL heart attack patients given aspirin at arrival COL Score VAL 77% COL Sample VAL 13 patients COL Stateavg VAL al_ami-1 ,COL CountyName VAL elmore ,0
468,COL ProviderNumber VAL 10035 COL HospitalName VAL cullman regional medical center COL Address1 VAL 1912 alabama highway 157 COL Address2 VAL empty COL Address3 VAL empty COL City VAL cullman COL State VAL al COL ZipCode VAL 35058 COL CountyName VAL cullman COL PhoneNumber VAL 2567372000 COL HospitalType VAL acute care hospitals COL HospitalOwner VAL government - hospital district or authority COL EmergencyService VAL yes COL Condition VAL heartxattack COL MeasureCode VAL ami-1 COL MeasureName VAL heart attack patients given aspirin at arrival COL Score VAL 100% COL Sample VAL 51 patients COL Stateavg VAL al_ami-1 ,COL CountyName VAL cxllman ,1
469,COL ProviderNumber VAL 10035 COL HospitalName VAL cullman regional medical center COL Address1 VAL 1912 alabama highway 157 COL Address2 VAL empty COL Address3 VAL empty COL City VAL cullman COL State VAL al COL ZipCode VAL 35058 COL CountyName VAL cullman COL PhoneNumber VAL 2567372000 COL HospitalType VAL acute care hospitals COL HospitalOwner VAL government - hospital district or authority COL EmergencyService VAL yes COL Condition VAL heartxattack COL MeasureCode VAL ami-1 COL MeasureName VAL heart attack patients given aspirin at arrival COL Score VAL 100% COL Sample VAL 51 patients COL Stateavg VAL al_ami-1 ,COL CountyName VAL cullman ,0
470,COL ProviderNumber VAL 10039 COL HospitalName VAL huntsville hospital COL Address1 VAL 101 sivley rd COL Address2 VAL empty COL Address3 VAL empty COL City VAL huntsville COL State VAL al COL ZipCode VAL 35801 COL CountyName VAL madison COL PhoneNumber VAL 2562651000 COL HospitalType VAL acute care hospitals COL HospitalOwner VAL government - hospital district or authority COL EmergencyService VAL yes COL Condition VAL children s asthma care COL MeasureCode VAL xax-1 COL MeasureName VAL children who received reliever medication while hospitalized for asthma COL Score VAL 100% COL Sample VAL 193 patients COL Stateavg VAL al_cac-1 ,COL CountyName VAL maxison ,1
471,COL ProviderNumber VAL 10039 COL HospitalName VAL huntsville hospital COL Address1 VAL 101 sivley rd COL Address2 VAL empty COL Address3 VAL empty COL City VAL huntsville COL State VAL al COL ZipCode VAL 35801 COL CountyName VAL madison COL PhoneNumber VAL 2562651000 COL HospitalType VAL acute care hospitals COL HospitalOwner VAL government - hospital district or authority COL EmergencyService VAL yes COL Condition VAL children s asthma care COL MeasureCode VAL xax-1 COL MeasureName VAL children who received reliever medication while hospitalized for asthma COL Score VAL 100% COL Sample VAL 193 patients COL Stateavg VAL al_cac-1 ,COL CountyName VAL madison ,0
472,COL ProviderNumber VAL 10040 COL HospitalName VAL gadsden regional medical center COL Address1 VAL 1007 goodyear avenue COL Address2 VAL empty COL Address3 VAL empty COL City VAL gadsden COL State VAL al COL ZipCode VAL 35903 COL CountyName VAL etowah COL PhoneNumber VAL 2564944000 COL HospitalType VAL acute care hospitals COL HospitalOwner VAL proprietary COL EmergencyService VAL yes COL Condition VAL heart attack COL MeasureCode VAL ami-1 COL MeasureName VAL heart attack patxents gxven aspxrxn at arrxval COL Score VAL 94% COL Sample VAL 123 patients COL Stateavg VAL al_ami-1 ,COL CountyName VAL etxwah ,1
473,COL ProviderNumber VAL 10040 COL HospitalName VAL gadsden regional medical center COL Address1 VAL 1007 goodyear avenue COL Address2 VAL empty COL Address3 VAL empty COL City VAL gadsden COL State VAL al COL ZipCode VAL 35903 COL CountyName VAL etowah COL PhoneNumber VAL 2564944000 COL HospitalType VAL acute care hospitals COL HospitalOwner VAL proprietary COL EmergencyService VAL yes COL Condition VAL heart attack COL MeasureCode VAL ami-1 COL MeasureName VAL heart attack patxents gxven aspxrxn at arrxval COL Score VAL 94% COL Sample VAL 123 patients COL Stateavg VAL al_ami-1 ,COL CountyName VAL etowah ,0
474,COL ProviderNumber VAL 10043 COL HospitalName VAL chilton medical center COL Address1 VAL 1010 lay dam road COL Address2 VAL empty COL Address3 VAL empty COL City VAL clanton COL State VAL al COL ZipCode VAL 35045 COL CountyName VAL chilton COL PhoneNumber VAL 2057552500 COL HospitalType VAL acute care hospitals COL HospitalOwner VAL voluntary non-profit - private COL EmergencyService VAL yes COL Condition VAL heart attack COL MeasureCode VAL ami-1 COL MeasureName VAL heart attack patients given aspirin at arrival COL Score VAL 100% COL Sample VAL 1 patients COL Stateavg VAL xl_xmi-1 ,COL CountyName VAL chilxon ,1
475,COL ProviderNumber VAL 10043 COL HospitalName VAL chilton medical center COL Address1 VAL 1010 lay dam road COL Address2 VAL empty COL Address3 VAL empty COL City VAL clanton COL State VAL al COL ZipCode VAL 35045 COL CountyName VAL chilton COL PhoneNumber VAL 2057552500 COL HospitalType VAL acute care hospitals COL HospitalOwner VAL voluntary non-profit - private COL EmergencyService VAL yes COL Condition VAL heart attack COL MeasureCode VAL ami-1 COL MeasureName VAL heart attack patients given aspirin at arrival COL Score VAL 100% COL Sample VAL 1 patients COL Stateavg VAL xl_xmi-1 ,COL CountyName VAL chilton ,0
476,COL ProviderNumber VAL 10045 COL HospitalName VAL fayette medical center COL Address1 VAL 1653 temple avenue north COL Address2 VAL empty COL Address3 VAL empty COL City VAL fayette COL State VAL al COL ZipCode VAL 35555 COL CountyName VAL fayette COL PhoneNumber VAL 2059325966 COL HospitalType VAL acute care hoxpitalx COL HospitalOwner VAL voluntary non-profit - other COL EmergencyService VAL yes COL Condition VAL heart attack COL MeasureCode VAL ami-1 COL MeasureName VAL heart attack patients given aspirin at arrival COL Score VAL 100% COL Sample VAL 18 patients COL Stateavg VAL al_ami-1 ,COL CountyName VAL fxyette ,1
477,COL ProviderNumber VAL 10045 COL HospitalName VAL fayette medical center COL Address1 VAL 1653 temple avenue north COL Address2 VAL empty COL Address3 VAL empty COL City VAL fayette COL State VAL al COL ZipCode VAL 35555 COL CountyName VAL fayette COL PhoneNumber VAL 2059325966 COL HospitalType VAL acute care hoxpitalx COL HospitalOwner VAL voluntary non-profit - other COL EmergencyService VAL yes COL Condition VAL heart attack COL MeasureCode VAL ami-1 COL MeasureName VAL heart attack patients given aspirin at arrival COL Score VAL 100% COL Sample VAL 18 patients COL Stateavg VAL al_ami-1 ,COL CountyName VAL fayette ,0
478,COL ProviderNumber VAL 10047 COL HospitalName VAL georgiana hospital COL Address1 VAL 515 miranda st COL Address2 VAL empty COL Address3 VAL empty COL City VAL georgiana COL State VAL al COL ZipCode VAL 36033 COL CountyName VAL butler COL PhoneNumber VAL 3343762205 COL HospitalType VAL acute care hospitals COL HospitalOwner VAL voluntary non-profit - private COL EmergencyService VAL no COL Condition VAL heart attack COL MeasureCode VAL amix1 COL MeasureName VAL heart attack patients given aspirin at arrival COL Score VAL 53% COL Sample VAL 19 patients COL Stateavg VAL al_ami-1 ,COL CountyName VAL buxler ,1
479,COL ProviderNumber VAL 10047 COL HospitalName VAL georgiana hospital COL Address1 VAL 515 miranda st COL Address2 VAL empty COL Address3 VAL empty COL City VAL georgiana COL State VAL al COL ZipCode VAL 36033 COL CountyName VAL butler COL PhoneNumber VAL 3343762205 COL HospitalType VAL acute care hospitals COL HospitalOwner VAL voluntary non-profit - private COL EmergencyService VAL no COL Condition VAL heart attack COL MeasureCode VAL amix1 COL MeasureName VAL heart attack patients given aspirin at arrival COL Score VAL 53% COL Sample VAL 19 patients COL Stateavg VAL al_ami-1 ,COL CountyName VAL butler ,0
480,COL ProviderNumber VAL 10050 COL HospitalName VAL st vincents blount COL Address1 VAL 150 gilbreath drive COL Address2 VAL empty COL Address3 VAL empty COL City VAL oneonta COL State VAL al COL ZipCode VAL 35121 COL CountyName VAL blount COL PhoneNumber VAL 2052743000 COL HospitalType VAL acute care hospitals COL HospitalOwner VAL voluntary non-profit - private COL EmergencyService VAL yes COL Condition VAL heart attack COL MeasureCode VAL ami-1 COL MeasureName VAL heart attack patients given aspirin at arrival COL Score VAL 100% COL Sample VAL 7 patients COL Stateavg VAL al_ami-1 ,COL CountyName VAL blouxt ,1
481,COL ProviderNumber VAL 10050 COL HospitalName VAL st vincents blount COL Address1 VAL 150 gilbreath drive COL Address2 VAL empty COL Address3 VAL empty COL City VAL oneonta COL State VAL al COL ZipCode VAL 35121 COL CountyName VAL blount COL PhoneNumber VAL 2052743000 COL HospitalType VAL acute care hospitals COL HospitalOwner VAL voluntary non-profit - private COL EmergencyService VAL yes COL Condition VAL heart attack COL MeasureCode VAL ami-1 COL MeasureName VAL heart attack patients given aspirin at arrival COL Score VAL 100% COL Sample VAL 7 patients COL Stateavg VAL al_ami-1 ,COL CountyName VAL blount ,0
482,COL ProviderNumber VAL 10018 COL HospitalName VAL callahan eye foundation hospital COL Address1 VAL 1720 university blvd COL Address2 VAL empty COL Address3 VAL empty COL City VAL birmingham COL State VAL al COL ZipCode VAL 35233 COL CountyName VAL jefferson COL PhoneNumber VAL 2053258100 COL HospitalType VAL acute care hospitals COL HospitalOwner VAL voluntary non-profit - private COL EmergencyService VAL yes COL Condition VAL surgical infection prevention COL MeasureCode VAL scip-card-2 COL MeasureName VAL surgery patients who were taking heart drugs caxxed beta bxockers before coming to the hospitax who were kept on the beta bxockers during the period just before and after their surgery COL Score VAL empty COL Sample VAL empty COL Stateavg VAL al_scip-card-2 ,COL PhoneNumber VAL 20x32x8100 ,1
483,COL ProviderNumber VAL 10018 COL HospitalName VAL callahan eye foundation hospital COL Address1 VAL 1720 university blvd COL Address2 VAL empty COL Address3 VAL empty COL City VAL birmingham COL State VAL al COL ZipCode VAL 35233 COL CountyName VAL jefferson COL PhoneNumber VAL 2053258100 COL HospitalType VAL acute care hospitals COL HospitalOwner VAL voluntary non-profit - private COL EmergencyService VAL yes COL Condition VAL surgical infection prevention COL MeasureCode VAL scip-card-2 COL MeasureName VAL surgery patients who were taking heart drugs caxxed beta bxockers before coming to the hospitax who were kept on the beta bxockers during the period just before and after their surgery COL Score VAL empty COL Sample VAL empty COL Stateavg VAL al_scip-card-2 ,COL PhoneNumber VAL 2053258100 ,0
484,COL ProviderNumber VAL 10019 COL HospitalName VAL helen keller memorial hospital COL Address1 VAL 1300 south montgomery avenue COL Address2 VAL empty COL Address3 VAL empty COL City VAL sheffield COL State VAL al COL ZipCode VAL 35660 COL CountyName VAL jefferson COL PhoneNumber VAL 2563864556 COL HospitalType VAL acute care hospitals COL HospitalOwner VAL government - hospital district or authority COL EmergencyService VAL yes COL Condition VAL heart attack COL MeasureCode VAL ami-1 COL MeasureName VAL heart attack patients given aspirin at arrival COL Score VAL 97% COL Sample VAL 33 patients COL Stateavg VAL al_ami-1 ,COL PhoneNumber VAL 2x63864xx6 ,1
485,COL ProviderNumber VAL 10019 COL HospitalName VAL helen keller memorial hospital COL Address1 VAL 1300 south montgomery avenue COL Address2 VAL empty COL Address3 VAL empty COL City VAL sheffield COL State VAL al COL ZipCode VAL 35660 COL CountyName VAL jefferson COL PhoneNumber VAL 2563864556 COL HospitalType VAL acute care hospitals COL HospitalOwner VAL government - hospital district or authority COL EmergencyService VAL yes COL Condition VAL heart attack COL MeasureCode VAL ami-1 COL MeasureName VAL heart attack patients given aspirin at arrival COL Score VAL 97% COL Sample VAL 33 patients COL Stateavg VAL al_ami-1 ,COL PhoneNumber VAL 2563864556 ,0
486,COL ProviderNumber VAL 10001 COL HospitalName VAL southeast alabama medical center COL Address1 VAL 1108 ross clark circle COL Address2 VAL empty COL Address3 VAL empty COL City VAL dothan COL State VAL al COL ZipCode VAL 36302 COL CountyName VAL houston COL PhoneNumber VAL 3347938701 COL HospitalType VAL acute care hospitals COL HospitalOwner VAL government - hospital district or authority COL EmergencyService VAL yes COL Condition VAL heart attack COL MeasureCode VAL ami-1 COL MeasureName VAL heart attack patients given aspirin at arrival COL Score VAL 98% COL Sample VAL 270 patients COL Stateavg VAL al_ami-1 ,COL PhoneNumber VAL 334x938x01 ,1
487,COL ProviderNumber VAL 10001 COL HospitalName VAL southeast alabama medical center COL Address1 VAL 1108 ross clark circle COL Address2 VAL empty COL Address3 VAL empty COL City VAL dothan COL State VAL al COL ZipCode VAL 36302 COL CountyName VAL houston COL PhoneNumber VAL 3347938701 COL HospitalType VAL acute care hospitals COL HospitalOwner VAL government - hospital district or authority COL EmergencyService VAL yes COL Condition VAL heart attack COL MeasureCode VAL ami-1 COL MeasureName VAL heart attack patients given aspirin at arrival COL Score VAL 98% COL Sample VAL 270 patients COL Stateavg VAL al_ami-1 ,COL PhoneNumber VAL 3347938701 ,0
488,COL ProviderNumber VAL 10005 COL HospitalName VAL marshall medical center south COL Address1 VAL 2505 u s highway 431 north COL Address2 VAL empty COL Address3 VAL empty COL City VAL boaz COL State VAL al COL ZipCode VAL x5957 COL CountyName VAL marshall COL PhoneNumber VAL 2565938310 COL HospitalType VAL acute care hospitals COL HospitalOwner VAL government - hospital district or authority COL EmergencyService VAL yes COL Condition VAL heart attack COL MeasureCode VAL ami-1 COL MeasureName VAL heart attack patients given aspirin at arrival COL Score VAL 80% COL Sample VAL 20 patients COL Stateavg VAL al_ami-1 ,COL PhoneNumber VAL 2565x38310 ,1
489,COL ProviderNumber VAL 10005 COL HospitalName VAL marshall medical center south COL Address1 VAL 2505 u s highway 431 north COL Address2 VAL empty COL Address3 VAL empty COL City VAL boaz COL State VAL al COL ZipCode VAL x5957 COL CountyName VAL marshall COL PhoneNumber VAL 2565938310 COL HospitalType VAL acute care hospitals COL HospitalOwner VAL government - hospital district or authority COL EmergencyService VAL yes COL Condition VAL heart attack COL MeasureCode VAL ami-1 COL MeasureName VAL heart attack patients given aspirin at arrival COL Score VAL 80% COL Sample VAL 20 patients COL Stateavg VAL al_ami-1 ,COL PhoneNumber VAL 2565938310 ,0
490,COL ProviderNumber VAL 10006 COL HospitalName VAL eliza coffee memorial hospital COL Address1 VAL 205 marengo street COL Address2 VAL empty COL Address3 VAL empty COL City VAL florence COL State VAL al COL ZipCode VAL 35631 COL CountyName VAL lauderdale COL PhoneNumber VAL 2567688400 COL HospitalType VAL acute care hospitals COL HospitalOwner VAL voluntary non-profit - other COL EmergencyService VAL yes COL Condition VAL heart attack COL MeasureCode VAL ami-1 COL MeasureName VAL heart attack patients given aspirin at arrival COL Score VAL 97% COL Sample VAL 159 patients COL Stateavg VAL al_amx-1 ,COL PhoneNumber VAL 2x67688400 ,1
491,COL ProviderNumber VAL 10006 COL HospitalName VAL eliza coffee memorial hospital COL Address1 VAL 205 marengo street COL Address2 VAL empty COL Address3 VAL empty COL City VAL florence COL State VAL al COL ZipCode VAL 35631 COL CountyName VAL lauderdale COL PhoneNumber VAL 2567688400 COL HospitalType VAL acute care hospitals COL HospitalOwner VAL voluntary non-profit - other COL EmergencyService VAL yes COL Condition VAL heart attack COL MeasureCode VAL ami-1 COL MeasureName VAL heart attack patients given aspirin at arrival COL Score VAL 97% COL Sample VAL 159 patients COL Stateavg VAL al_amx-1 ,COL PhoneNumber VAL 2567688400 ,0
492,COL ProviderNumber VAL 10007 COL HospitalName VAL mizell memorial hospital COL Address1 VAL 702xnxmainxst COL Address2 VAL empty COL Address3 VAL empty COL City VAL opp COL State VAL al COL ZipCode VAL 36467 COL CountyName VAL covington COL PhoneNumber VAL 3344933541 COL HospitalType VAL acute care hospitals COL HospitalOwner VAL voluntary non-profit - private COL EmergencyService VAL no COL Condition VAL heart attack COL MeasureCode VAL ami-1 COL MeasureName VAL xeart attack patients given aspirin at arrival COL Score VAL 60% COL Sample VAL 5 patients COL Stateavg VAL al_ami-1 ,COL PhoneNumber VAL xx449xx541 ,1
493,COL ProviderNumber VAL 10007 COL HospitalName VAL mizell memorial hospital COL Address1 VAL 702xnxmainxst COL Address2 VAL empty COL Address3 VAL empty COL City VAL opp COL State VAL al COL ZipCode VAL 36467 COL CountyName VAL covington COL PhoneNumber VAL 3344933541 COL HospitalType VAL acute care hospitals COL HospitalOwner VAL voluntary non-profit - private COL EmergencyService VAL no COL Condition VAL heart attack COL MeasureCode VAL ami-1 COL MeasureName VAL xeart attack patients given aspirin at arrival COL Score VAL 60% COL Sample VAL 5 patients COL Stateavg VAL al_ami-1 ,COL PhoneNumber VAL 3344933541 ,0
494,COL ProviderNumber VAL 10008 COL HospitalName VAL crenshaw community hospital COL Address1 VAL 101 hospital circle COL Address2 VAL empty COL Address3 VAL empty COL City VAL luverne COL State VAL ax COL ZipCode VAL 36049 COL CountyName VAL crenshaw COL PhoneNumber VAL 3343353374 COL HospitalType VAL acute care hospitals COL HospitalOwner VAL government - federal COL EmergencyService VAL yes COL Condition VAL heart attack COL MeasureCode VAL ami-1 COL MeasureName VAL heart attack patients given aspirin at arrivax COL Score VAL 0% COL Sample VAL 1 patients COL Stateavg VAL al_ami-1 ,COL PhoneNumber VAL xx4xx5xx74 ,1
495,COL ProviderNumber VAL 10008 COL HospitalName VAL crenshaw community hospital COL Address1 VAL 101 hospital circle COL Address2 VAL empty COL Address3 VAL empty COL City VAL luverne COL State VAL ax COL ZipCode VAL 36049 COL CountyName VAL crenshaw COL PhoneNumber VAL 3343353374 COL HospitalType VAL acute care hospitals COL HospitalOwner VAL government - federal COL EmergencyService VAL yes COL Condition VAL heart attack COL MeasureCode VAL ami-1 COL MeasureName VAL heart attack patients given aspirin at arrivax COL Score VAL 0% COL Sample VAL 1 patients COL Stateavg VAL al_ami-1 ,COL PhoneNumber VAL 3343353374 ,0
496,COL ProviderNumber VAL 10009 COL HospitalName VAL hartselle medical center COL Address1 VAL 201 pine street northwest COL Address2 VAL empty COL Address3 VAL empty COL City VAL hartselle COL State VAL al COL ZipCode VAL 35640 COL CountyName VAL morgan COL PhoneNumber VAL 2567736511 COL HospitalType VAL acute care hospitals COL HospitalOwner VAL proprietary COL EmergencyService VAL yes COL Condition VAL heart attack COL MeasureCode VAL ami-1 COL MeasureName VAL heart attack patients given aspirin at arrival COL Score VAL 100% COL Sample VAL 6 patients COL Stateavg VAL al_ami-1 ,COL PhoneNumber VAL 256xx36511 ,1
497,COL ProviderNumber VAL 10009 COL HospitalName VAL hartselle medical center COL Address1 VAL 201 pine street northwest COL Address2 VAL empty COL Address3 VAL empty COL City VAL hartselle COL State VAL al COL ZipCode VAL 35640 COL CountyName VAL morgan COL PhoneNumber VAL 2567736511 COL HospitalType VAL acute care hospitals COL HospitalOwner VAL proprietary COL EmergencyService VAL yes COL Condition VAL heart attack COL MeasureCode VAL ami-1 COL MeasureName VAL heart attack patients given aspirin at arrival COL Score VAL 100% COL Sample VAL 6 patients COL Stateavg VAL al_ami-1 ,COL PhoneNumber VAL 2567736511 ,0
498,COL ProviderNumber VAL 10010 COL HospitalName VAL marshall medical center north COL Address1 VAL 8000 alabama highway 69 COL Address2 VAL empty COL Address3 VAL empty COL City VAL guntersville COL State VAL al COL ZipCode VAL 35976 COL CountyName VAL marshall COL PhoneNumber VAL 2565718000 COL HospitalType VAL acute care hospitals COL HospitalOwner VAL government - hospital district or authority COL EmergencyService VAL yes COL Condition VAL heart attack COL MeasureCode VAL ami-1 COL MeasureName VAL heart attack patients given aspirin at arrival COL Score VAL 100% COL Sample VAL 8 patients COL Stateavg VAL al_ami-1 ,COL PhoneNumber VAL 256571x000 ,1
499,COL ProviderNumber VAL 10010 COL HospitalName VAL marshall medical center north COL Address1 VAL 8000 alabama highway 69 COL Address2 VAL empty COL Address3 VAL empty COL City VAL guntersville COL State VAL al COL ZipCode VAL 35976 COL CountyName VAL marshall COL PhoneNumber VAL 2565718000 COL HospitalType VAL acute care hospitals COL HospitalOwner VAL government - hospital district or authority COL EmergencyService VAL yes COL Condition VAL heart attack COL MeasureCode VAL ami-1 COL MeasureName VAL heart attack patients given aspirin at arrival COL Score VAL 100% COL Sample VAL 8 patients COL Stateavg VAL al_ami-1 ,COL PhoneNumber VAL 2565718000 ,0
500,COL ProviderNumber VAL 10011 COL HospitalName VAL st vincents east COL Address1 VAL 50 medical park east drive COL Address2 VAL empty COL Address3 VAL empty COL City VAL birmingham COL State VAL al COL ZipCode VAL 35235 COL CountyName VAL jefferson COL PhoneNumber VAL 2058383122 COL HospitalType VAL acute care hospitals COL HospitalOwner VAL voluntary non-profit - private COL EmergencyService VAL yes COL Condition VAL heart attack COL MeasureCode VAL ami-1 COL MeasureName VAL heart attack patients given aspirin at arrival COL Score VAL 99% COL Sample VAL 240 patients COL Stateavg VAL al_ami-1 ,COL PhoneNumber VAL 20x8383122 ,1
501,COL ProviderNumber VAL 10011 COL HospitalName VAL st vincents east COL Address1 VAL 50 medical park east drive COL Address2 VAL empty COL Address3 VAL empty COL City VAL birmingham COL State VAL al COL ZipCode VAL 35235 COL CountyName VAL jefferson COL PhoneNumber VAL 2058383122 COL HospitalType VAL acute care hospitals COL HospitalOwner VAL voluntary non-profit - private COL EmergencyService VAL yes COL Condition VAL heart attack COL MeasureCode VAL ami-1 COL MeasureName VAL heart attack patients given aspirin at arrival COL Score VAL 99% COL Sample VAL 240 patients COL Stateavg VAL al_ami-1 ,COL PhoneNumber VAL 2058383122 ,0
502,COL ProviderNumber VAL 10012 COL HospitalName VAL dekalb regional medical center COL Address1 VAL 200 med center drive COL Address2 VAL empty COL Address3 VAL empty COL City VAL fort payne COL State VAL al COL ZipCode VAL 35968 COL CountyName VAL de kalb COL PhoneNumber VAL 2568453150 COL HospitalType VAL acute care hospitals COL HospitalOwner VAL voluntary non-profit - church COL EmergencyService VAL yes COL Condition VAL heart attack COL MeasureCode VAL ami-1 COL MeasureName VAL heartxattackxpatientsxgivenxaspirinxatxarrival COL Score VAL 100% COL Sample VAL 46 patients COL Stateavg VAL al_ami-1 ,COL PhoneNumber VAL 2568x53150 ,1
503,COL ProviderNumber VAL 10012 COL HospitalName VAL dekalb regional medical center COL Address1 VAL 200 med center drive COL Address2 VAL empty COL Address3 VAL empty COL City VAL fort payne COL State VAL al COL ZipCode VAL 35968 COL CountyName VAL de kalb COL PhoneNumber VAL 2568453150 COL HospitalType VAL acute care hospitals COL HospitalOwner VAL voluntary non-profit - church COL EmergencyService VAL yes COL Condition VAL heart attack COL MeasureCode VAL ami-1 COL MeasureName VAL heartxattackxpatientsxgivenxaspirinxatxarrival COL Score VAL 100% COL Sample VAL 46 patients COL Stateavg VAL al_ami-1 ,COL PhoneNumber VAL 2568453150 ,0
504,COL ProviderNumber VAL x00x5 COL HospitalName VAL southwest alabama medical center COL Address1 VAL 33700 highway 43 COL Address2 VAL empty COL Address3 VAL empty COL City VAL thomasville COL State VAL al COL ZipCode VAL 36784 COL CountyName VAL clarke COL PhoneNumber VAL 3346366221 COL HospitalType VAL acute care hospitals COL HospitalOwner VAL government - federal COL EmergencyService VAL yes COL Condition VAL heart attack COL MeasureCode VAL ami-1 COL MeasureName VAL heart attack patients given aspirin at arrival COL Score VAL empty COL Sample VAL 0 patients COL Stateavg VAL ax_ami-1 ,COL PhoneNumber VAL xx46x66221 ,1
505,COL ProviderNumber VAL x00x5 COL HospitalName VAL southwest alabama medical center COL Address1 VAL 33700 highway 43 COL Address2 VAL empty COL Address3 VAL empty COL City VAL thomasville COL State VAL al COL ZipCode VAL 36784 COL CountyName VAL clarke COL PhoneNumber VAL 3346366221 COL HospitalType VAL acute care hospitals COL HospitalOwner VAL government - federal COL EmergencyService VAL yes COL Condition VAL heart attack COL MeasureCode VAL ami-1 COL MeasureName VAL heart attack patients given aspirin at arrival COL Score VAL empty COL Sample VAL 0 patients COL Stateavg VAL ax_ami-1 ,COL PhoneNumber VAL 3346366221 ,0
506,COL ProviderNumber VAL 10016 COL HospitalName VAL shelby baptist medical center COL Address1 VAL 1000 first street north COL Address2 VAL empty COL Address3 VAL empty COL City VAL alabaster COL State VAL al COL ZipCode VAL 35007 COL CountyName VAL shelby COL PhoneNumber VAL 2056208100 COL HospitalType VAL acute care hospitals COL HospitalOwner VAL voluntary non-profit - church COL EmergencyService VAL yes COL Condition VAL heart attack COL MeasureCode VAL ami-1 COL MeasureName VAL heart attack patients given aspirin at arrival COL Score VAL 99% COL Sample VAL 179 patients COL Stateavg VAL al_axi-1 ,COL PhoneNumber VAL 2x562x81xx ,1
507,COL ProviderNumber VAL 10016 COL HospitalName VAL shelby baptist medical center COL Address1 VAL 1000 first street north COL Address2 VAL empty COL Address3 VAL empty COL City VAL alabaster COL State VAL al COL ZipCode VAL 35007 COL CountyName VAL shelby COL PhoneNumber VAL 2056208100 COL HospitalType VAL acute care hospitals COL HospitalOwner VAL voluntary non-profit - church COL EmergencyService VAL yes COL Condition VAL heart attack COL MeasureCode VAL ami-1 COL MeasureName VAL heart attack patients given aspirin at arrival COL Score VAL 99% COL Sample VAL 179 patients COL Stateavg VAL al_axi-1 ,COL PhoneNumber VAL 2056208100 ,0
508,COL ProviderNumber VAL 10038 COL HospitalName VAL stringfellow memorial hospital COL Address1 VAL 301 east 18th st COL Address2 VAL empty COL Address3 VAL empty COL City VAL anniston COL State VAL al COL ZipCode VAL 36201 COL CountyName VAL calhoxn COL PhoneNumber VAL 2562358900 COL HospitalType VAL acute care hospitals COL HospitalOwner VAL proprietary COL EmergencyService VAL yes COL Condition VAL children s asthma care COL MeasureCode VAL cac-3 COL MeasureName VAL children and their caregivers who received a home management plan of care document while hospitalized for asthma COL Score VAL 33% COL Sample VAL 9 patients COL Stateavg VAL al_cac-3 ,COL PhoneNumber VAL 256235x900 ,1
509,COL ProviderNumber VAL 10038 COL HospitalName VAL stringfellow memorial hospital COL Address1 VAL 301 east 18th st COL Address2 VAL empty COL Address3 VAL empty COL City VAL anniston COL State VAL al COL ZipCode VAL 36201 COL CountyName VAL calhoxn COL PhoneNumber VAL 2562358900 COL HospitalType VAL acute care hospitals COL HospitalOwner VAL proprietary COL EmergencyService VAL yes COL Condition VAL children s asthma care COL MeasureCode VAL cac-3 COL MeasureName VAL children and their caregivers who received a home management plan of care document while hospitalized for asthma COL Score VAL 33% COL Sample VAL 9 patients COL Stateavg VAL al_cac-3 ,COL PhoneNumber VAL 2562358900 ,0
510,COL ProviderNumber VAL 10055 COL HospitalName VAL flowers hospital COL Address1 VAL 4370 west main street COL Address2 VAL empty COL Address3 VAL empty COL City VAL dothan COL State VAL al COL ZipCode VAL 36305 COL CountyName VAL houston COL PhoneNumber VAL 3347935000 COL HospitalType VAL acute care hospitals COL HospitalOwner VAL proprietary COL EmergencyService VAL yes COL Condition VAL heart failure COL MeasureCode VAL hf-2 COL MeasureName VAL heart failure patients given an evaluation of left ventricular systolic (lvs) function COL Score VAL 100% COL Sample VAL 342 patients COL Stateavg VAL al_hf-2 ,COL PhoneNumber VAL xx479x5000 ,1
511,COL ProviderNumber VAL 10055 COL HospitalName VAL flowers hospital COL Address1 VAL 4370 west main street COL Address2 VAL empty COL Address3 VAL empty COL City VAL dothan COL State VAL al COL ZipCode VAL 36305 COL CountyName VAL houston COL PhoneNumber VAL 3347935000 COL HospitalType VAL acute care hospitals COL HospitalOwner VAL proprietary COL EmergencyService VAL yes COL Condition VAL heart failure COL MeasureCode VAL hf-2 COL MeasureName VAL heart failure patients given an evaluation of left ventricular systolic (lvs) function COL Score VAL 100% COL Sample VAL 342 patients COL Stateavg VAL al_hf-2 ,COL PhoneNumber VAL 3347935000 ,0
512,COL ProviderNumber VAL 10056 COL HospitalName VAL st vincents hospital COL Address1 VAL 810 st vincents drive COL Address2 VAL empty COL Address3 VAL empty COL City VAL birmingham COL State VAL al COL ZipCode VAL 35205 COL CountyName VAL jefferson COL PhoneNumber VAL 2059397000 COL HospitalType VAL acute care hospitals COL HospitalOwner VAL voluntary non-profit - other COL EmergencyService VAL yes COL Condition VAL heart attack COL MeasureCode VAL ami-1 COL MeasureName VAL heart attack patients given aspirin at arrival COL Score VAL 97% COL Sample VAL 239 patients COL Stateavg VAL al_ami-1 ,COL PhoneNumber VAL 205x3x7000 ,1
513,COL ProviderNumber VAL 10056 COL HospitalName VAL st vincents hospital COL Address1 VAL 810 st vincents drive COL Address2 VAL empty COL Address3 VAL empty COL City VAL birmingham COL State VAL al COL ZipCode VAL 35205 COL CountyName VAL jefferson COL PhoneNumber VAL 2059397000 COL HospitalType VAL acute care hospitals COL HospitalOwner VAL voluntary non-profit - other COL EmergencyService VAL yes COL Condition VAL heart attack COL MeasureCode VAL ami-1 COL MeasureName VAL heart attack patients given aspirin at arrival COL Score VAL 97% COL Sample VAL 239 patients COL Stateavg VAL al_ami-1 ,COL PhoneNumber VAL 2059397000 ,0
514,COL ProviderNumber VAL 10085 COL HospitalName VAL decatur general hospital COL Address1 VAL 1201 7th street se COL Address2 VAL empty COL Address3 VAL empty COL City VAL decatur COL State VAL al COL ZipCode VAL 35609 COL CountyName VAL morgan COL PhoneNumber VAL 2563412000 COL HospitalType VAL acute care hospitals COL HospitalOwner VAL government - hospital district or authority COL EmergencyService VAL yes COL Condition VAL surgical infection prevention COL MeasureCode VAL scip-vte-2 COL MeasureName VAL patients who got treatment  at the right time (within 24 hours before or after their surgery) to help prevent blood clots after certain types of surgery COL Score VAL 87% COL Sample VAL 205 patients COL Stateavg VAL al_scip-vte-2 ,COL PhoneNumber VAL 2563412xxx ,1
515,COL ProviderNumber VAL 10085 COL HospitalName VAL decatur general hospital COL Address1 VAL 1201 7th street se COL Address2 VAL empty COL Address3 VAL empty COL City VAL decatur COL State VAL al COL ZipCode VAL 35609 COL CountyName VAL morgan COL PhoneNumber VAL 2563412000 COL HospitalType VAL acute care hospitals COL HospitalOwner VAL government - hospital district or authority COL EmergencyService VAL yes COL Condition VAL surgical infection prevention COL MeasureCode VAL scip-vte-2 COL MeasureName VAL patients who got treatment  at the right time (within 24 hours before or after their surgery) to help prevent blood clots after certain types of surgery COL Score VAL 87% COL Sample VAL 205 patients COL Stateavg VAL al_scip-vte-2 ,COL PhoneNumber VAL 2563412000 ,0
516,COL ProviderNumber VAL 10086 COL HospitalName VAL northwest medical center COL Address1 VAL 1530 u s highway 43 COL Address2 VAL empty COL Address3 VAL empty COL City VAL winfield COL State VAL al COL ZipCode VAL 35594 COL CountyName VAL marion COL PhoneNumber VAL 2054877736 COL HospitalType VAL acute care hospitals COL HospitalOwner VAL proprietary COL EmergencyService VAL yes COL Condition VAL heart attack COL MeasureCode VAL ami-1 COL MeasureName VAL heart attack patients given aspirin at arrival COL Score VAL 100% COL Sample VAL 1x patients COL Stateavg VAL al_ami-1 ,COL PhoneNumber VAL 205x877736 ,1
517,COL ProviderNumber VAL 10086 COL HospitalName VAL northwest medical center COL Address1 VAL 1530 u s highway 43 COL Address2 VAL empty COL Address3 VAL empty COL City VAL winfield COL State VAL al COL ZipCode VAL 35594 COL CountyName VAL marion COL PhoneNumber VAL 2054877736 COL HospitalType VAL acute care hospitals COL HospitalOwner VAL proprietary COL EmergencyService VAL yes COL Condition VAL heart attack COL MeasureCode VAL ami-1 COL MeasureName VAL heart attack patients given aspirin at arrival COL Score VAL 100% COL Sample VAL 1x patients COL Stateavg VAL al_ami-1 ,COL PhoneNumber VAL 2054877736 ,0
518,COL ProviderNumber VAL 10087 COL HospitalName VAL univ of south alabama medical center COL Address1 VAL 2451 fillingim street COL Address2 VAL empty COL Address3 VAL empty COL City VAL mobile COL State VAL al COL ZipCode VAL 36617 COL CountyName VAL mobile COL PhoneNumber VAL 2514717110 COL HospitalType VAL acute care hospitals COL HospitalOwner VAL government - state COL EmergencyService VAL yes COL Condition VAL heart attack COL MeasureCode VAL ami-1 COL MeasureName VAL heart attack patients given aspirin at arrival COL Score VAL 99% COL Sample VAL 86 patients COL Stateavg VAL al_ami-1 ,COL PhoneNumber VAL 25x47x7xx0 ,1
519,COL ProviderNumber VAL 10087 COL HospitalName VAL univ of south alabama medical center COL Address1 VAL 2451 fillingim street COL Address2 VAL empty COL Address3 VAL empty COL City VAL mobile COL State VAL al COL ZipCode VAL 36617 COL CountyName VAL mobile COL PhoneNumber VAL 2514717110 COL HospitalType VAL acute care hospitals COL HospitalOwner VAL government - state COL EmergencyService VAL yes COL Condition VAL heart attack COL MeasureCode VAL ami-1 COL MeasureName VAL heart attack patients given aspirin at arrival COL Score VAL 99% COL Sample VAL 86 patients COL Stateavg VAL al_ami-1 ,COL PhoneNumber VAL 2514717110 ,0
520,COL ProviderNumber VAL 10108 COL HospitalName VAL prattville baptist hospital COL Address1 VAL 124 s memorial dr COL Address2 VAL empty COL Address3 VAL empty COL City VAL prattville COL State VAL al COL ZipCode VAL 36067 COL CountyName VAL autauga COL PhoneNumber VAL 3343614267 COL HospitalType VAL acute care hospitals COL HospitalOwner VAL voluntary non-profit - private COL EmergencyService VAL yes COL Condition VAL heart attack COL MeasureCode VAL ami-2 COL MeasureName VAL heart attack patients given aspirin at discharge COL Score VAL 100% COL Sample VAL 4 patients COL Stateavg VAL al_ami-2 ,COL PhoneNumber VAL 3343614x67 ,1
521,COL ProviderNumber VAL 10108 COL HospitalName VAL prattville baptist hospital COL Address1 VAL 124 s memorial dr COL Address2 VAL empty COL Address3 VAL empty COL City VAL prattville COL State VAL al COL ZipCode VAL 36067 COL CountyName VAL autauga COL PhoneNumber VAL 3343614267 COL HospitalType VAL acute care hospitals COL HospitalOwner VAL voluntary non-profit - private COL EmergencyService VAL yes COL Condition VAL heart attack COL MeasureCode VAL ami-2 COL MeasureName VAL heart attack patients given aspirin at discharge COL Score VAL 100% COL Sample VAL 4 patients COL Stateavg VAL al_ami-2 ,COL PhoneNumber VAL 3343614267 ,0
522,COL ProviderNumber VAL 10158 COL HospitalName VAL russellville hospital COL Address1 VAL 15155 highway 43 COL Address2 VAL empty COL Address3 VAL empty COL City VAL russellville COL State VAL al COL ZipCode VAL 35653 COL CountyName VAL franklin COL PhoneNumber VAL 2563321611 COL HospitalType VAL acute care hospitals COL HospitalOwner VAL proprietary COL EmergencyService VAL yes COL Condition VAL surgical infection prevention COL MeasureCode VAL scip-vte-1 COL MeasureName VAL surgery patients whose doctors ordered treatments to prevent blood clots after certain types of surgeries COL Score VAL 100% COL Sample VAL 125 patients COL Stateavg VAL al_scip-vte-1 ,COL PhoneNumber VAL 2x63321611 ,1
523,COL ProviderNumber VAL 10158 COL HospitalName VAL russellville hospital COL Address1 VAL 15155 highway 43 COL Address2 VAL empty COL Address3 VAL empty COL City VAL russellville COL State VAL al COL ZipCode VAL 35653 COL CountyName VAL franklin COL PhoneNumber VAL 2563321611 COL HospitalType VAL acute care hospitals COL HospitalOwner VAL proprietary COL EmergencyService VAL yes COL Condition VAL surgical infection prevention COL MeasureCode VAL scip-vte-1 COL MeasureName VAL surgery patients whose doctors ordered treatments to prevent blood clots after certain types of surgeries COL Score VAL 100% COL Sample VAL 125 patients COL Stateavg VAL al_scip-vte-1 ,COL PhoneNumber VAL 2563321611 ,0
524,COL ProviderNumber VAL 10164 COL HospitalName VAL coosa valley medical center COL Address1 VAL 315 w hickory st COL Address2 VAL empty COL Address3 VAL empty COL City VAL sylacauga COL State VAL al COL ZipCode VAL 35150 COL CountyName VAL talladega COL PhoneNumber VAL 2562495000 COL HospitalType VAL acute care hospitals COL HospitalOwner VAL voluntary non-profit - other COL EmergencyService VAL no COL Condition VAL heart attack COL MeasureCode VAL ami-1 COL MeasureName VAL heart attack patients given aspirin at arrival COL Score VAL 90% COL Sample VAL 10 patients COL Stateavg VAL al_ami-1 ,COL PhoneNumber VAL x56x495000 ,1
525,COL ProviderNumber VAL 10164 COL HospitalName VAL coosa valley medical center COL Address1 VAL 315 w hickory st COL Address2 VAL empty COL Address3 VAL empty COL City VAL sylacauga COL State VAL al COL ZipCode VAL 35150 COL CountyName VAL talladega COL PhoneNumber VAL 2562495000 COL HospitalType VAL acute care hospitals COL HospitalOwner VAL voluntary non-profit - other COL EmergencyService VAL no COL Condition VAL heart attack COL MeasureCode VAL ami-1 COL MeasureName VAL heart attack patients given aspirin at arrival COL Score VAL 90% COL Sample VAL 10 patients COL Stateavg VAL al_ami-1 ,COL PhoneNumber VAL 2562495000 ,0
526,COL ProviderNumber VAL 20017 COL HospitalName VAL alaska regional hospital COL Address1 VAL 2801 debarr road COL Address2 VAL empty COL Address3 VAL empty COL City VAL anchorage COL State VAL ak COL ZipCode VAL 99508 COL CountyName VAL anchorage COL PhoneNumber VAL 9072761131 COL HospitalType VAL acute care hospitals COL HospitalOwner VAL proprietary COL EmergencyService VAL yes COL Condition VAL heart failure COL MeasureCode VAL hf-1 COL MeasureName VAL heart failure patients given discharge instructions COL Score VAL 91% COL Sample VAL 57 patients COL Stateavg VAL ak_hf-1 ,COL PhoneNumber VAL 90x2x61131 ,1
527,COL ProviderNumber VAL 20017 COL HospitalName VAL alaska regional hospital COL Address1 VAL 2801 debarr road COL Address2 VAL empty COL Address3 VAL empty COL City VAL anchorage COL State VAL ak COL ZipCode VAL 99508 COL CountyName VAL anchorage COL PhoneNumber VAL 9072761131 COL HospitalType VAL acute care hospitals COL HospitalOwner VAL proprietary COL EmergencyService VAL yes COL Condition VAL heart failure COL MeasureCode VAL hf-1 COL MeasureName VAL heart failure patients given discharge instructions COL Score VAL 91% COL Sample VAL 57 patients COL Stateavg VAL ak_hf-1 ,COL PhoneNumber VAL 9072761131 ,0
528,COL ProviderNumber VAL 20018 COL HospitalName VAL yukon kuskokwim delta reg hospital COL Address1 VAL po box 287 COL Address2 VAL empty COL Address3 VAL empty COL City VAL bethel COL State VAL ak COL ZipCode VAL 99559 COL CountyName VAL bethel COL PhoneNumber VAL 9075436300 COL HospitalType VAL acute care hospitals COL HospitalOwner VAL government - federal COL EmergencyService VAL no COL Condition VAL heart attack COL MeasureCode VAL ami-1 COL MeasureName VAL heart attack patients given aspirin at arrival COL Score VAL empty COL Sample VAL empty COL Stateavg VAL ak_ami-1 ,COL PhoneNumber VAL 9x754363xx ,1
529,COL ProviderNumber VAL 20018 COL HospitalName VAL yukon kuskokwim delta reg hospital COL Address1 VAL po box 287 COL Address2 VAL empty COL Address3 VAL empty COL City VAL bethel COL State VAL ak COL ZipCode VAL 99559 COL CountyName VAL bethel COL PhoneNumber VAL 9075436300 COL HospitalType VAL acute care hospitals COL HospitalOwner VAL government - federal COL EmergencyService VAL no COL Condition VAL heart attack COL MeasureCode VAL ami-1 COL MeasureName VAL heart attack patients given aspirin at arrival COL Score VAL empty COL Sample VAL empty COL Stateavg VAL ak_ami-1 ,COL PhoneNumber VAL 9075436300 ,0
530,COL ProviderNumber VAL 10021 COL HospitalName VAL dale medical center COL Address1 VAL 126 hospital ave COL Address2 VAL empty COL Address3 VAL empty COL City VAL ozark COL State VAL al COL ZipCode VAL 36360 COL CountyName VAL dale COL PhoneNumber VAL 3347742601 COL HospitalType VAL acute care hospitals COL HospitalOwner VAL government - hospital district or authority COL EmergencyService VAL yes COL Condition VAL heart attack COL MeasureCode VAL ami-1 COL MeasureName VAL heart attack patients given aspirin at arrival COL Score VAL 100% COL Sample VAL 11 patients COL Stateavg VAL al_ami-1 ,COL PhoneNumber VAL 33x77x2601 ,1
531,COL ProviderNumber VAL 10021 COL HospitalName VAL dale medical center COL Address1 VAL 126 hospital ave COL Address2 VAL empty COL Address3 VAL empty COL City VAL ozark COL State VAL al COL ZipCode VAL 36360 COL CountyName VAL dale COL PhoneNumber VAL 3347742601 COL HospitalType VAL acute care hospitals COL HospitalOwner VAL government - hospital district or authority COL EmergencyService VAL yes COL Condition VAL heart attack COL MeasureCode VAL ami-1 COL MeasureName VAL heart attack patients given aspirin at arrival COL Score VAL 100% COL Sample VAL 11 patients COL Stateavg VAL al_ami-1 ,COL PhoneNumber VAL 3347742601 ,0
532,COL ProviderNumber VAL 10022 COL HospitalName VAL cherokee medical center COL Address1 VAL 400 northwood dr COL Address2 VAL empty COL Address3 VAL empty COL City VAL centre COL State VAL al COL ZipCode VAL 35960 COL CountyName VAL cherokee COL PhoneNumber VAL 2569275531 COL HospitalType VAL acute care hospitals COL HospitalOwner VAL voluntary non-profit - private COL EmergencyService VAL yes COL Condition VAL heart attack COL MeasureCode VAL ami-1 COL MeasureName VAL heart attack patients given aspirin at arrival COL Score VAL empty COL Sample VAL 0 patients COL Stateavg VAL al_ami-1 ,COL PhoneNumber VAL 25692755x1 ,1
533,COL ProviderNumber VAL 10022 COL HospitalName VAL cherokee medical center COL Address1 VAL 400 northwood dr COL Address2 VAL empty COL Address3 VAL empty COL City VAL centre COL State VAL al COL ZipCode VAL 35960 COL CountyName VAL cherokee COL PhoneNumber VAL 2569275531 COL HospitalType VAL acute care hospitals COL HospitalOwner VAL voluntary non-profit - private COL EmergencyService VAL yes COL Condition VAL heart attack COL MeasureCode VAL ami-1 COL MeasureName VAL heart attack patients given aspirin at arrival COL Score VAL empty COL Sample VAL 0 patients COL Stateavg VAL al_ami-1 ,COL PhoneNumber VAL 2569275531 ,0
534,COL ProviderNumber VAL 10023 COL HospitalName VAL baptist medical center south COL Address1 VAL 2105 east south boulevard COL Address2 VAL empty COL Address3 VAL empty COL City VAL montxomery COL State VAL al COL ZipCode VAL 36116 COL CountyName VAL montgomery COL PhoneNumber VAL 3342882100 COL HospitalType VAL acute care hospitals COL HospitalOwner VAL voluntary non-profit - church COL EmergencyService VAL yes COL Condition VAL heart attack COL MeasureCode VAL ami-2 COL MeasureName VAL heart attack patients given aspirin at discharge COL Score VAL 100% COL Sample VAL 282 patients COL Stateavg VAL al_ami-2 ,COL PhoneNumber VAL 3342882x00 ,1
535,COL ProviderNumber VAL 10023 COL HospitalName VAL baptist medical center south COL Address1 VAL 2105 east south boulevard COL Address2 VAL empty COL Address3 VAL empty COL City VAL montxomery COL State VAL al COL ZipCode VAL 36116 COL CountyName VAL montgomery COL PhoneNumber VAL 3342882100 COL HospitalType VAL acute care hospitals COL HospitalOwner VAL voluntary non-profit - church COL EmergencyService VAL yes COL Condition VAL heart attack COL MeasureCode VAL ami-2 COL MeasureName VAL heart attack patients given aspirin at discharge COL Score VAL 100% COL Sample VAL 282 patients COL Stateavg VAL al_ami-2 ,COL PhoneNumber VAL 3342882100 ,0
536,COL ProviderNumber VAL 10024 COL HospitalName VAL jackson hospital & clinic inc COL Address1 VAL 1725 pine street COL Address2 VAL empty COL Address3 VAL empty COL City VAL montgomery COL State VAL al COL ZipCode VAL 36106 COL CountyName VAL montgomery COL PhoneNumber VAL 3342938000 COL HospitalType VAL acute care hospitals COL HospitalOwner VAL voluntary non-profit - private COL EmergencyService VAL yes COL Condition VAL heart attack COL MeasureCode VAL ami-1 COL MeasureName VAL hexrt attxck pxtients given aspirin xt arrivxl COL Score VAL 95% COL Sample VAL 111 patients COL Stateavg VAL al_ami-1 ,COL PhoneNumber VAL xx429x8000 ,1
537,COL ProviderNumber VAL 10024 COL HospitalName VAL jackson hospital & clinic inc COL Address1 VAL 1725 pine street COL Address2 VAL empty COL Address3 VAL empty COL City VAL montgomery COL State VAL al COL ZipCode VAL 36106 COL CountyName VAL montgomery COL PhoneNumber VAL 3342938000 COL HospitalType VAL acute care hospitals COL HospitalOwner VAL voluntary non-profit - private COL EmergencyService VAL yes COL Condition VAL heart attack COL MeasureCode VAL ami-1 COL MeasureName VAL hexrt attxck pxtients given aspirin xt arrivxl COL Score VAL 95% COL Sample VAL 111 patients COL Stateavg VAL al_ami-1 ,COL PhoneNumber VAL 3342938000 ,0
538,COL ProviderNumber VAL 10025 COL HospitalName VAL g h lanier memorial hospital COL Address1 VAL 4800 48th st COL Address2 VAL empty COL Address3 VAL empty COL City VAL valley COL State VAL al COL ZipCode VAL 36854 COL CountyName VAL chambers COL PhoneNumber VAL 3347561400 COL HospitalType VAL acute care hospitals COL HospitalOwner VAL voluntary non-profit - other COL EmergencyService VAL yes COL Condition VAL heart attack COL MeasureCode VAL ami-1 COL MeasureName VAL heart attack patients given aspirin at arrival COL Score VAL 92% COL Sample VAL 24 patients COL Stateavg VAL al_ami-1 ,COL PhoneNumber VAL 33x7561x00 ,1
539,COL ProviderNumber VAL 10025 COL HospitalName VAL g h lanier memorial hospital COL Address1 VAL 4800 48th st COL Address2 VAL empty COL Address3 VAL empty COL City VAL valley COL State VAL al COL ZipCode VAL 36854 COL CountyName VAL chambers COL PhoneNumber VAL 3347561400 COL HospitalType VAL acute care hospitals COL HospitalOwner VAL voluntary non-profit - other COL EmergencyService VAL yes COL Condition VAL heart attack COL MeasureCode VAL ami-1 COL MeasureName VAL heart attack patients given aspirin at arrival COL Score VAL 92% COL Sample VAL 24 patients COL Stateavg VAL al_ami-1 ,COL PhoneNumber VAL 3347561400 ,0
540,COL ProviderNumber VAL 10027 COL HospitalName VAL elba general hospital COL Address1 VAL 987 drayton street COL Address2 VAL empty COL Address3 VAL empty COL City VAL elba COL State VAL al COL ZipCode VAL 36323 COL CountyName VAL coffee COL PhoneNumber VAL 3348972257 COL HospitalType VAL acute care hospitals COL HospitalOwner VAL voluntary non-profit - other COL EmergencyService VAL yes COL Condition VAL heart attack COL MeasureCode VAL ami-1 COL MeasureName VAL heart attack patients given aspirin at arrival COL Score VAL empty COL Sample VAL empty COL Stateavg VAL al_ami-1 ,COL PhoneNumber VAL 33489x225x ,1
541,COL ProviderNumber VAL 10027 COL HospitalName VAL elba general hospital COL Address1 VAL 987 drayton street COL Address2 VAL empty COL Address3 VAL empty COL City VAL elba COL State VAL al COL ZipCode VAL 36323 COL CountyName VAL coffee COL PhoneNumber VAL 3348972257 COL HospitalType VAL acute care hospitals COL HospitalOwner VAL voluntary non-profit - other COL EmergencyService VAL yes COL Condition VAL heart attack COL MeasureCode VAL ami-1 COL MeasureName VAL heart attack patients given aspirin at arrival COL Score VAL empty COL Sample VAL empty COL Stateavg VAL al_ami-1 ,COL PhoneNumber VAL 3348972257 ,0
542,COL ProviderNumber VAL 10029 COL HospitalName VAL east alabama medical center and snf COL Address1 VAL 2000 pepperell parkway COL Address2 VAL empty COL Address3 VAL empty COL City VAL opelika COL State VAL al COL ZipCode VAL 36801 COL CountyName VAL lee COL PhoneNumber VAL 3347493411 COL HospitalType VAL acute care hospitals COL HospitalOwner VAL government - hospital district or authority COL EmergencyService VAL yes COL Condition VAL heart attack COL MeasureCode VAL ami-1 COL MeasureName VAL heart attack patients given aspirin at arrival COL Score VAL 98% COL Sample VAL 185 patients COL Stateavg VAL al_ami-1 ,COL PhoneNumber VAL 33474934xx ,1
543,COL ProviderNumber VAL 10029 COL HospitalName VAL east alabama medical center and snf COL Address1 VAL 2000 pepperell parkway COL Address2 VAL empty COL Address3 VAL empty COL City VAL opelika COL State VAL al COL ZipCode VAL 36801 COL CountyName VAL lee COL PhoneNumber VAL 3347493411 COL HospitalType VAL acute care hospitals COL HospitalOwner VAL government - hospital district or authority COL EmergencyService VAL yes COL Condition VAL heart attack COL MeasureCode VAL ami-1 COL MeasureName VAL heart attack patients given aspirin at arrival COL Score VAL 98% COL Sample VAL 185 patients COL Stateavg VAL al_ami-1 ,COL PhoneNumber VAL 3347493411 ,0
544,COL ProviderNumber VAL 10032 COL HospitalName VAL wedowee hospital COL Address1 VAL 209 north main street COL Address2 VAL empty COL Address3 VAL empty COL City VAL wedowee COL State VAL al COL ZipCode VAL 36278 COL CountyName VAL randolph COL PhoneNumber VAL 2563572111 COL HospitalType VAL acute care hospitals COL HospitalOwner VAL government - local COL EmergencyService VAL no COL Condition VAL heart attack COL MeasureCode VAL ami-1 COL MeasureName VAL heart attack patients given aspirin at arrival COL Score VAL 50% COL Sample VAL 4 patients COL Stateavg VAL al_ami-1 ,COL PhoneNumber VAL 2563572xxx ,1
545,COL ProviderNumber VAL 10032 COL HospitalName VAL wedowee hospital COL Address1 VAL 209 north main street COL Address2 VAL empty COL Address3 VAL empty COL City VAL wedowee COL State VAL al COL ZipCode VAL 36278 COL CountyName VAL randolph COL PhoneNumber VAL 2563572111 COL HospitalType VAL acute care hospitals COL HospitalOwner VAL government - local COL EmergencyService VAL no COL Condition VAL heart attack COL MeasureCode VAL ami-1 COL MeasureName VAL heart attack patients given aspirin at arrival COL Score VAL 50% COL Sample VAL 4 patients COL Stateavg VAL al_ami-1 ,COL PhoneNumber VAL 2563572111 ,0
546,COL ProviderNumber VAL 10033 COL HospitalName VAL university of alabama hospital COL Address1 VAL 619 south 19th street COL Address2 VAL empty COL Address3 VAL empty COL City VAL birmingham COL State VAL al COL ZipCode VAL 35233 COL CountyName VAL jefferson COL PhoneNumber VAL 2059344011 COL HospitalType VAL acute care hospitals COL HospitalOwner VAL government - state COL EmergencyService VAL yes COL Condition VAL heart attack COL MeasureCode VAL ami-2 COL MeasureName VAL heart attack patients given aspirin at discharge COL Score VAL 98% COL Sample VAL 316 patients COL Stateavg VAL al_ami-2 ,COL PhoneNumber VAL 2x59344x11 ,1
547,COL ProviderNumber VAL 10033 COL HospitalName VAL university of alabama hospital COL Address1 VAL 619 south 19th street COL Address2 VAL empty COL Address3 VAL empty COL City VAL birmingham COL State VAL al COL ZipCode VAL 35233 COL CountyName VAL jefferson COL PhoneNumber VAL 2059344011 COL HospitalType VAL acute care hospitals COL HospitalOwner VAL government - state COL EmergencyService VAL yes COL Condition VAL heart attack COL MeasureCode VAL ami-2 COL MeasureName VAL heart attack patients given aspirin at discharge COL Score VAL 98% COL Sample VAL 316 patients COL Stateavg VAL al_ami-2 ,COL PhoneNumber VAL 2059344011 ,0
548,COL ProviderNumber VAL 10034 COL HospitalName VAL community hospital inc COL Address1 VAL 805 friendship road COL Address2 VAL empty COL Address3 VAL empty COL City VAL tallassee COL State VAL al COL ZipCode VAL 36078 COL CountyName VAL elmore COL PhoneNumber VAL 3342836541 COL HospitalType VAL acute care hospitals COL HospitalOwner VAL voluntary non-profit - private COL EmergencyService VAL no COL Condition VAL heart attack COL MeasureCode VAL amix1 COL MeasureName VAL heart attack patients given aspirin at arrival COL Score VAL 77% COL Sample VAL 13 patients COL Stateavg VAL al_ami-1 ,COL PhoneNumber VAL 33x28365x1 ,1
549,COL ProviderNumber VAL 10034 COL HospitalName VAL community hospital inc COL Address1 VAL 805 friendship road COL Address2 VAL empty COL Address3 VAL empty COL City VAL tallassee COL State VAL al COL ZipCode VAL 36078 COL CountyName VAL elmore COL PhoneNumber VAL 3342836541 COL HospitalType VAL acute care hospitals COL HospitalOwner VAL voluntary non-profit - private COL EmergencyService VAL no COL Condition VAL heart attack COL MeasureCode VAL amix1 COL MeasureName VAL heart attack patients given aspirin at arrival COL Score VAL 77% COL Sample VAL 13 patients COL Stateavg VAL al_ami-1 ,COL PhoneNumber VAL 3342836541 ,0
550,COL ProviderNumber VAL 10035 COL HospitalName VAL cullman regional medical center COL Address1 VAL 1912 alabama highway 157 COL Address2 VAL empty COL Address3 VAL empty COL City VAL cullman COL State VAL al COL ZipCode VAL 35058 COL CountyName VAL cullman COL PhoneNumber VAL 2567372000 COL HospitalType VAL acute care hospitals COL HospitalOwner VAL government - hospital district or authority COL EmergencyService VAL yes COL Condition VAL heartxattack COL MeasureCode VAL ami-1 COL MeasureName VAL heart attack patients given aspirin at arrival COL Score VAL 100% COL Sample VAL 51 patients COL Stateavg VAL al_ami-1 ,COL PhoneNumber VAL x56737x000 ,1
551,COL ProviderNumber VAL 10035 COL HospitalName VAL cullman regional medical center COL Address1 VAL 1912 alabama highway 157 COL Address2 VAL empty COL Address3 VAL empty COL City VAL cullman COL State VAL al COL ZipCode VAL 35058 COL CountyName VAL cullman COL PhoneNumber VAL 2567372000 COL HospitalType VAL acute care hospitals COL HospitalOwner VAL government - hospital district or authority COL EmergencyService VAL yes COL Condition VAL heartxattack COL MeasureCode VAL ami-1 COL MeasureName VAL heart attack patients given aspirin at arrival COL Score VAL 100% COL Sample VAL 51 patients COL Stateavg VAL al_ami-1 ,COL PhoneNumber VAL 2567372000 ,0
552,COL ProviderNumber VAL 10036 COL HospitalName VAL andalusia regional hospital COL Address1 VAL 849 south three notch street COL Address2 VAL empty COL Address3 VAL empty COL City VAL andalusia COL State VAL al COL ZipCode VAL 36420 COL CountyName VAL covington COL PhoneNumber VAL 3342228466 COL HospitalType VAL acute care hospitals COL HospitalOwner VAL proprietary COL EmergencyService VAL no COL Condition VAL heart attack COL MeasureCode VAL ami-1 COL MeasureName VAL heart attack patients given aspirin at arrival COL Score VAL 100% COL Sample VAL 8 patients COL Stateavg VAL al_ami-1 ,COL PhoneNumber VAL 33422284xx ,1
553,COL ProviderNumber VAL 10036 COL HospitalName VAL andalusia regional hospital COL Address1 VAL 849 south three notch street COL Address2 VAL empty COL Address3 VAL empty COL City VAL andalusia COL State VAL al COL ZipCode VAL 36420 COL CountyName VAL covington COL PhoneNumber VAL 3342228466 COL HospitalType VAL acute care hospitals COL HospitalOwner VAL proprietary COL EmergencyService VAL no COL Condition VAL heart attack COL MeasureCode VAL ami-1 COL MeasureName VAL heart attack patients given aspirin at arrival COL Score VAL 100% COL Sample VAL 8 patients COL Stateavg VAL al_ami-1 ,COL PhoneNumber VAL 3342228466 ,0
554,COL ProviderNumber VAL 10039 COL HospitalName VAL huntsville hospital COL Address1 VAL 101 sivley rd COL Address2 VAL empty COL Address3 VAL empty COL City VAL huntsville COL State VAL al COL ZipCode VAL 35801 COL CountyName VAL madison COL PhoneNumber VAL 2562651000 COL HospitalType VAL acute care hospitals COL HospitalOwner VAL government - hospital district or authority COL EmergencyService VAL yes COL Condition VAL children s asthma care COL MeasureCode VAL xax-1 COL MeasureName VAL children who received reliever medication while hospitalized for asthma COL Score VAL 100% COL Sample VAL 193 patients COL Stateavg VAL al_cac-1 ,COL PhoneNumber VAL 256265x000 ,1
555,COL ProviderNumber VAL 10039 COL HospitalName VAL huntsville hospital COL Address1 VAL 101 sivley rd COL Address2 VAL empty COL Address3 VAL empty COL City VAL huntsville COL State VAL al COL ZipCode VAL 35801 COL CountyName VAL madison COL PhoneNumber VAL 2562651000 COL HospitalType VAL acute care hospitals COL HospitalOwner VAL government - hospital district or authority COL EmergencyService VAL yes COL Condition VAL children s asthma care COL MeasureCode VAL xax-1 COL MeasureName VAL children who received reliever medication while hospitalized for asthma COL Score VAL 100% COL Sample VAL 193 patients COL Stateavg VAL al_cac-1 ,COL PhoneNumber VAL 2562651000 ,0
556,COL ProviderNumber VAL 10040 COL HospitalName VAL gadsden regional medical center COL Address1 VAL 1007 goodyear avenue COL Address2 VAL empty COL Address3 VAL empty COL City VAL gadsden COL State VAL al COL ZipCode VAL 35903 COL CountyName VAL etowah COL PhoneNumber VAL 2564944000 COL HospitalType VAL acute care hospitals COL HospitalOwner VAL proprietary COL EmergencyService VAL yes COL Condition VAL heart attack COL MeasureCode VAL ami-1 COL MeasureName VAL heart attack patxents gxven aspxrxn at arrxval COL Score VAL 94% COL Sample VAL 123 patients COL Stateavg VAL al_ami-1 ,COL PhoneNumber VAL 256x9xx000 ,1
557,COL ProviderNumber VAL 10040 COL HospitalName VAL gadsden regional medical center COL Address1 VAL 1007 goodyear avenue COL Address2 VAL empty COL Address3 VAL empty COL City VAL gadsden COL State VAL al COL ZipCode VAL 35903 COL CountyName VAL etowah COL PhoneNumber VAL 2564944000 COL HospitalType VAL acute care hospitals COL HospitalOwner VAL proprietary COL EmergencyService VAL yes COL Condition VAL heart attack COL MeasureCode VAL ami-1 COL MeasureName VAL heart attack patxents gxven aspxrxn at arrxval COL Score VAL 94% COL Sample VAL 123 patients COL Stateavg VAL al_ami-1 ,COL PhoneNumber VAL 2564944000 ,0
558,COL ProviderNumber VAL 10043 COL HospitalName VAL chilton medical center COL Address1 VAL 1010 lay dam road COL Address2 VAL empty COL Address3 VAL empty COL City VAL clanton COL State VAL al COL ZipCode VAL 35045 COL CountyName VAL chilton COL PhoneNumber VAL 2057552500 COL HospitalType VAL acute care hospitals COL HospitalOwner VAL voluntary non-profit - private COL EmergencyService VAL yes COL Condition VAL heart attack COL MeasureCode VAL ami-1 COL MeasureName VAL heart attack patients given aspirin at arrival COL Score VAL 100% COL Sample VAL 1 patients COL Stateavg VAL xl_xmi-1 ,COL PhoneNumber VAL 205x552500 ,1
559,COL ProviderNumber VAL 10043 COL HospitalName VAL chilton medical center COL Address1 VAL 1010 lay dam road COL Address2 VAL empty COL Address3 VAL empty COL City VAL clanton COL State VAL al COL ZipCode VAL 35045 COL CountyName VAL chilton COL PhoneNumber VAL 2057552500 COL HospitalType VAL acute care hospitals COL HospitalOwner VAL voluntary non-profit - private COL EmergencyService VAL yes COL Condition VAL heart attack COL MeasureCode VAL ami-1 COL MeasureName VAL heart attack patients given aspirin at arrival COL Score VAL 100% COL Sample VAL 1 patients COL Stateavg VAL xl_xmi-1 ,COL PhoneNumber VAL 2057552500 ,0
560,COL ProviderNumber VAL 10044 COL HospitalName VAL marion regional medical center COL Address1 VAL 1256 military street south COL Address2 VAL empty COL Address3 VAL empty COL City VAL hamilton COL State VAL al COL ZipCode VAL 35570 COL CountyName VAL marion COL PhoneNumber VAL 2059216200 COL HospitalType VAL acute care hospitals COL HospitalOwner VAL voluntary non-profit - private COL EmergencyService VAL yes COL Condition VAL heart attack COL MeasureCode VAL ami-1 COL MeasureName VAL heart attack patients given aspirin at arrival COL Score VAL 67% COL Sample VAL 3 patients COL Stateavg VAL al_ami-1 ,COL PhoneNumber VAL x059x16x00 ,1
561,COL ProviderNumber VAL 10044 COL HospitalName VAL marion regional medical center COL Address1 VAL 1256 military street south COL Address2 VAL empty COL Address3 VAL empty COL City VAL hamilton COL State VAL al COL ZipCode VAL 35570 COL CountyName VAL marion COL PhoneNumber VAL 2059216200 COL HospitalType VAL acute care hospitals COL HospitalOwner VAL voluntary non-profit - private COL EmergencyService VAL yes COL Condition VAL heart attack COL MeasureCode VAL ami-1 COL MeasureName VAL heart attack patients given aspirin at arrival COL Score VAL 67% COL Sample VAL 3 patients COL Stateavg VAL al_ami-1 ,COL PhoneNumber VAL 2059216200 ,0
562,COL ProviderNumber VAL 10045 COL HospitalName VAL fayette medical center COL Address1 VAL 1653 temple avenue north COL Address2 VAL empty COL Address3 VAL empty COL City VAL fayette COL State VAL al COL ZipCode VAL 35555 COL CountyName VAL fayette COL PhoneNumber VAL 2059325966 COL HospitalType VAL acute care hoxpitalx COL HospitalOwner VAL voluntary non-profit - other COL EmergencyService VAL yes COL Condition VAL heart attack COL MeasureCode VAL ami-1 COL MeasureName VAL heart attack patients given aspirin at arrival COL Score VAL 100% COL Sample VAL 18 patients COL Stateavg VAL al_ami-1 ,COL PhoneNumber VAL x0593x5966 ,1
563,COL ProviderNumber VAL 10045 COL HospitalName VAL fayette medical center COL Address1 VAL 1653 temple avenue north COL Address2 VAL empty COL Address3 VAL empty COL City VAL fayette COL State VAL al COL ZipCode VAL 35555 COL CountyName VAL fayette COL PhoneNumber VAL 2059325966 COL HospitalType VAL acute care hoxpitalx COL HospitalOwner VAL voluntary non-profit - other COL EmergencyService VAL yes COL Condition VAL heart attack COL MeasureCode VAL ami-1 COL MeasureName VAL heart attack patients given aspirin at arrival COL Score VAL 100% COL Sample VAL 18 patients COL Stateavg VAL al_ami-1 ,COL PhoneNumber VAL 2059325966 ,0
564,COL ProviderNumber VAL 10046 COL HospitalName VAL riverview regional medical center COL Address1 VAL 600 south third street COL Address2 VAL empty COL Address3 VAL empty COL City VAL gadsden COL State VAL al COL ZipCode VAL 35901 COL CountyName VAL etowah COL PhoneNumber VAL 2565435200 COL HospitalType VAL acutexcarexhospitals COL HospitalOwner VAL proprietary COL EmergencyService VAL yes COL Condition VAL children s asthma care COL MeasureCode VAL cac-1 COL MeasureName VAL childrenxwhoxreceivedxrelieverxmedicationxwhilexhospitalizedxforxasthma COL Score VAL 100% COL Sample VAL 4 patients COL Stateavg VAL al_cac-1 ,COL PhoneNumber VAL 2x6x43x200 ,1
565,COL ProviderNumber VAL 10046 COL HospitalName VAL riverview regional medical center COL Address1 VAL 600 south third street COL Address2 VAL empty COL Address3 VAL empty COL City VAL gadsden COL State VAL al COL ZipCode VAL 35901 COL CountyName VAL etowah COL PhoneNumber VAL 2565435200 COL HospitalType VAL acutexcarexhospitals COL HospitalOwner VAL proprietary COL EmergencyService VAL yes COL Condition VAL children s asthma care COL MeasureCode VAL cac-1 COL MeasureName VAL childrenxwhoxreceivedxrelieverxmedicationxwhilexhospitalizedxforxasthma COL Score VAL 100% COL Sample VAL 4 patients COL Stateavg VAL al_cac-1 ,COL PhoneNumber VAL 2565435200 ,0
566,COL ProviderNumber VAL 10047 COL HospitalName VAL georgiana hospital COL Address1 VAL 515 miranda st COL Address2 VAL empty COL Address3 VAL empty COL City VAL georgiana COL State VAL al COL ZipCode VAL 36033 COL CountyName VAL butler COL PhoneNumber VAL 3343762205 COL HospitalType VAL acute care hospitals COL HospitalOwner VAL voluntary non-profit - private COL EmergencyService VAL no COL Condition VAL heart attack COL MeasureCode VAL amix1 COL MeasureName VAL heart attack patients given aspirin at arrival COL Score VAL 53% COL Sample VAL 19 patients COL Stateavg VAL al_ami-1 ,COL PhoneNumber VAL 33437x2205 ,1
567,COL ProviderNumber VAL 10047 COL HospitalName VAL georgiana hospital COL Address1 VAL 515 miranda st COL Address2 VAL empty COL Address3 VAL empty COL City VAL georgiana COL State VAL al COL ZipCode VAL 36033 COL CountyName VAL butler COL PhoneNumber VAL 3343762205 COL HospitalType VAL acute care hospitals COL HospitalOwner VAL voluntary non-profit - private COL EmergencyService VAL no COL Condition VAL heart attack COL MeasureCode VAL amix1 COL MeasureName VAL heart attack patients given aspirin at arrival COL Score VAL 53% COL Sample VAL 19 patients COL Stateavg VAL al_ami-1 ,COL PhoneNumber VAL 3343762205 ,0
568,COL ProviderNumber VAL 1004x COL HospitalName VAL medical center enterprise COL Address1 VAL 400 n edwards street COL Address2 VAL empty COL Address3 VAL empty COL City VAL enterprise COL State VAL al COL ZipCode VAL 36330 COL CountyName VAL coffee COL PhoneNumber VAL 3343470584 COL HospitalType VAL acute care hospitals COL HospitalOwner VAL proprietary COL EmergencyService VAL yes COL Condition VAL hexrt attxck COL MeasureCode VAL ami-1 COL MeasureName VAL heart attack patients given aspirin at arrival COL Score VAL 100% COL Sample VAL 4 patients COL Stateavg VAL al_ami-1 ,COL PhoneNumber VAL xx4x470584 ,1
569,COL ProviderNumber VAL 1004x COL HospitalName VAL medical center enterprise COL Address1 VAL 400 n edwards street COL Address2 VAL empty COL Address3 VAL empty COL City VAL enterprise COL State VAL al COL ZipCode VAL 36330 COL CountyName VAL coffee COL PhoneNumber VAL 3343470584 COL HospitalType VAL acute care hospitals COL HospitalOwner VAL proprietary COL EmergencyService VAL yes COL Condition VAL hexrt attxck COL MeasureCode VAL ami-1 COL MeasureName VAL heart attack patients given aspirin at arrival COL Score VAL 100% COL Sample VAL 4 patients COL Stateavg VAL al_ami-1 ,COL PhoneNumber VAL 3343470584 ,0
570,COL ProviderNumber VAL 10050 COL HospitalName VAL st vincents blount COL Address1 VAL 150 gilbreath drive COL Address2 VAL empty COL Address3 VAL empty COL City VAL oneonta COL State VAL al COL ZipCode VAL 35121 COL CountyName VAL blount COL PhoneNumber VAL 2052743000 COL HospitalType VAL acute care hospitals COL HospitalOwner VAL voluntary non-profit - private COL EmergencyService VAL yes COL Condition VAL heart attack COL MeasureCode VAL ami-1 COL MeasureName VAL heart attack patients given aspirin at arrival COL Score VAL 100% COL Sample VAL 7 patients COL Stateavg VAL al_ami-1 ,COL PhoneNumber VAL 20527x3000 ,1
571,COL ProviderNumber VAL 10050 COL HospitalName VAL st vincents blount COL Address1 VAL 150 gilbreath drive COL Address2 VAL empty COL Address3 VAL empty COL City VAL oneonta COL State VAL al COL ZipCode VAL 35121 COL CountyName VAL blount COL PhoneNumber VAL 2052743000 COL HospitalType VAL acute care hospitals COL HospitalOwner VAL voluntary non-profit - private COL EmergencyService VAL yes COL Condition VAL heart attack COL MeasureCode VAL ami-1 COL MeasureName VAL heart attack patients given aspirin at arrival COL Score VAL 100% COL Sample VAL 7 patients COL Stateavg VAL al_ami-1 ,COL PhoneNumber VAL 2052743000 ,0
572,COL ProviderNumber VAL 10018 COL HospitalName VAL callahan eye foundation hospital COL Address1 VAL 1720 university blvd COL Address2 VAL empty COL Address3 VAL empty COL City VAL birmingham COL State VAL al COL ZipCode VAL 35233 COL CountyName VAL jefferson COL PhoneNumber VAL 2053258100 COL HospitalType VAL acute care hospitals COL HospitalOwner VAL voluntary non-profit - private COL EmergencyService VAL yes COL Condition VAL surgical infection prevention COL MeasureCode VAL scip-card-2 COL MeasureName VAL surgery patients who were taking heart drugs caxxed beta bxockers before coming to the hospitax who were kept on the beta bxockers during the period just before and after their surgery COL Score VAL empty COL Sample VAL empty COL Stateavg VAL al_scip-card-2 ,COL HospitalType VAL acuxe care hospixals ,1
573,COL ProviderNumber VAL 10018 COL HospitalName VAL callahan eye foundation hospital COL Address1 VAL 1720 university blvd COL Address2 VAL empty COL Address3 VAL empty COL City VAL birmingham COL State VAL al COL ZipCode VAL 35233 COL CountyName VAL jefferson COL PhoneNumber VAL 2053258100 COL HospitalType VAL acute care hospitals COL HospitalOwner VAL voluntary non-profit - private COL EmergencyService VAL yes COL Condition VAL surgical infection prevention COL MeasureCode VAL scip-card-2 COL MeasureName VAL surgery patients who were taking heart drugs caxxed beta bxockers before coming to the hospitax who were kept on the beta bxockers during the period just before and after their surgery COL Score VAL empty COL Sample VAL empty COL Stateavg VAL al_scip-card-2 ,COL HospitalType VAL acute care hospitals ,0
574,COL ProviderNumber VAL 10018 COL HospitalName VAL callahan eye foundation hospital COL Address1 VAL 1720 university blvd COL Address2 VAL empty COL Address3 VAL empty COL City VAL birmingham COL State VAL al COL ZipCode VAL 35233 COL CountyName VAL jefferson COL PhoneNumber VAL 2053258100 COL HospitalType VAL acute care hospitals COL HospitalOwner VAL voluntary non-profit - private COL EmergencyService VAL yes COL Condition VAL surgical infection prevention COL MeasureCode VAL scip-inf-1 COL MeasureName VAL surgery patients who were given an antibiotic at the right time (within one hour before surgery) to help prevent infection COL Score VAL empty COL Sample VAL empty COL Stateavg VAL al_scip-inf-1 ,COL MeasureName VAL surgery patiexts who were givex ax axtibiotic at the right time (withix oxe hour before surgery) to help prevext ixfectiox ,1
575,COL ProviderNumber VAL 10018 COL HospitalName VAL callahan eye foundation hospital COL Address1 VAL 1720 university blvd COL Address2 VAL empty COL Address3 VAL empty COL City VAL birmingham COL State VAL al COL ZipCode VAL 35233 COL CountyName VAL jefferson COL PhoneNumber VAL 2053258100 COL HospitalType VAL acute care hospitals COL HospitalOwner VAL voluntary non-profit - private COL EmergencyService VAL yes COL Condition VAL surgical infection prevention COL MeasureCode VAL scip-inf-1 COL MeasureName VAL surgery patients who were given an antibiotic at the right time (within one hour before surgery) to help prevent infection COL Score VAL empty COL Sample VAL empty COL Stateavg VAL al_scip-inf-1 ,COL MeasureName VAL surgery patients who were given an antibiotic at the right time (within one hour before surgery) to help prevent infection ,0
576,COL ProviderNumber VAL 10018 COL HospitalName VAL callahan eye foundation hospital COL Address1 VAL 1720 university blvd COL Address2 VAL empty COL Address3 VAL empty COL City VAL birmingham COL State VAL al COL ZipCode VAL 35233 COL CountyName VAL jefferson COL PhoneNumber VAL 2053258100 COL HospitalType VAL acute care hospitals COL HospitalOwner VAL voluntary non-profit - private COL EmergencyService VAL yes COL Condition VAL surgical infection prevention COL MeasureCode VAL scip-inf-2 COL MeasureName VAL surgery patients who were given the  right kind  of antibiotic to help prevent infection COL Score VAL empty COL Sample VAL empty COL Stateavg VAL al_scip-inf-2 ,COL MeasureName VAL surgery paxienxs who were given xhe  righx kind  of anxibioxic xo help prevenx infecxion ,1
577,COL ProviderNumber VAL 10018 COL HospitalName VAL callahan eye foundation hospital COL Address1 VAL 1720 university blvd COL Address2 VAL empty COL Address3 VAL empty COL City VAL birmingham COL State VAL al COL ZipCode VAL 35233 COL CountyName VAL jefferson COL PhoneNumber VAL 2053258100 COL HospitalType VAL acute care hospitals COL HospitalOwner VAL voluntary non-profit - private COL EmergencyService VAL yes COL Condition VAL surgical infection prevention COL MeasureCode VAL scip-inf-2 COL MeasureName VAL surgery patients who were given the  right kind  of antibiotic to help prevent infection COL Score VAL empty COL Sample VAL empty COL Stateavg VAL al_scip-inf-2 ,COL MeasureName VAL surgery patients who were given the  right kind  of antibiotic to help prevent infection ,0
578,COL ProviderNumber VAL 10018 COL HospitalName VAL callahan eye foundation hospital COL Address1 VAL 1720 university blvd COL Address2 VAL empty COL Address3 VAL empty COL City VAL birminghxm COL State VAL al COL ZipCode VAL 35233 COL CountyName VAL jefferson COL PhoneNumber VAL 2053258100 COL HospitalType VAL acute care hospitals COL HospitalOwner VAL voluntary non-profit - private COL EmergencyService VAL yes COL Condition VAL surgical infection prevention COL MeasureCode VAL scip-inf-3 COL MeasureName VAL surgery patients whose preventive antibiotics were stopped at the right time (within 24 hours after surgery) COL Score VAL empty COL Sample VAL empty COL Stateavg VAL al_scip-inf-3 ,COL MeasureName VAL surgery patxents whose preventxve antxbxotxcs were stopped at the rxght txme (wxthxn 24 hours after surgery) ,1
579,COL ProviderNumber VAL 10018 COL HospitalName VAL callahan eye foundation hospital COL Address1 VAL 1720 university blvd COL Address2 VAL empty COL Address3 VAL empty COL City VAL birminghxm COL State VAL al COL ZipCode VAL 35233 COL CountyName VAL jefferson COL PhoneNumber VAL 2053258100 COL HospitalType VAL acute care hospitals COL HospitalOwner VAL voluntary non-profit - private COL EmergencyService VAL yes COL Condition VAL surgical infection prevention COL MeasureCode VAL scip-inf-3 COL MeasureName VAL surgery patients whose preventive antibiotics were stopped at the right time (within 24 hours after surgery) COL Score VAL empty COL Sample VAL empty COL Stateavg VAL al_scip-inf-3 ,COL MeasureName VAL surgery patients whose preventive antibiotics were stopped at the right time (within 24 hours after surgery) ,0
580,COL ProviderNumber VAL 10018 COL HospitalName VAL callahan eye foundation hospital COL Address1 VAL 1720 university blvd COL Address2 VAL empty COL Address3 VAL empty COL City VAL birmingham COL State VAL al COL ZipCode VAL 35233 COL CountyName VAL jefferson COL PhoneNumber VAL 2053258100 COL HospitalType VAL acute care hospitals COL HospitalOwner VAL voluntary non-profit - private COL EmergencyService VAL yes COL Condition VAL surgical infection prevention COL MeasureCode VAL scip-inf-4 COL MeasureName VAL all heart surgery patients whose blood sugar (blood glucose) is kept under good control in the days right after surgery COL Score VAL empty COL Sample VAL empty COL Stateavg VAL al_scip-inf-4 ,COL MeasureName VAL all heart surgerx patients whose blood sugar (blood glucose) is kept under good control in the daxs right after surgerx ,1
581,COL ProviderNumber VAL 10018 COL HospitalName VAL callahan eye foundation hospital COL Address1 VAL 1720 university blvd COL Address2 VAL empty COL Address3 VAL empty COL City VAL birmingham COL State VAL al COL ZipCode VAL 35233 COL CountyName VAL jefferson COL PhoneNumber VAL 2053258100 COL HospitalType VAL acute care hospitals COL HospitalOwner VAL voluntary non-profit - private COL EmergencyService VAL yes COL Condition VAL surgical infection prevention COL MeasureCode VAL scip-inf-4 COL MeasureName VAL all heart surgery patients whose blood sugar (blood glucose) is kept under good control in the days right after surgery COL Score VAL empty COL Sample VAL empty COL Stateavg VAL al_scip-inf-4 ,COL MeasureName VAL all heart surgery patients whose blood sugar (blood glucose) is kept under good control in the days right after surgery ,0
582,COL ProviderNumber VAL 10018 COL HospitalName VAL callahan eye foundation hospital COL Address1 VAL 1720 university blvd COL Address2 VAL empty COL Address3 VAL empty COL City VAL birmingham COL State VAL al COL ZipCode VAL 35233 COL CountyName VAL jefferson COL PhoneNumber VAL 2053258100 COL HospitalType VAL acute care hospitals COL HospitalOwner VAL voluntary non-profit - private COL EmergencyService VAL yes COL Condition VAL surgical infection prevention COL MeasureCode VAL scip-inf-6 COL MeasureName VAL surgery patients needing hair removed from the surgical area before surgery who had hair removed using a safer method (electric clippers or hair removal cream c not a razor) COL Score VAL empty COL Sample VAL empty COL Stateavg VAL al_scip-inf-6 ,COL MeasureName VAL surgeryxpatientsxneedingxhairxremovedxfromxthexsurgicalxareaxbeforexsurgeryxwhoxhadxhairxremovedxusingxaxsaferxmethodx(electricxclippersxorxhairxremovalxcreamxcxnotxaxrazor) ,1
583,COL ProviderNumber VAL 10018 COL HospitalName VAL callahan eye foundation hospital COL Address1 VAL 1720 university blvd COL Address2 VAL empty COL Address3 VAL empty COL City VAL birmingham COL State VAL al COL ZipCode VAL 35233 COL CountyName VAL jefferson COL PhoneNumber VAL 2053258100 COL HospitalType VAL acute care hospitals COL HospitalOwner VAL voluntary non-profit - private COL EmergencyService VAL yes COL Condition VAL surgical infection prevention COL MeasureCode VAL scip-inf-6 COL MeasureName VAL surgery patients needing hair removed from the surgical area before surgery who had hair removed using a safer method (electric clippers or hair removal cream c not a razor) COL Score VAL empty COL Sample VAL empty COL Stateavg VAL al_scip-inf-6 ,COL MeasureName VAL surgery patients needing hair removed from the surgical area before surgery who had hair removed using a safer method (electric clippers or hair removal cream c not a razor) ,0
584,COL ProviderNumber VAL 10018 COL HospitalName VAL callahan eye foundation hospital COL Address1 VAL 1720 university blvd COL Address2 VAL empty COL Address3 VAL empty COL City VAL birmingham COL State VAL al COL ZipCode VAL 35233 COL CountyName VAL jefferson COL PhoneNumber VAL 2053258100 COL HospitalType VAL acute care hospitals COL HospitalOwner VAL voluntary non-profit - private COL EmergencyService VAL yes COL Condition VAL surgical infection prevention COL MeasureCode VAL scip-vte-1 COL MeasureName VAL surgery patients whose doctors ordered treatments to prevent blood clots after certain types of surgeries COL Score VAL empty COL Sample VAL empty COL Stateavg VAL al_scip-vte-1 ,COL MeasureName VAL suxgexy patients whose doctoxs oxdexed txeatments to pxevent blood clots aftex cextain types of suxgexies ,1
585,COL ProviderNumber VAL 10018 COL HospitalName VAL callahan eye foundation hospital COL Address1 VAL 1720 university blvd COL Address2 VAL empty COL Address3 VAL empty COL City VAL birmingham COL State VAL al COL ZipCode VAL 35233 COL CountyName VAL jefferson COL PhoneNumber VAL 2053258100 COL HospitalType VAL acute care hospitals COL HospitalOwner VAL voluntary non-profit - private COL EmergencyService VAL yes COL Condition VAL surgical infection prevention COL MeasureCode VAL scip-vte-1 COL MeasureName VAL surgery patients whose doctors ordered treatments to prevent blood clots after certain types of surgeries COL Score VAL empty COL Sample VAL empty COL Stateavg VAL al_scip-vte-1 ,COL MeasureName VAL surgery patients whose doctors ordered treatments to prevent blood clots after certain types of surgeries ,0
586,COL ProviderNumber VAL 10018 COL HospitalName VAL callahan eye foundation hospital COL Address1 VAL 1720 university blvd COL Address2 VAL empty COL Address3 VAL empty COL City VAL birmingxam COL State VAL al COL ZipCode VAL 35233 COL CountyName VAL jefferson COL PhoneNumber VAL 2053258100 COL HospitalType VAL acute care hospitals COL HospitalOwner VAL voluntary non-profit - private COL EmergencyService VAL yes COL Condition VAL surgical infection prevention COL MeasureCode VAL scip-vte-2 COL MeasureName VAL patients who got treatment  at the right time (within 24 hours before or after their surgery) to help prevent blood clots after certain types of surgery COL Score VAL empty COL Sample VAL empty COL Stateavg VAL al_scip-vte-2 ,COL MeasureName VAL patientsxwhoxgotxtreatmentxxatxthexrightxtimex(withinx24xhoursxbeforexorxafterxtheirxsurgery)xtoxhelpxpreventxbloodxclotsxafterxcertainxtypesxofxsurgery ,1
587,COL ProviderNumber VAL 10018 COL HospitalName VAL callahan eye foundation hospital COL Address1 VAL 1720 university blvd COL Address2 VAL empty COL Address3 VAL empty COL City VAL birmingxam COL State VAL al COL ZipCode VAL 35233 COL CountyName VAL jefferson COL PhoneNumber VAL 2053258100 COL HospitalType VAL acute care hospitals COL HospitalOwner VAL voluntary non-profit - private COL EmergencyService VAL yes COL Condition VAL surgical infection prevention COL MeasureCode VAL scip-vte-2 COL MeasureName VAL patients who got treatment  at the right time (within 24 hours before or after their surgery) to help prevent blood clots after certain types of surgery COL Score VAL empty COL Sample VAL empty COL Stateavg VAL al_scip-vte-2 ,COL MeasureName VAL patients who got treatment  at the right time (within 24 hours before or after their surgery) to help prevent blood clots after certain types of surgery ,0
588,COL ProviderNumber VAL 10019 COL HospitalName VAL helen keller memorial hospital COL Address1 VAL 1300 south montgomery avenue COL Address2 VAL empty COL Address3 VAL empty COL City VAL sheffield COL State VAL al COL ZipCode VAL 35660 COL CountyName VAL jefferson COL PhoneNumber VAL 2563864556 COL HospitalType VAL acute care hospitals COL HospitalOwner VAL government - hospital district or authority COL EmergencyService VAL yes COL Condition VAL heart attack COL MeasureCode VAL ami-1 COL MeasureName VAL heart attack patients given aspirin at arrival COL Score VAL 97% COL Sample VAL 33 patients COL Stateavg VAL al_ami-1 ,COL MeasureName VAL heart attack patiexts givex aspirix at arrival ,1
589,COL ProviderNumber VAL 10019 COL HospitalName VAL helen keller memorial hospital COL Address1 VAL 1300 south montgomery avenue COL Address2 VAL empty COL Address3 VAL empty COL City VAL sheffield COL State VAL al COL ZipCode VAL 35660 COL CountyName VAL jefferson COL PhoneNumber VAL 2563864556 COL HospitalType VAL acute care hospitals COL HospitalOwner VAL government - hospital district or authority COL EmergencyService VAL yes COL Condition VAL heart attack COL MeasureCode VAL ami-1 COL MeasureName VAL heart attack patients given aspirin at arrival COL Score VAL 97% COL Sample VAL 33 patients COL Stateavg VAL al_ami-1 ,COL MeasureName VAL heart attack patients given aspirin at arrival ,0
590,COL ProviderNumber VAL 10019 COL HospitalName VAL helen keller memorial hospital COL Address1 VAL 1300 south montgomery avenue COL Address2 VAL empty COL Address3 VAL empty COL City VAL sheffield COL State VAL al COL ZipCode VAL 35660 COL CountyName VAL jefferson COL PhoneNumber VAL 2563864556 COL HospitalType VAL acute care hospitals COL HospitalOwner VAL government - hospital district or authority COL EmergencyService VAL yes COL Condition VAL heart attack COL MeasureCode VAL ami-2 COL MeasureName VAL heart attack patients given aspirin at discharge COL Score VAL 92% COL Sample VAL 13 patients COL Stateavg VAL al_ami-2 ,COL MeasureName VAL heart attack xatients given asxirin at discharge ,1
591,COL ProviderNumber VAL 10019 COL HospitalName VAL helen keller memorial hospital COL Address1 VAL 1300 south montgomery avenue COL Address2 VAL empty COL Address3 VAL empty COL City VAL sheffield COL State VAL al COL ZipCode VAL 35660 COL CountyName VAL jefferson COL PhoneNumber VAL 2563864556 COL HospitalType VAL acute care hospitals COL HospitalOwner VAL government - hospital district or authority COL EmergencyService VAL yes COL Condition VAL heart attack COL MeasureCode VAL ami-2 COL MeasureName VAL heart attack patients given aspirin at discharge COL Score VAL 92% COL Sample VAL 13 patients COL Stateavg VAL al_ami-2 ,COL MeasureName VAL heart attack patients given aspirin at discharge ,0
592,COL ProviderNumber VAL 10019 COL HospitalName VAL helen keller memorial hospital COL Address1 VAL 1300 south montgomery avenue COL Address2 VAL empty COL Address3 VAL empty COL City VAL sheffxeld COL State VAL al COL ZipCode VAL 35660 COL CountyName VAL jefferson COL PhoneNumber VAL 2563864556 COL HospitalType VAL acute care hospitals COL HospitalOwner VAL government - hospital district or authority COL EmergencyService VAL yes COL Condition VAL heart attack COL MeasureCode VAL ami-3 COL MeasureName VAL heart attack patients given ace inhibitor or arb for left ventricular systolic dysfunction (lvsd) COL Score VAL 75% COL Sample VAL 4 patients COL Stateavg VAL al_ami-3 ,COL MeasureName VAL heart attack patients gixen ace inhibitor or arb for left xentricular systolic dysfunction (lxsd) ,1
593,COL ProviderNumber VAL 10019 COL HospitalName VAL helen keller memorial hospital COL Address1 VAL 1300 south montgomery avenue COL Address2 VAL empty COL Address3 VAL empty COL City VAL sheffxeld COL State VAL al COL ZipCode VAL 35660 COL CountyName VAL jefferson COL PhoneNumber VAL 2563864556 COL HospitalType VAL acute care hospitals COL HospitalOwner VAL government - hospital district or authority COL EmergencyService VAL yes COL Condition VAL heart attack COL MeasureCode VAL ami-3 COL MeasureName VAL heart attack patients given ace inhibitor or arb for left ventricular systolic dysfunction (lvsd) COL Score VAL 75% COL Sample VAL 4 patients COL Stateavg VAL al_ami-3 ,COL MeasureName VAL heart attack patients given ace inhibitor or arb for left ventricular systolic dysfunction (lvsd) ,0
594,COL ProviderNumber VAL 10019 COL HospitalName VAL helen keller memorial hospital COL Address1 VAL 1300 south montgomery avenue COL Address2 VAL empty COL Address3 VAL empty COL City VAL sheffield COL State VAL al COL ZipCode VAL 35660 COL CountyName VAL jefferson COL PhoneNumber VAL 2563864556 COL HospitalType VAL acute care hospitals COL HospitalOwner VAL government - hospital district or authority COL EmergencyService VAL yes COL Condition VAL heart attack COL MeasureCode VAL ami-4 COL MeasureName VAL heart attack patients given smoking cessation advice/counseling COL Score VAL 100% COL Sample VAL 4 patients COL Stateavg VAL al_ami-4 ,COL MeasureName VAL heart attack patients xiven smokinx cessation advice/counselinx ,1
595,COL ProviderNumber VAL 10019 COL HospitalName VAL helen keller memorial hospital COL Address1 VAL 1300 south montgomery avenue COL Address2 VAL empty COL Address3 VAL empty COL City VAL sheffield COL State VAL al COL ZipCode VAL 35660 COL CountyName VAL jefferson COL PhoneNumber VAL 2563864556 COL HospitalType VAL acute care hospitals COL HospitalOwner VAL government - hospital district or authority COL EmergencyService VAL yes COL Condition VAL heart attack COL MeasureCode VAL ami-4 COL MeasureName VAL heart attack patients given smoking cessation advice/counseling COL Score VAL 100% COL Sample VAL 4 patients COL Stateavg VAL al_ami-4 ,COL MeasureName VAL heart attack patients given smoking cessation advice/counseling ,0
596,COL ProviderNumber VAL 10019 COL HospitalName VAL helen keller memorial hospital COL Address1 VAL 1300 south montgomery avenue COL Address2 VAL empty COL Address3 VAL empty COL City VAL sheffield COL State VAL al COL ZipCode VAL 35660 COL CountyName VAL jefferson COL PhoneNumber VAL 2563864556 COL HospitalType VAL acute care hospitals COL HospitalOwner VAL government - hospital district or authority COL EmergencyService VAL yes COL Condition VAL heart attack COL MeasureCode VAL ami-5 COL MeasureName VAL heart attack patients given beta blocker at discharge COL Score VAL 86% COL Sample VAL 14 patients COL Stateavg VAL al_ami-5 ,COL MeasureName VAL xeart attack patients given beta blocker at discxarge ,1
597,COL ProviderNumber VAL 10019 COL HospitalName VAL helen keller memorial hospital COL Address1 VAL 1300 south montgomery avenue COL Address2 VAL empty COL Address3 VAL empty COL City VAL sheffield COL State VAL al COL ZipCode VAL 35660 COL CountyName VAL jefferson COL PhoneNumber VAL 2563864556 COL HospitalType VAL acute care hospitals COL HospitalOwner VAL government - hospital district or authority COL EmergencyService VAL yes COL Condition VAL heart attack COL MeasureCode VAL ami-5 COL MeasureName VAL heart attack patients given beta blocker at discharge COL Score VAL 86% COL Sample VAL 14 patients COL Stateavg VAL al_ami-5 ,COL MeasureName VAL heart attack patients given beta blocker at discharge ,0
598,COL ProviderNumber VAL 1xx19 COL HospitalName VAL helen keller memorial hospital COL Address1 VAL 1300 south montgomery avenue COL Address2 VAL empty COL Address3 VAL empty COL City VAL sheffield COL State VAL al COL ZipCode VAL 35660 COL CountyName VAL jefferson COL PhoneNumber VAL 2563864556 COL HospitalType VAL acute care hospitals COL HospitalOwner VAL government - hospital district or authority COL EmergencyService VAL yes COL Condition VAL heart attack COL MeasureCode VAL ami-7a COL MeasureName VAL heart attack patients given fibrinolytic medication within 30 minutes of arrival COL Score VAL empty COL Sample VAL 0 patients COL Stateavg VAL al_ami-7a ,COL MeasureName VAL heartxattackxpatientsxgivenxfibrinolyticxmedicationxwithinx30xminutesxofxarrival ,1
599,COL ProviderNumber VAL 1xx19 COL HospitalName VAL helen keller memorial hospital COL Address1 VAL 1300 south montgomery avenue COL Address2 VAL empty COL Address3 VAL empty COL City VAL sheffield COL State VAL al COL ZipCode VAL 35660 COL CountyName VAL jefferson COL PhoneNumber VAL 2563864556 COL HospitalType VAL acute care hospitals COL HospitalOwner VAL government - hospital district or authority COL EmergencyService VAL yes COL Condition VAL heart attack COL MeasureCode VAL ami-7a COL MeasureName VAL heart attack patients given fibrinolytic medication within 30 minutes of arrival COL Score VAL empty COL Sample VAL 0 patients COL Stateavg VAL al_ami-7a ,COL MeasureName VAL heart attack patients given fibrinolytic medication within 30 minutes of arrival ,0
600,COL ProviderNumber VAL 10019 COL HospitalName VAL helen keller memorial hospital COL Address1 VAL 1300 south montgomery avenue COL Address2 VAL empty COL Address3 VAL empty COL City VAL sheffield COL State VAL al COL ZipCode VAL 35660 COL CountyName VAL jefferson COL PhoneNumber VAL 2563864556 COL HospitalType VAL acute care hospitals COL HospitalOwner VAL government - hospital district or authority COL EmergencyService VAL yes COL Condition VAL heart attack COL MeasureCode VAL ami-8a COL MeasureName VAL heart attack patients given pci within 90 minutes of arrival COL Score VAL empty COL Sample VAL 0 patients COL Stateavg VAL al_ami-8a ,COL MeasureName VAL heart attack patxents gxven pcx wxthxn 90 mxnutes of arrxval ,1
601,COL ProviderNumber VAL 10019 COL HospitalName VAL helen keller memorial hospital COL Address1 VAL 1300 south montgomery avenue COL Address2 VAL empty COL Address3 VAL empty COL City VAL sheffield COL State VAL al COL ZipCode VAL 35660 COL CountyName VAL jefferson COL PhoneNumber VAL 2563864556 COL HospitalType VAL acute care hospitals COL HospitalOwner VAL government - hospital district or authority COL EmergencyService VAL yes COL Condition VAL heart attack COL MeasureCode VAL ami-8a COL MeasureName VAL heart attack patients given pci within 90 minutes of arrival COL Score VAL empty COL Sample VAL 0 patients COL Stateavg VAL al_ami-8a ,COL MeasureName VAL heart attack patients given pci within 90 minutes of arrival ,0
602,COL ProviderNumber VAL 10019 COL HospitalName VAL helen keller memorial hospital COL Address1 VAL 1300 south montgomery avenue COL Address2 VAL empty COL Address3 VAL empty COL City VAL sheffield COL State VAL al COL ZipCode VAL 35660 COL CountyName VAL jefferson COL PhoneNumber VAL 2563864556 COL HospitalType VAL acute care hospitals COL HospitalOwner VAL government - hospital district or authority COL EmergencyService VAL yes COL Condition VAL heart failure COL MeasureCode VAL hf-1 COL MeasureName VAL heart failure patients given discharge instructions COL Score VAL 80% COL Sample VAL 114 patients COL Stateavg VAL al_hf-1 ,COL MeasureName VAL heartxfailurexpatientsxgivenxdischargexinstructions ,1
603,COL ProviderNumber VAL 10019 COL HospitalName VAL helen keller memorial hospital COL Address1 VAL 1300 south montgomery avenue COL Address2 VAL empty COL Address3 VAL empty COL City VAL sheffield COL State VAL al COL ZipCode VAL 35660 COL CountyName VAL jefferson COL PhoneNumber VAL 2563864556 COL HospitalType VAL acute care hospitals COL HospitalOwner VAL government - hospital district or authority COL EmergencyService VAL yes COL Condition VAL heart failure COL MeasureCode VAL hf-1 COL MeasureName VAL heart failure patients given discharge instructions COL Score VAL 80% COL Sample VAL 114 patients COL Stateavg VAL al_hf-1 ,COL MeasureName VAL heart failure patients given discharge instructions ,0
604,COL ProviderNumber VAL 10019 COL HospitalName VAL helen keller memorial hospital COL Address1 VAL 1300 south montgomery avenue COL Address2 VAL empty COL Address3 VAL empty COL City VAL sheffield COL State VAL al COL ZipCode VAL 35660 COL CountyName VAL jefferson COL PhoneNumber VAL 2563864556 COL HospitalType VAL acuxe care hospixals COL HospitalOwner VAL government - hospital district or authority COL EmergencyService VAL yes COL Condition VAL heart failure COL MeasureCode VAL hf-2 COL MeasureName VAL heart failure patients given an evaluation of left ventricular systolic (lvs) function COL Score VAL 99% COL Sample VAL 149 patients COL Stateavg VAL al_hf-2 ,COL MeasureName VAL heaxt failuxe patients given an evaluation of left ventxiculax systolic (lvs) function ,1
605,COL ProviderNumber VAL 10019 COL HospitalName VAL helen keller memorial hospital COL Address1 VAL 1300 south montgomery avenue COL Address2 VAL empty COL Address3 VAL empty COL City VAL sheffield COL State VAL al COL ZipCode VAL 35660 COL CountyName VAL jefferson COL PhoneNumber VAL 2563864556 COL HospitalType VAL acuxe care hospixals COL HospitalOwner VAL government - hospital district or authority COL EmergencyService VAL yes COL Condition VAL heart failure COL MeasureCode VAL hf-2 COL MeasureName VAL heart failure patients given an evaluation of left ventricular systolic (lvs) function COL Score VAL 99% COL Sample VAL 149 patients COL Stateavg VAL al_hf-2 ,COL MeasureName VAL heart failure patients given an evaluation of left ventricular systolic (lvs) function ,0
606,COL ProviderNumber VAL 10019 COL HospitalName VAL helen keller memorial hospital COL Address1 VAL 1300 south montgomery avenue COL Address2 VAL empty COL Address3 VAL empty COL City VAL sheffield COL State VAL al COL ZipCode VAL 35660 COL CountyName VAL jefferson COL PhoneNumber VAL 2563864556 COL HospitalType VAL acute care hospitals COL HospitalOwner VAL government - hospital district or authority COL EmergencyService VAL yes COL Condition VAL heart failure COL MeasureCode VAL hf-3 COL MeasureName VAL heart failure patients given ace inhibitor or arb for left ventricular systolic dysfunction (lvsd) COL Score VAL 92% COL Sample VAL 3x patients COL Stateavg VAL al_hf-3 ,COL MeasureName VAL heart failure patients given ace inhixitor or arx for left ventricular systolic dysfunction (lvsd) ,1
607,COL ProviderNumber VAL 10019 COL HospitalName VAL helen keller memorial hospital COL Address1 VAL 1300 south montgomery avenue COL Address2 VAL empty COL Address3 VAL empty COL City VAL sheffield COL State VAL al COL ZipCode VAL 35660 COL CountyName VAL jefferson COL PhoneNumber VAL 2563864556 COL HospitalType VAL acute care hospitals COL HospitalOwner VAL government - hospital district or authority COL EmergencyService VAL yes COL Condition VAL heart failure COL MeasureCode VAL hf-3 COL MeasureName VAL heart failure patients given ace inhibitor or arb for left ventricular systolic dysfunction (lvsd) COL Score VAL 92% COL Sample VAL 3x patients COL Stateavg VAL al_hf-3 ,COL MeasureName VAL heart failure patients given ace inhibitor or arb for left ventricular systolic dysfunction (lvsd) ,0
608,COL ProviderNumber VAL 10019 COL HospitalName VAL helen keller memorial hospital COL Address1 VAL 1300 south montgomery avenue COL Address2 VAL empty COL Address3 VAL empty COL City VAL sheffield COL State VAL al COL ZipCode VAL 35660 COL CountyName VAL jefferson COL PhoneNumber VAL 2563864556 COL HospitalType VAL acute care hospitals COL HospitalOwner VAL government - hospital district or authority COL EmergencyService VAL yes COL Condition VAL heart failure COL MeasureCode VAL hf-4 COL MeasureName VAL heart failure patients given smoking cessation advice/counseling COL Score VAL 100% COL Sample VAL 41 patients COL Stateavg VAL al_hf-4 ,COL MeasureName VAL heart failure patientx given xmoking cexxation advice/counxeling ,1
609,COL ProviderNumber VAL 10019 COL HospitalName VAL helen keller memorial hospital COL Address1 VAL 1300 south montgomery avenue COL Address2 VAL empty COL Address3 VAL empty COL City VAL sheffield COL State VAL al COL ZipCode VAL 35660 COL CountyName VAL jefferson COL PhoneNumber VAL 2563864556 COL HospitalType VAL acute care hospitals COL HospitalOwner VAL government - hospital district or authority COL EmergencyService VAL yes COL Condition VAL heart failure COL MeasureCode VAL hf-4 COL MeasureName VAL heart failure patients given smoking cessation advice/counseling COL Score VAL 100% COL Sample VAL 41 patients COL Stateavg VAL al_hf-4 ,COL MeasureName VAL heart failure patients given smoking cessation advice/counseling ,0
610,COL ProviderNumber VAL 10001 COL HospitalName VAL southeast alabama medical center COL Address1 VAL 1108 ross clark circle COL Address2 VAL empty COL Address3 VAL empty COL City VAL dothan COL State VAL al COL ZipCode VAL 36302 COL CountyName VAL houston COL PhoneNumber VAL 3347938701 COL HospitalType VAL acute care hospitals COL HospitalOwner VAL government - hospital district or authority COL EmergencyService VAL yes COL Condition VAL pneumonia COL MeasureCode VAL pn-2 COL MeasureName VAL pneumonia patients assessed and given pneumococcal vaccination COL Score VAL 93% COL Sample VAL 191 patients COL Stateavg VAL al_pn-2 ,COL MeasureName VAL pneumonia patients assessex anx given pneumococcal vaccination ,1
611,COL ProviderNumber VAL 10001 COL HospitalName VAL southeast alabama medical center COL Address1 VAL 1108 ross clark circle COL Address2 VAL empty COL Address3 VAL empty COL City VAL dothan COL State VAL al COL ZipCode VAL 36302 COL CountyName VAL houston COL PhoneNumber VAL 3347938701 COL HospitalType VAL acute care hospitals COL HospitalOwner VAL government - hospital district or authority COL EmergencyService VAL yes COL Condition VAL pneumonia COL MeasureCode VAL pn-2 COL MeasureName VAL pneumonia patients assessed and given pneumococcal vaccination COL Score VAL 93% COL Sample VAL 191 patients COL Stateavg VAL al_pn-2 ,COL MeasureName VAL pneumonia patients assessed and given pneumococcal vaccination ,0
612,COL ProviderNumber VAL 10001 COL HospitalName VAL southeast alabama medical center COL Address1 VAL 1108 ross clark circle COL Address2 VAL empty COL Address3 VAL empty COL City VAL dothan COL State VAL al COL ZipCode VAL 36302 COL CountyName VAL houston COL PhoneNumber VAL 3347938701 COL HospitalType VAL acute care hospitals COL HospitalOwner VAL governmenx - hospixal disxricx or auxhorixy COL EmergencyService VAL yes COL Condition VAL pneumonia COL MeasureCode VAL pn-3b COL MeasureName VAL pneumonia patients whose initial emergency room blood culture was performed prior to the administration of the first hospital dose of antibiotics COL Score VAL 89% COL Sample VAL 125 patients COL Stateavg VAL al_pn-3b ,COL MeasureName VAL pnxumonia patixnts whosx initial xmxrgxncy room blood culturx was pxrformxd prior to thx administration of thx first hospital dosx of antibiotics ,1
613,COL ProviderNumber VAL 10001 COL HospitalName VAL southeast alabama medical center COL Address1 VAL 1108 ross clark circle COL Address2 VAL empty COL Address3 VAL empty COL City VAL dothan COL State VAL al COL ZipCode VAL 36302 COL CountyName VAL houston COL PhoneNumber VAL 3347938701 COL HospitalType VAL acute care hospitals COL HospitalOwner VAL governmenx - hospixal disxricx or auxhorixy COL EmergencyService VAL yes COL Condition VAL pneumonia COL MeasureCode VAL pn-3b COL MeasureName VAL pneumonia patients whose initial emergency room blood culture was performed prior to the administration of the first hospital dose of antibiotics COL Score VAL 89% COL Sample VAL 125 patients COL Stateavg VAL al_pn-3b ,COL MeasureName VAL pneumonia patients whose initial emergency room blood culture was performed prior to the administration of the first hospital dose of antibiotics ,0
614,COL ProviderNumber VAL 10001 COL HospitalName VAL southeast alabama medical center COL Address1 VAL 1108 ross clark circle COL Address2 VAL empty COL Address3 VAL empty COL City VAL dothan COL State VAL al COL ZipCode VAL 36302 COL CountyName VAL houston COL PhoneNumber VAL 3347938701 COL HospitalType VAL acute care hospitals COL HospitalOwner VAL government - hospital district or authority COL EmergencyService VAL yes COL Condition VAL pneumonia COL MeasureCode VAL pn-4 COL MeasureName VAL pneumonia patients given smoking cessation advice/counseling COL Score VAL 99% COL Sample VAL 107 patients COL Stateavg VAL al_pn-4 ,COL MeasureName VAL pneumonia patients xiven smokinx cessation advice/counselinx ,1
615,COL ProviderNumber VAL 10001 COL HospitalName VAL southeast alabama medical center COL Address1 VAL 1108 ross clark circle COL Address2 VAL empty COL Address3 VAL empty COL City VAL dothan COL State VAL al COL ZipCode VAL 36302 COL CountyName VAL houston COL PhoneNumber VAL 3347938701 COL HospitalType VAL acute care hospitals COL HospitalOwner VAL government - hospital district or authority COL EmergencyService VAL yes COL Condition VAL pneumonia COL MeasureCode VAL pn-4 COL MeasureName VAL pneumonia patients given smoking cessation advice/counseling COL Score VAL 99% COL Sample VAL 107 patients COL Stateavg VAL al_pn-4 ,COL MeasureName VAL pneumonia patients given smoking cessation advice/counseling ,0
616,COL ProviderNumber VAL 10001 COL HospitalName VAL southeast alabama medical center COL Address1 VAL 1108 ross clark circle COL Address2 VAL empty COL Address3 VAL empty COL City VAL dothan COL State VAL al COL ZipCode VAL 36302 COL CountyName VAL houston COL PhoneNumber VAL 3347938701 COL HospitalType VAL acute care hospitals COL HospitalOwner VAL government - hospital district or authority COL EmergencyService VAL yes COL Condition VAL pneumonia COL MeasureCode VAL pn-5c COL MeasureName VAL pneumonia patients given initial antibiotic(s) within 6 hours after arrival COL Score VAL 92% COL Sample VAL 196 patients COL Stateavg VAL al_pn-5c ,COL MeasureName VAL pneumonix pxtients given initixl xntibiotic(s) within 6 hours xfter xrrivxl ,1
617,COL ProviderNumber VAL 10001 COL HospitalName VAL southeast alabama medical center COL Address1 VAL 1108 ross clark circle COL Address2 VAL empty COL Address3 VAL empty COL City VAL dothan COL State VAL al COL ZipCode VAL 36302 COL CountyName VAL houston COL PhoneNumber VAL 3347938701 COL HospitalType VAL acute care hospitals COL HospitalOwner VAL government - hospital district or authority COL EmergencyService VAL yes COL Condition VAL pneumonia COL MeasureCode VAL pn-5c COL MeasureName VAL pneumonia patients given initial antibiotic(s) within 6 hours after arrival COL Score VAL 92% COL Sample VAL 196 patients COL Stateavg VAL al_pn-5c ,COL MeasureName VAL pneumonia patients given initial antibiotic(s) within 6 hours after arrival ,0
618,COL ProviderNumber VAL 10001 COL HospitalName VAL southeast alabama medical center COL Address1 VAL 1108 ross clark circle COL Address2 VAL empty COL Address3 VAL empty COL City VAL dothan COL State VAL al COL ZipCode VAL 36302 COL CountyName VAL houston COL PhoneNumber VAL 3347938701 COL HospitalType VAL acute care hospitals COL HospitalOwner VAL government - hospital district or authority COL EmergencyService VAL yes COL Condition VAL pneumonia COL MeasureCode VAL pn-6 COL MeasureName VAL pneumonia patients given the most appropriate initial antibiotic(s) COL Score VAL 80% COL Sample VAL 147 patients COL Stateavg VAL al_pn-6 ,COL MeasureName VAL pneumonxa patxents gxven the most approprxate xnxtxal antxbxotxc(s) ,1
619,COL ProviderNumber VAL 10001 COL HospitalName VAL southeast alabama medical center COL Address1 VAL 1108 ross clark circle COL Address2 VAL empty COL Address3 VAL empty COL City VAL dothan COL State VAL al COL ZipCode VAL 36302 COL CountyName VAL houston COL PhoneNumber VAL 3347938701 COL HospitalType VAL acute care hospitals COL HospitalOwner VAL government - hospital district or authority COL EmergencyService VAL yes COL Condition VAL pneumonia COL MeasureCode VAL pn-6 COL MeasureName VAL pneumonia patients given the most appropriate initial antibiotic(s) COL Score VAL 80% COL Sample VAL 147 patients COL Stateavg VAL al_pn-6 ,COL MeasureName VAL pneumonia patients given the most appropriate initial antibiotic(s) ,0
620,COL ProviderNumber VAL 10001 COL HospitalName VAL southeast alabama medical center COL Address1 VAL 1108 ross clark circle COL Address2 VAL empty COL Address3 VAL empty COL City VAL dothan COL State VAL al COL ZipCode VAL 36302 COL CountyName VAL houston COL PhoneNumber VAL 3347938701 COL HospitalType VAL acute care hospitals COL HospitalOwner VAL government - hospital district or authority COL EmergencyService VAL yes COL Condition VAL pneumonia COL MeasureCode VAL pn-7 COL MeasureName VAL pneumonia patients assessed and given influenza vaccination COL Score VAL 84% COL Sample VAL 160 patients COL Stateavg VAL al_pn-7 ,COL MeasureName VAL pxeumoxia patiexts assessed axd givex ixfluexza vaccixatiox ,1
621,COL ProviderNumber VAL 10001 COL HospitalName VAL southeast alabama medical center COL Address1 VAL 1108 ross clark circle COL Address2 VAL empty COL Address3 VAL empty COL City VAL dothan COL State VAL al COL ZipCode VAL 36302 COL CountyName VAL houston COL PhoneNumber VAL 3347938701 COL HospitalType VAL acute care hospitals COL HospitalOwner VAL government - hospital district or authority COL EmergencyService VAL yes COL Condition VAL pneumonia COL MeasureCode VAL pn-7 COL MeasureName VAL pneumonia patients assessed and given influenza vaccination COL Score VAL 84% COL Sample VAL 160 patients COL Stateavg VAL al_pn-7 ,COL MeasureName VAL pneumonia patients assessed and given influenza vaccination ,0
622,COL ProviderNumber VAL 10001 COL HospitalName VAL southeast alabama medical center COL Address1 VAL 1108 ross clark circle COL Address2 VAL empty COL Address3 VAL empty COL City VAL dothan COL State VAL al COL ZipCode VAL 36302 COL CountyName VAL houston COL PhoneNumber VAL xx479x8701 COL HospitalType VAL acute care hospitals COL HospitalOwner VAL government - hospital district or authority COL EmergencyService VAL yes COL Condition VAL surgical infection prevention COL MeasureCode VAL scip-card-2 COL MeasureName VAL surgery patients who were taking heart drugs called beta blockers before coming to the hospital who were kept on the beta blockers during the period just before and after their surgery COL Score VAL 72% COL Sample VAL 79 patients COL Stateavg VAL al_scip-card-2 ,COL MeasureName VAL surgeryxpatientsxwhoxwerextakingxheartxdrugsxcalledxbetaxblockersxbeforexcomingxtoxthexhospitalxwhoxwerexkeptxonxthexbetaxblockersxduringxthexperiodxjustxbeforexandxafterxtheirxsurgery ,1
623,COL ProviderNumber VAL 10001 COL HospitalName VAL southeast alabama medical center COL Address1 VAL 1108 ross clark circle COL Address2 VAL empty COL Address3 VAL empty COL City VAL dothan COL State VAL al COL ZipCode VAL 36302 COL CountyName VAL houston COL PhoneNumber VAL xx479x8701 COL HospitalType VAL acute care hospitals COL HospitalOwner VAL government - hospital district or authority COL EmergencyService VAL yes COL Condition VAL surgical infection prevention COL MeasureCode VAL scip-card-2 COL MeasureName VAL surgery patients who were taking heart drugs called beta blockers before coming to the hospital who were kept on the beta blockers during the period just before and after their surgery COL Score VAL 72% COL Sample VAL 79 patients COL Stateavg VAL al_scip-card-2 ,COL MeasureName VAL surgery patients who were taking heart drugs called beta blockers before coming to the hospital who were kept on the beta blockers during the period just before and after their surgery ,0
624,COL ProviderNumber VAL 10039 COL HospitalName VAL huntsville hospital COL Address1 VAL 101 sivley rd COL Address2 VAL empty COL Address3 VAL empty COL City VAL huntsville COL State VAL al COL ZipCode VAL 35801 COL CountyName VAL madison COL PhoneNumber VAL 2562651000 COL HospitalType VAL acute care hospitals COL HospitalOwner VAL government - hospital district or authority COL EmergencyService VAL yes COL Condition VAL children s asthma care COL MeasureCode VAL cac-2 COL MeasureName VAL children who received systemic corticosteroid medication (oral and iv medication that reduces inflammation and controls symptoms) while hospitalized for asthma COL Score VAL 98% COL Sample VAL 193 patients COL Stateavg VAL al_cac-2 ,COL MeasureName VAL childxen who xeceived systemic coxticostexoid medication (oxal and iv medication that xeduces inflammation and contxols symptoms) while hospitalized fox asthma ,1
625,COL ProviderNumber VAL 10039 COL HospitalName VAL huntsville hospital COL Address1 VAL 101 sivley rd COL Address2 VAL empty COL Address3 VAL empty COL City VAL huntsville COL State VAL al COL ZipCode VAL 35801 COL CountyName VAL madison COL PhoneNumber VAL 2562651000 COL HospitalType VAL acute care hospitals COL HospitalOwner VAL government - hospital district or authority COL EmergencyService VAL yes COL Condition VAL children s asthma care COL MeasureCode VAL cac-2 COL MeasureName VAL children who received systemic corticosteroid medication (oral and iv medication that reduces inflammation and controls symptoms) while hospitalized for asthma COL Score VAL 98% COL Sample VAL 193 patients COL Stateavg VAL al_cac-2 ,COL MeasureName VAL children who received systemic corticosteroid medication (oral and iv medication that reduces inflammation and controls symptoms) while hospitalized for asthma ,0
626,COL ProviderNumber VAL 10038 COL HospitalName VAL stringfellow memorial hospital COL Address1 VAL 301 east 18th st COL Address2 VAL empty COL Address3 VAL empty COL City VAL anniston COL State VAL al COL ZipCode VAL 36201 COL CountyName VAL calhoxn COL PhoneNumber VAL 2562358900 COL HospitalType VAL acute care hospitals COL HospitalOwner VAL proprietary COL EmergencyService VAL yes COL Condition VAL children s asthma care COL MeasureCode VAL cac-3 COL MeasureName VAL children and their caregivers who received a home management plan of care document while hospitalized for asthma COL Score VAL 33% COL Sample VAL 9 patients COL Stateavg VAL al_cac-3 ,COL MeasureName VAL xhildren and their xaregivers who rexeived a home management plan of xare doxument while hospitalized for asthma ,1
627,COL ProviderNumber VAL 10038 COL HospitalName VAL stringfellow memorial hospital COL Address1 VAL 301 east 18th st COL Address2 VAL empty COL Address3 VAL empty COL City VAL anniston COL State VAL al COL ZipCode VAL 36201 COL CountyName VAL calhoxn COL PhoneNumber VAL 2562358900 COL HospitalType VAL acute care hospitals COL HospitalOwner VAL proprietary COL EmergencyService VAL yes COL Condition VAL children s asthma care COL MeasureCode VAL cac-3 COL MeasureName VAL children and their caregivers who received a home management plan of care document while hospitalized for asthma COL Score VAL 33% COL Sample VAL 9 patients COL Stateavg VAL al_cac-3 ,COL MeasureName VAL children and their caregivers who received a home management plan of care document while hospitalized for asthma ,0
628,COL ProviderNumber VAL 10038 COL HospitalName VAL stringfellow memorial hospital COL Address1 VAL 301 east 18th st COL Address2 VAL empty COL Address3 VAL empty COL City VAL anniston COL State VAL al COL ZipCode VAL 36201 COL CountyName VAL calhoun COL PhoneNumber VAL 2562358900 COL HospitalType VAL acute care hospitals COL HospitalOwner VAL proprietary COL EmergencyService VAL yes COL Condition VAL children s asthma care COL MeasureCode VAL cac-1 COL MeasureName VAL children who received reliever medication while hospitalized for asthma COL Score VAL 100% COL Sample VAL 9 patients COL Stateavg VAL al_cac-1 ,COL MeasureName VAL childxen who xeceived xelievex medication while hospitalized fox asthma ,1
629,COL ProviderNumber VAL 10038 COL HospitalName VAL stringfellow memorial hospital COL Address1 VAL 301 east 18th st COL Address2 VAL empty COL Address3 VAL empty COL City VAL anniston COL State VAL al COL ZipCode VAL 36201 COL CountyName VAL calhoun COL PhoneNumber VAL 2562358900 COL HospitalType VAL acute care hospitals COL HospitalOwner VAL proprietary COL EmergencyService VAL yes COL Condition VAL children s asthma care COL MeasureCode VAL cac-1 COL MeasureName VAL children who received reliever medication while hospitalized for asthma COL Score VAL 100% COL Sample VAL 9 patients COL Stateavg VAL al_cac-1 ,COL MeasureName VAL children who received reliever medication while hospitalized for asthma ,0
630,COL ProviderNumber VAL 10018 COL HospitalName VAL callahan eye foundation hospital COL Address1 VAL 1720 university blvd COL Address2 VAL empty COL Address3 VAL empty COL City VAL birmingham COL State VAL al COL ZipCode VAL 35233 COL CountyName VAL jefferson COL PhoneNumber VAL 2053258100 COL HospitalType VAL acute care hospitals COL HospitalOwner VAL voluntary non-profit - private COL EmergencyService VAL yes COL Condition VAL surgical infection prevention COL MeasureCode VAL scip-card-2 COL MeasureName VAL surgery patients who were taking heart drugs caxxed beta bxockers before coming to the hospitax who were kept on the beta bxockers during the period just before and after their surgery COL Score VAL empty COL Sample VAL empty COL Stateavg VAL al_scip-card-2 ,COL Sample VAL xmpty ,1
631,COL ProviderNumber VAL 10018 COL HospitalName VAL callahan eye foundation hospital COL Address1 VAL 1720 university blvd COL Address2 VAL empty COL Address3 VAL empty COL City VAL birmingham COL State VAL al COL ZipCode VAL 35233 COL CountyName VAL jefferson COL PhoneNumber VAL 2053258100 COL HospitalType VAL acute care hospitals COL HospitalOwner VAL voluntary non-profit - private COL EmergencyService VAL yes COL Condition VAL surgical infection prevention COL MeasureCode VAL scip-card-2 COL MeasureName VAL surgery patients who were taking heart drugs caxxed beta bxockers before coming to the hospitax who were kept on the beta bxockers during the period just before and after their surgery COL Score VAL empty COL Sample VAL empty COL Stateavg VAL al_scip-card-2 ,COL Sample VAL empty ,0
632,COL ProviderNumber VAL 10019 COL HospitalName VAL helen keller memorial hospital COL Address1 VAL 1300 south montgomery avenue COL Address2 VAL empty COL Address3 VAL empty COL City VAL sheffield COL State VAL al COL ZipCode VAL 35660 COL CountyName VAL jefferson COL PhoneNumber VAL 2563864556 COL HospitalType VAL acute care hospitals COL HospitalOwner VAL government - hospital district or authority COL EmergencyService VAL yes COL Condition VAL heart attack COL MeasureCode VAL ami-1 COL MeasureName VAL heart attack patients given aspirin at arrival COL Score VAL 97% COL Sample VAL 33 patients COL Stateavg VAL al_ami-1 ,COL Sample VAL 33 patientx ,1
633,COL ProviderNumber VAL 10019 COL HospitalName VAL helen keller memorial hospital COL Address1 VAL 1300 south montgomery avenue COL Address2 VAL empty COL Address3 VAL empty COL City VAL sheffield COL State VAL al COL ZipCode VAL 35660 COL CountyName VAL jefferson COL PhoneNumber VAL 2563864556 COL HospitalType VAL acute care hospitals COL HospitalOwner VAL government - hospital district or authority COL EmergencyService VAL yes COL Condition VAL heart attack COL MeasureCode VAL ami-1 COL MeasureName VAL heart attack patients given aspirin at arrival COL Score VAL 97% COL Sample VAL 33 patients COL Stateavg VAL al_ami-1 ,COL Sample VAL 33 patients ,0
634,COL ProviderNumber VAL 10019 COL HospitalName VAL helen keller memorial hospital COL Address1 VAL 1300 south montgomery avenue COL Address2 VAL empty COL Address3 VAL empty COL City VAL sheffield COL State VAL al COL ZipCode VAL 35660 COL CountyName VAL jefferson COL PhoneNumber VAL 2563864556 COL HospitalType VAL acute care hospitals COL HospitalOwner VAL government - hospital district or authority COL EmergencyService VAL yes COL Condition VAL heart attack COL MeasureCode VAL ami-2 COL MeasureName VAL heart attack patients given aspirin at discharge COL Score VAL 92% COL Sample VAL 13 patients COL Stateavg VAL al_ami-2 ,COL Sample VAL 13 xatients ,1
635,COL ProviderNumber VAL 10019 COL HospitalName VAL helen keller memorial hospital COL Address1 VAL 1300 south montgomery avenue COL Address2 VAL empty COL Address3 VAL empty COL City VAL sheffield COL State VAL al COL ZipCode VAL 35660 COL CountyName VAL jefferson COL PhoneNumber VAL 2563864556 COL HospitalType VAL acute care hospitals COL HospitalOwner VAL government - hospital district or authority COL EmergencyService VAL yes COL Condition VAL heart attack COL MeasureCode VAL ami-2 COL MeasureName VAL heart attack patients given aspirin at discharge COL Score VAL 92% COL Sample VAL 13 patients COL Stateavg VAL al_ami-2 ,COL Sample VAL 13 patients ,0
636,COL ProviderNumber VAL 10019 COL HospitalName VAL helen keller memorial hospital COL Address1 VAL 1300 south montgomery avenue COL Address2 VAL empty COL Address3 VAL empty COL City VAL sheffxeld COL State VAL al COL ZipCode VAL 35660 COL CountyName VAL jefferson COL PhoneNumber VAL 2563864556 COL HospitalType VAL acute care hospitals COL HospitalOwner VAL government - hospital district or authority COL EmergencyService VAL yes COL Condition VAL heart attack COL MeasureCode VAL ami-3 COL MeasureName VAL heart attack patients given ace inhibitor or arb for left ventricular systolic dysfunction (lvsd) COL Score VAL 75% COL Sample VAL 4 patients COL Stateavg VAL al_ami-3 ,COL Sample VAL 4 paxienxs ,1
637,COL ProviderNumber VAL 10019 COL HospitalName VAL helen keller memorial hospital COL Address1 VAL 1300 south montgomery avenue COL Address2 VAL empty COL Address3 VAL empty COL City VAL sheffxeld COL State VAL al COL ZipCode VAL 35660 COL CountyName VAL jefferson COL PhoneNumber VAL 2563864556 COL HospitalType VAL acute care hospitals COL HospitalOwner VAL government - hospital district or authority COL EmergencyService VAL yes COL Condition VAL heart attack COL MeasureCode VAL ami-3 COL MeasureName VAL heart attack patients given ace inhibitor or arb for left ventricular systolic dysfunction (lvsd) COL Score VAL 75% COL Sample VAL 4 patients COL Stateavg VAL al_ami-3 ,COL Sample VAL 4 patients ,0
638,COL ProviderNumber VAL 10019 COL HospitalName VAL helen keller memorial hospital COL Address1 VAL 1300 south montgomery avenue COL Address2 VAL empty COL Address3 VAL empty COL City VAL sheffield COL State VAL al COL ZipCode VAL 35660 COL CountyName VAL jefferson COL PhoneNumber VAL 2563864556 COL HospitalType VAL acute care hospitals COL HospitalOwner VAL government - hospital district or authority COL EmergencyService VAL yes COL Condition VAL heart attack COL MeasureCode VAL ami-5 COL MeasureName VAL heart attack patients given beta blocker at discharge COL Score VAL 86% COL Sample VAL 14 patients COL Stateavg VAL al_ami-5 ,COL Sample VAL 14 pxtients ,1
639,COL ProviderNumber VAL 10019 COL HospitalName VAL helen keller memorial hospital COL Address1 VAL 1300 south montgomery avenue COL Address2 VAL empty COL Address3 VAL empty COL City VAL sheffield COL State VAL al COL ZipCode VAL 35660 COL CountyName VAL jefferson COL PhoneNumber VAL 2563864556 COL HospitalType VAL acute care hospitals COL HospitalOwner VAL government - hospital district or authority COL EmergencyService VAL yes COL Condition VAL heart attack COL MeasureCode VAL ami-5 COL MeasureName VAL heart attack patients given beta blocker at discharge COL Score VAL 86% COL Sample VAL 14 patients COL Stateavg VAL al_ami-5 ,COL Sample VAL 14 patients ,0
640,COL ProviderNumber VAL 1xx19 COL HospitalName VAL helen keller memorial hospital COL Address1 VAL 1300 south montgomery avenue COL Address2 VAL empty COL Address3 VAL empty COL City VAL sheffield COL State VAL al COL ZipCode VAL 35660 COL CountyName VAL jefferson COL PhoneNumber VAL 2563864556 COL HospitalType VAL acute care hospitals COL HospitalOwner VAL government - hospital district or authority COL EmergencyService VAL yes COL Condition VAL heart attack COL MeasureCode VAL ami-7a COL MeasureName VAL heart attack patients given fibrinolytic medication within 30 minutes of arrival COL Score VAL empty COL Sample VAL 0 patients COL Stateavg VAL al_ami-7a ,COL Sample VAL 0xpatients ,1
641,COL ProviderNumber VAL 1xx19 COL HospitalName VAL helen keller memorial hospital COL Address1 VAL 1300 south montgomery avenue COL Address2 VAL empty COL Address3 VAL empty COL City VAL sheffield COL State VAL al COL ZipCode VAL 35660 COL CountyName VAL jefferson COL PhoneNumber VAL 2563864556 COL HospitalType VAL acute care hospitals COL HospitalOwner VAL government - hospital district or authority COL EmergencyService VAL yes COL Condition VAL heart attack COL MeasureCode VAL ami-7a COL MeasureName VAL heart attack patients given fibrinolytic medication within 30 minutes of arrival COL Score VAL empty COL Sample VAL 0 patients COL Stateavg VAL al_ami-7a ,COL Sample VAL 0 patients ,0
642,COL ProviderNumber VAL 10019 COL HospitalName VAL helen keller memorial hospital COL Address1 VAL 1300 south montgomery avenue COL Address2 VAL empty COL Address3 VAL empty COL City VAL sheffield COL State VAL al COL ZipCode VAL 35660 COL CountyName VAL jefferson COL PhoneNumber VAL 2563864556 COL HospitalType VAL acute care hospitals COL HospitalOwner VAL government - hospital district or authority COL EmergencyService VAL yes COL Condition VAL heart failure COL MeasureCode VAL hf-1 COL MeasureName VAL heart failure patients given discharge instructions COL Score VAL 80% COL Sample VAL 114 patients COL Stateavg VAL al_hf-1 ,COL Sample VAL 114 xatients ,1
643,COL ProviderNumber VAL 10019 COL HospitalName VAL helen keller memorial hospital COL Address1 VAL 1300 south montgomery avenue COL Address2 VAL empty COL Address3 VAL empty COL City VAL sheffield COL State VAL al COL ZipCode VAL 35660 COL CountyName VAL jefferson COL PhoneNumber VAL 2563864556 COL HospitalType VAL acute care hospitals COL HospitalOwner VAL government - hospital district or authority COL EmergencyService VAL yes COL Condition VAL heart failure COL MeasureCode VAL hf-1 COL MeasureName VAL heart failure patients given discharge instructions COL Score VAL 80% COL Sample VAL 114 patients COL Stateavg VAL al_hf-1 ,COL Sample VAL 114 patients ,0
644,COL ProviderNumber VAL 10019 COL HospitalName VAL helen keller memorial hospital COL Address1 VAL 1300 south montgomery avenue COL Address2 VAL empty COL Address3 VAL empty COL City VAL sheffield COL State VAL al COL ZipCode VAL 35660 COL CountyName VAL jefferson COL PhoneNumber VAL 2563864556 COL HospitalType VAL acuxe care hospixals COL HospitalOwner VAL government - hospital district or authority COL EmergencyService VAL yes COL Condition VAL heart failure COL MeasureCode VAL hf-2 COL MeasureName VAL heart failure patients given an evaluation of left ventricular systolic (lvs) function COL Score VAL 99% COL Sample VAL 149 patients COL Stateavg VAL al_hf-2 ,COL Sample VAL x49 patients ,1
645,COL ProviderNumber VAL 10019 COL HospitalName VAL helen keller memorial hospital COL Address1 VAL 1300 south montgomery avenue COL Address2 VAL empty COL Address3 VAL empty COL City VAL sheffield COL State VAL al COL ZipCode VAL 35660 COL CountyName VAL jefferson COL PhoneNumber VAL 2563864556 COL HospitalType VAL acuxe care hospixals COL HospitalOwner VAL government - hospital district or authority COL EmergencyService VAL yes COL Condition VAL heart failure COL MeasureCode VAL hf-2 COL MeasureName VAL heart failure patients given an evaluation of left ventricular systolic (lvs) function COL Score VAL 99% COL Sample VAL 149 patients COL Stateavg VAL al_hf-2 ,COL Sample VAL 149 patients ,0
646,COL ProviderNumber VAL 10019 COL HospitalName VAL helen keller memorial hospital COL Address1 VAL 1300 south montgomery avenue COL Address2 VAL empty COL Address3 VAL empty COL City VAL sheffield COL State VAL al COL ZipCode VAL 35660 COL CountyName VAL jefferson COL PhoneNumber VAL 2563864556 COL HospitalType VAL acute care hospitals COL HospitalOwner VAL government - hospital district or authority COL EmergencyService VAL yes COL Condition VAL heart failure COL MeasureCode VAL hf-4 COL MeasureName VAL heart failure patients given smoking cessation advice/counseling COL Score VAL 100% COL Sample VAL 41 patients COL Stateavg VAL al_hf-4 ,COL Sample VAL 41 xatients ,1
647,COL ProviderNumber VAL 10019 COL HospitalName VAL helen keller memorial hospital COL Address1 VAL 1300 south montgomery avenue COL Address2 VAL empty COL Address3 VAL empty COL City VAL sheffield COL State VAL al COL ZipCode VAL 35660 COL CountyName VAL jefferson COL PhoneNumber VAL 2563864556 COL HospitalType VAL acute care hospitals COL HospitalOwner VAL government - hospital district or authority COL EmergencyService VAL yes COL Condition VAL heart failure COL MeasureCode VAL hf-4 COL MeasureName VAL heart failure patients given smoking cessation advice/counseling COL Score VAL 100% COL Sample VAL 41 patients COL Stateavg VAL al_hf-4 ,COL Sample VAL 41 patients ,0
648,COL ProviderNumber VAL 10001 COL HospitalName VAL southeast alabama medical center COL Address1 VAL 1108 ross clark circle COL Address2 VAL empty COL Address3 VAL empty COL City VAL dothan COL State VAL al COL ZipCode VAL 36302 COL CountyName VAL houston COL PhoneNumber VAL 3347938701 COL HospitalType VAL acute care hospitals COL HospitalOwner VAL government - hospital district or authority COL EmergencyService VAL yes COL Condition VAL heart attack COL MeasureCode VAL ami-1 COL MeasureName VAL heart attack patients given aspirin at arrival COL Score VAL 98% COL Sample VAL 270 patients COL Stateavg VAL al_ami-1 ,COL Sample VAL 270 paxienxs ,1
649,COL ProviderNumber VAL 10001 COL HospitalName VAL southeast alabama medical center COL Address1 VAL 1108 ross clark circle COL Address2 VAL empty COL Address3 VAL empty COL City VAL dothan COL State VAL al COL ZipCode VAL 36302 COL CountyName VAL houston COL PhoneNumber VAL 3347938701 COL HospitalType VAL acute care hospitals COL HospitalOwner VAL government - hospital district or authority COL EmergencyService VAL yes COL Condition VAL heart attack COL MeasureCode VAL ami-1 COL MeasureName VAL heart attack patients given aspirin at arrival COL Score VAL 98% COL Sample VAL 270 patients COL Stateavg VAL al_ami-1 ,COL Sample VAL 270 patients ,0
650,COL ProviderNumber VAL 10001 COL HospitalName VAL southeast alabama medical center COL Address1 VAL 1108 ross clark circle COL Address2 VAL empty COL Address3 VAL empty COL City VAL dothan COL State VAL al COL ZipCode VAL 36302 COL CountyName VAL houston COL PhoneNumber VAL 3347938701 COL HospitalType VAL acute care hospitals COL HospitalOwner VAL government - hospital district or authority COL EmergencyService VAL yes COL Condition VAL heart attack COL MeasureCode VAL ami-2 COL MeasureName VAL heart attack patients given aspirin at discharge COL Score VAL 99% COL Sample VAL 516 patients COL Stateavg VAL al_ami-2 ,COL Sample VAL 516 paxienxs ,1
651,COL ProviderNumber VAL 10001 COL HospitalName VAL southeast alabama medical center COL Address1 VAL 1108 ross clark circle COL Address2 VAL empty COL Address3 VAL empty COL City VAL dothan COL State VAL al COL ZipCode VAL 36302 COL CountyName VAL houston COL PhoneNumber VAL 3347938701 COL HospitalType VAL acute care hospitals COL HospitalOwner VAL government - hospital district or authority COL EmergencyService VAL yes COL Condition VAL heart attack COL MeasureCode VAL ami-2 COL MeasureName VAL heart attack patients given aspirin at discharge COL Score VAL 99% COL Sample VAL 516 patients COL Stateavg VAL al_ami-2 ,COL Sample VAL 516 patients ,0
652,COL ProviderNumber VAL 10001 COL HospitalName VAL southeast alabama medical center COL Address1 VAL 1108 ross clark circle COL Address2 VAL empty COL Address3 VAL empty COL City VAL dothan COL State VAL al COL ZipCode VAL 36302 COL CountyName VAL houston COL PhoneNumber VAL 3347938701 COL HospitalType VAL acute care hospitals COL HospitalOwner VAL government - hospital district or authority COL EmergencyService VAL yes COL Condition VAL heart attaxk COL MeasureCode VAL ami-3 COL MeasureName VAL heart attack patients given ace inhibitor or arb for left ventricular systolic dysfunction (lvsd) COL Score VAL 96% COL Sample VAL 71 patients COL Stateavg VAL al_ami-3 ,COL Sample VAL 7x patients ,1
653,COL ProviderNumber VAL 10001 COL HospitalName VAL southeast alabama medical center COL Address1 VAL 1108 ross clark circle COL Address2 VAL empty COL Address3 VAL empty COL City VAL dothan COL State VAL al COL ZipCode VAL 36302 COL CountyName VAL houston COL PhoneNumber VAL 3347938701 COL HospitalType VAL acute care hospitals COL HospitalOwner VAL government - hospital district or authority COL EmergencyService VAL yes COL Condition VAL heart attaxk COL MeasureCode VAL ami-3 COL MeasureName VAL heart attack patients given ace inhibitor or arb for left ventricular systolic dysfunction (lvsd) COL Score VAL 96% COL Sample VAL 71 patients COL Stateavg VAL al_ami-3 ,COL Sample VAL 71 patients ,0
654,COL ProviderNumber VAL 10001 COL HospitalName VAL southeast alabama medical center COL Address1 VAL 1108 ross clark circle COL Address2 VAL empty COL Address3 VAL empty COL City VAL dothan COL State VAL al COL ZipCode VAL 36302 COL CountyName VAL houston COL PhoneNumber VAL 3347938701 COL HospitalType VAL acute care hospitals COL HospitalOwner VAL government - hospxtal dxstrxct or authorxty COL EmergencyService VAL yes COL Condition VAL hearx axxack COL MeasureCode VAL ami-4 COL MeasureName VAL heart attack patients given smoking cessation advice/counseling COL Score VAL 100% COL Sample VAL 244 patients COL Stateavg VAL al_ami-4 ,COL Sample VAL 2xx patients ,1
655,COL ProviderNumber VAL 10001 COL HospitalName VAL southeast alabama medical center COL Address1 VAL 1108 ross clark circle COL Address2 VAL empty COL Address3 VAL empty COL City VAL dothan COL State VAL al COL ZipCode VAL 36302 COL CountyName VAL houston COL PhoneNumber VAL 3347938701 COL HospitalType VAL acute care hospitals COL HospitalOwner VAL government - hospxtal dxstrxct or authorxty COL EmergencyService VAL yes COL Condition VAL hearx axxack COL MeasureCode VAL ami-4 COL MeasureName VAL heart attack patients given smoking cessation advice/counseling COL Score VAL 100% COL Sample VAL 244 patients COL Stateavg VAL al_ami-4 ,COL Sample VAL 244 patients ,0
656,COL ProviderNumber VAL 10001 COL HospitalName VAL southeast alabama medical center COL Address1 VAL 1108 ross clark circle COL Address2 VAL empty COL Address3 VAL empty COL City VAL dothan COL State VAL al COL ZipCode VAL 36302 COL CountyName VAL houston COL PhoneNumber VAL 3347938701 COL HospitalType VAL acute care hospitals COL HospitalOwner VAL government - hospital district or authority COL EmergencyService VAL yes COL Condition VAL heart attack COL MeasureCode VAL ami-5 COL MeasureName VAL heart attack patients given beta blocker at discharge COL Score VAL 99% COL Sample VAL 441 patients COL Stateavg VAL al_ami-5 ,COL Sample VAL 441 paxienxs ,1
657,COL ProviderNumber VAL 10001 COL HospitalName VAL southeast alabama medical center COL Address1 VAL 1108 ross clark circle COL Address2 VAL empty COL Address3 VAL empty COL City VAL dothan COL State VAL al COL ZipCode VAL 36302 COL CountyName VAL houston COL PhoneNumber VAL 3347938701 COL HospitalType VAL acute care hospitals COL HospitalOwner VAL government - hospital district or authority COL EmergencyService VAL yes COL Condition VAL heart attack COL MeasureCode VAL ami-5 COL MeasureName VAL heart attack patients given beta blocker at discharge COL Score VAL 99% COL Sample VAL 441 patients COL Stateavg VAL al_ami-5 ,COL Sample VAL 441 patients ,0
658,COL ProviderNumber VAL 10001 COL HospitalName VAL southeast alabama medical center COL Address1 VAL 1108 ross clark circle COL Address2 VAL empty COL Address3 VAL empty COL City VAL dothan COL State VAL al COL ZipCode VAL 36302 COL CountyName VAL houston COL PhoneNumber VAL 3347938701 COL HospitalType VAL acute care hospitals COL HospitalOwner VAL government - hospital district or authority COL EmergencyService VAL yes COL Condition VAL heart attack COL MeasureCode VAL ami-8a COL MeasureName VAL heart attack patients given pci within 90 minutes of arrival COL Score VAL 72% COL Sample VAL 40 patients COL Stateavg VAL al_ami-8a ,COL Sample VAL 40xpatients ,1
659,COL ProviderNumber VAL 10001 COL HospitalName VAL southeast alabama medical center COL Address1 VAL 1108 ross clark circle COL Address2 VAL empty COL Address3 VAL empty COL City VAL dothan COL State VAL al COL ZipCode VAL 36302 COL CountyName VAL houston COL PhoneNumber VAL 3347938701 COL HospitalType VAL acute care hospitals COL HospitalOwner VAL government - hospital district or authority COL EmergencyService VAL yes COL Condition VAL heart attack COL MeasureCode VAL ami-8a COL MeasureName VAL heart attack patients given pci within 90 minutes of arrival COL Score VAL 72% COL Sample VAL 40 patients COL Stateavg VAL al_ami-8a ,COL Sample VAL 40 patients ,0
660,COL ProviderNumber VAL 10001 COL HospitalName VAL southeast alabama medxcal center COL Address1 VAL 1108 ross clark circle COL Address2 VAL empty COL Address3 VAL empty COL City VAL dothan COL State VAL al COL ZipCode VAL 36302 COL CountyName VAL houston COL PhoneNumber VAL 3347938701 COL HospitalType VAL acute care hospitals COL HospitalOwner VAL government - hospital district or authority COL EmergencyService VAL yes COL Condition VAL heart failure COL MeasureCode VAL hf-1 COL MeasureName VAL heart failure patients given discharge instructions COL Score VAL 78% COL Sample VAL 455 patients COL Stateavg VAL al_hf-1 ,COL Sample VAL 455 pxtients ,1
661,COL ProviderNumber VAL 10001 COL HospitalName VAL southeast alabama medxcal center COL Address1 VAL 1108 ross clark circle COL Address2 VAL empty COL Address3 VAL empty COL City VAL dothan COL State VAL al COL ZipCode VAL 36302 COL CountyName VAL houston COL PhoneNumber VAL 3347938701 COL HospitalType VAL acute care hospitals COL HospitalOwner VAL government - hospital district or authority COL EmergencyService VAL yes COL Condition VAL heart failure COL MeasureCode VAL hf-1 COL MeasureName VAL heart failure patients given discharge instructions COL Score VAL 78% COL Sample VAL 455 patients COL Stateavg VAL al_hf-1 ,COL Sample VAL 455 patients ,0
662,COL ProviderNumber VAL 10001 COL HospitalName VAL southeast alabama medical center COL Address1 VAL 1108 ross clark circle COL Address2 VAL empty COL Address3 VAL empty COL City VAL dothan COL State VAL al COL ZipCode VAL 36302 COL CountyName VAL houston COL PhoneNumber VAL 3347938701 COL HospitalType VAL acute care hospitals COL HospitalOwner VAL government - hospital xistrict or authority COL EmergencyService VAL yes COL Condition VAL heart failure COL MeasureCode VAL hf-2 COL MeasureName VAL heart failure patients given an evaluation of left ventricular systolic (lvs) function COL Score VAL 99% COL Sample VAL 514 patients COL Stateavg VAL al_hf-2 ,COL Sample VAL 514 patixnts ,1
663,COL ProviderNumber VAL 10001 COL HospitalName VAL southeast alabama medical center COL Address1 VAL 1108 ross clark circle COL Address2 VAL empty COL Address3 VAL empty COL City VAL dothan COL State VAL al COL ZipCode VAL 36302 COL CountyName VAL houston COL PhoneNumber VAL 3347938701 COL HospitalType VAL acute care hospitals COL HospitalOwner VAL government - hospital xistrict or authority COL EmergencyService VAL yes COL Condition VAL heart failure COL MeasureCode VAL hf-2 COL MeasureName VAL heart failure patients given an evaluation of left ventricular systolic (lvs) function COL Score VAL 99% COL Sample VAL 514 patients COL Stateavg VAL al_hf-2 ,COL Sample VAL 514 patients ,0
664,COL ProviderNumber VAL 10001 COL HospitalName VAL southeast alabama medical center COL Address1 VAL 1108 ross clark circle COL Address2 VAL empty COL Address3 VAL empty COL City VAL dothan COL State VAL al COL ZipCode VAL 36302 COL CountyName VAL houston COL PhoneNumber VAL 3347938701 COL HospitalType VAL acute care hospitals COL HospitalOwner VAL government - hospital district or authority COL EmergencyService VAL yes COL Condition VAL heart failure COL MeasureCode VAL hf-3 COL MeasureName VAL heart failure patients given ace inhibitor or arb for left ventricular systolic dysfunction (lvsd) COL Score VAL 91% COL Sample VAL 165 patients COL Stateavg VAL al_hf-3 ,COL Sample VAL 165 patientx ,1
665,COL ProviderNumber VAL 10001 COL HospitalName VAL southeast alabama medical center COL Address1 VAL 1108 ross clark circle COL Address2 VAL empty COL Address3 VAL empty COL City VAL dothan COL State VAL al COL ZipCode VAL 36302 COL CountyName VAL houston COL PhoneNumber VAL 3347938701 COL HospitalType VAL acute care hospitals COL HospitalOwner VAL government - hospital district or authority COL EmergencyService VAL yes COL Condition VAL heart failure COL MeasureCode VAL hf-3 COL MeasureName VAL heart failure patients given ace inhibitor or arb for left ventricular systolic dysfunction (lvsd) COL Score VAL 91% COL Sample VAL 165 patients COL Stateavg VAL al_hf-3 ,COL Sample VAL 165 patients ,0
666,COL ProviderNumber VAL 10001 COL HospitalName VAL southeast alabama medical center COL Address1 VAL 1108 ross clark circle COL Address2 VAL empty COL Address3 VAL empty COL City VAL dothan COL State VAL al COL ZipCode VAL 36302 COL CountyName VAL houston COL PhoneNumber VAL 3347938701 COL HospitalType VAL acute care hospitals COL HospitalOwner VAL government - hospital district or authority COL EmergencyService VAL yes COL Condition VAL heart failure COL MeasureCode VAL hf-4 COL MeasureName VAL heart failure patients given smoking cessation advice/counseling COL Score VAL 100% COL Sample VAL 110 patients COL Stateavg VAL al_hf-4 ,COL Sample VAL 110 pxtients ,1
667,COL ProviderNumber VAL 10001 COL HospitalName VAL southeast alabama medical center COL Address1 VAL 1108 ross clark circle COL Address2 VAL empty COL Address3 VAL empty COL City VAL dothan COL State VAL al COL ZipCode VAL 36302 COL CountyName VAL houston COL PhoneNumber VAL 3347938701 COL HospitalType VAL acute care hospitals COL HospitalOwner VAL government - hospital district or authority COL EmergencyService VAL yes COL Condition VAL heart failure COL MeasureCode VAL hf-4 COL MeasureName VAL heart failure patients given smoking cessation advice/counseling COL Score VAL 100% COL Sample VAL 110 patients COL Stateavg VAL al_hf-4 ,COL Sample VAL 110 patients ,0
668,COL ProviderNumber VAL 10001 COL HospitalName VAL southeast alabama medical center COL Address1 VAL 1108 ross clark circle COL Address2 VAL empty COL Address3 VAL empty COL City VAL dothan COL State VAL al COL ZipCode VAL 36302 COL CountyName VAL houston COL PhoneNumber VAL 3347938701 COL HospitalType VAL acute care hospitals COL HospitalOwner VAL government - hospital district or authority COL EmergencyService VAL yes COL Condition VAL pneumonia COL MeasureCode VAL pn-2 COL MeasureName VAL pneumonia patients assessed and given pneumococcal vaccination COL Score VAL 93% COL Sample VAL 191 patients COL Stateavg VAL al_pn-2 ,COL Sample VAL x9x patients ,1
669,COL ProviderNumber VAL 10001 COL HospitalName VAL southeast alabama medical center COL Address1 VAL 1108 ross clark circle COL Address2 VAL empty COL Address3 VAL empty COL City VAL dothan COL State VAL al COL ZipCode VAL 36302 COL CountyName VAL houston COL PhoneNumber VAL 3347938701 COL HospitalType VAL acute care hospitals COL HospitalOwner VAL government - hospital district or authority COL EmergencyService VAL yes COL Condition VAL pneumonia COL MeasureCode VAL pn-2 COL MeasureName VAL pneumonia patients assessed and given pneumococcal vaccination COL Score VAL 93% COL Sample VAL 191 patients COL Stateavg VAL al_pn-2 ,COL Sample VAL 191 patients ,0
670,COL ProviderNumber VAL 10001 COL HospitalName VAL southeast alabama medical center COL Address1 VAL 1108 ross clark circle COL Address2 VAL empty COL Address3 VAL empty COL City VAL dothan COL State VAL al COL ZipCode VAL 36302 COL CountyName VAL houston COL PhoneNumber VAL 3347938701 COL HospitalType VAL acute care hospitals COL HospitalOwner VAL governmenx - hospixal disxricx or auxhorixy COL EmergencyService VAL yes COL Condition VAL pneumonia COL MeasureCode VAL pn-3b COL MeasureName VAL pneumonia patients whose initial emergency room blood culture was performed prior to the administration of the first hospital dose of antibiotics COL Score VAL 89% COL Sample VAL 125 patients COL Stateavg VAL al_pn-3b ,COL Sample VAL 125 xatients ,1
671,COL ProviderNumber VAL 10001 COL HospitalName VAL southeast alabama medical center COL Address1 VAL 1108 ross clark circle COL Address2 VAL empty COL Address3 VAL empty COL City VAL dothan COL State VAL al COL ZipCode VAL 36302 COL CountyName VAL houston COL PhoneNumber VAL 3347938701 COL HospitalType VAL acute care hospitals COL HospitalOwner VAL governmenx - hospixal disxricx or auxhorixy COL EmergencyService VAL yes COL Condition VAL pneumonia COL MeasureCode VAL pn-3b COL MeasureName VAL pneumonia patients whose initial emergency room blood culture was performed prior to the administration of the first hospital dose of antibiotics COL Score VAL 89% COL Sample VAL 125 patients COL Stateavg VAL al_pn-3b ,COL Sample VAL 125 patients ,0
672,COL ProviderNumber VAL 10001 COL HospitalName VAL southeast alabama medical center COL Address1 VAL 1108 ross clark circle COL Address2 VAL empty COL Address3 VAL empty COL City VAL dothan COL State VAL al COL ZipCode VAL 36302 COL CountyName VAL houston COL PhoneNumber VAL 3347938701 COL HospitalType VAL acute care hospitals COL HospitalOwner VAL government - hospital district or authority COL EmergencyService VAL yes COL Condition VAL pneumonia COL MeasureCode VAL pn-4 COL MeasureName VAL pneumonia patients given smoking cessation advice/counseling COL Score VAL 99% COL Sample VAL 107 patients COL Stateavg VAL al_pn-4 ,COL Sample VAL 107 patiexts ,1
673,COL ProviderNumber VAL 10001 COL HospitalName VAL southeast alabama medical center COL Address1 VAL 1108 ross clark circle COL Address2 VAL empty COL Address3 VAL empty COL City VAL dothan COL State VAL al COL ZipCode VAL 36302 COL CountyName VAL houston COL PhoneNumber VAL 3347938701 COL HospitalType VAL acute care hospitals COL HospitalOwner VAL government - hospital district or authority COL EmergencyService VAL yes COL Condition VAL pneumonia COL MeasureCode VAL pn-4 COL MeasureName VAL pneumonia patients given smoking cessation advice/counseling COL Score VAL 99% COL Sample VAL 107 patients COL Stateavg VAL al_pn-4 ,COL Sample VAL 107 patients ,0
674,COL ProviderNumber VAL 10001 COL HospitalName VAL southeast alabama medical center COL Address1 VAL 1108 ross clark circle COL Address2 VAL empty COL Address3 VAL empty COL City VAL dothan COL State VAL al COL ZipCode VAL 36302 COL CountyName VAL houston COL PhoneNumber VAL 3347938701 COL HospitalType VAL acute care hospitals COL HospitalOwner VAL government - hospital district or authority COL EmergencyService VAL yes COL Condition VAL pneumonia COL MeasureCode VAL pn-5c COL MeasureName VAL pneumonia patients given initial antibiotic(s) within 6 hours after arrival COL Score VAL 92% COL Sample VAL 196 patients COL Stateavg VAL al_pn-5c ,COL Sample VAL 19x patients ,1
675,COL ProviderNumber VAL 10001 COL HospitalName VAL southeast alabama medical center COL Address1 VAL 1108 ross clark circle COL Address2 VAL empty COL Address3 VAL empty COL City VAL dothan COL State VAL al COL ZipCode VAL 36302 COL CountyName VAL houston COL PhoneNumber VAL 3347938701 COL HospitalType VAL acute care hospitals COL HospitalOwner VAL government - hospital district or authority COL EmergencyService VAL yes COL Condition VAL pneumonia COL MeasureCode VAL pn-5c COL MeasureName VAL pneumonia patients given initial antibiotic(s) within 6 hours after arrival COL Score VAL 92% COL Sample VAL 196 patients COL Stateavg VAL al_pn-5c ,COL Sample VAL 196 patients ,0
676,COL ProviderNumber VAL 10001 COL HospitalName VAL southeast alabama medical center COL Address1 VAL 1108 ross clark circle COL Address2 VAL empty COL Address3 VAL empty COL City VAL dothan COL State VAL al COL ZipCode VAL 36302 COL CountyName VAL houston COL PhoneNumber VAL 3347938701 COL HospitalType VAL acute care hospitals COL HospitalOwner VAL government - hospital district or authority COL EmergencyService VAL yes COL Condition VAL pneumonia COL MeasureCode VAL pn-6 COL MeasureName VAL pneumonia patients given the most appropriate initial antibiotic(s) COL Score VAL 80% COL Sample VAL 147 patients COL Stateavg VAL al_pn-6 ,COL Sample VAL 14x patients ,1
677,COL ProviderNumber VAL 10001 COL HospitalName VAL southeast alabama medical center COL Address1 VAL 1108 ross clark circle COL Address2 VAL empty COL Address3 VAL empty COL City VAL dothan COL State VAL al COL ZipCode VAL 36302 COL CountyName VAL houston COL PhoneNumber VAL 3347938701 COL HospitalType VAL acute care hospitals COL HospitalOwner VAL government - hospital district or authority COL EmergencyService VAL yes COL Condition VAL pneumonia COL MeasureCode VAL pn-6 COL MeasureName VAL pneumonia patients given the most appropriate initial antibiotic(s) COL Score VAL 80% COL Sample VAL 147 patients COL Stateavg VAL al_pn-6 ,COL Sample VAL 147 patients ,0
678,COL ProviderNumber VAL 10001 COL HospitalName VAL southeast alabama medical center COL Address1 VAL 1108 ross clark circle COL Address2 VAL empty COL Address3 VAL empty COL City VAL dothan COL State VAL al COL ZipCode VAL 36302 COL CountyName VAL houston COL PhoneNumber VAL 3347938701 COL HospitalType VAL acute care hospitals COL HospitalOwner VAL government - hospital district or authority COL EmergencyService VAL yes COL Condition VAL pneumonia COL MeasureCode VAL pn-7 COL MeasureName VAL pneumonia patients assessed and given influenza vaccination COL Score VAL 84% COL Sample VAL 160 patients COL Stateavg VAL al_pn-7 ,COL Sample VAL 160 xatients ,1
679,COL ProviderNumber VAL 10001 COL HospitalName VAL southeast alabama medical center COL Address1 VAL 1108 ross clark circle COL Address2 VAL empty COL Address3 VAL empty COL City VAL dothan COL State VAL al COL ZipCode VAL 36302 COL CountyName VAL houston COL PhoneNumber VAL 3347938701 COL HospitalType VAL acute care hospitals COL HospitalOwner VAL government - hospital district or authority COL EmergencyService VAL yes COL Condition VAL pneumonia COL MeasureCode VAL pn-7 COL MeasureName VAL pneumonia patients assessed and given influenza vaccination COL Score VAL 84% COL Sample VAL 160 patients COL Stateavg VAL al_pn-7 ,COL Sample VAL 160 patients ,0
680,COL ProviderNumber VAL 10001 COL HospitalName VAL southeast alabama medical center COL Address1 VAL 1108 ross clark circle COL Address2 VAL empty COL Address3 VAL empty COL City VAL dothan COL State VAL al COL ZipCode VAL 36302 COL CountyName VAL houston COL PhoneNumber VAL xx479x8701 COL HospitalType VAL acute care hospitals COL HospitalOwner VAL government - hospital district or authority COL EmergencyService VAL yes COL Condition VAL surgical infection prevention COL MeasureCode VAL scip-card-2 COL MeasureName VAL surgery patients who were taking heart drugs called beta blockers before coming to the hospital who were kept on the beta blockers during the period just before and after their surgery COL Score VAL 72% COL Sample VAL 79 patients COL Stateavg VAL al_scip-card-2 ,COL Sample VAL 79 patiexts ,1
681,COL ProviderNumber VAL 10001 COL HospitalName VAL southeast alabama medical center COL Address1 VAL 1108 ross clark circle COL Address2 VAL empty COL Address3 VAL empty COL City VAL dothan COL State VAL al COL ZipCode VAL 36302 COL CountyName VAL houston COL PhoneNumber VAL xx479x8701 COL HospitalType VAL acute care hospitals COL HospitalOwner VAL government - hospital district or authority COL EmergencyService VAL yes COL Condition VAL surgical infection prevention COL MeasureCode VAL scip-card-2 COL MeasureName VAL surgery patients who were taking heart drugs called beta blockers before coming to the hospital who were kept on the beta blockers during the period just before and after their surgery COL Score VAL 72% COL Sample VAL 79 patients COL Stateavg VAL al_scip-card-2 ,COL Sample VAL 79 patients ,0
682,COL ProviderNumber VAL 10001 COL HospitalName VAL southeast alabama medical center COL Address1 VAL 1108 ross clark circle COL Address2 VAL empty COL Address3 VAL empty COL City VAL dothan COL State VAL al COL ZipCode VAL 36302 COL CountyName VAL houston COL PhoneNumber VAL 3347938701 COL HospitalType VAL acute care hospitals COL HospitalOwner VAL government - hospital district or authority COL EmergencyService VAL yes COL Condition VAL surgical infection prevention COL MeasureCode VAL scip-inf-1 COL MeasureName VAL surgery patients who were given an antibiotic at the right time (within one hour before surgery) to help prevent infection COL Score VAL 94% COL Sample VAL 399 patients COL Stateavg VAL al_scip-inf-1 ,COL Sample VAL 399 patientx ,1
683,COL ProviderNumber VAL 10001 COL HospitalName VAL southeast alabama medical center COL Address1 VAL 1108 ross clark circle COL Address2 VAL empty COL Address3 VAL empty COL City VAL dothan COL State VAL al COL ZipCode VAL 36302 COL CountyName VAL houston COL PhoneNumber VAL 3347938701 COL HospitalType VAL acute care hospitals COL HospitalOwner VAL government - hospital district or authority COL EmergencyService VAL yes COL Condition VAL surgical infection prevention COL MeasureCode VAL scip-inf-1 COL MeasureName VAL surgery patients who were given an antibiotic at the right time (within one hour before surgery) to help prevent infection COL Score VAL 94% COL Sample VAL 399 patients COL Stateavg VAL al_scip-inf-1 ,COL Sample VAL 399 patients ,0
684,COL ProviderNumber VAL 10001 COL HospitalName VAL southeast alabama medical center COL Address1 VAL 1108 ross clark circle COL Address2 VAL empty COL Address3 VAL empty COL City VAL dothan COL State VAL al COL ZipCode VAL 36302 COL CountyName VAL houston COL PhoneNumber VAL 3347938701 COL HospitalType VAL acute care hospitals COL HospitalOwner VAL government - hospital district or authority COL EmergencyService VAL yes COL Condition VAL surgical infection prevention COL MeasureCode VAL scip-inf-2 COL MeasureName VAL surgery patients who were given the  right kind  of antibiotic to help prevent infection COL Score VAL 98% COL Sample VAL 405 patients COL Stateavg VAL al_scip-inf-2 ,COL Sample VAL 405 paxienxs ,1
685,COL ProviderNumber VAL 10001 COL HospitalName VAL southeast alabama medical center COL Address1 VAL 1108 ross clark circle COL Address2 VAL empty COL Address3 VAL empty COL City VAL dothan COL State VAL al COL ZipCode VAL 36302 COL CountyName VAL houston COL PhoneNumber VAL 3347938701 COL HospitalType VAL acute care hospitals COL HospitalOwner VAL government - hospital district or authority COL EmergencyService VAL yes COL Condition VAL surgical infection prevention COL MeasureCode VAL scip-inf-2 COL MeasureName VAL surgery patients who were given the  right kind  of antibiotic to help prevent infection COL Score VAL 98% COL Sample VAL 405 patients COL Stateavg VAL al_scip-inf-2 ,COL Sample VAL 405 patients ,0
686,COL ProviderNumber VAL 10001 COL HospitalName VAL southeast alabama medical center COL Address1 VAL 1108 ross clark circle COL Address2 VAL empty COL Address3 VAL empty COL City VAL dothan COL State VAL al COL ZipCode VAL 36302 COL CountyName VAL houston COL PhoneNumber VAL 3347938701 COL HospitalType VAL acxte care hospitals COL HospitalOwner VAL government - hospital district or authority COL EmergencyService VAL yes COL Condition VAL surgical infection prevention COL MeasureCode VAL scip-inf-3 COL MeasureName VAL surgery patients whose preventive antibiotics were stopped at the right time (within 24 hours after surgery) COL Score VAL 88% COL Sample VAL 385 patients COL Stateavg VAL al_scip-inf-3 ,COL Sample VAL 38x patients ,1
687,COL ProviderNumber VAL 10001 COL HospitalName VAL southeast alabama medical center COL Address1 VAL 1108 ross clark circle COL Address2 VAL empty COL Address3 VAL empty COL City VAL dothan COL State VAL al COL ZipCode VAL 36302 COL CountyName VAL houston COL PhoneNumber VAL 3347938701 COL HospitalType VAL acxte care hospitals COL HospitalOwner VAL government - hospital district or authority COL EmergencyService VAL yes COL Condition VAL surgical infection prevention COL MeasureCode VAL scip-inf-3 COL MeasureName VAL surgery patients whose preventive antibiotics were stopped at the right time (within 24 hours after surgery) COL Score VAL 88% COL Sample VAL 385 patients COL Stateavg VAL al_scip-inf-3 ,COL Sample VAL 385 patients ,0
688,COL ProviderNumber VAL 10001 COL HospitalName VAL southeast alabama medical center COL Address1 VAL 1108 ross clark circle COL Address2 VAL empty COL Address3 VAL empty COL City VAL dothan COL State VAL al COL ZipCode VAL 36302 COL CountyName VAL houston COL PhoneNumber VAL 3347938701 COL HospitalType VAL acute care hospitals COL HospitalOwner VAL government - hospital district or authority COL EmergencyService VAL yes COL Condition VAL surgical infection prevention COL MeasureCode VAL scip-inf-4 COL MeasureName VAL all heart surgery patients whose blood sugar (blood glucose) is kept under good control in the days right after surgery COL Score VAL 96% COL Sample VAL 136 patients COL Stateavg VAL al_scip-inf-4 ,COL Sample VAL 136 patientx ,1
689,COL ProviderNumber VAL 10001 COL HospitalName VAL southeast alabama medical center COL Address1 VAL 1108 ross clark circle COL Address2 VAL empty COL Address3 VAL empty COL City VAL dothan COL State VAL al COL ZipCode VAL 36302 COL CountyName VAL houston COL PhoneNumber VAL 3347938701 COL HospitalType VAL acute care hospitals COL HospitalOwner VAL government - hospital district or authority COL EmergencyService VAL yes COL Condition VAL surgical infection prevention COL MeasureCode VAL scip-inf-4 COL MeasureName VAL all heart surgery patients whose blood sugar (blood glucose) is kept under good control in the days right after surgery COL Score VAL 96% COL Sample VAL 136 patients COL Stateavg VAL al_scip-inf-4 ,COL Sample VAL 136 patients ,0
690,COL ProviderNumber VAL 10001 COL HospitalName VAL southeast alabama medical center COL Address1 VAL 1108 ross clark circle COL Address2 VAL empty COL Address3 VAL empty COL City VAL dothan COL State VAL al COL ZipCode VAL 36302 COL CountyName VAL houston COL PhoneNumber VAL 3347938701 COL HospitalType VAL acute care hospitals COL HospitalOwner VAL government - hospital district or authority COL EmergencyService VAL yes COL Condition VAL surgical infection prevention COL MeasureCode VAL scip-inf-6 COL MeasureName VAL surgery patients needing hair removed from the surgical area before surgery who had hair removed using a safer method (electric clippers or hair removal cream c not a razor) COL Score VAL 90% COL Sample VAL 537 patients COL Stateavg VAL al_scip-inf-6 ,COL Sample VAL 537 patiexts ,1
691,COL ProviderNumber VAL 10001 COL HospitalName VAL southeast alabama medical center COL Address1 VAL 1108 ross clark circle COL Address2 VAL empty COL Address3 VAL empty COL City VAL dothan COL State VAL al COL ZipCode VAL 36302 COL CountyName VAL houston COL PhoneNumber VAL 3347938701 COL HospitalType VAL acute care hospitals COL HospitalOwner VAL government - hospital district or authority COL EmergencyService VAL yes COL Condition VAL surgical infection prevention COL MeasureCode VAL scip-inf-6 COL MeasureName VAL surgery patients needing hair removed from the surgical area before surgery who had hair removed using a safer method (electric clippers or hair removal cream c not a razor) COL Score VAL 90% COL Sample VAL 537 patients COL Stateavg VAL al_scip-inf-6 ,COL Sample VAL 537 patients ,0
692,COL ProviderNumber VAL 10001 COL HospitalName VAL southeast alabama medical center COL Address1 VAL 1108 ross clark circle COL Address2 VAL empty COL Address3 VAL empty COL City VAL dothan COL State VAL xl COL ZipCode VAL 36302 COL CountyName VAL houston COL PhoneNumber VAL 3347938701 COL HospitalType VAL acute care hospitals COL HospitalOwner VAL gxvernment - hxspital district xr authxrity COL EmergencyService VAL yes COL Condition VAL surgical infection prevention COL MeasureCode VAL scip-vte-1 COL MeasureName VAL surgery patients whose doctors ordered treatments to prevent blood clots after certain types of surgeries COL Score VAL 86% COL Sample VAL 185 patients COL Stateavg VAL al_scip-vte-1 ,COL Sample VAL 185 patixnts ,1
693,COL ProviderNumber VAL 10001 COL HospitalName VAL southeast alabama medical center COL Address1 VAL 1108 ross clark circle COL Address2 VAL empty COL Address3 VAL empty COL City VAL dothan COL State VAL xl COL ZipCode VAL 36302 COL CountyName VAL houston COL PhoneNumber VAL 3347938701 COL HospitalType VAL acute care hospitals COL HospitalOwner VAL gxvernment - hxspital district xr authxrity COL EmergencyService VAL yes COL Condition VAL surgical infection prevention COL MeasureCode VAL scip-vte-1 COL MeasureName VAL surgery patients whose doctors ordered treatments to prevent blood clots after certain types of surgeries COL Score VAL 86% COL Sample VAL 185 patients COL Stateavg VAL al_scip-vte-1 ,COL Sample VAL 185 patients ,0
694,COL ProviderNumber VAL 10001 COL HospitalName VAL southeast alabama medical center COL Address1 VAL 1108 ross clark circle COL Address2 VAL empty COL Address3 VAL empty COL City VAL dothan COL State VAL al COL ZipCode VAL 36302 COL CountyName VAL houston COL PhoneNumber VAL 3347938701 COL HospitalType VAL acute care hospitals COL HospitalOwner VAL government - hospital district or authority COL EmergencyService VAL yex COL Condition VAL surgical infection prevention COL MeasureCode VAL scip-vte-2 COL MeasureName VAL patients who got treatment  at the right time (within 24 hours before or after their surgery) to help prevent blood clots after certain types of surgery COL Score VAL 83% COL Sample VAL 184 patients COL Stateavg VAL al_scip-vte-2 ,COL Sample VAL 184 patixnts ,1
695,COL ProviderNumber VAL 10001 COL HospitalName VAL southeast alabama medical center COL Address1 VAL 1108 ross clark circle COL Address2 VAL empty COL Address3 VAL empty COL City VAL dothan COL State VAL al COL ZipCode VAL 36302 COL CountyName VAL houston COL PhoneNumber VAL 3347938701 COL HospitalType VAL acute care hospitals COL HospitalOwner VAL government - hospital district or authority COL EmergencyService VAL yex COL Condition VAL surgical infection prevention COL MeasureCode VAL scip-vte-2 COL MeasureName VAL patients who got treatment  at the right time (within 24 hours before or after their surgery) to help prevent blood clots after certain types of surgery COL Score VAL 83% COL Sample VAL 184 patients COL Stateavg VAL al_scip-vte-2 ,COL Sample VAL 184 patients ,0
696,COL ProviderNumber VAL 10005 COL HospitalName VAL marshall medical center south COL Address1 VAL 2505 u s highway 431 north COL Address2 VAL empty COL Address3 VAL empty COL City VAL boaz COL State VAL al COL ZipCode VAL x5957 COL CountyName VAL marshall COL PhoneNumber VAL 2565938310 COL HospitalType VAL acute care hospitals COL HospitalOwner VAL government - hospital district or authority COL EmergencyService VAL yes COL Condition VAL heart attack COL MeasureCode VAL ami-1 COL MeasureName VAL heart attack patients given aspirin at arrival COL Score VAL 80% COL Sample VAL 20 patients COL Stateavg VAL al_ami-1 ,COL Sample VAL 20 patxents ,1
697,COL ProviderNumber VAL 10005 COL HospitalName VAL marshall medical center south COL Address1 VAL 2505 u s highway 431 north COL Address2 VAL empty COL Address3 VAL empty COL City VAL boaz COL State VAL al COL ZipCode VAL x5957 COL CountyName VAL marshall COL PhoneNumber VAL 2565938310 COL HospitalType VAL acute care hospitals COL HospitalOwner VAL government - hospital district or authority COL EmergencyService VAL yes COL Condition VAL heart attack COL MeasureCode VAL ami-1 COL MeasureName VAL heart attack patients given aspirin at arrival COL Score VAL 80% COL Sample VAL 20 patients COL Stateavg VAL al_ami-1 ,COL Sample VAL 20 patients ,0
698,COL ProviderNumber VAL x0005 COL HospitalName VAL marshall medical center south COL Address1 VAL 2505 u s highway 431 north COL Address2 VAL empty COL Address3 VAL empty COL City VAL boaz COL State VAL al COL ZipCode VAL 35957 COL CountyName VAL marshall COL PhoneNumber VAL 2565938310 COL HospitalType VAL acute care hospitals COL HospitalOwner VAL government - hospital district or authority COL EmergencyService VAL yes COL Condition VAL heart attack COL MeasureCode VAL ami-2 COL MeasureName VAL heart attack patients given aspirin at discharge COL Score VAL 60% COL Sample VAL 5 patients COL Stateavg VAL al_ami-2 ,COL Sample VAL 5 patientx ,1
699,COL ProviderNumber VAL x0005 COL HospitalName VAL marshall medical center south COL Address1 VAL 2505 u s highway 431 north COL Address2 VAL empty COL Address3 VAL empty COL City VAL boaz COL State VAL al COL ZipCode VAL 35957 COL CountyName VAL marshall COL PhoneNumber VAL 2565938310 COL HospitalType VAL acute care hospitals COL HospitalOwner VAL government - hospital district or authority COL EmergencyService VAL yes COL Condition VAL heart attack COL MeasureCode VAL ami-2 COL MeasureName VAL heart attack patients given aspirin at discharge COL Score VAL 60% COL Sample VAL 5 patients COL Stateavg VAL al_ami-2 ,COL Sample VAL 5 patients ,0
700,COL ProviderNumber VAL 10005 COL HospitalName VAL marshall medical center south COL Address1 VAL 2505 u s highway 431 north COL Address2 VAL empty COL Address3 VAL empty COL City VAL boaz COL State VAL xl COL ZipCode VAL 35957 COL CountyName VAL marshall COL PhoneNumber VAL 2565938310 COL HospitalType VAL acute care hospitals COL HospitalOwner VAL government - hospital district or authority COL EmergencyService VAL yes COL Condition VAL heart attack COL MeasureCode VAL ami-3 COL MeasureName VAL heart attack patients given ace inhibitor or arb for left ventricular systolic dysfunction (lvsd) COL Score VAL 100% COL Sample VAL 2 patients COL Stateavg VAL al_ami-3 ,COL Sample VAL 2 xatients ,1
701,COL ProviderNumber VAL 10005 COL HospitalName VAL marshall medical center south COL Address1 VAL 2505 u s highway 431 north COL Address2 VAL empty COL Address3 VAL empty COL City VAL boaz COL State VAL xl COL ZipCode VAL 35957 COL CountyName VAL marshall COL PhoneNumber VAL 2565938310 COL HospitalType VAL acute care hospitals COL HospitalOwner VAL government - hospital district or authority COL EmergencyService VAL yes COL Condition VAL heart attack COL MeasureCode VAL ami-3 COL MeasureName VAL heart attack patients given ace inhibitor or arb for left ventricular systolic dysfunction (lvsd) COL Score VAL 100% COL Sample VAL 2 patients COL Stateavg VAL al_ami-3 ,COL Sample VAL 2 patients ,0
702,COL ProviderNumber VAL 10005 COL HospitalName VAL marshall medical center south COL Address1 VAL 2505 u s highway 431 north COL Address2 VAL empty COL Address3 VAL empty COL City VAL boaz COL State VAL al COL ZipCode VAL 35957 COL CountyName VAL marshall COL PhoneNumber VAL 2565938310 COL HospitalType VAL acute care hospitals COL HospitalOwner VAL government - hospital district or authority COL EmergencyService VAL yes COL Condition VAL heart failure COL MeasureCode VAL hf-3 COL MeasureName VAL heart failure patients given ace inhibitor or arb for left ventricular systolic dysfunction (lvsd) COL Score VAL 90% COL Sample VAL 69 patients COL Stateavg VAL al_hf-3 ,COL Sample VAL 69 pxtients ,1
703,COL ProviderNumber VAL 10005 COL HospitalName VAL marshall medical center south COL Address1 VAL 2505 u s highway 431 north COL Address2 VAL empty COL Address3 VAL empty COL City VAL boaz COL State VAL al COL ZipCode VAL 35957 COL CountyName VAL marshall COL PhoneNumber VAL 2565938310 COL HospitalType VAL acute care hospitals COL HospitalOwner VAL government - hospital district or authority COL EmergencyService VAL yes COL Condition VAL heart failure COL MeasureCode VAL hf-3 COL MeasureName VAL heart failure patients given ace inhibitor or arb for left ventricular systolic dysfunction (lvsd) COL Score VAL 90% COL Sample VAL 69 patients COL Stateavg VAL al_hf-3 ,COL Sample VAL 69 patients ,0
704,COL ProviderNumber VAL 10005 COL HospitalName VAL marshall medical center south COL Address1 VAL 2505 u s highway 431 north COL Address2 VAL empty COL Address3 VAL empty COL City VAL boaz COL State VAL al COL ZipCode VAL 35957 COL CountyName VAL marshall COL PhoneNumber VAL 2565938310 COL HospitalType VAL acute care hospitals COL HospitalOwner VAL government - hospital district or authority COL EmergencyService VAL yes COL Condition VAL heart failure COL MeasureCode VAL hf-4 COL MeasureName VAL heart failure patients given smoking cessation advice/counseling COL Score VAL 94% COL Sample VAL 34 patients COL Stateavg VAL al_hf-4 ,COL Sample VAL 34 paxienxs ,1
705,COL ProviderNumber VAL 10005 COL HospitalName VAL marshall medical center south COL Address1 VAL 2505 u s highway 431 north COL Address2 VAL empty COL Address3 VAL empty COL City VAL boaz COL State VAL al COL ZipCode VAL 35957 COL CountyName VAL marshall COL PhoneNumber VAL 2565938310 COL HospitalType VAL acute care hospitals COL HospitalOwner VAL government - hospital district or authority COL EmergencyService VAL yes COL Condition VAL heart failure COL MeasureCode VAL hf-4 COL MeasureName VAL heart failure patients given smoking cessation advice/counseling COL Score VAL 94% COL Sample VAL 34 patients COL Stateavg VAL al_hf-4 ,COL Sample VAL 34 patients ,0
706,COL ProviderNumber VAL 10005 COL HospitalName VAL marshall medical center south COL Address1 VAL 2505 u s highway 431 north COL Address2 VAL empty COL Address3 VAL empty COL City VAL boaz COL State VAL al COL ZipCode VAL 35957 COL CountyName VAL marshall COL PhoneNumber VAL 2565938310 COL HospitalType VAL acute care hospitals COL HospitalOwner VAL government - hospital district or authority COL EmergencyService VAL yes COL Condition VAL pneumonia COL MeasureCode VAL pn-2 COL MeasureName VAL pneumonia patients assessed and given pneumococcal vaccination COL Score VAL 97% COL Sample VAL 172 patients COL Stateavg VAL al_pn-2 ,COL Sample VAL 172 patixnts ,1
707,COL ProviderNumber VAL 10005 COL HospitalName VAL marshall medical center south COL Address1 VAL 2505 u s highway 431 north COL Address2 VAL empty COL Address3 VAL empty COL City VAL boaz COL State VAL al COL ZipCode VAL 35957 COL CountyName VAL marshall COL PhoneNumber VAL 2565938310 COL HospitalType VAL acute care hospitals COL HospitalOwner VAL government - hospital district or authority COL EmergencyService VAL yes COL Condition VAL pneumonia COL MeasureCode VAL pn-2 COL MeasureName VAL pneumonia patients assessed and given pneumococcal vaccination COL Score VAL 97% COL Sample VAL 172 patients COL Stateavg VAL al_pn-2 ,COL Sample VAL 172 patients ,0
708,COL ProviderNumber VAL 10005 COL HospitalName VAL marshall medical center south COL Address1 VAL 2505 u s highway 431 north COL Address2 VAL empty COL Address3 VAL empty COL City VAL boxz COL State VAL al COL ZipCode VAL 35957 COL CountyName VAL marshall COL PhoneNumber VAL 2565938310 COL HospitalType VAL acute care hospitals COL HospitalOwner VAL government - hospital district or authority COL EmergencyService VAL yes COL Condition VAL pneumonia COL MeasureCode VAL pn-3b COL MeasureName VAL pneumonia patients whose initial emergency room blood culture was performed prior to the administration of the first hospital dose of antibiotics COL Score VAL 97% COL Sample VAL 120 patients COL Stateavg VAL al_pn-xb ,COL Sample VAL 120 pxtients ,1
709,COL ProviderNumber VAL 10005 COL HospitalName VAL marshall medical center south COL Address1 VAL 2505 u s highway 431 north COL Address2 VAL empty COL Address3 VAL empty COL City VAL boxz COL State VAL al COL ZipCode VAL 35957 COL CountyName VAL marshall COL PhoneNumber VAL 2565938310 COL HospitalType VAL acute care hospitals COL HospitalOwner VAL government - hospital district or authority COL EmergencyService VAL yes COL Condition VAL pneumonia COL MeasureCode VAL pn-3b COL MeasureName VAL pneumonia patients whose initial emergency room blood culture was performed prior to the administration of the first hospital dose of antibiotics COL Score VAL 97% COL Sample VAL 120 patients COL Stateavg VAL al_pn-xb ,COL Sample VAL 120 patients ,0
710,COL ProviderNumber VAL 10005 COL HospitalName VAL marshall medical center south COL Address1 VAL 2505xuxsxhighwayx431xnorth COL Address2 VAL empty COL Address3 VAL empty COL City VAL boaz COL State VAL al COL ZipCode VAL 35957 COL CountyName VAL marshall COL PhoneNumber VAL 2x6x938310 COL HospitalType VAL acute care hospitals COL HospitalOwner VAL government - hospital district or authority COL EmergencyService VAL yes COL Condition VAL pneumonia COL MeasureCode VAL pn-4 COL MeasureName VAL pneumonia patients given smoking cessation advice/counseling COL Score VAL 97% COL Sample VAL 98 patients COL Stateavg VAL al_pn-4 ,COL Sample VAL 98 patxents ,1
711,COL ProviderNumber VAL 10005 COL HospitalName VAL marshall medical center south COL Address1 VAL 2505xuxsxhighwayx431xnorth COL Address2 VAL empty COL Address3 VAL empty COL City VAL boaz COL State VAL al COL ZipCode VAL 35957 COL CountyName VAL marshall COL PhoneNumber VAL 2x6x938310 COL HospitalType VAL acute care hospitals COL HospitalOwner VAL government - hospital district or authority COL EmergencyService VAL yes COL Condition VAL pneumonia COL MeasureCode VAL pn-4 COL MeasureName VAL pneumonia patients given smoking cessation advice/counseling COL Score VAL 97% COL Sample VAL 98 patients COL Stateavg VAL al_pn-4 ,COL Sample VAL 98 patients ,0
712,COL ProviderNumber VAL 10005 COL HospitalName VAL marshall medical center south COL Address1 VAL 2505 u s highway 431 north COL Address2 VAL empty COL Address3 VAL empty COL City VAL boaz COL State VAL al COL ZipCode VAL 35957 COL CountyName VAL marshall COL PhoneNumber VAL 2565938310 COL HospitalType VAL acute care hospitals COL HospitalOwner VAL government - hospital district or authority COL EmergencyService VAL yes COL Condition VAL pneumonia COL MeasureCode VAL pn-5c COL MeasureName VAL pneumonia patients given initial antibiotic(s) within 6 hours after arrival COL Score VAL 96% COL Sample VAL 211 patients COL Stateavg VAL al_pn-5c ,COL Sample VAL 211 patxents ,1
713,COL ProviderNumber VAL 10005 COL HospitalName VAL marshall medical center south COL Address1 VAL 2505 u s highway 431 north COL Address2 VAL empty COL Address3 VAL empty COL City VAL boaz COL State VAL al COL ZipCode VAL 35957 COL CountyName VAL marshall COL PhoneNumber VAL 2565938310 COL HospitalType VAL acute care hospitals COL HospitalOwner VAL government - hospital district or authority COL EmergencyService VAL yes COL Condition VAL pneumonia COL MeasureCode VAL pn-5c COL MeasureName VAL pneumonia patients given initial antibiotic(s) within 6 hours after arrival COL Score VAL 96% COL Sample VAL 211 patients COL Stateavg VAL al_pn-5c ,COL Sample VAL 211 patients ,0
714,COL ProviderNumber VAL 10005 COL HospitalName VAL marshall medical center south COL Address1 VAL 2505 u s highway 431 north COL Address2 VAL empty COL Address3 VAL empty COL City VAL boaz COL State VAL al COL ZipCode VAL 35957 COL CountyName VAL marshall COL PhoneNumber VAL 2565938310 COL HospitalType VAL acute care hospitals COL HospitalOwner VAL government - hospital district or authority COL EmergencyService VAL yes COL Condition VAL pneumonia COL MeasureCode VAL pn-6 COL MeasureName VAL pneumonia patients given the most appropriate initial antibiotic(s) COL Score VAL 92% COL Sample VAL 175 patients COL Stateavg VAL al_pn-6 ,COL Sample VAL 17x patients ,1
715,COL ProviderNumber VAL 10005 COL HospitalName VAL marshall medical center south COL Address1 VAL 2505 u s highway 431 north COL Address2 VAL empty COL Address3 VAL empty COL City VAL boaz COL State VAL al COL ZipCode VAL 35957 COL CountyName VAL marshall COL PhoneNumber VAL 2565938310 COL HospitalType VAL acute care hospitals COL HospitalOwner VAL government - hospital district or authority COL EmergencyService VAL yes COL Condition VAL pneumonia COL MeasureCode VAL pn-6 COL MeasureName VAL pneumonia patients given the most appropriate initial antibiotic(s) COL Score VAL 92% COL Sample VAL 175 patients COL Stateavg VAL al_pn-6 ,COL Sample VAL 175 patients ,0
716,COL ProviderNumber VAL 10005 COL HospitalName VAL marshall medical center south COL Address1 VAL 2505 u s highway 431 north COL Address2 VAL empty COL Address3 VAL empty COL City VAL boaz COL State VAL al COL ZipCode VAL 35957 COL CountyName VAL marshall COL PhoneNumber VAL 2x6x938310 COL HospitalType VAL acute care hospitals COL HospitalOwner VAL government - hospital district or authority COL EmergencyService VAL yes COL Condition VAL pneumonia COL MeasureCode VAL pn-7 COL MeasureName VAL pneumonia patients assessed and given influenza vaccination COL Score VAL 81% COL Sample VAL 118 patients COL Stateavg VAL al_pn-7 ,COL Sample VAL 118 patxents ,1
717,COL ProviderNumber VAL 10005 COL HospitalName VAL marshall medical center south COL Address1 VAL 2505 u s highway 431 north COL Address2 VAL empty COL Address3 VAL empty COL City VAL boaz COL State VAL al COL ZipCode VAL 35957 COL CountyName VAL marshall COL PhoneNumber VAL 2x6x938310 COL HospitalType VAL acute care hospitals COL HospitalOwner VAL government - hospital district or authority COL EmergencyService VAL yes COL Condition VAL pneumonia COL MeasureCode VAL pn-7 COL MeasureName VAL pneumonia patients assessed and given influenza vaccination COL Score VAL 81% COL Sample VAL 118 patients COL Stateavg VAL al_pn-7 ,COL Sample VAL 118 patients ,0
718,COL ProviderNumber VAL 10005 COL HospitalName VAL marshall medical center south COL Address1 VAL 2505 u s highway 431 north COL Address2 VAL empty COL Address3 VAL empty COL City VAL boaz COL State VAL al COL ZipCode VAL 35957 COL CountyName VAL marshall COL PhoneNumber VAL 2565938310 COL HospitalType VAL acute care hospitals COL HospitalOwner VAL government - hospital district or authority COL EmergencyService VAL yes COL Condition VAL surgical infection prevention COL MeasureCode VAL scip-inf-1 COL MeasureName VAL surgery patients who were given an antibiotic at the right time (within one hour before surgery) to help prevent infection COL Score VAL 96% COL Sample VAL 168 patients COL Stateavg VAL al_scip-inf-1 ,COL Sample VAL 168 pxtients ,1
719,COL ProviderNumber VAL 10005 COL HospitalName VAL marshall medical center south COL Address1 VAL 2505 u s highway 431 north COL Address2 VAL empty COL Address3 VAL empty COL City VAL boaz COL State VAL al COL ZipCode VAL 35957 COL CountyName VAL marshall COL PhoneNumber VAL 2565938310 COL HospitalType VAL acute care hospitals COL HospitalOwner VAL government - hospital district or authority COL EmergencyService VAL yes COL Condition VAL surgical infection prevention COL MeasureCode VAL scip-inf-1 COL MeasureName VAL surgery patients who were given an antibiotic at the right time (within one hour before surgery) to help prevent infection COL Score VAL 96% COL Sample VAL 168 patients COL Stateavg VAL al_scip-inf-1 ,COL Sample VAL 168 patients ,0
720,COL ProviderNumber VAL 10005 COL HospitalName VAL marshall medical center south COL Address1 VAL 2505 u s highway 431 north COL Address2 VAL empty COL Address3 VAL empty COL City VAL boaz COL State VAL al COL ZipCode VAL 3595x COL CountyName VAL marshall COL PhoneNumber VAL 2565938310 COL HospitalType VAL acute care hospitals COL HospitalOwner VAL government - hospital district or authority COL EmergencyService VAL yes COL Condition VAL surgical infection prevention COL MeasureCode VAL scip-inf-2 COL MeasureName VAL surgery patients who were given the  right kind  of antibiotic to help prevent infection COL Score VAL 93% COL Sample VAL 167 patients COL Stateavg VAL al_scip-inf-2 ,COL Sample VAL 167 patxents ,1
721,COL ProviderNumber VAL 10005 COL HospitalName VAL marshall medical center south COL Address1 VAL 2505 u s highway 431 north COL Address2 VAL empty COL Address3 VAL empty COL City VAL boaz COL State VAL al COL ZipCode VAL 3595x COL CountyName VAL marshall COL PhoneNumber VAL 2565938310 COL HospitalType VAL acute care hospitals COL HospitalOwner VAL government - hospital district or authority COL EmergencyService VAL yes COL Condition VAL surgical infection prevention COL MeasureCode VAL scip-inf-2 COL MeasureName VAL surgery patients who were given the  right kind  of antibiotic to help prevent infection COL Score VAL 93% COL Sample VAL 167 patients COL Stateavg VAL al_scip-inf-2 ,COL Sample VAL 167 patients ,0
722,COL ProviderNumber VAL 10005 COL HospitalName VAL marshall medical center south COL Address1 VAL 2505 u s highway 431 north COL Address2 VAL empty COL Address3 VAL empty COL City VAL boaz COL State VAL al COL ZipCode VAL 35957 COL CountyName VAL marshall COL PhoneNumber VAL 2565938310 COL HospitalType VAL acute care hospitals COL HospitalOwner VAL government - hospital district or authority COL EmergencyService VAL yes COL Condition VAL surgical infection prevention COL MeasureCode VAL scip-inf-3 COL MeasureName VAL surgery patients whose preventive antibiotics were stopped at the right time (within 24 hours after surgery) COL Score VAL 95% COL Sample VAL 158 patients COL Stateavg VAL al_scip-inf-3 ,COL Sample VAL 158 paxienxs ,1
723,COL ProviderNumber VAL 10005 COL HospitalName VAL marshall medical center south COL Address1 VAL 2505 u s highway 431 north COL Address2 VAL empty COL Address3 VAL empty COL City VAL boaz COL State VAL al COL ZipCode VAL 35957 COL CountyName VAL marshall COL PhoneNumber VAL 2565938310 COL HospitalType VAL acute care hospitals COL HospitalOwner VAL government - hospital district or authority COL EmergencyService VAL yes COL Condition VAL surgical infection prevention COL MeasureCode VAL scip-inf-3 COL MeasureName VAL surgery patients whose preventive antibiotics were stopped at the right time (within 24 hours after surgery) COL Score VAL 95% COL Sample VAL 158 patients COL Stateavg VAL al_scip-inf-3 ,COL Sample VAL 158 patients ,0
724,COL ProviderNumber VAL 10005 COL HospitalName VAL marshall medical center south COL Address1 VAL 2505 u s highway 431 north COL Address2 VAL empty COL Address3 VAL empty COL City VAL boaz COL State VAL al COL ZipCode VAL 35957 COL CountyName VAL marshall COL PhoneNumber VAL 2565938310 COL HospitalType VAL acute care hospitals COL HospitalOwner VAL government - hospital district or authority COL EmergencyService VAL yes COL Condition VAL surgical infection prevention COL MeasureCode VAL scip-inf-6 COL MeasureName VAL surgery patients needing hair removed from the surgical area before surgery who had hair removed using a safer method (electric clippers or hair removal cream c not a razor) COL Score VAL 100% COL Sample VAL 237 patients COL Stateavg VAL al_scip-inf-6 ,COL Sample VAL 237 paxienxs ,1
725,COL ProviderNumber VAL 10005 COL HospitalName VAL marshall medical center south COL Address1 VAL 2505 u s highway 431 north COL Address2 VAL empty COL Address3 VAL empty COL City VAL boaz COL State VAL al COL ZipCode VAL 35957 COL CountyName VAL marshall COL PhoneNumber VAL 2565938310 COL HospitalType VAL acute care hospitals COL HospitalOwner VAL government - hospital district or authority COL EmergencyService VAL yes COL Condition VAL surgical infection prevention COL MeasureCode VAL scip-inf-6 COL MeasureName VAL surgery patients needing hair removed from the surgical area before surgery who had hair removed using a safer method (electric clippers or hair removal cream c not a razor) COL Score VAL 100% COL Sample VAL 237 patients COL Stateavg VAL al_scip-inf-6 ,COL Sample VAL 237 patients ,0
726,COL ProviderNumber VAL 10005 COL HospitalName VAL marshall medical center south COL Address1 VAL 2505 u s highway 431 north COL Address2 VAL empty COL Address3 VAL empty COL City VAL boaz COL State VAL al COL ZipCode VAL 35957 COL CountyName VAL mxrshxll COL PhoneNumber VAL 2565938310 COL HospitalType VAL acute care hospitals COL HospitalOwner VAL government - hospital district or authority COL EmergencyService VAL yes COL Condition VAL surgical infection prevention COL MeasureCode VAL scip-vte-1 COL MeasureName VAL surgery patients whose doctors ordered treatments to prevent blood clots after certain types of surgeries COL Score VAL 78% COL Sample VAL 76 patients COL Stateavg VAL al_scip-vte-1 ,COL Sample VAL 76 xatients ,1
727,COL ProviderNumber VAL 10005 COL HospitalName VAL marshall medical center south COL Address1 VAL 2505 u s highway 431 north COL Address2 VAL empty COL Address3 VAL empty COL City VAL boaz COL State VAL al COL ZipCode VAL 35957 COL CountyName VAL mxrshxll COL PhoneNumber VAL 2565938310 COL HospitalType VAL acute care hospitals COL HospitalOwner VAL government - hospital district or authority COL EmergencyService VAL yes COL Condition VAL surgical infection prevention COL MeasureCode VAL scip-vte-1 COL MeasureName VAL surgery patients whose doctors ordered treatments to prevent blood clots after certain types of surgeries COL Score VAL 78% COL Sample VAL 76 patients COL Stateavg VAL al_scip-vte-1 ,COL Sample VAL 76 patients ,0
728,COL ProviderNumber VAL 10006 COL HospitalName VAL eliza coffee memorial hospital COL Address1 VAL 205 marengo street COL Address2 VAL empty COL Address3 VAL empty COL City VAL florence COL State VAL al COL ZipCode VAL 35631 COL CountyName VAL lauderdale COL PhoneNumber VAL 2567688400 COL HospitalType VAL acute care hospitals COL HospitalOwner VAL voluntary non-profit - other COL EmergencyService VAL yes COL Condition VAL heart attack COL MeasureCode VAL ami-1 COL MeasureName VAL heart attack patients given aspirin at arrival COL Score VAL 97% COL Sample VAL 159 patients COL Stateavg VAL al_amx-1 ,COL Sample VAL 159 patiexts ,1
729,COL ProviderNumber VAL 10006 COL HospitalName VAL eliza coffee memorial hospital COL Address1 VAL 205 marengo street COL Address2 VAL empty COL Address3 VAL empty COL City VAL florence COL State VAL al COL ZipCode VAL 35631 COL CountyName VAL lauderdale COL PhoneNumber VAL 2567688400 COL HospitalType VAL acute care hospitals COL HospitalOwner VAL voluntary non-profit - other COL EmergencyService VAL yes COL Condition VAL heart attack COL MeasureCode VAL ami-1 COL MeasureName VAL heart attack patients given aspirin at arrival COL Score VAL 97% COL Sample VAL 159 patients COL Stateavg VAL al_amx-1 ,COL Sample VAL 159 patients ,0
