userId,rating,movieId
0,0.0,2866
0,1.0,3060
0,2.0,1363
0,3.0,1530
0,4.0,2038
0,5.0,2038
0,6.0,2061
0,7.0,2709
0,8.0,1030
0,9.0,1915
0,10.0,2668
0,11.0,1471
0,12.0,1121
0,13.0,1924
0,14.0,1170
0,15.0,2791
0,16.0,1169
0,17.0,2038
0,18.0,2038
0,19.0,2852
1,0.0,2842
1,1.0,3060
1,2.0,1363
1,3.0,1530
1,4.0,2038
1,5.0,2038
1,6.0,2061
1,7.0,2709
1,8.0,1030
1,9.0,1915
1,10.0,2668
1,11.0,1471
1,12.0,1121
1,13.0,1924
1,14.0,1170
1,15.0,1143
1,16.0,2857
1,17.0,2038
1,18.0,2038
1,19.0,2086
2,0.0,1181
2,1.0,3060
2,2.0,1363
2,3.0,1530
2,4.0,2038
2,5.0,2038
2,6.0,2061
2,7.0,2709
2,8.0,1030
2,9.0,1915
2,10.0,2668
2,11.0,1471
2,12.0,1121
2,13.0,1924
2,14.0,1170
2,15.0,1107
2,16.0,1638
2,17.0,2038
2,18.0,2038
2,19.0,2124
3,0.0,1622
3,1.0,3060
3,2.0,1363
3,3.0,1530
3,4.0,2038
3,5.0,2038
3,6.0,2725
3,7.0,2709
3,8.0,1030
3,9.0,1915
3,10.0,2668
3,11.0,1471
3,12.0,1121
3,13.0,1924
3,14.0,1170
3,15.0,2790
3,16.0,1690
3,17.0,2038
3,18.0,2038
3,19.0,2322
4,0.0,1985
4,1.0,3060
4,2.0,1363
4,3.0,1530
4,4.0,2038
4,5.0,2038
4,6.0,2061
4,7.0,2709
4,8.0,1030
4,9.0,1915
4,10.0,2668
4,11.0,1471
4,12.0,1121
4,13.0,1924
4,14.0,1170
4,15.0,2763
4,16.0,3114
4,17.0,2038
4,18.0,2038
4,19.0,2358
5,0.0,3181
5,1.0,3060
5,2.0,1363
5,3.0,1530
5,4.0,2038
5,5.0,2038
5,6.0,2061
5,7.0,2709
5,8.0,1030
5,9.0,1915
5,10.0,2668
5,11.0,1471
5,12.0,1121
5,13.0,1924
5,14.0,1170
5,15.0,2305
5,16.0,1207
5,17.0,2038
5,18.0,2038
5,19.0,1036
6,0.0,1341
6,1.0,3060
6,2.0,1363
6,3.0,1530
6,4.0,2038
6,5.0,2038
6,6.0,2061
6,7.0,2709
6,8.0,1030
6,9.0,1915
6,10.0,2668
6,11.0,1471
6,12.0,1121
6,13.0,1924
6,14.0,1170
6,15.0,2393
6,16.0,1343
6,17.0,2038
6,18.0,2038
6,19.0,2244
7,0.0,2142
7,1.0,3060
7,2.0,1363
7,3.0,1530
7,4.0,2038
7,5.0,2038
7,6.0,1501
7,7.0,2709
7,8.0,1030
7,9.0,1915
7,10.0,2668
7,11.0,1471
7,12.0,1121
7,13.0,1924
7,14.0,1170
7,15.0,2341
7,16.0,1502
7,17.0,2038
7,18.0,2038
7,19.0,1367
8,0.0,1597
8,1.0,1195
8,2.0,2328
8,3.0,2054
8,4.0,2038
8,5.0,2038
8,6.0,1522
8,7.0,2709
8,8.0,1513
8,9.0,1915
8,10.0,1602
8,11.0,1471
8,12.0,1771
8,13.0,1924
8,14.0,3030
8,15.0,1206
8,16.0,1629
8,17.0,2539
8,18.0,2687
8,19.0,2347
9,0.0,2406
9,1.0,1195
9,2.0,2328
9,3.0,2054
9,4.0,2038
9,5.0,2038
9,6.0,1522
9,7.0,2709
9,8.0,1513
9,9.0,1915
9,10.0,1602
9,11.0,1471
9,12.0,1771
9,13.0,1924
9,14.0,3030
9,15.0,1294
9,16.0,1846
9,17.0,1878
9,18.0,1812
9,19.0,2923
10,0.0,2260
10,1.0,1195
10,2.0,2328
10,3.0,2054
10,4.0,2038
10,5.0,2038
10,6.0,2607
10,7.0,2709
10,8.0,1513
10,9.0,1915
10,10.0,1602
10,11.0,1471
10,12.0,1771
10,13.0,1924
10,14.0,3030
10,15.0,1989
10,16.0,2970
10,17.0,1391
10,18.0,1901
10,19.0,3004
11,0.0,2507
11,1.0,1195
11,2.0,2328
11,3.0,2054
11,4.0,2038
11,5.0,2038
11,6.0,1522
11,7.0,2709
11,8.0,1513
11,9.0,1915
11,10.0,1602
11,11.0,1471
11,12.0,1771
11,13.0,1924
11,14.0,3030
11,15.0,2272
11,16.0,2954
11,17.0,2416
11,18.0,1901
11,19.0,1418
12,0.0,2466
12,1.0,1195
12,2.0,2328
12,3.0,2054
12,4.0,2038
12,5.0,2038
12,6.0,1522
12,7.0,2709
12,8.0,1513
12,9.0,1915
12,10.0,1602
12,11.0,1471
12,12.0,1771
12,13.0,1924
12,14.0,3030
12,15.0,3078
12,16.0,1382
12,17.0,3091
12,18.0,1150
12,19.0,3072
13,0.0,1703
13,1.0,3127
13,2.0,2328
13,3.0,2054
13,4.0,2038
13,5.0,2038
13,6.0,1522
13,7.0,2709
13,8.0,1513
13,9.0,1915
13,10.0,1602
13,11.0,1471
13,12.0,1771
13,13.0,1924
13,14.0,3030
13,15.0,2310
13,16.0,2975
13,17.0,2038
13,18.0,2826
13,19.0,1208
14,0.0,1939
14,1.0,1195
14,2.0,2328
14,3.0,2054
14,4.0,2038
14,5.0,2038
14,6.0,1522
14,7.0,2709
14,8.0,1513
14,9.0,1915
14,10.0,1602
14,11.0,1471
14,12.0,1771
14,13.0,1924
14,14.0,3030
14,15.0,1557
14,16.0,2229
14,17.0,2038
14,18.0,2826
14,19.0,2761
15,0.0,1675
15,1.0,1195
15,2.0,2328
15,3.0,2054
15,4.0,2038
15,5.0,2038
15,6.0,1522
15,7.0,2709
15,8.0,1513
15,9.0,1915
15,10.0,1602
15,11.0,1471
15,12.0,1771
15,13.0,1924
15,14.0,2121
15,15.0,1184
15,16.0,1219
15,17.0,2696
15,18.0,1624
15,19.0,1956
16,0.0,2304
16,1.0,1195
16,2.0,2328
16,3.0,2054
16,4.0,2038
16,5.0,2038
16,6.0,1522
16,7.0,2709
16,8.0,1513
16,9.0,1915
16,10.0,1602
16,11.0,1323
16,12.0,1771
16,13.0,1924
16,14.0,2121
16,15.0,1706
16,16.0,2754
16,17.0,3129
16,18.0,2440
16,19.0,1362
17,0.0,3137
17,1.0,1195
17,2.0,2328
17,3.0,2054
17,4.0,2038
17,5.0,2038
17,6.0,1522
17,7.0,2709
17,8.0,1513
17,9.0,1915
17,10.0,1602
17,11.0,1471
17,12.0,1771
17,13.0,1924
17,14.0,2121
17,15.0,1937
17,16.0,2640
17,17.0,1878
17,18.0,1038
17,19.0,2113
18,0.0,3023
18,1.0,1195
18,2.0,2328
18,3.0,2054
18,4.0,2038
18,5.0,2038
18,6.0,1522
18,7.0,2709
18,8.0,1513
18,9.0,1915
18,10.0,1602
18,11.0,1471
18,12.0,1771
18,13.0,1924
18,14.0,2121
18,15.0,2484
18,16.0,1102
18,17.0,2416
18,18.0,2118
18,19.0,1175
19,0.0,1833
19,1.0,2912
19,2.0,2095
19,3.0,1864
19,4.0,2038
19,5.0,2038
19,6.0,1577
19,7.0,2709
19,8.0,2378
19,9.0,3130
19,10.0,1701
19,11.0,1471
19,12.0,1771
19,13.0,1924
19,14.0,3030
19,15.0,1206
19,16.0,1629
19,17.0,1626
19,18.0,2569
19,19.0,2347
20,0.0,3119
20,1.0,2912
20,2.0,2095
20,3.0,1864
20,4.0,2038
20,5.0,2038
20,6.0,1577
20,7.0,2709
20,8.0,2378
20,9.0,3130
20,10.0,1701
20,11.0,1471
20,12.0,1771
20,13.0,1924
20,14.0,3030
20,15.0,1294
20,16.0,1846
20,17.0,3129
20,18.0,1765
20,19.0,2923
21,0.0,2281
21,1.0,2912
21,2.0,2095
21,3.0,1864
21,4.0,2038
21,5.0,2038
21,6.0,1577
21,7.0,2709
21,8.0,2378
21,9.0,3130
21,10.0,1701
21,11.0,1471
21,12.0,1771
21,13.0,1924
21,14.0,1991
21,15.0,1989
21,16.0,2970
21,17.0,2128
21,18.0,2887
21,19.0,3004
22,0.0,1592
22,1.0,2912
22,2.0,2095
22,3.0,1864
22,4.0,2038
22,5.0,2038
22,6.0,1577
22,7.0,2709
22,8.0,2378
22,9.0,3130
22,10.0,1701
22,11.0,1471
22,12.0,1616
22,13.0,1924
22,14.0,1217
22,15.0,2272
22,16.0,2954
22,17.0,2416
22,18.0,1301
22,19.0,1418
23,0.0,2206
23,1.0,2912
23,2.0,2095
23,3.0,1864
23,4.0,2038
23,5.0,2038
23,6.0,1577
23,7.0,2709
23,8.0,2378
23,9.0,3130
23,10.0,1701
23,11.0,1471
23,12.0,1771
23,13.0,1924
23,14.0,3030
23,15.0,3078
23,16.0,1382
23,17.0,3129
23,18.0,2325
23,19.0,3072
24,0.0,2556
24,1.0,2912
24,2.0,2095
24,3.0,1864
24,4.0,2038
24,5.0,2038
24,6.0,1577
24,7.0,2709
24,8.0,2378
24,9.0,3130
24,10.0,2804
24,11.0,1471
24,12.0,1771
24,13.0,2892
24,14.0,3030
24,15.0,2310
24,16.0,2975
24,17.0,2038
24,18.0,2826
24,19.0,1208
25,0.0,2098
25,1.0,2912
25,2.0,2095
25,3.0,1864
25,4.0,2038
25,5.0,2038
25,6.0,1577
25,7.0,2709
25,8.0,2378
25,9.0,3130
25,10.0,1701
25,11.0,1471
25,12.0,1771
25,13.0,1924
25,14.0,3030
25,15.0,1557
25,16.0,2229
25,17.0,2555
25,18.0,1825
25,19.0,2761
26,0.0,1405
26,1.0,2912
26,2.0,1236
26,3.0,1864
26,4.0,2038
26,5.0,2038
26,6.0,1577
26,7.0,2709
26,8.0,2378
26,9.0,3130
26,10.0,1701
26,11.0,1471
26,12.0,1771
26,13.0,1924
26,14.0,2121
26,15.0,1184
26,16.0,1219
26,17.0,3002
26,18.0,1224
26,19.0,1956
27,0.0,1360
27,1.0,2912
27,2.0,2095
27,3.0,1864
27,4.0,2038
27,5.0,2038
27,6.0,1577
27,7.0,2709
27,8.0,2378
27,9.0,3130
27,10.0,1701
27,11.0,1471
27,12.0,1134
27,13.0,1924
27,14.0,2121
27,15.0,1706
27,16.0,2754
27,17.0,3129
27,18.0,2711
27,19.0,1362
28,0.0,2947
28,1.0,2912
28,2.0,2095
28,3.0,1864
28,4.0,2038
28,5.0,2038
28,6.0,1577
28,7.0,2709
28,8.0,2378
28,9.0,3130
28,10.0,1701
28,11.0,1471
28,12.0,1771
28,13.0,1924
28,14.0,2121
28,15.0,1937
28,16.0,2640
28,17.0,1416
28,18.0,1087
28,19.0,2113
29,0.0,1795
29,1.0,2912
29,2.0,2095
29,3.0,1864
29,4.0,2038
29,5.0,2038
29,6.0,1577
29,7.0,2709
29,8.0,2378
29,9.0,3130
29,10.0,1701
29,11.0,1471
29,12.0,1771
29,13.0,1924
29,14.0,2121
29,15.0,2484
29,16.0,1102
29,17.0,2416
29,18.0,2276
29,19.0,1175
30,0.0,2112
30,1.0,2912
30,2.0,2095
30,3.0,1864
30,4.0,2038
30,5.0,2038
30,6.0,1577
30,7.0,2709
30,8.0,2378
30,9.0,3130
30,10.0,1701
30,11.0,1471
30,12.0,1771
30,13.0,1924
30,14.0,1726
30,15.0,2467
30,16.0,1949
30,17.0,1053
30,18.0,1647
30,19.0,1163
31,0.0,1584
31,1.0,2912
31,2.0,2095
31,3.0,1864
31,4.0,2038
31,5.0,2038
31,6.0,1577
31,7.0,2709
31,8.0,2378
31,9.0,3130
31,10.0,1701
31,11.0,1471
31,12.0,2684
31,13.0,1924
31,14.0,1726
31,15.0,2700
31,16.0,1410
31,17.0,1305
31,18.0,2477
31,19.0,1040
32,0.0,2958
32,1.0,2912
32,2.0,2095
32,3.0,1864
32,4.0,2038
32,5.0,2038
32,6.0,1577
32,7.0,2709
32,8.0,2378
32,9.0,3130
32,10.0,1701
32,11.0,1471
32,12.0,1771
32,13.0,1924
32,14.0,1726
32,15.0,1517
32,16.0,1876
32,17.0,3129
32,18.0,2893
32,19.0,1302
33,0.0,2213
33,1.0,2912
33,2.0,2095
33,3.0,1864
33,4.0,2038
33,5.0,2038
33,6.0,1577
33,7.0,2709
33,8.0,2378
33,9.0,3130
33,10.0,1701
33,11.0,1471
33,12.0,1771
33,13.0,1924
33,14.0,1726
33,15.0,2104
33,16.0,1066
33,17.0,1878
33,18.0,2062
33,19.0,2931
34,0.0,2309
34,1.0,2912
34,2.0,2095
34,3.0,1864
34,4.0,2038
34,5.0,2038
34,6.0,1577
34,7.0,2709
34,8.0,2378
34,9.0,3130
34,10.0,1701
34,11.0,1471
34,12.0,1771
34,13.0,1924
34,14.0,1726
34,15.0,3110
34,16.0,2732
34,17.0,2696
34,18.0,2065
34,19.0,2297
35,0.0,2205
35,1.0,2912
35,2.0,2095
35,3.0,1864
35,4.0,2038
35,5.0,2038
35,6.0,1577
35,7.0,2709
35,8.0,2378
35,9.0,3130
35,10.0,1701
35,11.0,1471
35,12.0,1771
35,13.0,1924
35,14.0,1726
35,15.0,2488
35,16.0,2102
35,17.0,2921
35,18.0,1814
35,19.0,2702
36,0.0,3154
36,1.0,2912
36,2.0,2095
36,3.0,1864
36,4.0,2038
36,5.0,2038
36,6.0,1577
36,7.0,2709
36,8.0,2378
36,9.0,3130
36,10.0,1999
36,11.0,1471
36,12.0,1771
36,13.0,1924
36,14.0,1170
36,15.0,2791
36,16.0,2321
36,17.0,2555
36,18.0,2991
36,19.0,2852
37,0.0,1366
37,1.0,2912
37,2.0,2095
37,3.0,1864
37,4.0,2038
37,5.0,2038
37,6.0,1577
37,7.0,2709
37,8.0,2378
37,9.0,3130
37,10.0,1701
37,11.0,1471
37,12.0,1771
37,13.0,1924
37,14.0,1170
37,15.0,1143
37,16.0,2857
37,17.0,1126
37,18.0,2505
37,19.0,2086
38,0.0,1796
38,1.0,2912
38,2.0,2095
38,3.0,1864
38,4.0,2038
38,5.0,2038
38,6.0,1577
38,7.0,2709
38,8.0,2378
38,9.0,3130
38,10.0,1701
38,11.0,1471
38,12.0,1771
38,13.0,1924
38,14.0,1170
38,15.0,1107
38,16.0,1638
38,17.0,1626
38,18.0,1130
38,19.0,2124
39,0.0,1160
39,1.0,2912
39,2.0,2095
39,3.0,1864
39,4.0,2038
39,5.0,2038
39,6.0,1577
39,7.0,2709
39,8.0,2378
39,9.0,3130
39,10.0,1701
39,11.0,2798
39,12.0,1771
39,13.0,1924
39,14.0,1170
39,15.0,2790
39,16.0,1690
39,17.0,2280
39,18.0,1867
39,19.0,2322
40,0.0,2251
40,1.0,2912
40,2.0,2095
40,3.0,1864
40,4.0,2038
40,5.0,2038
40,6.0,1577
40,7.0,2709
40,8.0,2378
40,9.0,3130
40,10.0,1701
40,11.0,1471
40,12.0,1771
40,13.0,1924
40,14.0,1170
40,15.0,2763
40,16.0,3114
40,17.0,2128
40,18.0,1331
40,19.0,2358
41,0.0,1711
41,1.0,2912
41,2.0,2095
41,3.0,1864
41,4.0,2038
41,5.0,2038
41,6.0,1577
41,7.0,2709
41,8.0,2378
41,9.0,3130
41,10.0,1701
41,11.0,1471
41,12.0,1771
41,13.0,1924
41,14.0,1170
41,15.0,2305
41,16.0,1207
41,17.0,1981
41,18.0,1630
41,19.0,1036
42,0.0,3138
42,1.0,2912
42,2.0,2095
42,3.0,1864
42,4.0,2038
42,5.0,2038
42,6.0,1577
42,7.0,1384
42,8.0,2378
42,9.0,3130
42,10.0,1701
42,11.0,1471
42,12.0,2232
42,13.0,1924
42,14.0,1170
42,15.0,2393
42,16.0,1343
42,17.0,3091
42,18.0,2247
42,19.0,2244
43,0.0,2861
43,1.0,2912
43,2.0,2095
43,3.0,1864
43,4.0,2038
43,5.0,2038
43,6.0,1577
43,7.0,2709
43,8.0,2378
43,9.0,3130
43,10.0,1701
43,11.0,1471
43,12.0,1771
43,13.0,1738
43,14.0,1170
43,15.0,2341
43,16.0,1502
43,17.0,1595
43,18.0,1775
43,19.0,1367
44,0.0,3016
44,1.0,3076
44,2.0,1742
44,3.0,1347
44,4.0,2038
44,5.0,2038
44,6.0,2141
44,7.0,2709
44,8.0,2915
44,9.0,1583
44,10.0,3184
44,11.0,1471
44,12.0,1771
44,13.0,1924
44,14.0,3030
44,15.0,1206
44,16.0,1629
44,17.0,2696
44,18.0,2458
44,19.0,2347
45,0.0,2513
45,1.0,1482
45,2.0,1742
45,3.0,1347
45,4.0,2038
45,5.0,2038
45,6.0,2141
45,7.0,2709
45,8.0,3014
45,9.0,1583
45,10.0,3184
45,11.0,1471
45,12.0,1771
45,13.0,1924
45,14.0,3030
45,15.0,1294
45,16.0,1846
45,17.0,1903
45,18.0,2036
45,19.0,2923
46,0.0,1942
46,1.0,3076
46,2.0,1742
46,3.0,1347
46,4.0,2038
46,5.0,2038
46,6.0,2141
46,7.0,1384
46,8.0,3014
46,9.0,1583
46,10.0,3184
46,11.0,1471
46,12.0,1771
46,13.0,1924
46,14.0,3030
46,15.0,1989
46,16.0,2970
46,17.0,2416
46,18.0,2354
46,19.0,3004
47,0.0,1261
47,1.0,3076
47,2.0,1742
47,3.0,1347
47,4.0,2038
47,5.0,2038
47,6.0,2141
47,7.0,2709
47,8.0,3014
47,9.0,1583
47,10.0,3184
47,11.0,1471
47,12.0,1771
47,13.0,1924
47,14.0,3030
47,15.0,2272
47,16.0,2954
47,17.0,2038
47,18.0,2826
47,19.0,1418
48,0.0,2575
48,1.0,3076
48,2.0,1742
48,3.0,1347
48,4.0,2038
48,5.0,2038
48,6.0,2141
48,7.0,2709
48,8.0,3014
48,9.0,1583
48,10.0,3184
48,11.0,1471
48,12.0,1771
48,13.0,1924
48,14.0,3030
48,15.0,3078
48,16.0,1382
48,17.0,2416
48,18.0,2036
48,19.0,3072
49,0.0,1723
49,1.0,3076
49,2.0,1742
49,3.0,1347
49,4.0,2038
49,5.0,2038
49,6.0,2141
49,7.0,2709
49,8.0,3014
49,9.0,1583
49,10.0,3184
49,11.0,1471
49,12.0,1771
49,13.0,1924
49,14.0,3030
49,15.0,2310
49,16.0,2975
49,17.0,2038
49,18.0,2826
49,19.0,1208
50,0.0,1813
50,1.0,3076
50,2.0,1742
50,3.0,1347
50,4.0,2038
50,5.0,2038
50,6.0,2141
50,7.0,1384
50,8.0,3014
50,9.0,1583
50,10.0,3184
50,11.0,1471
50,12.0,1771
50,13.0,1924
50,14.0,3030
50,15.0,1557
50,16.0,2229
50,17.0,2038
50,18.0,2826
50,19.0,2761
51,0.0,1155
51,1.0,3076
51,2.0,1742
51,3.0,1347
51,4.0,2038
51,5.0,2038
51,6.0,2141
51,7.0,2709
51,8.0,3014
51,9.0,1583
51,10.0,3184
51,11.0,1471
51,12.0,1771
51,13.0,2892
51,14.0,2121
51,15.0,1184
51,16.0,1219
51,17.0,3002
51,18.0,2276
51,19.0,1956
52,0.0,2512
52,1.0,3076
52,2.0,1742
52,3.0,1347
52,4.0,2038
52,5.0,2038
52,6.0,2141
52,7.0,2709
52,8.0,3014
52,9.0,1583
52,10.0,3184
52,11.0,1471
52,12.0,1771
52,13.0,1924
52,14.0,2121
52,15.0,1706
52,16.0,2754
52,17.0,3129
52,18.0,1814
52,19.0,1362
53,0.0,2344
53,1.0,3076
53,2.0,1742
53,3.0,1347
53,4.0,2038
53,5.0,2038
53,6.0,2141
53,7.0,2709
53,8.0,3014
53,9.0,1583
53,10.0,3184
53,11.0,1471
53,12.0,1771
53,13.0,1924
53,14.0,2121
53,15.0,1937
53,16.0,2640
53,17.0,1981
53,18.0,2677
53,19.0,2113
54,0.0,2340
54,1.0,3076
54,2.0,1742
54,3.0,1347
54,4.0,2038
54,5.0,2038
54,6.0,2141
54,7.0,2709
54,8.0,3014
54,9.0,1583
54,10.0,3184
54,11.0,1471
54,12.0,1771
54,13.0,1924
54,14.0,2121
54,15.0,2484
54,16.0,1102
54,17.0,1126
54,18.0,2234
54,19.0,1175
55,0.0,2909
55,1.0,3076
55,2.0,1742
55,3.0,1347
55,4.0,2038
55,5.0,2038
55,6.0,2141
55,7.0,2709
55,8.0,3014
55,9.0,1583
55,10.0,3184
55,11.0,1471
55,12.0,1771
55,13.0,1924
55,14.0,1726
55,15.0,2467
55,16.0,1949
55,17.0,2539
55,18.0,2601
55,19.0,1163
56,0.0,1879
56,1.0,3076
56,2.0,1742
56,3.0,1347
56,4.0,2038
56,5.0,2038
56,6.0,1091
56,7.0,2709
56,8.0,3014
56,9.0,1583
56,10.0,3184
56,11.0,1471
56,12.0,1771
56,13.0,1924
56,14.0,1726
56,15.0,2700
56,16.0,1410
56,17.0,2539
56,18.0,1118
56,19.0,1725
57,0.0,1443
57,1.0,3076
57,2.0,1742
57,3.0,2139
57,4.0,2038
57,5.0,2038
57,6.0,2141
57,7.0,2709
57,8.0,3014
57,9.0,1583
57,10.0,1736
57,11.0,1471
57,12.0,1771
57,13.0,1924
57,14.0,1726
57,15.0,1517
57,16.0,1876
57,17.0,2539
57,18.0,1679
57,19.0,1302
58,0.0,1397
58,1.0,3076
58,2.0,1742
58,3.0,1347
58,4.0,2038
58,5.0,2038
58,6.0,2141
58,7.0,2709
58,8.0,3014
58,9.0,1583
58,10.0,3184
58,11.0,1471
58,12.0,1771
58,13.0,1924
58,14.0,1726
58,15.0,2104
58,16.0,1066
58,17.0,2128
58,18.0,1748
58,19.0,2931
59,0.0,3100
59,1.0,3076
59,2.0,1742
59,3.0,1347
59,4.0,2038
59,5.0,2038
59,6.0,2141
59,7.0,2709
59,8.0,3014
59,9.0,1583
59,10.0,3184
59,11.0,1471
59,12.0,1771
59,13.0,1924
59,14.0,1726
59,15.0,3110
59,16.0,2732
59,17.0,1878
59,18.0,1648
59,19.0,2297
60,0.0,1287
60,1.0,3076
60,2.0,1742
60,3.0,1347
60,4.0,2038
60,5.0,2038
60,6.0,2141
60,7.0,2709
60,8.0,3014
60,9.0,1583
60,10.0,1736
60,11.0,1471
60,12.0,1771
60,13.0,1924
60,14.0,1726
60,15.0,2488
60,16.0,2102
60,17.0,1385
60,18.0,1936
60,19.0,2702
61,0.0,1633
61,1.0,3076
61,2.0,1742
61,3.0,1347
61,4.0,2038
61,5.0,2038
61,6.0,2141
61,7.0,2709
61,8.0,3014
61,9.0,1583
61,10.0,3184
61,11.0,1471
61,12.0,1771
61,13.0,1924
61,14.0,1170
61,15.0,2791
61,16.0,2321
61,17.0,2827
61,18.0,1150
61,19.0,2852
62,0.0,2238
62,1.0,3076
62,2.0,1742
62,3.0,1347
62,4.0,2038
62,5.0,2038
62,6.0,2141
62,7.0,2709
62,8.0,3014
62,9.0,1583
62,10.0,3184
62,11.0,1471
62,12.0,1771
62,13.0,1924
62,14.0,1170
62,15.0,1143
62,16.0,2857
62,17.0,2128
62,18.0,2224
62,19.0,2086
63,0.0,2472
63,1.0,3076
63,2.0,1742
63,3.0,1347
63,4.0,2038
63,5.0,2038
63,6.0,2141
63,7.0,2709
63,8.0,1111
63,9.0,1583
63,10.0,3184
63,11.0,1471
63,12.0,1771
63,13.0,1924
63,14.0,1170
63,15.0,1107
63,16.0,1638
63,17.0,1053
63,18.0,1252
63,19.0,2124
64,0.0,2028
64,1.0,3076
64,2.0,1742
64,3.0,1347
64,4.0,2038
64,5.0,2038
64,6.0,2141
64,7.0,2709
64,8.0,3014
64,9.0,1583
64,10.0,3184
64,11.0,1471
64,12.0,1771
64,13.0,1924
64,14.0,1170
64,15.0,2790
64,16.0,1690
64,17.0,1550
64,18.0,2783
64,19.0,2322
65,0.0,2135
65,1.0,3076
65,2.0,1742
65,3.0,1347
65,4.0,2038
65,5.0,2038
65,6.0,2141
65,7.0,2709
65,8.0,3014
65,9.0,1583
65,10.0,3160
65,11.0,1471
65,12.0,1771
65,13.0,1924
65,14.0,1170
65,15.0,2763
65,16.0,3114
65,17.0,2038
65,18.0,2826
65,19.0,2358
66,0.0,2924
66,1.0,3076
66,2.0,1742
66,3.0,1347
66,4.0,2038
66,5.0,2038
66,6.0,2141
66,7.0,2709
66,8.0,3014
66,9.0,1583
66,10.0,3184
66,11.0,1471
66,12.0,1771
66,13.0,1924
66,14.0,1170
66,15.0,2305
66,16.0,1207
66,17.0,2416
66,18.0,1441
66,19.0,1036
67,0.0,2453
67,1.0,3076
67,2.0,1742
67,3.0,1347
67,4.0,2038
67,5.0,2038
67,6.0,2141
67,7.0,2709
67,8.0,3014
67,9.0,2834
67,10.0,3184
67,11.0,1471
67,12.0,1771
67,13.0,1924
67,14.0,1170
67,15.0,2393
67,16.0,1343
67,17.0,3002
67,18.0,1225
67,19.0,2244
68,0.0,2833
68,1.0,3076
68,2.0,1742
68,3.0,1347
68,4.0,2038
68,5.0,2038
68,6.0,2141
68,7.0,2709
68,8.0,3014
68,9.0,1583
68,10.0,3184
68,11.0,1471
68,12.0,1771
68,13.0,1924
68,14.0,1170
68,15.0,2341
68,16.0,1502
68,17.0,3156
68,18.0,1225
68,19.0,1367
69,0.0,2673
69,1.0,2286
69,2.0,1500
69,3.0,1411
69,4.0,2038
69,5.0,2038
69,6.0,2357
69,7.0,2709
69,8.0,1941
69,9.0,1928
69,10.0,1919
69,11.0,1471
69,12.0,1481
69,13.0,1924
69,14.0,3030
69,15.0,1206
69,16.0,1629
69,17.0,2539
69,18.0,3007
69,19.0,2091
70,0.0,1133
70,1.0,2286
70,2.0,1500
70,3.0,1411
70,4.0,2038
70,5.0,2038
70,6.0,2357
70,7.0,2709
70,8.0,1661
70,9.0,1928
70,10.0,1919
70,11.0,1471
70,12.0,1481
70,13.0,1924
70,14.0,3030
70,15.0,1294
70,16.0,1846
70,17.0,2128
70,18.0,1282
70,19.0,2923
71,0.0,1830
71,1.0,2286
71,2.0,1500
71,3.0,1411
71,4.0,2038
71,5.0,2038
71,6.0,2357
71,7.0,2709
71,8.0,1941
71,9.0,1928
71,10.0,1919
71,11.0,1471
71,12.0,1481
71,13.0,1924
71,14.0,3030
71,15.0,1989
71,16.0,2970
71,17.0,1053
71,18.0,1257
71,19.0,3004
72,0.0,1580
72,1.0,2286
72,2.0,1500
72,3.0,1411
72,4.0,2038
72,5.0,2038
72,6.0,2357
72,7.0,2709
72,8.0,1941
72,9.0,2918
72,10.0,1919
72,11.0,1471
72,12.0,1481
72,13.0,1924
72,14.0,3030
72,15.0,2272
72,16.0,2954
72,17.0,2416
72,18.0,1908
72,19.0,1418
73,0.0,1361
73,1.0,2286
73,2.0,1500
73,3.0,1411
73,4.0,2038
73,5.0,2038
73,6.0,2357
73,7.0,2709
73,8.0,1941
73,9.0,1928
73,10.0,1919
73,11.0,1471
73,12.0,1481
73,13.0,1924
73,14.0,1217
73,15.0,3078
73,16.0,1382
73,17.0,2128
73,18.0,1669
73,19.0,3072
74,0.0,1560
74,1.0,2286
74,2.0,1500
74,3.0,1411
74,4.0,2038
74,5.0,2038
74,6.0,2357
74,7.0,2709
74,8.0,1941
74,9.0,1928
74,10.0,1919
74,11.0,1471
74,12.0,1481
74,13.0,1924
74,14.0,3030
74,15.0,2310
74,16.0,2975
74,17.0,2038
74,18.0,2826
74,19.0,1208
75,0.0,1394
75,1.0,2286
75,2.0,1500
75,3.0,1411
75,4.0,2038
75,5.0,2038
75,6.0,2357
75,7.0,2709
75,8.0,1941
75,9.0,1928
75,10.0,1919
75,11.0,1471
75,12.0,1481
75,13.0,1924
75,14.0,3030
75,15.0,1557
75,16.0,2229
75,17.0,1626
75,18.0,1514
75,19.0,2761
76,0.0,3038
76,1.0,2286
76,2.0,1500
76,3.0,1411
76,4.0,2038
76,5.0,2038
76,6.0,2357
76,7.0,2709
76,8.0,1941
76,9.0,1928
76,10.0,1919
76,11.0,1471
76,12.0,1481
76,13.0,1924
76,14.0,2121
76,15.0,1184
76,16.0,1219
76,17.0,2301
76,18.0,3170
76,19.0,1956
77,0.0,2048
77,1.0,2286
77,2.0,1500
77,3.0,1411
77,4.0,2038
77,5.0,2038
77,6.0,2357
77,7.0,2709
77,8.0,1941
77,9.0,1303
77,10.0,1919
77,11.0,1471
77,12.0,1481
77,13.0,1924
77,14.0,2121
77,15.0,1706
77,16.0,2754
77,17.0,2539
77,18.0,2986
77,19.0,1362
78,0.0,1793
78,1.0,2286
78,2.0,1500
78,3.0,1411
78,4.0,2038
78,5.0,2038
78,6.0,2357
78,7.0,2709
78,8.0,1941
78,9.0,1928
78,10.0,1919
78,11.0,1471
78,12.0,1481
78,13.0,1924
78,14.0,2121
78,15.0,1937
78,16.0,2640
78,17.0,2160
78,18.0,2441
78,19.0,2113
79,0.0,2016
79,1.0,2286
79,2.0,1500
79,3.0,1411
79,4.0,2038
79,5.0,2038
79,6.0,1962
79,7.0,2709
79,8.0,1941
79,9.0,1928
79,10.0,1919
79,11.0,1471
79,12.0,1481
79,13.0,1924
79,14.0,2121
79,15.0,2484
79,16.0,1102
79,17.0,2416
79,18.0,2075
79,19.0,1175
80,0.0,2573
80,1.0,2286
80,2.0,1500
80,3.0,1411
80,4.0,2038
80,5.0,2038
80,6.0,2357
80,7.0,2709
80,8.0,1941
80,9.0,1928
80,10.0,1919
80,11.0,1471
80,12.0,1481
80,13.0,1924
80,14.0,1726
80,15.0,2467
80,16.0,1949
80,17.0,1981
80,18.0,2353
80,19.0,1163
81,0.0,3106
81,1.0,3167
81,2.0,1500
81,3.0,1411
81,4.0,2038
81,5.0,2038
81,6.0,2357
81,7.0,2709
81,8.0,1941
81,9.0,1928
81,10.0,1919
81,11.0,1471
81,12.0,1481
81,13.0,1924
81,14.0,1726
81,15.0,2700
81,16.0,1410
81,17.0,1550
81,18.0,2411
81,19.0,1040
82,0.0,1546
82,1.0,2286
82,2.0,1500
82,3.0,1411
82,4.0,2038
82,5.0,2038
82,6.0,2357
82,7.0,2709
82,8.0,1941
82,9.0,1928
82,10.0,1919
82,11.0,1471
82,12.0,1481
82,13.0,1924
82,14.0,1726
82,15.0,1517
82,16.0,1876
82,17.0,2416
82,18.0,1567
82,19.0,1302
83,0.0,1598
83,1.0,2286
83,2.0,1500
83,3.0,1411
83,4.0,2038
83,5.0,2038
83,6.0,2357
83,7.0,1384
83,8.0,1941
83,9.0,1928
83,10.0,1919
83,11.0,1471
83,12.0,1481
83,13.0,1924
83,14.0,1726
83,15.0,2104
83,16.0,1066
83,17.0,2128
83,18.0,2653
83,19.0,2931
84,0.0,2259
84,1.0,2286
84,2.0,1500
84,3.0,1411
84,4.0,2038
84,5.0,2038
84,6.0,2357
84,7.0,2709
84,8.0,1941
84,9.0,1928
84,10.0,1919
84,11.0,1471
84,12.0,1481
84,13.0,1924
84,14.0,1726
84,15.0,3110
84,16.0,2732
84,17.0,1416
84,18.0,2222
84,19.0,2297
85,0.0,1164
85,1.0,2286
85,2.0,1500
85,3.0,1411
85,4.0,2038
85,5.0,2038
85,6.0,2357
85,7.0,2709
85,8.0,1941
85,9.0,1928
85,10.0,1919
85,11.0,1471
85,12.0,1481
85,13.0,1924
85,14.0,1726
85,15.0,2488
85,16.0,2102
85,17.0,2280
85,18.0,1940
85,19.0,2702
86,0.0,1660
86,1.0,2286
86,2.0,1500
86,3.0,1411
86,4.0,2038
86,5.0,2038
86,6.0,2357
86,7.0,2709
86,8.0,1941
86,9.0,1928
86,10.0,1919
86,11.0,1471
86,12.0,1481
86,13.0,1924
86,14.0,1170
86,15.0,2791
86,16.0,2321
86,17.0,2128
86,18.0,2893
86,19.0,2852
87,0.0,2745
87,1.0,2286
87,2.0,1500
87,3.0,1411
87,4.0,2038
87,5.0,2038
87,6.0,2357
87,7.0,2709
87,8.0,1941
87,9.0,1928
87,10.0,1919
87,11.0,1471
87,12.0,1481
87,13.0,1924
87,14.0,1170
87,15.0,1143
87,16.0,2857
87,17.0,3129
87,18.0,1293
87,19.0,2086
88,0.0,3000
88,1.0,2286
88,2.0,1500
88,3.0,1411
88,4.0,2038
88,5.0,2038
88,6.0,1904
88,7.0,2709
88,8.0,1941
88,9.0,1928
88,10.0,1919
88,11.0,1471
88,12.0,1481
88,13.0,1924
88,14.0,1170
88,15.0,1107
88,16.0,1638
88,17.0,3129
88,18.0,2300
88,19.0,2124
89,0.0,1620
89,1.0,2286
89,2.0,1500
89,3.0,1411
89,4.0,2038
89,5.0,2038
89,6.0,2357
89,7.0,2709
89,8.0,1941
89,9.0,1928
89,10.0,1919
89,11.0,1471
89,12.0,1481
89,13.0,1924
89,14.0,1170
89,15.0,2790
89,16.0,1690
89,17.0,1126
89,18.0,1448
89,19.0,2322
90,0.0,3152
90,1.0,2286
90,2.0,1500
90,3.0,1411
90,4.0,2038
90,5.0,2038
90,6.0,2357
90,7.0,2709
90,8.0,1941
90,9.0,1928
90,10.0,1919
90,11.0,1471
90,12.0,1481
90,13.0,1924
90,14.0,1170
90,15.0,2763
90,16.0,3114
90,17.0,1305
90,18.0,1047
90,19.0,2358
91,0.0,2583
91,1.0,2286
91,2.0,1500
91,3.0,1411
91,4.0,2038
91,5.0,2038
91,6.0,2357
91,7.0,2709
91,8.0,1941
91,9.0,1928
91,10.0,1919
91,11.0,1471
91,12.0,1481
91,13.0,1924
91,14.0,1170
91,15.0,2305
91,16.0,1207
91,17.0,2416
91,18.0,3143
91,19.0,1036
92,0.0,2389
92,1.0,2286
92,2.0,1500
92,3.0,1411
92,4.0,2038
92,5.0,2038
92,6.0,2357
92,7.0,2709
92,8.0,1941
92,9.0,1928
92,10.0,1919
92,11.0,1471
92,12.0,1481
92,13.0,1924
92,14.0,1170
92,15.0,2393
92,16.0,1343
92,17.0,1550
92,18.0,1062
92,19.0,2244
93,0.0,1084
93,1.0,2286
93,2.0,1500
93,3.0,1411
93,4.0,2038
93,5.0,2038
93,6.0,2381
93,7.0,2709
93,8.0,1661
93,9.0,1928
93,10.0,1919
93,11.0,1471
93,12.0,1481
93,13.0,1924
93,14.0,1170
93,15.0,2341
93,16.0,1502
93,17.0,1878
93,18.0,1062
93,19.0,1367
94,0.0,2405
94,1.0,1373
94,2.0,1552
94,3.0,1424
94,4.0,2038
94,5.0,2038
94,6.0,2765
94,7.0,2709
94,8.0,1893
94,9.0,2650
94,10.0,1082
94,11.0,1471
94,12.0,1121
94,13.0,1200
94,14.0,3030
94,15.0,1206
94,16.0,1472
94,17.0,1903
94,18.0,2036
94,19.0,2347
95,0.0,1783
95,1.0,1373
95,2.0,1552
95,3.0,2136
95,4.0,2038
95,5.0,2038
95,6.0,2765
95,7.0,2709
95,8.0,1893
95,9.0,2650
95,10.0,1082
95,11.0,1471
95,12.0,1121
95,13.0,1200
95,14.0,3030
95,15.0,1294
95,16.0,1846
95,17.0,1554
95,18.0,2354
95,19.0,2923
96,0.0,2521
96,1.0,1373
96,2.0,1552
96,3.0,2136
96,4.0,2038
96,5.0,2038
96,6.0,2765
96,7.0,2709
96,8.0,1893
96,9.0,2650
96,10.0,1082
96,11.0,1471
96,12.0,1121
96,13.0,1200
96,14.0,3030
96,15.0,1989
96,16.0,2970
96,17.0,2038
96,18.0,2826
96,19.0,3004
97,0.0,1464
97,1.0,1373
97,2.0,1552
97,3.0,2136
97,4.0,2038
97,5.0,2038
97,6.0,2765
97,7.0,2709
97,8.0,1893
97,9.0,2650
97,10.0,1082
97,11.0,1471
97,12.0,1121
97,13.0,1200
97,14.0,3030
97,15.0,1650
97,16.0,2954
97,17.0,2038
97,18.0,2826
97,19.0,1418
98,0.0,2398
98,1.0,1373
98,2.0,1552
98,3.0,2136
98,4.0,2038
98,5.0,2038
98,6.0,2765
98,7.0,1384
98,8.0,1893
98,9.0,2650
98,10.0,1082
98,11.0,1193
98,12.0,1121
98,13.0,1200
98,14.0,3030
98,15.0,3078
98,16.0,1382
98,17.0,2416
98,18.0,2354
98,19.0,3072
99,0.0,2528
99,1.0,1373
99,2.0,1552
99,3.0,2136
99,4.0,2038
99,5.0,2038
99,6.0,2765
99,7.0,2709
99,8.0,1893
99,9.0,2650
99,10.0,1082
99,11.0,1471
99,12.0,1121
99,13.0,1200
99,14.0,3030
99,15.0,2310
99,16.0,2975
99,17.0,2038
99,18.0,2826
99,19.0,1208
100,0.0,1041
100,1.0,1373
100,2.0,1552
100,3.0,2136
100,4.0,2038
100,5.0,2038
100,6.0,2765
100,7.0,2709
100,8.0,1893
100,9.0,2650
100,10.0,1082
100,11.0,1471
100,12.0,1121
100,13.0,1200
100,14.0,3030
100,15.0,1557
100,16.0,2229
100,17.0,2038
100,18.0,2826
100,19.0,2761
101,0.0,1916
101,1.0,1373
101,2.0,1552
101,3.0,2136
101,4.0,2038
101,5.0,2038
101,6.0,2765
101,7.0,2709
101,8.0,1893
101,9.0,2650
101,10.0,2176
101,11.0,1471
101,12.0,1121
101,13.0,1200
101,14.0,2121
101,15.0,1910
101,16.0,1219
101,17.0,1626
101,18.0,1537
101,19.0,1956
102,0.0,2069
102,1.0,1373
102,2.0,1552
102,3.0,2136
102,4.0,2038
102,5.0,2038
102,6.0,2765
102,7.0,2709
102,8.0,1893
102,9.0,2650
102,10.0,1082
102,11.0,1471
102,12.0,1121
102,13.0,1200
102,14.0,2121
102,15.0,1706
102,16.0,2754
102,17.0,1731
102,18.0,1225
102,19.0,1362
103,0.0,3058
103,1.0,1373
103,2.0,1552
103,3.0,2136
103,4.0,2038
103,5.0,2038
103,6.0,2765
103,7.0,2709
103,8.0,1893
103,9.0,2650
103,10.0,1082
103,11.0,1471
103,12.0,1121
103,13.0,1200
103,14.0,2121
103,15.0,1937
103,16.0,2640
103,17.0,2989
103,18.0,1150
103,19.0,2113
104,0.0,1931
104,1.0,1373
104,2.0,1552
104,3.0,2136
104,4.0,2038
104,5.0,2038
104,6.0,2765
104,7.0,2709
104,8.0,1893
104,9.0,2650
104,10.0,1082
104,11.0,1471
104,12.0,1121
104,13.0,1200
104,14.0,2121
104,15.0,2484
104,16.0,1102
104,17.0,2416
104,18.0,1722
104,19.0,1175
105,0.0,1996
105,1.0,1373
105,2.0,1552
105,3.0,2136
105,4.0,2038
105,5.0,2038
105,6.0,2765
105,7.0,2709
105,8.0,1893
105,9.0,2650
105,10.0,1082
105,11.0,1471
105,12.0,1121
105,13.0,1200
105,14.0,1726
105,15.0,2467
105,16.0,1949
105,17.0,1731
105,18.0,1940
105,19.0,1163
106,0.0,1378
106,1.0,1373
106,2.0,1552
106,3.0,1643
106,4.0,2038
106,5.0,2038
106,6.0,2765
106,7.0,2709
106,8.0,1893
106,9.0,2650
106,10.0,1082
106,11.0,1471
106,12.0,1121
106,13.0,1200
106,14.0,1726
106,15.0,2700
106,16.0,1410
106,17.0,3002
106,18.0,1201
106,19.0,1040
107,0.0,1199
107,1.0,1373
107,2.0,1552
107,3.0,2136
107,4.0,2038
107,5.0,2038
107,6.0,2765
107,7.0,2709
107,8.0,1893
107,9.0,2650
107,10.0,1082
107,11.0,1471
107,12.0,1121
107,13.0,1200
107,14.0,1726
107,15.0,1517
107,16.0,1876
107,17.0,2416
107,18.0,1824
107,19.0,1302
108,0.0,1061
108,1.0,1373
108,2.0,1552
108,3.0,2136
108,4.0,2038
108,5.0,2038
108,6.0,2765
108,7.0,2709
108,8.0,1893
108,9.0,2650
108,10.0,1082
108,11.0,1471
108,12.0,1121
108,13.0,1200
108,14.0,1726
108,15.0,1832
108,16.0,1066
108,17.0,1550
108,18.0,2412
108,19.0,2931
109,0.0,2682
109,1.0,1373
109,2.0,1552
109,3.0,2136
109,4.0,2038
109,5.0,2038
109,6.0,2765
109,7.0,2709
109,8.0,1893
109,9.0,2650
109,10.0,1082
109,11.0,1471
109,12.0,1121
109,13.0,1200
109,14.0,1726
109,15.0,3110
109,16.0,2732
109,17.0,2280
109,18.0,3066
109,19.0,2297
110,0.0,2863
110,1.0,1373
110,2.0,1552
110,3.0,2136
110,4.0,2038
110,5.0,2038
110,6.0,2765
110,7.0,2709
110,8.0,1893
110,9.0,2650
110,10.0,1082
110,11.0,1471
110,12.0,1121
110,13.0,1200
110,14.0,1726
110,15.0,2488
110,16.0,2102
110,17.0,1981
110,18.0,1376
110,19.0,2702
111,0.0,1516
111,1.0,1373
111,2.0,1552
111,3.0,2136
111,4.0,2038
111,5.0,2038
111,6.0,2765
111,7.0,2709
111,8.0,1893
111,9.0,2650
111,10.0,1082
111,11.0,1471
111,12.0,1121
111,13.0,1200
111,14.0,1170
111,15.0,2791
111,16.0,1547
111,17.0,1416
111,18.0,3008
111,19.0,2852
112,0.0,2315
112,1.0,1373
112,2.0,1552
112,3.0,2136
112,4.0,2038
112,5.0,2038
112,6.0,2765
112,7.0,2709
112,8.0,1893
112,9.0,2650
112,10.0,1082
112,11.0,1471
112,12.0,1121
112,13.0,1200
112,14.0,1170
112,15.0,1143
112,16.0,2857
112,17.0,2280
112,18.0,1497
112,19.0,2086
113,0.0,2828
113,1.0,1373
113,2.0,1552
113,3.0,2136
113,4.0,2038
113,5.0,2038
113,6.0,2765
113,7.0,2709
113,8.0,1893
113,9.0,2650
113,10.0,1082
113,11.0,1471
113,12.0,1123
113,13.0,1200
113,14.0,1170
113,15.0,1107
113,16.0,1638
113,17.0,1416
113,18.0,1497
113,19.0,2124
114,0.0,2278
114,1.0,1373
114,2.0,1552
114,3.0,2136
114,4.0,2038
114,5.0,2038
114,6.0,2765
114,7.0,2709
114,8.0,1893
114,9.0,2650
114,10.0,1082
114,11.0,1471
114,12.0,1121
114,13.0,1200
114,14.0,1170
114,15.0,2790
114,16.0,1690
114,17.0,1053
114,18.0,1689
114,19.0,2322
115,0.0,3051
115,1.0,1373
115,2.0,1552
115,3.0,2136
115,4.0,2038
115,5.0,2038
115,6.0,2765
115,7.0,2709
115,8.0,1893
115,9.0,2650
115,10.0,1082
115,11.0,1471
115,12.0,1121
115,13.0,1200
115,14.0,1170
115,15.0,2763
115,16.0,3114
115,17.0,2038
115,18.0,2478
115,19.0,2358
116,0.0,2021
116,1.0,1373
116,2.0,1552
116,3.0,2136
116,4.0,2038
116,5.0,2038
116,6.0,2765
116,7.0,2709
116,8.0,1893
116,9.0,2650
116,10.0,1082
116,11.0,1471
116,12.0,1121
116,13.0,1200
116,14.0,1170
116,15.0,2305
116,16.0,1207
116,17.0,2416
116,18.0,2480
116,19.0,1036
117,0.0,2530
117,1.0,1373
117,2.0,1552
117,3.0,2136
117,4.0,2038
117,5.0,2038
117,6.0,2765
117,7.0,2709
117,8.0,1893
117,9.0,2650
117,10.0,1082
117,11.0,1471
117,12.0,1121
117,13.0,1200
117,14.0,1170
117,15.0,2393
117,16.0,1343
117,17.0,1731
117,18.0,1769
117,19.0,2244
118,0.0,1285
118,1.0,1373
118,2.0,1552
118,3.0,2136
118,4.0,2038
118,5.0,2038
118,6.0,2765
118,7.0,2709
118,8.0,1893
118,9.0,2650
118,10.0,1082
118,11.0,1471
118,12.0,1121
118,13.0,1200
118,14.0,1170
118,15.0,2341
118,16.0,1502
118,17.0,2280
118,18.0,1225
118,19.0,1367
119,0.0,2077
119,1.0,3122
119,2.0,2823
119,3.0,1401
119,4.0,2038
119,5.0,2038
119,6.0,1077
119,7.0,1029
119,8.0,2634
119,9.0,1238
119,10.0,1702
119,11.0,1471
119,12.0,1383
119,13.0,1924
119,14.0,3030
119,15.0,1206
119,16.0,1925
119,17.0,1821
119,18.0,2250
119,19.0,2347
120,0.0,1531
120,1.0,3122
120,2.0,2823
120,3.0,1401
120,4.0,2038
120,5.0,2038
120,6.0,1077
120,7.0,2709
120,8.0,2634
120,9.0,1238
120,10.0,1702
120,11.0,1471
120,12.0,1383
120,13.0,1924
120,14.0,3030
120,15.0,2726
120,16.0,1846
120,17.0,1853
120,18.0,2250
120,19.0,2923
121,0.0,1050
121,1.0,3122
121,2.0,2823
121,3.0,1401
121,4.0,2038
121,5.0,2038
121,6.0,1077
121,7.0,2709
121,8.0,2634
121,9.0,1238
121,10.0,1702
121,11.0,1471
121,12.0,1383
121,13.0,1924
121,14.0,3030
121,15.0,1989
121,16.0,2970
121,17.0,2038
121,18.0,2826
121,19.0,3004
122,0.0,2882
122,1.0,3122
122,2.0,2823
122,3.0,1401
122,4.0,2038
122,5.0,2038
122,6.0,1077
122,7.0,2709
122,8.0,2634
122,9.0,1238
122,10.0,1702
122,11.0,1471
122,12.0,1383
122,13.0,1924
122,14.0,3030
122,15.0,2272
122,16.0,2954
122,17.0,2038
122,18.0,2826
122,19.0,1418
123,0.0,2916
123,1.0,3122
123,2.0,2823
123,3.0,1401
123,4.0,2038
123,5.0,2038
123,6.0,1077
123,7.0,2709
123,8.0,2634
123,9.0,1238
123,10.0,1702
123,11.0,1471
123,12.0,1383
123,13.0,1924
123,14.0,3030
123,15.0,3078
123,16.0,1382
123,17.0,1821
123,18.0,2250
123,19.0,3072
124,0.0,2265
124,1.0,3122
124,2.0,2823
124,3.0,1401
124,4.0,2038
124,5.0,2038
124,6.0,1077
124,7.0,2709
124,8.0,2634
124,9.0,1238
124,10.0,1702
124,11.0,1471
124,12.0,1383
124,13.0,1924
124,14.0,3030
124,15.0,2310
124,16.0,2975
124,17.0,2038
124,18.0,2826
124,19.0,1208
125,0.0,2524
125,1.0,3122
125,2.0,2823
125,3.0,1401
125,4.0,2038
125,5.0,2038
125,6.0,1077
125,7.0,2709
125,8.0,2634
125,9.0,1238
125,10.0,1702
125,11.0,1471
125,12.0,1383
125,13.0,1924
125,14.0,3030
125,15.0,1557
125,16.0,2229
125,17.0,2038
125,18.0,2826
125,19.0,2761
126,0.0,1555
126,1.0,3122
126,2.0,2823
126,3.0,1401
126,4.0,2038
126,5.0,2038
126,6.0,1077
126,7.0,2709
126,8.0,2634
126,9.0,1238
126,10.0,1702
126,11.0,1471
126,12.0,1383
126,13.0,1924
126,14.0,2121
126,15.0,1184
126,16.0,1219
126,17.0,1145
126,18.0,1095
126,19.0,1956
127,0.0,1868
127,1.0,3122
127,2.0,2823
127,3.0,1401
127,4.0,2038
127,5.0,2038
127,6.0,1077
127,7.0,2709
127,8.0,2634
127,9.0,1238
127,10.0,1702
127,11.0,1471
127,12.0,1383
127,13.0,1924
127,14.0,2039
127,15.0,1706
127,16.0,2754
127,17.0,2555
127,18.0,1540
127,19.0,1362
128,0.0,2401
128,1.0,3122
128,2.0,2823
128,3.0,1401
128,4.0,2038
128,5.0,2038
128,6.0,1077
128,7.0,2709
128,8.0,2634
128,9.0,1238
128,10.0,1702
128,11.0,1471
128,12.0,1383
128,13.0,1924
128,14.0,2121
128,15.0,1937
128,16.0,2640
128,17.0,1391
128,18.0,1722
128,19.0,2113
129,0.0,1871
129,1.0,3122
129,2.0,2823
129,3.0,1401
129,4.0,2038
129,5.0,2038
129,6.0,1077
129,7.0,2709
129,8.0,2634
129,9.0,1238
129,10.0,1702
129,11.0,1471
129,12.0,1383
129,13.0,1924
129,14.0,2121
129,15.0,2484
129,16.0,1102
129,17.0,1821
129,18.0,2036
129,19.0,1175
130,0.0,2149
130,1.0,3122
130,2.0,2823
130,3.0,1401
130,4.0,2038
130,5.0,2038
130,6.0,1077
130,7.0,2709
130,8.0,2634
130,9.0,1238
130,10.0,1702
130,11.0,1471
130,12.0,1383
130,13.0,1924
130,14.0,1726
130,15.0,2467
130,16.0,1949
130,17.0,2037
130,18.0,2871
130,19.0,1163
131,0.0,2672
131,1.0,3122
131,2.0,1332
131,3.0,1401
131,4.0,2038
131,5.0,2038
131,6.0,1077
131,7.0,2709
131,8.0,2634
131,9.0,1238
131,10.0,1702
131,11.0,1471
131,12.0,1383
131,13.0,1924
131,14.0,1726
131,15.0,2700
131,16.0,1410
131,17.0,1053
131,18.0,2959
131,19.0,1040
132,0.0,1911
132,1.0,3122
132,2.0,2823
132,3.0,1401
132,4.0,2038
132,5.0,2038
132,6.0,1077
132,7.0,2709
132,8.0,2634
132,9.0,1238
132,10.0,1702
132,11.0,1471
132,12.0,1383
132,13.0,1924
132,14.0,1726
132,15.0,1517
132,16.0,1876
132,17.0,1468
132,18.0,2409
132,19.0,1302
133,0.0,3111
133,1.0,3122
133,2.0,2823
133,3.0,1401
133,4.0,2038
133,5.0,2038
133,6.0,1077
133,7.0,2709
133,8.0,2634
133,9.0,1238
133,10.0,1702
133,11.0,1471
133,12.0,1383
133,13.0,1924
133,14.0,1726
133,15.0,2104
133,16.0,1066
133,17.0,1550
133,18.0,2459
133,19.0,2931
134,0.0,2197
134,1.0,3122
134,2.0,2823
134,3.0,1401
134,4.0,2038
134,5.0,2038
134,6.0,1077
134,7.0,2709
134,8.0,2634
134,9.0,1238
134,10.0,1702
134,11.0,1471
134,12.0,1383
134,13.0,1924
134,14.0,1726
134,15.0,3110
134,16.0,2732
134,17.0,2119
134,18.0,2379
134,19.0,2297
135,0.0,3050
135,1.0,3122
135,2.0,2823
135,3.0,1401
135,4.0,2038
135,5.0,2038
135,6.0,1077
135,7.0,2709
135,8.0,2634
135,9.0,1238
135,10.0,1702
135,11.0,1471
135,12.0,1383
135,13.0,1924
135,14.0,1726
135,15.0,2488
135,16.0,2102
135,17.0,1127
135,18.0,2959
135,19.0,2702
136,0.0,2948
136,1.0,3122
136,2.0,2823
136,3.0,1401
136,4.0,2038
136,5.0,2038
136,6.0,1077
136,7.0,2709
136,8.0,2634
136,9.0,1863
136,10.0,1702
136,11.0,1471
136,12.0,1383
136,13.0,1924
136,14.0,1170
136,15.0,2791
136,16.0,2321
136,17.0,2416
136,18.0,2250
136,19.0,2852
137,0.0,2744
137,1.0,3122
137,2.0,2823
137,3.0,1401
137,4.0,2038
137,5.0,2038
137,6.0,1077
137,7.0,2709
137,8.0,2692
137,9.0,1238
137,10.0,1702
137,11.0,1471
137,12.0,1383
137,13.0,1924
137,14.0,1170
137,15.0,1143
137,16.0,2857
137,17.0,2416
137,18.0,2354
137,19.0,2086
138,0.0,1211
138,1.0,3122
138,2.0,2823
138,3.0,1401
138,4.0,2038
138,5.0,2038
138,6.0,1077
138,7.0,2709
138,8.0,2634
138,9.0,1238
138,10.0,1702
138,11.0,1471
138,12.0,1383
138,13.0,1924
138,14.0,1170
138,15.0,1107
138,16.0,1638
138,17.0,2416
138,18.0,2354
138,19.0,2124
139,0.0,2372
139,1.0,3122
139,2.0,2823
139,3.0,1401
139,4.0,2038
139,5.0,2038
139,6.0,1077
139,7.0,2709
139,8.0,1052
139,9.0,1238
139,10.0,1702
139,11.0,1471
139,12.0,1383
139,13.0,1924
139,14.0,1170
139,15.0,2790
139,16.0,1690
139,17.0,2416
139,18.0,2354
139,19.0,2322
140,0.0,1524
140,1.0,3122
140,2.0,2823
140,3.0,1401
140,4.0,2038
140,5.0,2038
140,6.0,1077
140,7.0,1029
140,8.0,2634
140,9.0,1238
140,10.0,1702
140,11.0,1471
140,12.0,1383
140,13.0,1924
140,14.0,1170
140,15.0,2763
140,16.0,3114
140,17.0,2038
140,18.0,2826
140,19.0,2358
141,0.0,2872
141,1.0,3122
141,2.0,2823
141,3.0,1401
141,4.0,2038
141,5.0,2038
141,6.0,1077
141,7.0,2709
141,8.0,2634
141,9.0,1238
141,10.0,1702
141,11.0,1471
141,12.0,1383
141,13.0,1924
141,14.0,1170
141,15.0,2305
141,16.0,1207
141,17.0,2416
141,18.0,1901
141,19.0,1036
142,0.0,1794
142,1.0,3122
142,2.0,2823
142,3.0,1401
142,4.0,2038
142,5.0,2038
142,6.0,1077
142,7.0,2709
142,8.0,2634
142,9.0,1238
142,10.0,1702
142,11.0,1471
142,12.0,1383
142,13.0,1924
142,14.0,1170
142,15.0,2393
142,16.0,1343
142,17.0,2416
142,18.0,1901
142,19.0,2244
143,0.0,2934
143,1.0,3122
143,2.0,2823
143,3.0,1401
143,4.0,2038
143,5.0,2038
143,6.0,1077
143,7.0,2709
143,8.0,2634
143,9.0,1238
143,10.0,1702
143,11.0,1471
143,12.0,1383
143,13.0,1924
143,14.0,1170
143,15.0,2341
143,16.0,1502
143,17.0,2416
143,18.0,1901
143,19.0,1367
144,0.0,1590
144,1.0,1845
144,2.0,2414
144,3.0,2559
144,4.0,2038
144,5.0,2038
144,6.0,2925
144,7.0,2709
144,8.0,3046
144,9.0,1883
144,10.0,2630
144,11.0,1471
144,12.0,1843
144,13.0,1924
144,14.0,3030
144,15.0,1206
144,16.0,1629
144,17.0,2416
144,18.0,2564
144,19.0,2347
145,0.0,1345
145,1.0,1845
145,2.0,2414
145,3.0,2559
145,4.0,2038
145,5.0,2038
145,6.0,2925
145,7.0,2709
145,8.0,3046
145,9.0,1883
145,10.0,2630
145,11.0,1471
145,12.0,1843
145,13.0,1924
145,14.0,3030
145,15.0,1294
145,16.0,2022
145,17.0,2416
145,18.0,2250
145,19.0,2923
146,0.0,2865
146,1.0,1845
146,2.0,2414
146,3.0,2559
146,4.0,2038
146,5.0,2038
146,6.0,2925
146,7.0,2709
146,8.0,3046
146,9.0,1883
146,10.0,2630
146,11.0,1471
146,12.0,1843
146,13.0,1924
146,14.0,3030
146,15.0,1989
146,16.0,2970
146,17.0,2416
146,18.0,2250
146,19.0,3004
147,0.0,1078
147,1.0,1845
147,2.0,2414
147,3.0,2559
147,4.0,2038
147,5.0,2038
147,6.0,2925
147,7.0,2709
147,8.0,3046
147,9.0,1883
147,10.0,2630
147,11.0,1471
147,12.0,1843
147,13.0,1924
147,14.0,3030
147,15.0,2272
147,16.0,2954
147,17.0,2416
147,18.0,2354
147,19.0,1418
148,0.0,1351
148,1.0,1845
148,2.0,2414
148,3.0,2559
148,4.0,2038
148,5.0,2038
148,6.0,2925
148,7.0,2709
148,8.0,3046
148,9.0,1883
148,10.0,2630
148,11.0,1471
148,12.0,1843
148,13.0,1924
148,14.0,3030
148,15.0,3078
148,16.0,1382
148,17.0,2416
148,18.0,1872
148,19.0,3072
149,0.0,2233
149,1.0,1845
149,2.0,2414
149,3.0,2559
149,4.0,2038
149,5.0,2038
149,6.0,2925
149,7.0,2709
149,8.0,2755
149,9.0,1883
149,10.0,2630
149,11.0,1471
149,12.0,1843
149,13.0,1924
149,14.0,3030
149,15.0,2310
149,16.0,2975
149,17.0,2038
149,18.0,2826
149,19.0,1208
150,0.0,1792
150,1.0,1845
150,2.0,2414
150,3.0,2559
150,4.0,2038
150,5.0,2038
150,6.0,2925
150,7.0,2709
150,8.0,3046
150,9.0,1883
150,10.0,2630
150,11.0,1471
150,12.0,1843
150,13.0,1924
150,14.0,3030
150,15.0,1557
150,16.0,2229
150,17.0,2038
150,18.0,2826
150,19.0,2761
151,0.0,2241
151,1.0,1845
151,2.0,2414
151,3.0,2559
151,4.0,2038
151,5.0,2038
151,6.0,2925
151,7.0,2709
151,8.0,3046
151,9.0,1883
151,10.0,2630
151,11.0,1471
151,12.0,1843
151,13.0,1924
151,14.0,2121
151,15.0,1184
151,16.0,1219
151,17.0,2539
151,18.0,2856
151,19.0,1956
152,0.0,2837
152,1.0,1845
152,2.0,2414
152,3.0,2559
152,4.0,2038
152,5.0,2038
152,6.0,2925
152,7.0,2709
152,8.0,3046
152,9.0,1883
152,10.0,2630
152,11.0,1471
152,12.0,1843
152,13.0,1924
152,14.0,2121
152,15.0,1706
152,16.0,2754
152,17.0,1626
152,18.0,2157
152,19.0,1362
153,0.0,1855
153,1.0,1845
153,2.0,2414
153,3.0,2559
153,4.0,2038
153,5.0,2038
153,6.0,2925
153,7.0,2709
153,8.0,3046
153,9.0,1883
153,10.0,2630
153,11.0,1471
153,12.0,1843
153,13.0,1924
153,14.0,2121
153,15.0,1937
153,16.0,2640
153,17.0,2416
153,18.0,2596
153,19.0,2113
154,0.0,1973
154,1.0,1845
154,2.0,2414
154,3.0,2559
154,4.0,2038
154,5.0,2038
154,6.0,2925
154,7.0,2709
154,8.0,3046
154,9.0,1883
154,10.0,2630
154,11.0,1471
154,12.0,1843
154,13.0,1924
154,14.0,2121
154,15.0,2484
154,16.0,1102
154,17.0,2416
154,18.0,1958
154,19.0,1175
155,0.0,1495
155,1.0,1845
155,2.0,2414
155,3.0,2559
155,4.0,2038
155,5.0,2038
155,6.0,2925
155,7.0,2709
155,8.0,3046
155,9.0,1883
155,10.0,2630
155,11.0,1471
155,12.0,1843
155,13.0,1924
155,14.0,1726
155,15.0,2467
155,16.0,1949
155,17.0,1626
155,18.0,2424
155,19.0,1163
156,0.0,1571
156,1.0,1845
156,2.0,2414
156,3.0,2559
156,4.0,2038
156,5.0,2038
156,6.0,2925
156,7.0,2709
156,8.0,3046
156,9.0,1883
156,10.0,2630
156,11.0,1471
156,12.0,1843
156,13.0,1924
156,14.0,1726
156,15.0,2700
156,16.0,1410
156,17.0,2416
156,18.0,2396
156,19.0,1040
157,0.0,2803
157,1.0,1845
157,2.0,2414
157,3.0,2559
157,4.0,2038
157,5.0,2038
157,6.0,2925
157,7.0,2709
157,8.0,2755
157,9.0,1883
157,10.0,2630
157,11.0,1471
157,12.0,2308
157,13.0,2892
157,14.0,1726
157,15.0,1517
157,16.0,1876
157,17.0,2416
157,18.0,1589
157,19.0,1302
158,0.0,1929
158,1.0,1845
158,2.0,2414
158,3.0,2559
158,4.0,2038
158,5.0,2038
158,6.0,2925
158,7.0,2709
158,8.0,3046
158,9.0,1883
158,10.0,2630
158,11.0,1471
158,12.0,1843
158,13.0,1924
158,14.0,1726
158,15.0,2104
158,16.0,1066
158,17.0,2449
158,18.0,1423
158,19.0,2931
159,0.0,2854
159,1.0,1845
159,2.0,2414
159,3.0,2559
159,4.0,2038
159,5.0,2038
159,6.0,2925
159,7.0,2709
159,8.0,3046
159,9.0,1883
159,10.0,2630
159,11.0,1471
159,12.0,2654
159,13.0,1924
159,14.0,1726
159,15.0,3110
159,16.0,2732
159,17.0,2416
159,18.0,1068
159,19.0,2297
160,0.0,3118
160,1.0,1845
160,2.0,2414
160,3.0,2559
160,4.0,2038
160,5.0,2038
160,6.0,2925
160,7.0,2709
160,8.0,3046
160,9.0,1883
160,10.0,2630
160,11.0,1471
160,12.0,1843
160,13.0,1924
160,14.0,1726
160,15.0,2488
160,16.0,2102
160,17.0,2539
160,18.0,2396
160,19.0,2702
161,0.0,3086
161,1.0,1845
161,2.0,2414
161,3.0,1970
161,4.0,2038
161,5.0,2038
161,6.0,2925
161,7.0,2709
161,8.0,3046
161,9.0,1883
161,10.0,2630
161,11.0,1471
161,12.0,1843
161,13.0,1924
161,14.0,1170
161,15.0,2791
161,16.0,2321
161,17.0,1957
161,18.0,1872
161,19.0,2852
162,0.0,1243
162,1.0,1845
162,2.0,2414
162,3.0,2559
162,4.0,2038
162,5.0,2038
162,6.0,2925
162,7.0,2709
162,8.0,3046
162,9.0,1883
162,10.0,2630
162,11.0,1471
162,12.0,3001
162,13.0,1924
162,14.0,1170
162,15.0,1143
162,16.0,2857
162,17.0,2416
162,18.0,2564
162,19.0,2086
163,0.0,1389
163,1.0,1845
163,2.0,2414
163,3.0,2559
163,4.0,2038
163,5.0,2038
163,6.0,2925
163,7.0,2709
163,8.0,3046
163,9.0,1883
163,10.0,2630
163,11.0,1471
163,12.0,1843
163,13.0,1924
163,14.0,1170
163,15.0,1107
163,16.0,1638
163,17.0,1744
163,18.0,2089
163,19.0,2124
164,0.0,2789
164,1.0,1845
164,2.0,2414
164,3.0,2559
164,4.0,2038
164,5.0,2038
164,6.0,2925
164,7.0,2709
164,8.0,3046
164,9.0,1883
164,10.0,2630
164,11.0,1471
164,12.0,2308
164,13.0,1924
164,14.0,1170
164,15.0,2790
164,16.0,1690
164,17.0,2696
164,18.0,2036
164,19.0,2322
165,0.0,1417
165,1.0,1845
165,2.0,2414
165,3.0,2559
165,4.0,2038
165,5.0,2038
165,6.0,2925
165,7.0,1029
165,8.0,3046
165,9.0,1883
165,10.0,2630
165,11.0,1471
165,12.0,1843
165,13.0,1924
165,14.0,1170
165,15.0,2763
165,16.0,3114
165,17.0,2038
165,18.0,2826
165,19.0,2358
166,0.0,2576
166,1.0,1845
166,2.0,2414
166,3.0,2559
166,4.0,2038
166,5.0,2038
166,6.0,2925
166,7.0,2709
166,8.0,3046
166,9.0,1883
166,10.0,2630
166,11.0,1471
166,12.0,1843
166,13.0,1924
166,14.0,1170
166,15.0,2305
166,16.0,1207
166,17.0,2416
166,18.0,2363
166,19.0,1036
167,0.0,1974
167,1.0,1845
167,2.0,2414
167,3.0,2559
167,4.0,2038
167,5.0,2038
167,6.0,2925
167,7.0,2709
167,8.0,3046
167,9.0,1883
167,10.0,2630
167,11.0,1471
167,12.0,1843
167,13.0,1924
167,14.0,1170
167,15.0,2393
167,16.0,1343
167,17.0,3002
167,18.0,2409
167,19.0,2244
168,0.0,2261
168,1.0,1845
168,2.0,2414
168,3.0,2559
168,4.0,2038
168,5.0,2038
168,6.0,2925
168,7.0,2709
168,8.0,3046
168,9.0,1883
168,10.0,2630
168,11.0,1471
168,12.0,1843
168,13.0,1924
168,14.0,1170
168,15.0,2341
168,16.0,1502
168,17.0,3002
168,18.0,2409
168,19.0,1367
169,0.0,1536
169,1.0,1766
169,2.0,1259
169,3.0,2125
169,4.0,2038
169,5.0,2038
169,6.0,3148
169,7.0,2709
169,8.0,2324
169,9.0,1583
169,10.0,1025
169,11.0,1471
169,12.0,1771
169,13.0,1924
169,14.0,3030
169,15.0,1206
169,16.0,1629
169,17.0,2416
169,18.0,1722
169,19.0,2347
170,0.0,3068
170,1.0,1766
170,2.0,1259
170,3.0,2125
170,4.0,2038
170,5.0,2038
170,6.0,3148
170,7.0,2709
170,8.0,2324
170,9.0,1583
170,10.0,1025
170,11.0,1471
170,12.0,1771
170,13.0,1924
170,14.0,3030
170,15.0,1294
170,16.0,1846
170,17.0,2416
170,18.0,3082
170,19.0,2923
171,0.0,2738
171,1.0,1766
171,2.0,1826
171,3.0,2125
171,4.0,2038
171,5.0,2038
171,6.0,3148
171,7.0,2709
171,8.0,2324
171,9.0,1583
171,10.0,1025
171,11.0,1471
171,12.0,1771
171,13.0,1924
171,14.0,3030
171,15.0,1989
171,16.0,2970
171,17.0,1554
171,18.0,2354
171,19.0,3004
172,0.0,1461
172,1.0,1766
172,2.0,1259
172,3.0,2125
172,4.0,2038
172,5.0,2038
172,6.0,3148
172,7.0,2709
172,8.0,2324
172,9.0,1583
172,10.0,1025
172,11.0,1471
172,12.0,1771
172,13.0,1924
172,14.0,3030
172,15.0,2272
172,16.0,2954
172,17.0,2416
172,18.0,2354
172,19.0,1418
173,0.0,1615
173,1.0,1766
173,2.0,1259
173,3.0,2125
173,4.0,2038
173,5.0,2038
173,6.0,3148
173,7.0,2709
173,8.0,2324
173,9.0,1583
173,10.0,1025
173,11.0,1471
173,12.0,1771
173,13.0,1924
173,14.0,3030
173,15.0,3078
173,16.0,1382
173,17.0,1595
173,18.0,2564
173,19.0,3072
174,0.0,2536
174,1.0,1766
174,2.0,1259
174,3.0,2125
174,4.0,2038
174,5.0,2038
174,6.0,3148
174,7.0,2709
174,8.0,2324
174,9.0,1583
174,10.0,1025
174,11.0,1471
174,12.0,1771
174,13.0,1924
174,14.0,3030
174,15.0,2310
174,16.0,2975
174,17.0,2038
174,18.0,2826
174,19.0,1208
175,0.0,1976
175,1.0,1766
175,2.0,1259
175,3.0,2651
175,4.0,2038
175,5.0,2038
175,6.0,3148
175,7.0,2709
175,8.0,2324
175,9.0,1583
175,10.0,1025
175,11.0,1471
175,12.0,1771
175,13.0,1924
175,14.0,3030
175,15.0,1557
175,16.0,2229
175,17.0,2038
175,18.0,2826
175,19.0,2761
176,0.0,1346
176,1.0,1766
176,2.0,1259
176,3.0,2125
176,4.0,2038
176,5.0,2038
176,6.0,3148
176,7.0,2709
176,8.0,2324
176,9.0,1583
176,10.0,1025
176,11.0,1471
176,12.0,1771
176,13.0,1924
176,14.0,2121
176,15.0,1184
176,16.0,1219
176,17.0,1053
176,18.0,2319
176,19.0,1956
177,0.0,1256
177,1.0,1766
177,2.0,1259
177,3.0,2125
177,4.0,2038
177,5.0,2038
177,6.0,3148
177,7.0,2709
177,8.0,2324
177,9.0,1583
177,10.0,1025
177,11.0,1471
177,12.0,1771
177,13.0,1924
177,14.0,2121
177,15.0,1670
177,16.0,2754
177,17.0,2921
177,18.0,1064
177,19.0,1362
178,0.0,1234
178,1.0,1766
178,2.0,1259
178,3.0,2125
178,4.0,2038
178,5.0,2038
178,6.0,3148
178,7.0,2709
178,8.0,2324
178,9.0,1583
178,10.0,1025
178,11.0,1471
178,12.0,1771
178,13.0,1924
178,14.0,2121
178,15.0,1937
178,16.0,2640
178,17.0,3002
178,18.0,1326
178,19.0,2113
179,0.0,3172
179,1.0,1766
179,2.0,1259
179,3.0,2125
179,4.0,2038
179,5.0,2038
179,6.0,3148
179,7.0,2709
179,8.0,2324
179,9.0,1583
179,10.0,1025
179,11.0,1471
179,12.0,1771
179,13.0,1924
179,14.0,2121
179,15.0,2484
179,16.0,1102
179,17.0,2416
179,18.0,2596
179,19.0,1175
180,0.0,2228
180,1.0,1766
180,2.0,1259
180,3.0,2125
180,4.0,2038
180,5.0,2038
180,6.0,2756
180,7.0,2709
180,8.0,2324
180,9.0,1583
180,10.0,1025
180,11.0,1471
180,12.0,1771
180,13.0,1924
180,14.0,1726
180,15.0,2467
180,16.0,1949
180,17.0,1731
180,18.0,2779
180,19.0,1163
181,0.0,1407
181,1.0,1766
181,2.0,1259
181,3.0,2125
181,4.0,2038
181,5.0,2038
181,6.0,3148
181,7.0,2709
181,8.0,2324
181,9.0,1583
181,10.0,1025
181,11.0,1471
181,12.0,1771
181,13.0,1924
181,14.0,1726
181,15.0,2700
181,16.0,1410
181,17.0,1126
181,18.0,2010
181,19.0,1040
182,0.0,1717
182,1.0,1766
182,2.0,1259
182,3.0,2125
182,4.0,2038
182,5.0,2038
182,6.0,3148
182,7.0,1384
182,8.0,2324
182,9.0,1583
182,10.0,1025
182,11.0,1471
182,12.0,1771
182,13.0,1924
182,14.0,1726
182,15.0,1517
182,16.0,1876
182,17.0,1126
182,18.0,1567
182,19.0,1302
183,0.0,2914
183,1.0,1766
183,2.0,1259
183,3.0,2125
183,4.0,2038
183,5.0,2038
183,6.0,3148
183,7.0,2709
183,8.0,2324
183,9.0,1583
183,10.0,1025
183,11.0,1471
183,12.0,1771
183,13.0,1924
183,14.0,1726
183,15.0,2104
183,16.0,1066
183,17.0,2539
183,18.0,2783
183,19.0,2931
184,0.0,2898
184,1.0,1766
184,2.0,1259
184,3.0,2125
184,4.0,2038
184,5.0,2038
184,6.0,3148
184,7.0,2709
184,8.0,2324
184,9.0,1583
184,10.0,1025
184,11.0,1471
184,12.0,1771
184,13.0,1924
184,14.0,1726
184,15.0,3110
184,16.0,2732
184,17.0,1053
184,18.0,2123
184,19.0,2297
185,0.0,2295
185,1.0,1766
185,2.0,1259
185,3.0,2125
185,4.0,2038
185,5.0,2038
185,6.0,3148
185,7.0,2709
185,8.0,2324
185,9.0,1583
185,10.0,1025
185,11.0,1471
185,12.0,1771
185,13.0,1924
185,14.0,1726
185,15.0,2488
185,16.0,2102
185,17.0,1981
185,18.0,1497
185,19.0,2702
186,0.0,1182
186,1.0,1766
186,2.0,1259
186,3.0,2125
186,4.0,2038
186,5.0,2038
186,6.0,3148
186,7.0,2709
186,8.0,2324
186,9.0,1583
186,10.0,1025
186,11.0,1471
186,12.0,1771
186,13.0,1924
186,14.0,1170
186,15.0,2791
186,16.0,2321
186,17.0,3091
186,18.0,1150
186,19.0,2852
187,0.0,2514
187,1.0,1766
187,2.0,1259
187,3.0,2125
187,4.0,2038
187,5.0,2038
187,6.0,3148
187,7.0,2709
187,8.0,2324
187,9.0,1583
187,10.0,1025
187,11.0,1471
187,12.0,1771
187,13.0,1924
187,14.0,1170
187,15.0,1143
187,16.0,2857
187,17.0,2541
187,18.0,2448
187,19.0,2086
188,0.0,2277
188,1.0,1766
188,2.0,1259
188,3.0,2125
188,4.0,2038
188,5.0,2038
188,6.0,3148
188,7.0,2709
188,8.0,2324
188,9.0,1583
188,10.0,1025
188,11.0,1471
188,12.0,1771
188,13.0,1924
188,14.0,1170
188,15.0,1107
188,16.0,1638
188,17.0,1416
188,18.0,1201
188,19.0,2124
189,0.0,1805
189,1.0,1766
189,2.0,1259
189,3.0,2125
189,4.0,2038
189,5.0,2038
189,6.0,3148
189,7.0,2709
189,8.0,2324
189,9.0,1583
189,10.0,1025
189,11.0,1471
189,12.0,1771
189,13.0,1924
189,14.0,1170
189,15.0,2790
189,16.0,1690
189,17.0,2416
189,18.0,1376
189,19.0,2322
190,0.0,1223
190,1.0,1766
190,2.0,1259
190,3.0,2125
190,4.0,2038
190,5.0,2038
190,6.0,3148
190,7.0,2709
190,8.0,2324
190,9.0,1583
190,10.0,1025
190,11.0,1471
190,12.0,1771
190,13.0,1924
190,14.0,1170
190,15.0,2707
190,16.0,3114
190,17.0,2038
190,18.0,2826
190,19.0,2358
191,0.0,2199
191,1.0,1766
191,2.0,1259
191,3.0,2125
191,4.0,2038
191,5.0,2038
191,6.0,3148
191,7.0,2709
191,8.0,2324
191,9.0,1583
191,10.0,1025
191,11.0,1471
191,12.0,1771
191,13.0,1924
191,14.0,1170
191,15.0,2305
191,16.0,1207
191,17.0,2416
191,18.0,3059
191,19.0,1036
192,0.0,2680
192,1.0,1766
192,2.0,1259
192,3.0,2125
192,4.0,2038
192,5.0,2038
192,6.0,3148
192,7.0,2709
192,8.0,2324
192,9.0,1583
192,10.0,1025
192,11.0,1471
192,12.0,1771
192,13.0,1924
192,14.0,1170
192,15.0,2393
192,16.0,1343
192,17.0,3091
192,18.0,2474
192,19.0,2244
193,0.0,1730
193,1.0,1766
193,2.0,1259
193,3.0,2125
193,4.0,2038
193,5.0,2038
193,6.0,3148
193,7.0,2709
193,8.0,2324
193,9.0,1583
193,10.0,1025
193,11.0,1471
193,12.0,1771
193,13.0,1924
193,14.0,1170
193,15.0,2341
193,16.0,1502
193,17.0,2921
193,18.0,2474
193,19.0,2101
194,0.0,1776
194,1.0,2296
194,2.0,2935
194,3.0,2275
194,4.0,2038
194,5.0,2038
194,6.0,2061
194,7.0,2709
194,8.0,3171
194,9.0,1915
194,10.0,1246
194,11.0,1471
194,12.0,1121
194,13.0,1924
194,14.0,3030
194,15.0,1206
194,16.0,1629
194,17.0,3129
194,18.0,3061
194,19.0,2347
195,0.0,2670
195,1.0,2296
195,2.0,2935
195,3.0,2275
195,4.0,2038
195,5.0,2038
195,6.0,2061
195,7.0,2709
195,8.0,3171
195,9.0,1915
195,10.0,1246
195,11.0,1471
195,12.0,1121
195,13.0,1924
195,14.0,3030
195,15.0,1294
195,16.0,1846
195,17.0,2128
195,18.0,1526
195,19.0,2923
196,0.0,1189
196,1.0,2296
196,2.0,2935
196,3.0,2275
196,4.0,2038
196,5.0,2038
196,6.0,2061
196,7.0,2709
196,8.0,2606
196,9.0,1915
196,10.0,1246
196,11.0,1471
196,12.0,1121
196,13.0,1924
196,14.0,3030
196,15.0,1989
196,16.0,2970
196,17.0,1416
196,18.0,1240
196,19.0,3004
197,0.0,2182
197,1.0,2296
197,2.0,2935
197,3.0,2275
197,4.0,2038
197,5.0,2038
197,6.0,2061
197,7.0,2709
197,8.0,3171
197,9.0,1915
197,10.0,1246
197,11.0,1471
197,12.0,1121
197,13.0,1924
197,14.0,3030
197,15.0,2272
197,16.0,2954
197,17.0,2416
197,18.0,1545
197,19.0,1418
198,0.0,1740
198,1.0,2296
198,2.0,2935
198,3.0,2275
198,4.0,2038
198,5.0,2038
198,6.0,2061
198,7.0,2709
198,8.0,3171
198,9.0,1915
198,10.0,1246
198,11.0,1471
198,12.0,1121
198,13.0,1924
198,14.0,3030
198,15.0,3078
198,16.0,1382
198,17.0,3129
198,18.0,2439
198,19.0,3072
199,0.0,2429
199,1.0,2296
199,2.0,2935
199,3.0,2275
199,4.0,2038
199,5.0,2038
199,6.0,2061
199,7.0,2709
199,8.0,3171
199,9.0,1915
199,10.0,1246
199,11.0,1193
199,12.0,1121
199,13.0,1924
199,14.0,2207
199,15.0,2310
199,16.0,2975
199,17.0,2038
199,18.0,2826
199,19.0,1208
200,0.0,2220
200,1.0,2296
200,2.0,2935
200,3.0,2275
200,4.0,2038
200,5.0,2038
200,6.0,2061
200,7.0,2709
200,8.0,3171
200,9.0,1915
200,10.0,1246
200,11.0,1471
200,12.0,1121
200,13.0,1924
200,14.0,3030
200,15.0,1557
200,16.0,2229
200,17.0,2211
200,18.0,2339
200,19.0,2761
201,0.0,2638
201,1.0,2296
201,2.0,2935
201,3.0,2275
201,4.0,2038
201,5.0,2038
201,6.0,2061
201,7.0,2709
201,8.0,3171
201,9.0,1915
201,10.0,1246
201,11.0,1471
201,12.0,1121
201,13.0,1924
201,14.0,2121
201,15.0,1184
201,16.0,1219
201,17.0,1126
201,18.0,2675
201,19.0,1956
202,0.0,1828
202,1.0,2296
202,2.0,2935
202,3.0,2275
202,4.0,2038
202,5.0,2038
202,6.0,2061
202,7.0,2709
202,8.0,3171
202,9.0,1915
202,10.0,1246
202,11.0,1471
202,12.0,1121
202,13.0,1924
202,14.0,2121
202,15.0,1706
202,16.0,2754
202,17.0,1626
202,18.0,1654
202,19.0,1362
203,0.0,1325
203,1.0,2296
203,2.0,2935
203,3.0,2275
203,4.0,2038
203,5.0,2038
203,6.0,2061
203,7.0,2709
203,8.0,3171
203,9.0,1915
203,10.0,1246
203,11.0,1471
203,12.0,1121
203,13.0,1924
203,14.0,2121
203,15.0,1937
203,16.0,2640
203,17.0,1626
203,18.0,1047
203,19.0,2113
204,0.0,1935
204,1.0,2296
204,2.0,2935
204,3.0,2275
204,4.0,2038
204,5.0,2038
204,6.0,2061
204,7.0,2709
204,8.0,3171
204,9.0,1915
204,10.0,1246
204,11.0,1471
204,12.0,1121
204,13.0,1924
204,14.0,2121
204,15.0,2484
204,16.0,1102
204,17.0,2416
204,18.0,2677
204,19.0,1175
205,0.0,2520
205,1.0,2296
205,2.0,2935
205,3.0,2275
205,4.0,2038
205,5.0,2038
205,6.0,2061
205,7.0,2709
205,8.0,3171
205,9.0,1915
205,10.0,1246
205,11.0,1471
205,12.0,1121
205,13.0,1924
205,14.0,1726
205,15.0,2467
205,16.0,1949
205,17.0,1731
205,18.0,2477
205,19.0,1163
206,0.0,1419
206,1.0,2296
206,2.0,2935
206,3.0,2275
206,4.0,2038
206,5.0,2038
206,6.0,2061
206,7.0,2709
206,8.0,3171
206,9.0,1915
206,10.0,1246
206,11.0,1471
206,12.0,1121
206,13.0,1924
206,14.0,1726
206,15.0,2700
206,16.0,1410
206,17.0,2128
206,18.0,1545
206,19.0,1040
207,0.0,2645
207,1.0,2296
207,2.0,2935
207,3.0,2275
207,4.0,2038
207,5.0,2038
207,6.0,1379
207,7.0,2709
207,8.0,3171
207,9.0,1915
207,10.0,1246
207,11.0,1471
207,12.0,1121
207,13.0,1924
207,14.0,1726
207,15.0,1517
207,16.0,1876
207,17.0,2416
207,18.0,2677
207,19.0,1302
208,0.0,1442
208,1.0,2296
208,2.0,2935
208,3.0,2275
208,4.0,2038
208,5.0,2038
208,6.0,2061
208,7.0,2709
208,8.0,3171
208,9.0,1915
208,10.0,1246
208,11.0,1471
208,12.0,1121
208,13.0,1924
208,14.0,1726
208,15.0,2104
208,16.0,1066
208,17.0,2254
208,18.0,1162
208,19.0,2931
209,0.0,2394
209,1.0,2296
209,2.0,2935
209,3.0,2275
209,4.0,2038
209,5.0,2038
209,6.0,2061
209,7.0,2709
209,8.0,3171
209,9.0,1915
209,10.0,1246
209,11.0,1471
209,12.0,1121
209,13.0,1924
209,14.0,1726
209,15.0,3110
209,16.0,2732
209,17.0,1416
209,18.0,2626
209,19.0,2297
210,0.0,1368
210,1.0,2296
210,2.0,2935
210,3.0,2275
210,4.0,2038
210,5.0,2038
210,6.0,2061
210,7.0,2709
210,8.0,3171
210,9.0,1915
210,10.0,1246
210,11.0,1471
210,12.0,1121
210,13.0,1924
210,14.0,1726
210,15.0,2488
210,16.0,1354
210,17.0,2211
210,18.0,1975
210,19.0,2702
211,0.0,2567
211,1.0,2296
211,2.0,2935
211,3.0,2275
211,4.0,2038
211,5.0,2038
211,6.0,2061
211,7.0,2709
211,8.0,3171
211,9.0,1915
211,10.0,1246
211,11.0,1471
211,12.0,1121
211,13.0,1924
211,14.0,1170
211,15.0,2791
211,16.0,2321
211,17.0,1595
211,18.0,2477
211,19.0,2852
212,0.0,1507
212,1.0,2296
212,2.0,2935
212,3.0,2275
212,4.0,2038
212,5.0,2038
212,6.0,1310
212,7.0,2709
212,8.0,3171
212,9.0,1915
212,10.0,1246
212,11.0,1471
212,12.0,1121
212,13.0,1924
212,14.0,1170
212,15.0,1143
212,16.0,2857
212,17.0,2539
212,18.0,1953
212,19.0,2086
213,0.0,1917
213,1.0,2960
213,2.0,2935
213,3.0,2275
213,4.0,2038
213,5.0,2038
213,6.0,2061
213,7.0,2709
213,8.0,3171
213,9.0,1915
213,10.0,1246
213,11.0,1136
213,12.0,1121
213,13.0,1924
213,14.0,1170
213,15.0,1107
213,16.0,1638
213,17.0,1626
213,18.0,2847
213,19.0,2335
214,0.0,2204
214,1.0,2296
214,2.0,2935
214,3.0,2275
214,4.0,2038
214,5.0,2038
214,6.0,2061
214,7.0,2709
214,8.0,3171
214,9.0,1915
214,10.0,1246
214,11.0,1471
214,12.0,1121
214,13.0,1924
214,14.0,1170
214,15.0,2790
214,16.0,1690
214,17.0,1385
214,18.0,1727
214,19.0,2322
215,0.0,1307
215,1.0,2296
215,2.0,2935
215,3.0,2275
215,4.0,2038
215,5.0,2038
215,6.0,2061
215,7.0,2709
215,8.0,3171
215,9.0,1915
215,10.0,1246
215,11.0,1471
215,12.0,1121
215,13.0,1924
215,14.0,1170
215,15.0,2763
215,16.0,3114
215,17.0,1903
215,18.0,1777
215,19.0,2358
216,0.0,1112
216,1.0,2296
216,2.0,2935
216,3.0,2275
216,4.0,2038
216,5.0,2038
216,6.0,2061
216,7.0,2709
216,8.0,3171
216,9.0,2590
216,10.0,1246
216,11.0,1471
216,12.0,1123
216,13.0,1924
216,14.0,1170
216,15.0,2305
216,16.0,1207
216,17.0,2416
216,18.0,3022
216,19.0,1036
217,0.0,1357
217,1.0,2296
217,2.0,2935
217,3.0,2275
217,4.0,2038
217,5.0,2038
217,6.0,2061
217,7.0,2709
217,8.0,3171
217,9.0,1915
217,10.0,1882
217,11.0,1471
217,12.0,1121
217,13.0,1924
217,14.0,1170
217,15.0,2393
217,16.0,1343
217,17.0,1305
217,18.0,1269
217,19.0,2244
218,0.0,1969
218,1.0,2296
218,2.0,2935
218,3.0,2275
218,4.0,2038
218,5.0,2038
218,6.0,2061
218,7.0,2709
218,8.0,3171
218,9.0,1915
218,10.0,1246
218,11.0,1471
218,12.0,1358
218,13.0,1924
218,14.0,1170
218,15.0,2341
218,16.0,1502
218,17.0,1595
218,18.0,2641
218,19.0,1367
219,0.0,2894
219,1.0,2661
219,2.0,3052
219,3.0,1945
219,4.0,2038
219,5.0,2038
219,6.0,1499
219,7.0,2709
219,8.0,2820
219,9.0,1097
219,10.0,2043
219,11.0,1471
219,12.0,2189
219,13.0,1924
219,14.0,3030
219,15.0,1206
219,16.0,1713
219,17.0,2416
219,18.0,1961
219,19.0,2347
220,0.0,2227
220,1.0,2661
220,2.0,3052
220,3.0,1945
220,4.0,2038
220,5.0,2038
220,6.0,1499
220,7.0,2709
220,8.0,2820
220,9.0,1097
220,10.0,2043
220,11.0,1471
220,12.0,2189
220,13.0,1924
220,14.0,3030
220,15.0,1294
220,16.0,1846
220,17.0,1550
220,18.0,1540
220,19.0,2923
221,0.0,1548
221,1.0,2661
221,2.0,3052
221,3.0,1945
221,4.0,2038
221,5.0,2038
221,6.0,1499
221,7.0,2709
221,8.0,2820
221,9.0,2152
221,10.0,2043
221,11.0,1471
221,12.0,2647
221,13.0,1924
221,14.0,3030
221,15.0,1989
221,16.0,2970
221,17.0,1416
221,18.0,3008
221,19.0,3004
222,0.0,2772
222,1.0,2661
222,2.0,3052
222,3.0,1945
222,4.0,2038
222,5.0,2038
222,6.0,1499
222,7.0,2709
222,8.0,2820
222,9.0,1097
222,10.0,2043
222,11.0,1471
222,12.0,2189
222,13.0,1924
222,14.0,3030
222,15.0,2272
222,16.0,2954
222,17.0,2416
222,18.0,1150
222,19.0,1418
223,0.0,1067
223,1.0,2661
223,2.0,3052
223,3.0,1945
223,4.0,2038
223,5.0,2038
223,6.0,1499
223,7.0,2709
223,8.0,2820
223,9.0,1106
223,10.0,2043
223,11.0,1471
223,12.0,2189
223,13.0,1924
223,14.0,3030
223,15.0,3078
223,16.0,1382
223,17.0,1550
223,18.0,2118
223,19.0,3072
224,0.0,2519
224,1.0,2661
224,2.0,3052
224,3.0,1945
224,4.0,2038
224,5.0,2038
224,6.0,1499
224,7.0,2709
224,8.0,2820
224,9.0,1097
224,10.0,2043
224,11.0,1471
224,12.0,2189
224,13.0,1924
224,14.0,3030
224,15.0,2310
224,16.0,2975
224,17.0,2416
224,18.0,2969
224,19.0,1208
225,0.0,1262
225,1.0,2661
225,2.0,3052
225,3.0,1945
225,4.0,2038
225,5.0,2038
225,6.0,1499
225,7.0,2709
225,8.0,2820
225,9.0,1097
225,10.0,2043
225,11.0,1471
225,12.0,2189
225,13.0,1924
225,14.0,1280
225,15.0,1557
225,16.0,2229
225,17.0,1372
225,18.0,2036
225,19.0,2761
226,0.0,3085
226,1.0,2661
226,2.0,3052
226,3.0,1945
226,4.0,2038
226,5.0,2038
226,6.0,1499
226,7.0,2709
226,8.0,2820
226,9.0,1097
226,10.0,2043
226,11.0,1471
226,12.0,2189
226,13.0,1924
226,14.0,2121
226,15.0,1184
226,16.0,1219
226,17.0,1305
226,18.0,1225
226,19.0,1956
227,0.0,2490
227,1.0,2661
227,2.0,3052
227,3.0,1945
227,4.0,2038
227,5.0,2038
227,6.0,1499
227,7.0,2709
227,8.0,2820
227,9.0,2152
227,10.0,2043
227,11.0,1471
227,12.0,2189
227,13.0,1924
227,14.0,2121
227,15.0,1706
227,16.0,2754
227,17.0,2416
227,18.0,2838
227,19.0,1362
228,0.0,2735
228,1.0,2661
228,2.0,3052
228,3.0,1945
228,4.0,2038
228,5.0,2038
228,6.0,2971
228,7.0,1029
228,8.0,2820
228,9.0,1097
228,10.0,1297
228,11.0,1471
228,12.0,2189
228,13.0,1924
228,14.0,2121
228,15.0,1937
228,16.0,2640
228,17.0,1126
228,18.0,2007
228,19.0,2113
229,0.0,3047
229,1.0,2661
229,2.0,3052
229,3.0,1945
229,4.0,2038
229,5.0,2038
229,6.0,1499
229,7.0,2709
229,8.0,2820
229,9.0,1097
229,10.0,2043
229,11.0,1471
229,12.0,2189
229,13.0,1924
229,14.0,1395
229,15.0,2484
229,16.0,1102
229,17.0,2416
229,18.0,2959
229,19.0,1175
230,0.0,1402
230,1.0,2661
230,2.0,3052
230,3.0,1945
230,4.0,2038
230,5.0,2038
230,6.0,1499
230,7.0,2709
230,8.0,2820
230,9.0,1097
230,10.0,2043
230,11.0,1471
230,12.0,2189
230,13.0,1924
230,14.0,1726
230,15.0,2467
230,16.0,1949
230,17.0,2539
230,18.0,2677
230,19.0,1163
231,0.0,1213
231,1.0,2661
231,2.0,3052
231,3.0,1945
231,4.0,2038
231,5.0,2038
231,6.0,1499
231,7.0,2709
231,8.0,2820
231,9.0,1097
231,10.0,2043
231,11.0,1471
231,12.0,2189
231,13.0,1924
231,14.0,1726
231,15.0,2700
231,16.0,1410
231,17.0,1053
231,18.0,2816
231,19.0,1040
232,0.0,2027
232,1.0,2661
232,2.0,3052
232,3.0,1945
232,4.0,2038
232,5.0,2038
232,6.0,1499
232,7.0,2709
232,8.0,3155
232,9.0,1097
232,10.0,2043
232,11.0,1471
232,12.0,2189
232,13.0,1924
232,14.0,1726
232,15.0,1517
232,16.0,1876
232,17.0,2416
232,18.0,1663
232,19.0,1302
233,0.0,2987
233,1.0,2661
233,2.0,3052
233,3.0,1945
233,4.0,2038
233,5.0,2038
233,6.0,1499
233,7.0,2709
233,8.0,2820
233,9.0,1097
233,10.0,2043
233,11.0,1471
233,12.0,2189
233,13.0,1924
233,14.0,1726
233,15.0,2104
233,16.0,1066
233,17.0,3129
233,18.0,2165
233,19.0,2931
234,0.0,3133
234,1.0,2661
234,2.0,3052
234,3.0,1945
234,4.0,2038
234,5.0,2038
234,6.0,1499
234,7.0,2709
234,8.0,2820
234,9.0,1097
234,10.0,2043
234,11.0,1471
234,12.0,2189
234,13.0,1924
234,14.0,1726
234,15.0,3110
234,16.0,2732
234,17.0,2280
234,18.0,1515
234,19.0,2297
235,0.0,1057
235,1.0,2661
235,2.0,3052
235,3.0,1945
235,4.0,2038
235,5.0,2038
235,6.0,1499
235,7.0,2709
235,8.0,2820
235,9.0,1097
235,10.0,2043
235,11.0,1471
235,12.0,2189
235,13.0,1924
235,14.0,1726
235,15.0,2488
235,16.0,2102
235,17.0,1626
235,18.0,2474
235,19.0,2702
236,0.0,1810
236,1.0,2661
236,2.0,3052
236,3.0,1945
236,4.0,2038
236,5.0,2038
236,6.0,1499
236,7.0,2709
236,8.0,2820
236,9.0,1097
236,10.0,2043
236,11.0,1471
236,12.0,2189
236,13.0,1924
236,14.0,3090
236,15.0,2791
236,16.0,2321
236,17.0,2416
236,18.0,2871
236,19.0,2852
237,0.0,1449
237,1.0,2661
237,2.0,3052
237,3.0,1945
237,4.0,2038
237,5.0,2038
237,6.0,1499
237,7.0,2709
237,8.0,2820
237,9.0,1097
237,10.0,2043
237,11.0,1471
237,12.0,2189
237,13.0,1924
237,14.0,1170
237,15.0,1143
237,16.0,2857
237,17.0,2449
237,18.0,1668
237,19.0,2086
238,0.0,2693
238,1.0,2661
238,2.0,3052
238,3.0,1945
238,4.0,2038
238,5.0,2038
238,6.0,1499
238,7.0,2709
238,8.0,2820
238,9.0,1106
238,10.0,2043
238,11.0,1471
238,12.0,2486
238,13.0,1924
238,14.0,1170
238,15.0,1107
238,16.0,1638
238,17.0,2574
238,18.0,2065
238,19.0,2124
239,0.0,1686
239,1.0,2661
239,2.0,3052
239,3.0,1945
239,4.0,2038
239,5.0,2038
239,6.0,1499
239,7.0,2709
239,8.0,2820
239,9.0,1097
239,10.0,2043
239,11.0,1471
239,12.0,2189
239,13.0,1924
239,14.0,1085
239,15.0,2790
239,16.0,1690
239,17.0,1626
239,18.0,1331
239,19.0,2322
240,0.0,1968
240,1.0,2661
240,2.0,3052
240,3.0,1945
240,4.0,2038
240,5.0,2038
240,6.0,1499
240,7.0,2709
240,8.0,2820
240,9.0,1097
240,10.0,2043
240,11.0,1471
240,12.0,2189
240,13.0,1924
240,14.0,1170
240,15.0,2763
240,16.0,3114
240,17.0,2038
240,18.0,2826
240,19.0,2358
241,0.0,2792
241,1.0,2661
241,2.0,3052
241,3.0,1945
241,4.0,2038
241,5.0,2038
241,6.0,1499
241,7.0,2709
241,8.0,2820
241,9.0,1097
241,10.0,2043
241,11.0,1471
241,12.0,2189
241,13.0,1924
241,14.0,1170
241,15.0,2305
241,16.0,1207
241,17.0,2416
241,18.0,1037
241,19.0,1036
242,0.0,1429
242,1.0,2661
242,2.0,3052
242,3.0,1945
242,4.0,2038
242,5.0,2038
242,6.0,1499
242,7.0,2709
242,8.0,2820
242,9.0,1097
242,10.0,2043
242,11.0,1471
242,12.0,2189
242,13.0,1924
242,14.0,1170
242,15.0,2393
242,16.0,1343
242,17.0,2539
242,18.0,1364
242,19.0,2244
243,0.0,2729
243,1.0,2661
243,2.0,2407
243,3.0,1945
243,4.0,2038
243,5.0,2038
243,6.0,1499
243,7.0,2709
243,8.0,2820
243,9.0,1097
243,10.0,2043
243,11.0,1471
243,12.0,2189
243,13.0,1924
243,14.0,1170
243,15.0,2341
243,16.0,1502
243,17.0,2539
243,18.0,1364
243,19.0,1367
244,0.0,1388
244,1.0,2822
244,2.0,1486
244,3.0,2766
244,4.0,2038
244,5.0,2038
244,6.0,2156
244,7.0,2709
244,8.0,1235
244,9.0,2795
244,10.0,2437
244,11.0,1471
244,12.0,1383
244,13.0,1924
244,14.0,3030
244,15.0,1206
244,16.0,1629
244,17.0,2038
244,18.0,2826
244,19.0,1818
245,0.0,1202
245,1.0,1649
245,2.0,1486
245,3.0,2766
245,4.0,2038
245,5.0,2038
245,6.0,2156
245,7.0,2709
245,8.0,1235
245,9.0,2795
245,10.0,2437
245,11.0,1471
245,12.0,1383
245,13.0,1924
245,14.0,3030
245,15.0,1294
245,16.0,1846
245,17.0,2038
245,18.0,2826
245,19.0,2923
246,0.0,1370
246,1.0,1649
246,2.0,1486
246,3.0,2766
246,4.0,2038
246,5.0,2038
246,6.0,2156
246,7.0,2709
246,8.0,1235
246,9.0,2795
246,10.0,2437
246,11.0,1471
246,12.0,1383
246,13.0,1924
246,14.0,3030
246,15.0,1989
246,16.0,2970
246,17.0,2038
246,18.0,2826
246,19.0,3004
247,0.0,1754
247,1.0,1649
247,2.0,1486
247,3.0,2766
247,4.0,2038
247,5.0,2038
247,6.0,2156
247,7.0,2709
247,8.0,1235
247,9.0,2795
247,10.0,2190
247,11.0,1471
247,12.0,1732
247,13.0,1924
247,14.0,3030
247,15.0,2272
247,16.0,2954
247,17.0,2038
247,18.0,2826
247,19.0,1418
248,0.0,1044
248,1.0,1649
248,2.0,1486
248,3.0,2766
248,4.0,2038
248,5.0,2038
248,6.0,2156
248,7.0,2709
248,8.0,1235
248,9.0,2795
248,10.0,2437
248,11.0,1471
248,12.0,1383
248,13.0,1924
248,14.0,3030
248,15.0,3078
248,16.0,1382
248,17.0,2038
248,18.0,2826
248,19.0,1803
249,0.0,2622
249,1.0,1649
249,2.0,1486
249,3.0,2766
249,4.0,2038
249,5.0,2038
249,6.0,2156
249,7.0,2709
249,8.0,1235
249,9.0,2795
249,10.0,2437
249,11.0,1471
249,12.0,1383
249,13.0,1924
249,14.0,3030
249,15.0,2310
249,16.0,2975
249,17.0,2038
249,18.0,2826
249,19.0,1208
250,0.0,1907
250,1.0,1649
250,2.0,1486
250,3.0,2766
250,4.0,2038
250,5.0,2038
250,6.0,2156
250,7.0,2709
250,8.0,1235
250,9.0,2795
250,10.0,2437
250,11.0,1471
250,12.0,1383
250,13.0,1924
250,14.0,3030
250,15.0,1557
250,16.0,2229
250,17.0,2038
250,18.0,2826
250,19.0,2761
251,0.0,1987
251,1.0,1649
251,2.0,1486
251,3.0,2766
251,4.0,2038
251,5.0,2038
251,6.0,2156
251,7.0,2709
251,8.0,1235
251,9.0,2795
251,10.0,2437
251,11.0,1471
251,12.0,1383
251,13.0,1924
251,14.0,2121
251,15.0,1184
251,16.0,1219
251,17.0,2416
251,18.0,2991
251,19.0,1956
252,0.0,2329
252,1.0,1649
252,2.0,1486
252,3.0,2766
252,4.0,2038
252,5.0,2038
252,6.0,2156
252,7.0,2709
252,8.0,1235
252,9.0,2770
252,10.0,2437
252,11.0,1471
252,12.0,1383
252,13.0,1924
252,14.0,2121
252,15.0,1706
252,16.0,2754
252,17.0,2982
252,18.0,2816
252,19.0,1362
253,0.0,1045
253,1.0,2840
253,2.0,1486
253,3.0,2766
253,4.0,2038
253,5.0,2038
253,6.0,2156
253,7.0,2709
253,8.0,1235
253,9.0,2795
253,10.0,2437
253,11.0,1471
253,12.0,1383
253,13.0,1924
253,14.0,2121
253,15.0,1937
253,16.0,2640
253,17.0,2280
253,18.0,1589
253,19.0,2113
254,0.0,2801
254,1.0,1649
254,2.0,1486
254,3.0,2766
254,4.0,2038
254,5.0,2038
254,6.0,2156
254,7.0,2709
254,8.0,1235
254,9.0,2795
254,10.0,2437
254,11.0,1471
254,12.0,1383
254,13.0,1924
254,14.0,2121
254,15.0,2484
254,16.0,1102
254,17.0,2280
254,18.0,1605
254,19.0,1175
255,0.0,1519
255,1.0,1649
255,2.0,1486
255,3.0,2766
255,4.0,2038
255,5.0,2038
255,6.0,2156
255,7.0,2709
255,8.0,1235
255,9.0,2795
255,10.0,2437
255,11.0,1471
255,12.0,1383
255,13.0,1924
255,14.0,1726
255,15.0,2467
255,16.0,1949
255,17.0,1878
255,18.0,1589
255,19.0,1163
256,0.0,2292
256,1.0,1649
256,2.0,1486
256,3.0,2766
256,4.0,2038
256,5.0,2038
256,6.0,2156
256,7.0,2709
256,8.0,1235
256,9.0,2795
256,10.0,2437
256,11.0,1471
256,12.0,1383
256,13.0,1924
256,14.0,2302
256,15.0,2700
256,16.0,2373
256,17.0,1309
256,18.0,1398
256,19.0,1040
257,0.0,2029
257,1.0,1649
257,2.0,1486
257,3.0,2766
257,4.0,2038
257,5.0,2038
257,6.0,2156
257,7.0,2709
257,8.0,1235
257,9.0,2795
257,10.0,2437
257,11.0,1471
257,12.0,1383
257,13.0,1924
257,14.0,1726
257,15.0,1517
257,16.0,1876
257,17.0,2416
257,18.0,2564
257,19.0,1302
258,0.0,2443
258,1.0,1649
258,2.0,1486
258,3.0,2766
258,4.0,2038
258,5.0,2038
258,6.0,2156
258,7.0,2709
258,8.0,1235
258,9.0,2795
258,10.0,2437
258,11.0,1471
258,12.0,1383
258,13.0,1924
258,14.0,1726
258,15.0,2104
258,16.0,1066
258,17.0,2128
258,18.0,1398
258,19.0,2931
259,0.0,2208
259,1.0,1649
259,2.0,1486
259,3.0,2766
259,4.0,2038
259,5.0,2038
259,6.0,2156
259,7.0,2709
259,8.0,1235
259,9.0,2795
259,10.0,2437
259,11.0,1471
259,12.0,1383
259,13.0,1924
259,14.0,1726
259,15.0,3110
259,16.0,2732
259,17.0,2416
259,18.0,1095
259,19.0,2297
260,0.0,2628
260,1.0,1649
260,2.0,1486
260,3.0,3031
260,4.0,2038
260,5.0,2038
260,6.0,2156
260,7.0,2709
260,8.0,1235
260,9.0,2795
260,10.0,2437
260,11.0,1471
260,12.0,1383
260,13.0,1924
260,14.0,1726
260,15.0,2488
260,16.0,2102
260,17.0,1878
260,18.0,1398
260,19.0,2702
261,0.0,2455
261,1.0,1649
261,2.0,1486
261,3.0,2766
261,4.0,2038
261,5.0,2038
261,6.0,2156
261,7.0,2709
261,8.0,1235
261,9.0,2795
261,10.0,2994
261,11.0,1471
261,12.0,1383
261,13.0,1924
261,14.0,1170
261,15.0,2791
261,16.0,2321
261,17.0,2038
261,18.0,2038
261,19.0,2852
262,0.0,3077
262,1.0,1649
262,2.0,1486
262,3.0,2766
262,4.0,2038
262,5.0,2038
262,6.0,2156
262,7.0,2709
262,8.0,1235
262,9.0,2795
262,10.0,2437
262,11.0,1471
262,12.0,1383
262,13.0,1924
262,14.0,1170
262,15.0,1143
262,16.0,2857
262,17.0,3091
262,18.0,1150
262,19.0,2086
263,0.0,3159
263,1.0,1649
263,2.0,1486
263,3.0,2766
263,4.0,2038
263,5.0,2038
263,6.0,2156
263,7.0,2709
263,8.0,1235
263,9.0,2795
263,10.0,2437
263,11.0,1471
263,12.0,1383
263,13.0,1924
263,14.0,1170
263,15.0,1107
263,16.0,1638
263,17.0,1053
263,18.0,1150
263,19.0,2124
264,0.0,1808
264,1.0,1649
264,2.0,1486
264,3.0,2584
264,4.0,2038
264,5.0,2038
264,6.0,2156
264,7.0,2709
264,8.0,1235
264,9.0,2795
264,10.0,2437
264,11.0,1471
264,12.0,1383
264,13.0,1924
264,14.0,1170
264,15.0,3174
264,16.0,1690
264,17.0,3091
264,18.0,1150
264,19.0,2322
265,0.0,1065
265,1.0,1649
265,2.0,1486
265,3.0,2766
265,4.0,2038
265,5.0,2038
265,6.0,2156
265,7.0,2709
265,8.0,1235
265,9.0,2795
265,10.0,2437
265,11.0,1471
265,12.0,1383
265,13.0,1924
265,14.0,1170
265,15.0,2763
265,16.0,3114
265,17.0,2038
265,18.0,2826
265,19.0,2358
266,0.0,3097
266,1.0,1649
266,2.0,1486
266,3.0,2766
266,4.0,2038
266,5.0,2038
266,6.0,2156
266,7.0,2709
266,8.0,1235
266,9.0,2795
266,10.0,2437
266,11.0,1323
266,12.0,1383
266,13.0,1924
266,14.0,1170
266,15.0,2305
266,16.0,1207
266,17.0,2416
266,18.0,2959
266,19.0,1036
267,0.0,2386
267,1.0,1649
267,2.0,1486
267,3.0,2766
267,4.0,2038
267,5.0,2038
267,6.0,2156
267,7.0,2709
267,8.0,2587
267,9.0,2795
267,10.0,2437
267,11.0,1471
267,12.0,1383
267,13.0,1924
267,14.0,1170
267,15.0,2393
267,16.0,1343
267,17.0,1981
267,18.0,2596
267,19.0,2244
268,0.0,1587
268,1.0,1649
268,2.0,1486
268,3.0,2766
268,4.0,2038
268,5.0,2038
268,6.0,2156
268,7.0,2709
268,8.0,1235
268,9.0,2795
268,10.0,2437
268,11.0,1471
268,12.0,1383
268,13.0,1924
268,14.0,1170
268,15.0,2341
268,16.0,1502
268,17.0,1981
268,18.0,2596
268,19.0,1367
269,0.0,1809
269,1.0,1505
269,2.0,2578
269,3.0,2221
269,4.0,2038
269,5.0,2038
269,6.0,2864
269,7.0,2709
269,8.0,2635
269,9.0,2153
269,10.0,1165
269,11.0,1471
269,12.0,2189
269,13.0,1924
269,14.0,3030
269,15.0,1206
269,16.0,1629
269,17.0,3129
269,18.0,1037
269,19.0,2535
270,0.0,2140
270,1.0,1505
270,2.0,2578
270,3.0,2221
270,4.0,2038
270,5.0,2038
270,6.0,2864
270,7.0,2709
270,8.0,2635
270,9.0,2153
270,10.0,1165
270,11.0,1471
270,12.0,2189
270,13.0,1924
270,14.0,3030
270,15.0,1294
270,16.0,1846
270,17.0,2539
270,18.0,3115
270,19.0,2923
271,0.0,2419
271,1.0,1505
271,2.0,2578
271,3.0,2221
271,4.0,2038
271,5.0,2038
271,6.0,2864
271,7.0,2709
271,8.0,2635
271,9.0,2153
271,10.0,1165
271,11.0,1471
271,12.0,2189
271,13.0,1924
271,14.0,3030
271,15.0,1989
271,16.0,2970
271,17.0,2416
271,18.0,2396
271,19.0,3004
272,0.0,2103
272,1.0,1505
272,2.0,2578
272,3.0,2221
272,4.0,2038
272,5.0,2038
272,6.0,2864
272,7.0,2709
272,8.0,2635
272,9.0,2153
272,10.0,1165
272,11.0,1471
272,12.0,2189
272,13.0,1924
272,14.0,3030
272,15.0,2272
272,16.0,2954
272,17.0,2416
272,18.0,1679
272,19.0,1418
273,0.0,1681
273,1.0,2785
273,2.0,2578
273,3.0,2221
273,4.0,2038
273,5.0,2038
273,6.0,2864
273,7.0,2709
273,8.0,2635
273,9.0,2153
273,10.0,1165
273,11.0,1471
273,12.0,2189
273,13.0,1924
273,14.0,3030
273,15.0,3078
273,16.0,1382
273,17.0,2539
273,18.0,3094
273,19.0,3072
274,0.0,1335
274,1.0,1505
274,2.0,2578
274,3.0,2221
274,4.0,2038
274,5.0,2038
274,6.0,2864
274,7.0,2709
274,8.0,2635
274,9.0,2153
274,10.0,1165
274,11.0,1471
274,12.0,2189
274,13.0,1924
274,14.0,3030
274,15.0,2310
274,16.0,2975
274,17.0,2038
274,18.0,2826
274,19.0,1208
275,0.0,2599
275,1.0,1505
275,2.0,2578
275,3.0,2020
275,4.0,2038
275,5.0,2038
275,6.0,2864
275,7.0,2709
275,8.0,2635
275,9.0,2153
275,10.0,1165
275,11.0,1471
275,12.0,2189
275,13.0,1924
275,14.0,3030
275,15.0,1557
275,16.0,2229
275,17.0,1595
275,18.0,2007
275,19.0,2761
276,0.0,1533
276,1.0,1505
276,2.0,2578
276,3.0,2221
276,4.0,2038
276,5.0,2038
276,6.0,2864
276,7.0,2709
276,8.0,2635
276,9.0,2153
276,10.0,1165
276,11.0,1471
276,12.0,2189
276,13.0,1924
276,14.0,2121
276,15.0,1184
276,16.0,1219
276,17.0,3091
276,18.0,2841
276,19.0,1956
277,0.0,2331
277,1.0,1505
277,2.0,2578
277,3.0,2221
277,4.0,2038
277,5.0,2038
277,6.0,2864
277,7.0,2709
277,8.0,2635
277,9.0,2153
277,10.0,1165
277,11.0,1471
277,12.0,2189
277,13.0,1924
277,14.0,2121
277,15.0,1706
277,16.0,2754
277,17.0,2416
277,18.0,2110
277,19.0,1362
278,0.0,1139
278,1.0,1505
278,2.0,2578
278,3.0,2221
278,4.0,2038
278,5.0,2038
278,6.0,2864
278,7.0,1384
278,8.0,2635
278,9.0,2153
278,10.0,1165
278,11.0,1471
278,12.0,2189
278,13.0,1924
278,14.0,2121
278,15.0,1937
278,16.0,2640
278,17.0,2539
278,18.0,2887
278,19.0,2113
279,0.0,1751
279,1.0,1505
279,2.0,2578
279,3.0,2221
279,4.0,2038
279,5.0,2038
279,6.0,2864
279,7.0,2709
279,8.0,2635
279,9.0,2153
279,10.0,1165
279,11.0,1471
279,12.0,2189
279,13.0,1924
279,14.0,2170
279,15.0,2484
279,16.0,1102
279,17.0,2416
279,18.0,2339
279,19.0,1175
280,0.0,1063
280,1.0,1505
280,2.0,2578
280,3.0,2221
280,4.0,2038
280,5.0,2038
280,6.0,2864
280,7.0,2709
280,8.0,2635
280,9.0,2153
280,10.0,1165
280,11.0,3166
280,12.0,2189
280,13.0,1924
280,14.0,1726
280,15.0,2467
280,16.0,1949
280,17.0,2539
280,18.0,1859
280,19.0,1163
281,0.0,2151
281,1.0,1505
281,2.0,2578
281,3.0,2221
281,4.0,2038
281,5.0,2038
281,6.0,2864
281,7.0,2709
281,8.0,2635
281,9.0,2153
281,10.0,1165
281,11.0,1471
281,12.0,2189
281,13.0,1924
281,14.0,1726
281,15.0,2700
281,16.0,1606
281,17.0,2416
281,18.0,2276
281,19.0,1040
282,0.0,2267
282,1.0,1505
282,2.0,2578
282,3.0,2221
282,4.0,2038
282,5.0,2038
282,6.0,2864
282,7.0,2709
282,8.0,2635
282,9.0,2153
282,10.0,1165
282,11.0,1471
282,12.0,2189
282,13.0,1924
282,14.0,1726
282,15.0,1517
282,16.0,1876
282,17.0,2416
282,18.0,1545
282,19.0,1302
283,0.0,2235
283,1.0,1505
283,2.0,2578
283,3.0,2221
283,4.0,2038
283,5.0,2038
283,6.0,2864
283,7.0,2709
283,8.0,3065
283,9.0,2153
283,10.0,1165
283,11.0,1471
283,12.0,2189
283,13.0,1924
283,14.0,1726
283,15.0,2104
283,16.0,1066
283,17.0,2128
283,18.0,1058
283,19.0,2931
284,0.0,1233
284,1.0,1505
284,2.0,2578
284,3.0,2221
284,4.0,2038
284,5.0,2038
284,6.0,2864
284,7.0,2709
284,8.0,2635
284,9.0,2153
284,10.0,1165
284,11.0,1471
284,12.0,2189
284,13.0,1924
284,14.0,1726
284,15.0,3110
284,16.0,2732
284,17.0,1053
284,18.0,2722
284,19.0,2297
285,0.0,2941
285,1.0,1505
285,2.0,2578
285,3.0,2221
285,4.0,2038
285,5.0,2038
285,6.0,2864
285,7.0,2709
285,8.0,2635
285,9.0,2153
285,10.0,1165
285,11.0,1471
285,12.0,2189
285,13.0,1924
285,14.0,1726
285,15.0,2488
285,16.0,2102
285,17.0,1878
285,18.0,2760
285,19.0,2702
286,0.0,1311
286,1.0,1505
286,2.0,2578
286,3.0,2221
286,4.0,2038
286,5.0,2038
286,6.0,2864
286,7.0,2709
286,8.0,2635
286,9.0,2153
286,10.0,1165
286,11.0,1471
286,12.0,2189
286,13.0,1924
286,14.0,1170
286,15.0,2791
286,16.0,2321
286,17.0,1305
286,18.0,2808
286,19.0,2852
287,0.0,1922
287,1.0,1505
287,2.0,2578
287,3.0,2221
287,4.0,2038
287,5.0,2038
287,6.0,2864
287,7.0,2709
287,8.0,2635
287,9.0,2153
287,10.0,1165
287,11.0,1471
287,12.0,2189
287,13.0,1924
287,14.0,1170
287,15.0,1143
287,16.0,2857
287,17.0,1626
287,18.0,2713
287,19.0,2086
288,0.0,1125
288,1.0,1505
288,2.0,2578
288,3.0,2221
288,4.0,2038
288,5.0,2038
288,6.0,2864
288,7.0,2709
288,8.0,2635
288,9.0,2153
288,10.0,1165
288,11.0,1471
288,12.0,2189
288,13.0,1924
288,14.0,1170
288,15.0,1107
288,16.0,1638
288,17.0,3129
288,18.0,2719
288,19.0,2124
289,0.0,2905
289,1.0,1505
289,2.0,2578
289,3.0,2221
289,4.0,2038
289,5.0,2038
289,6.0,2864
289,7.0,2709
289,8.0,2635
289,9.0,2153
289,10.0,1165
289,11.0,1471
289,12.0,2189
289,13.0,1924
289,14.0,1170
289,15.0,2790
289,16.0,1690
289,17.0,1416
289,18.0,2030
289,19.0,2322
290,0.0,2780
290,1.0,1505
290,2.0,2578
290,3.0,2221
290,4.0,2038
290,5.0,2038
290,6.0,2864
290,7.0,2709
290,8.0,2306
290,9.0,2153
290,10.0,1165
290,11.0,1471
290,12.0,2189
290,13.0,1924
290,14.0,1170
290,15.0,2763
290,16.0,2070
290,17.0,1053
290,18.0,2722
290,19.0,2358
291,0.0,1965
291,1.0,1505
291,2.0,2578
291,3.0,2221
291,4.0,2038
291,5.0,2038
291,6.0,2864
291,7.0,2709
291,8.0,2635
291,9.0,2153
291,10.0,1165
291,11.0,1471
291,12.0,2189
291,13.0,1924
291,14.0,1170
291,15.0,2305
291,16.0,1207
291,17.0,2416
291,18.0,1532
291,19.0,1036
292,0.0,1799
292,1.0,1505
292,2.0,2578
292,3.0,2221
292,4.0,2038
292,5.0,2038
292,6.0,2864
292,7.0,2709
292,8.0,2635
292,9.0,2153
292,10.0,1165
292,11.0,1471
292,12.0,2189
292,13.0,1924
292,14.0,1170
292,15.0,2393
292,16.0,1343
292,17.0,2539
292,18.0,1503
292,19.0,2244
293,0.0,1997
293,1.0,1505
293,2.0,2578
293,3.0,2221
293,4.0,2038
293,5.0,2038
293,6.0,2864
293,7.0,2709
293,8.0,2635
293,9.0,2153
293,10.0,1165
293,11.0,1323
293,12.0,2189
293,13.0,1924
293,14.0,1170
293,15.0,2341
293,16.0,1502
293,17.0,1126
293,18.0,2334
293,19.0,1367
294,0.0,1963
294,1.0,3060
294,2.0,1363
294,3.0,1530
294,4.0,2038
294,5.0,2038
294,6.0,2061
294,7.0,2709
294,8.0,1030
294,9.0,1915
294,10.0,2668
294,11.0,1471
294,12.0,1121
294,13.0,1924
294,14.0,3030
294,15.0,1206
294,16.0,1629
294,17.0,2038
294,18.0,2038
294,19.0,2347
295,0.0,1109
295,1.0,3060
295,2.0,1363
295,3.0,2966
295,4.0,2038
295,5.0,2038
295,6.0,2061
295,7.0,2709
295,8.0,1030
295,9.0,1915
295,10.0,2668
295,11.0,1471
295,12.0,1121
295,13.0,1924
295,14.0,3030
295,15.0,1294
295,16.0,1846
295,17.0,2038
295,18.0,2038
295,19.0,2923
296,0.0,2538
296,1.0,3060
296,2.0,1363
296,3.0,1530
296,4.0,2038
296,5.0,2038
296,6.0,2061
296,7.0,2709
296,8.0,1030
296,9.0,1915
296,10.0,2668
296,11.0,1471
296,12.0,1121
296,13.0,1924
296,14.0,3030
296,15.0,1989
296,16.0,2970
296,17.0,2038
296,18.0,2038
296,19.0,3004
297,0.0,2572
297,1.0,3060
297,2.0,1363
297,3.0,1530
297,4.0,2038
297,5.0,2038
297,6.0,2061
297,7.0,2709
297,8.0,1030
297,9.0,1915
297,10.0,2668
297,11.0,1471
297,12.0,1121
297,13.0,1924
297,14.0,3030
297,15.0,2272
297,16.0,2954
297,17.0,2038
297,18.0,2038
297,19.0,1418
298,0.0,3176
298,1.0,3060
298,2.0,1363
298,3.0,1530
298,4.0,2038
298,5.0,2038
298,6.0,2061
298,7.0,2709
298,8.0,1030
298,9.0,1915
298,10.0,2668
298,11.0,1471
298,12.0,1121
298,13.0,1924
298,14.0,3030
298,15.0,3078
298,16.0,1382
298,17.0,2038
298,18.0,2038
298,19.0,3072
299,0.0,2764
299,1.0,3060
299,2.0,1363
299,3.0,1530
299,4.0,2038
299,5.0,2038
299,6.0,2061
299,7.0,2709
299,8.0,1030
299,9.0,1915
299,10.0,2668
299,11.0,1471
299,12.0,1121
299,13.0,1924
299,14.0,3030
299,15.0,2310
299,16.0,2975
299,17.0,2038
299,18.0,2038
299,19.0,1208
300,0.0,2115
300,1.0,3060
300,2.0,1363
300,3.0,1530
300,4.0,2038
300,5.0,2038
300,6.0,2061
300,7.0,2709
300,8.0,1030
300,9.0,1915
300,10.0,2668
300,11.0,1471
300,12.0,1121
300,13.0,1924
300,14.0,3030
300,15.0,1557
300,16.0,2229
300,17.0,2038
300,18.0,2038
300,19.0,2761
301,0.0,1329
301,1.0,3060
301,2.0,1363
301,3.0,1530
301,4.0,2038
301,5.0,2038
301,6.0,2061
301,7.0,2709
301,8.0,1030
301,9.0,1915
301,10.0,2668
301,11.0,1471
301,12.0,1121
301,13.0,1924
301,14.0,2121
301,15.0,1184
301,16.0,1219
301,17.0,2038
301,18.0,2038
301,19.0,1956
302,0.0,1697
302,1.0,3060
302,2.0,1363
302,3.0,1530
302,4.0,2038
302,5.0,2038
302,6.0,2061
302,7.0,2709
302,8.0,1030
302,9.0,1915
302,10.0,2668
302,11.0,1471
302,12.0,1121
302,13.0,1924
302,14.0,2121
302,15.0,1706
302,16.0,2754
302,17.0,2038
302,18.0,2038
302,19.0,1362
303,0.0,3054
303,1.0,3060
303,2.0,1363
303,3.0,1530
303,4.0,2038
303,5.0,2038
303,6.0,2061
303,7.0,2709
303,8.0,1030
303,9.0,1915
303,10.0,2668
303,11.0,1471
303,12.0,1121
303,13.0,1924
303,14.0,2121
303,15.0,1937
303,16.0,2640
303,17.0,2038
303,18.0,2038
303,19.0,2113
304,0.0,3134
304,1.0,3060
304,2.0,1363
304,3.0,1530
304,4.0,2038
304,5.0,2038
304,6.0,2061
304,7.0,2709
304,8.0,1030
304,9.0,1915
304,10.0,2668
304,11.0,1471
304,12.0,1121
304,13.0,1924
304,14.0,2121
304,15.0,2484
304,16.0,1102
304,17.0,2038
304,18.0,2038
304,19.0,1175
305,0.0,2169
305,1.0,3060
305,2.0,1363
305,3.0,1530
305,4.0,2038
305,5.0,2038
305,6.0,2061
305,7.0,2709
305,8.0,1030
305,9.0,1915
305,10.0,2668
305,11.0,1471
305,12.0,1121
305,13.0,1924
305,14.0,1726
305,15.0,2467
305,16.0,1949
305,17.0,2038
305,18.0,2038
305,19.0,1163
306,0.0,2938
306,1.0,3060
306,2.0,1363
306,3.0,1530
306,4.0,2038
306,5.0,2038
306,6.0,2061
306,7.0,2709
306,8.0,1030
306,9.0,1915
306,10.0,2668
306,11.0,1471
306,12.0,1121
306,13.0,1924
306,14.0,1726
306,15.0,2700
306,16.0,1410
306,17.0,2038
306,18.0,2038
306,19.0,1040
307,0.0,1869
307,1.0,3060
307,2.0,1363
307,3.0,1530
307,4.0,2038
307,5.0,2038
307,6.0,2061
307,7.0,2709
307,8.0,1030
307,9.0,1915
307,10.0,2668
307,11.0,1471
307,12.0,1121
307,13.0,1924
307,14.0,1726
307,15.0,1517
307,16.0,1876
307,17.0,2038
307,18.0,2038
307,19.0,1302
308,0.0,1080
308,1.0,3060
308,2.0,1363
308,3.0,1530
308,4.0,2038
308,5.0,2038
308,6.0,2061
308,7.0,2709
308,8.0,1030
308,9.0,1915
308,10.0,2668
308,11.0,1471
308,12.0,1121
308,13.0,1924
308,14.0,1726
308,15.0,2104
308,16.0,1066
308,17.0,2038
308,18.0,2038
308,19.0,2931
309,0.0,1321
309,1.0,3060
309,2.0,1363
309,3.0,1530
309,4.0,2038
309,5.0,2038
309,6.0,2061
309,7.0,2709
309,8.0,1030
309,9.0,1915
309,10.0,2668
309,11.0,1471
309,12.0,1121
309,13.0,1924
309,14.0,1726
309,15.0,3110
309,16.0,2732
309,17.0,2038
309,18.0,2038
309,19.0,2297
310,0.0,1525
310,1.0,3060
310,2.0,1363
310,3.0,1530
310,4.0,2038
310,5.0,2038
310,6.0,2061
310,7.0,2709
310,8.0,1030
310,9.0,1915
310,10.0,2668
310,11.0,1471
310,12.0,1121
310,13.0,1924
310,14.0,1726
310,15.0,2488
310,16.0,2102
310,17.0,2038
310,18.0,2038
310,19.0,2702
311,0.0,1635
311,1.0,1425
311,2.0,2824
311,3.0,2591
311,4.0,2038
311,5.0,2038
311,6.0,2382
311,7.0,2709
311,8.0,1750
311,9.0,2035
311,10.0,2553
311,11.0,1471
311,12.0,1843
311,13.0,1924
311,14.0,2245
311,15.0,2611
311,16.0,1203
311,17.0,2416
311,18.0,2409
311,19.0,2174
312,0.0,2957
312,1.0,1425
312,2.0,2824
312,3.0,2591
312,4.0,2038
312,5.0,2038
312,6.0,1140
312,7.0,2709
312,8.0,1750
312,9.0,1653
312,10.0,2553
312,11.0,1471
312,12.0,1843
312,13.0,1924
312,14.0,2245
312,15.0,2886
312,16.0,2699
312,17.0,1468
312,18.0,2409
312,19.0,2493
313,0.0,2078
313,1.0,1425
313,2.0,2824
313,3.0,2591
313,4.0,2038
313,5.0,2038
313,6.0,1140
313,7.0,2709
313,8.0,1750
313,9.0,2035
313,10.0,2553
313,11.0,1471
313,12.0,3116
313,13.0,1924
313,14.0,3030
313,15.0,1206
313,16.0,1629
313,17.0,1626
313,18.0,2835
313,19.0,2347
314,0.0,2976
314,1.0,1834
314,2.0,2824
314,3.0,2591
314,4.0,2038
314,5.0,2038
314,6.0,1140
314,7.0,2709
314,8.0,1750
314,9.0,2035
314,10.0,2553
314,11.0,1471
314,12.0,1843
314,13.0,1924
314,14.0,3030
314,15.0,1294
314,16.0,1846
314,17.0,2128
314,18.0,1212
314,19.0,2923
315,0.0,1049
315,1.0,1425
315,2.0,2824
315,3.0,2591
315,4.0,2038
315,5.0,2038
315,6.0,1140
315,7.0,2709
315,8.0,1750
315,9.0,2035
315,10.0,2553
315,11.0,1471
315,12.0,1843
315,13.0,1924
315,14.0,3030
315,15.0,1989
315,16.0,2970
315,17.0,1053
315,18.0,1150
315,19.0,3004
316,0.0,1483
316,1.0,1425
316,2.0,2824
316,3.0,1380
316,4.0,2038
316,5.0,2038
316,6.0,1140
316,7.0,2709
316,8.0,1750
316,9.0,2035
316,10.0,2553
316,11.0,1471
316,12.0,1843
316,13.0,1924
316,14.0,3030
316,15.0,2272
316,16.0,2954
316,17.0,2416
316,18.0,2516
316,19.0,1418
317,0.0,1478
317,1.0,1425
317,2.0,2824
317,3.0,2591
317,4.0,2038
317,5.0,2038
317,6.0,1140
317,7.0,2709
317,8.0,1750
317,9.0,2035
317,10.0,2553
317,11.0,1471
317,12.0,1843
317,13.0,1924
317,14.0,3030
317,15.0,3078
317,16.0,1382
317,17.0,1053
317,18.0,1192
317,19.0,3072
318,0.0,2051
318,1.0,1425
318,2.0,2824
318,3.0,2591
318,4.0,2038
318,5.0,2038
318,6.0,1140
318,7.0,2709
318,8.0,1750
318,9.0,2035
318,10.0,2553
318,11.0,1471
318,12.0,1843
318,13.0,1470
318,14.0,3030
318,15.0,2310
318,16.0,2975
318,17.0,1821
318,18.0,2250
318,19.0,1208
319,0.0,2134
319,1.0,1425
319,2.0,2824
319,3.0,2591
319,4.0,2038
319,5.0,2038
319,6.0,1140
319,7.0,2709
319,8.0,1750
319,9.0,2035
319,10.0,2553
319,11.0,1471
319,12.0,1843
319,13.0,1924
319,14.0,3030
319,15.0,1557
319,16.0,2229
319,17.0,1731
319,18.0,2959
319,19.0,2761
320,0.0,2462
320,1.0,1425
320,2.0,2824
320,3.0,2591
320,4.0,2038
320,5.0,2038
320,6.0,1140
320,7.0,2709
320,8.0,1750
320,9.0,2035
320,10.0,2553
320,11.0,1471
320,12.0,1843
320,13.0,1924
320,14.0,2121
320,15.0,1184
320,16.0,1219
320,17.0,1731
320,18.0,1104
320,19.0,1956
321,0.0,2404
321,1.0,1425
321,2.0,2824
321,3.0,2591
321,4.0,2038
321,5.0,2038
321,6.0,1140
321,7.0,2709
321,8.0,1750
321,9.0,2035
321,10.0,1642
321,11.0,1471
321,12.0,1843
321,13.0,1924
321,14.0,2121
321,15.0,1706
321,16.0,2754
321,17.0,2416
321,18.0,1415
321,19.0,1362
322,0.0,2327
322,1.0,1425
322,2.0,2824
322,3.0,2591
322,4.0,2038
322,5.0,2038
322,6.0,1140
322,7.0,2709
322,8.0,1750
322,9.0,2035
322,10.0,2553
322,11.0,1471
322,12.0,1843
322,13.0,1924
322,14.0,2121
322,15.0,1937
322,16.0,2640
322,17.0,1981
322,18.0,3177
322,19.0,2113
323,0.0,1180
323,1.0,1425
323,2.0,2824
323,3.0,2591
323,4.0,2038
323,5.0,2038
323,6.0,1140
323,7.0,2709
323,8.0,1750
323,9.0,2035
323,10.0,2553
323,11.0,1471
323,12.0,1843
323,13.0,1924
323,14.0,2121
323,15.0,2484
323,16.0,1102
323,17.0,2416
323,18.0,2118
323,19.0,1175
324,0.0,2799
324,1.0,1425
324,2.0,2824
324,3.0,2591
324,4.0,2038
324,5.0,2038
324,6.0,1140
324,7.0,2709
324,8.0,1750
324,9.0,1222
324,10.0,2553
324,11.0,1471
324,12.0,1843
324,13.0,1924
324,14.0,1726
324,15.0,2467
324,16.0,1949
324,17.0,2539
324,18.0,2276
324,19.0,1163
325,0.0,1344
325,1.0,1425
325,2.0,2824
325,3.0,2591
325,4.0,2038
325,5.0,2038
325,6.0,1140
325,7.0,2709
325,8.0,3012
325,9.0,2035
325,10.0,2553
325,11.0,1471
325,12.0,1843
325,13.0,1924
325,14.0,1726
325,15.0,2700
325,16.0,1410
325,17.0,2416
325,18.0,2743
325,19.0,1040
326,0.0,2350
326,1.0,1425
326,2.0,2824
326,3.0,2591
326,4.0,2038
326,5.0,2038
326,6.0,1140
326,7.0,2709
326,8.0,1750
326,9.0,2035
326,10.0,2553
326,11.0,1471
326,12.0,1843
326,13.0,1924
326,14.0,1726
326,15.0,1517
326,16.0,1876
326,17.0,2416
326,18.0,2586
326,19.0,1302
327,0.0,1764
327,1.0,1425
327,2.0,2824
327,3.0,2591
327,4.0,2038
327,5.0,2038
327,6.0,1140
327,7.0,2709
327,8.0,1750
327,9.0,2035
327,10.0,2553
327,11.0,1471
327,12.0,1843
327,13.0,1738
327,14.0,1726
327,15.0,2104
327,16.0,1066
327,17.0,2539
327,18.0,2033
327,19.0,2931
328,0.0,1156
328,1.0,1425
328,2.0,2824
328,3.0,2591
328,4.0,2038
328,5.0,2038
328,6.0,1140
328,7.0,2709
328,8.0,1750
328,9.0,2035
328,10.0,2553
328,11.0,1471
328,12.0,1843
328,13.0,1924
328,14.0,1726
328,15.0,3110
328,16.0,2732
328,17.0,1878
328,18.0,1141
328,19.0,2297
329,0.0,1210
329,1.0,1425
329,2.0,2824
329,3.0,2591
329,4.0,2038
329,5.0,2038
329,6.0,1140
329,7.0,2709
329,8.0,1750
329,9.0,2035
329,10.0,2553
329,11.0,1471
329,12.0,1843
329,13.0,1924
329,14.0,1726
329,15.0,2488
329,16.0,2102
329,17.0,1416
329,18.0,2412
329,19.0,2702
330,0.0,1955
330,1.0,1425
330,2.0,2824
330,3.0,2591
330,4.0,2038
330,5.0,2038
330,6.0,1140
330,7.0,2709
330,8.0,1750
330,9.0,2035
330,10.0,2553
330,11.0,1471
330,12.0,1843
330,13.0,1924
330,14.0,1170
330,15.0,2791
330,16.0,2321
330,17.0,1595
330,18.0,3168
330,19.0,2852
331,0.0,2299
331,1.0,2662
331,2.0,1105
331,3.0,2698
331,4.0,2038
331,5.0,2038
331,6.0,1577
331,7.0,2709
331,8.0,1196
331,9.0,3130
331,10.0,2387
331,11.0,1471
331,12.0,1843
331,13.0,1924
331,14.0,2121
331,15.0,1706
331,16.0,2754
331,17.0,2416
331,18.0,3145
331,19.0,1362
332,0.0,2809
332,1.0,2662
332,2.0,1105
332,3.0,2698
332,4.0,2038
332,5.0,2038
332,6.0,1577
332,7.0,2709
332,8.0,1487
332,9.0,3130
332,10.0,2387
332,11.0,1471
332,12.0,2654
332,13.0,1738
332,14.0,2121
332,15.0,1937
332,16.0,2640
332,17.0,2416
332,18.0,2838
332,19.0,2113
333,0.0,1849
333,1.0,2662
333,2.0,1105
333,3.0,2698
333,4.0,2038
333,5.0,2038
333,6.0,1577
333,7.0,2709
333,8.0,1196
333,9.0,3130
333,10.0,2387
333,11.0,1471
333,12.0,1843
333,13.0,1924
333,14.0,2121
333,15.0,2484
333,16.0,1102
333,17.0,2416
333,18.0,2143
333,19.0,1175
334,0.0,1426
334,1.0,2662
334,2.0,1105
334,3.0,2147
334,4.0,2038
334,5.0,2038
334,6.0,1577
334,7.0,2709
334,8.0,1196
334,9.0,3130
334,10.0,2387
334,11.0,1471
334,12.0,1843
334,13.0,1924
334,14.0,1726
334,15.0,2467
334,16.0,1949
334,17.0,2416
334,18.0,1946
334,19.0,3136
335,0.0,1847
335,1.0,2662
335,2.0,1105
335,3.0,2698
335,4.0,2038
335,5.0,2038
335,6.0,1577
335,7.0,2709
335,8.0,1196
335,9.0,3130
335,10.0,2387
335,11.0,1471
335,12.0,1843
335,13.0,1924
335,14.0,1726
335,15.0,2700
335,16.0,1410
335,17.0,2416
335,18.0,3013
335,19.0,1040
336,0.0,1337
336,1.0,2662
336,2.0,1105
336,3.0,2698
336,4.0,2038
336,5.0,2038
336,6.0,1577
336,7.0,2709
336,8.0,1196
336,9.0,3130
336,10.0,2387
336,11.0,1471
336,12.0,1843
336,13.0,1924
336,14.0,1726
336,15.0,1517
336,16.0,1876
336,17.0,1853
336,18.0,1769
336,19.0,1302
337,0.0,1046
337,1.0,2662
337,2.0,3064
337,3.0,2698
337,4.0,2038
337,5.0,2038
337,6.0,1577
337,7.0,2709
337,8.0,1196
337,9.0,3130
337,10.0,2387
337,11.0,1471
337,12.0,1843
337,13.0,1924
337,14.0,1726
337,15.0,2104
337,16.0,1066
337,17.0,3129
337,18.0,2055
337,19.0,2931
338,0.0,3096
338,1.0,2662
338,2.0,1105
338,3.0,2698
338,4.0,2038
338,5.0,2038
338,6.0,1577
338,7.0,2709
338,8.0,1196
338,9.0,3130
338,10.0,2387
338,11.0,1471
338,12.0,1843
338,13.0,1924
338,14.0,1726
338,15.0,3110
338,16.0,2732
338,17.0,3129
338,18.0,2626
338,19.0,2297
339,0.0,1763
339,1.0,2662
339,2.0,1105
339,3.0,2698
339,4.0,2038
339,5.0,2038
339,6.0,1577
339,7.0,2709
339,8.0,1196
339,9.0,3130
339,10.0,2387
339,11.0,1471
339,12.0,1843
339,13.0,1924
339,14.0,1726
339,15.0,2488
339,16.0,2102
339,17.0,3129
339,18.0,2779
339,19.0,2702
340,0.0,1253
340,1.0,2662
340,2.0,1105
340,3.0,2698
340,4.0,2038
340,5.0,2038
340,6.0,1577
340,7.0,2709
340,8.0,2454
340,9.0,3130
340,10.0,2387
340,11.0,1471
340,12.0,1843
340,13.0,1924
340,14.0,1170
340,15.0,2791
340,16.0,2321
340,17.0,2416
340,18.0,2065
340,19.0,2852
341,0.0,3009
341,1.0,2662
341,2.0,1105
341,3.0,2698
341,4.0,2038
341,5.0,2038
341,6.0,1577
341,7.0,2709
341,8.0,1196
341,9.0,3130
341,10.0,2387
341,11.0,1471
341,12.0,1843
341,13.0,1924
341,14.0,1170
341,15.0,1143
341,16.0,2857
341,17.0,2416
341,18.0,2936
341,19.0,2086
342,0.0,3017
342,1.0,2662
342,2.0,1105
342,3.0,2698
342,4.0,2038
342,5.0,2038
342,6.0,1577
342,7.0,2709
342,8.0,1196
342,9.0,3130
342,10.0,2949
342,11.0,1471
342,12.0,1843
342,13.0,1924
342,14.0,1170
342,15.0,1107
342,16.0,1638
342,17.0,2416
342,18.0,1899
342,19.0,2124
343,0.0,2126
343,1.0,2662
343,2.0,1105
343,3.0,2698
343,4.0,2038
343,5.0,2038
343,6.0,1577
343,7.0,2709
343,8.0,1196
343,9.0,3130
343,10.0,2387
343,11.0,1471
343,12.0,1843
343,13.0,1924
343,14.0,1170
343,15.0,2790
343,16.0,1690
343,17.0,3129
343,18.0,1028
343,19.0,2322
344,0.0,1572
344,1.0,2662
344,2.0,1105
344,3.0,2698
344,4.0,2038
344,5.0,2038
344,6.0,1577
344,7.0,2709
344,8.0,1196
344,9.0,3130
344,10.0,2387
344,11.0,1471
344,12.0,1843
344,13.0,1924
344,14.0,1170
344,15.0,2763
344,16.0,3114
344,17.0,1626
344,18.0,1087
344,19.0,2358
345,0.0,2004
345,1.0,2662
345,2.0,1105
345,3.0,2698
345,4.0,2038
345,5.0,2038
345,6.0,1577
345,7.0,2709
345,8.0,1196
345,9.0,3130
345,10.0,2387
345,11.0,1471
345,12.0,1843
345,13.0,1924
345,14.0,1170
345,15.0,2305
345,16.0,1207
345,17.0,2416
345,18.0,2067
345,19.0,1036
346,0.0,1601
346,1.0,2662
346,2.0,1105
346,3.0,2698
346,4.0,2038
346,5.0,2038
346,6.0,1577
346,7.0,2709
346,8.0,1196
346,9.0,2723
346,10.0,2387
346,11.0,1471
346,12.0,1843
346,13.0,1924
346,14.0,1170
346,15.0,2393
346,16.0,2444
346,17.0,2416
346,18.0,2974
346,19.0,2244
347,0.0,1527
347,1.0,2662
347,2.0,1105
347,3.0,2698
347,4.0,2038
347,5.0,2038
347,6.0,1577
347,7.0,2709
347,8.0,1196
347,9.0,3130
347,10.0,2387
347,11.0,1471
347,12.0,1843
347,13.0,1924
347,14.0,1170
347,15.0,2341
347,16.0,1502
347,17.0,2416
347,18.0,2974
347,19.0,2885
348,0.0,1043
348,1.0,2047
348,2.0,1687
348,3.0,1676
348,4.0,2038
348,5.0,2038
348,6.0,2061
348,7.0,2709
348,8.0,1168
348,9.0,1915
348,10.0,1154
348,11.0,1471
348,12.0,1481
348,13.0,1924
348,14.0,3030
348,15.0,1206
348,16.0,1629
348,17.0,2539
348,18.0,1058
348,19.0,2347
349,0.0,1892
349,1.0,2047
349,2.0,1687
349,3.0,1676
349,4.0,2038
349,5.0,2038
349,6.0,2061
349,7.0,2709
349,8.0,1168
349,9.0,1915
349,10.0,1154
349,11.0,1471
349,12.0,1481
349,13.0,1924
349,14.0,3030
349,15.0,2289
349,16.0,1846
349,17.0,1626
349,18.0,1575
349,19.0,2923
350,0.0,1538
350,1.0,2047
350,2.0,1687
350,3.0,2506
350,4.0,2038
350,5.0,2038
350,6.0,2061
350,7.0,2709
350,8.0,1168
350,9.0,1915
350,10.0,1154
350,11.0,1471
350,12.0,1481
350,13.0,2892
350,14.0,3030
350,15.0,1989
350,16.0,2970
350,17.0,2211
350,18.0,2118
350,19.0,3004
351,0.0,2248
351,1.0,2047
351,2.0,1687
351,3.0,1676
351,4.0,2038
351,5.0,2038
351,6.0,2061
351,7.0,2709
351,8.0,1168
351,9.0,1915
351,10.0,1154
351,11.0,1471
351,12.0,1481
351,13.0,1924
351,14.0,3030
351,15.0,2272
351,16.0,2954
351,17.0,2416
351,18.0,1376
351,19.0,1418
352,0.0,1719
352,1.0,2047
352,2.0,1687
352,3.0,1676
352,4.0,2038
352,5.0,2038
352,6.0,2061
352,7.0,2709
352,8.0,1168
352,9.0,1915
352,10.0,1154
352,11.0,1471
352,12.0,1481
352,13.0,1924
352,14.0,3030
352,15.0,3078
352,16.0,1382
352,17.0,2128
352,18.0,1062
352,19.0,3072
353,0.0,1665
353,1.0,1631
353,2.0,2258
353,3.0,2018
353,4.0,2038
353,5.0,2038
353,6.0,2600
353,7.0,2709
353,8.0,1090
353,9.0,1883
353,10.0,1912
353,11.0,1471
353,12.0,1771
353,13.0,1924
353,14.0,1170
353,15.0,2341
353,16.0,1502
353,17.0,1731
353,18.0,1746
353,19.0,1367
354,0.0,1549
354,1.0,1055
354,2.0,1157
354,3.0,2090
354,4.0,2038
354,5.0,2038
354,6.0,1822
354,7.0,2709
354,8.0,1392
354,9.0,2498
354,10.0,3069
354,11.0,1471
354,12.0,1843
354,13.0,1924
354,14.0,3030
354,15.0,1206
354,16.0,1629
354,17.0,2416
354,18.0,1054
354,19.0,2347
355,0.0,2642
355,1.0,1055
355,2.0,1157
355,3.0,2090
355,4.0,2038
355,5.0,2038
355,6.0,1822
355,7.0,2709
355,8.0,1392
355,9.0,2498
355,10.0,3069
355,11.0,1471
355,12.0,1843
355,13.0,1924
355,14.0,3030
355,15.0,1294
355,16.0,1846
355,17.0,2416
355,18.0,2089
355,19.0,2923
356,0.0,1954
356,1.0,1055
356,2.0,1157
356,3.0,2090
356,4.0,2038
356,5.0,2038
356,6.0,1822
356,7.0,1029
356,8.0,1392
356,9.0,2498
356,10.0,3069
356,11.0,1471
356,12.0,3116
356,13.0,1924
356,14.0,3030
356,15.0,1989
356,16.0,2970
356,17.0,2416
356,18.0,2354
356,19.0,3004
357,0.0,2282
357,1.0,1055
357,2.0,1157
357,3.0,2090
357,4.0,2038
357,5.0,2038
357,6.0,1822
357,7.0,2709
357,8.0,1392
357,9.0,2498
357,10.0,3069
357,11.0,1471
357,12.0,1843
357,13.0,1924
357,14.0,3030
357,15.0,2272
357,16.0,2954
357,17.0,2416
357,18.0,2250
357,19.0,1418
358,0.0,1544
358,1.0,1055
358,2.0,1157
358,3.0,2090
358,4.0,2038
358,5.0,2038
358,6.0,1822
358,7.0,2709
358,8.0,1392
358,9.0,2498
358,10.0,3069
358,11.0,1471
358,12.0,1843
358,13.0,1924
358,14.0,3030
358,15.0,3078
358,16.0,1382
358,17.0,2416
358,18.0,1722
358,19.0,3072
359,0.0,1342
359,1.0,1055
359,2.0,1157
359,3.0,2090
359,4.0,2038
359,5.0,2038
359,6.0,1822
359,7.0,2709
359,8.0,1392
359,9.0,2498
359,10.0,3069
359,11.0,1471
359,12.0,1843
359,13.0,1924
359,14.0,3030
359,15.0,2310
359,16.0,2975
359,17.0,1821
359,18.0,2250
359,19.0,1208
360,0.0,1149
360,1.0,2676
360,2.0,1157
360,3.0,2090
360,4.0,2038
360,5.0,2038
360,6.0,1822
360,7.0,2709
360,8.0,1392
360,9.0,2498
360,10.0,3069
360,11.0,1471
360,12.0,1843
360,13.0,1924
360,14.0,3030
360,15.0,1557
360,16.0,2229
360,17.0,2038
360,18.0,2826
360,19.0,2761
361,0.0,1279
361,1.0,1055
361,2.0,1157
361,3.0,2090
361,4.0,2038
361,5.0,2038
361,6.0,1822
361,7.0,2709
361,8.0,1392
361,9.0,2498
361,10.0,3069
361,11.0,1471
361,12.0,1843
361,13.0,1924
361,14.0,2121
361,15.0,1184
361,16.0,1219
361,17.0,1981
361,18.0,2339
361,19.0,1956
362,0.0,1490
362,1.0,1055
362,2.0,1157
362,3.0,2090
362,4.0,2038
362,5.0,2038
362,6.0,1822
362,7.0,2709
362,8.0,1392
362,9.0,2498
362,10.0,3069
362,11.0,1471
362,12.0,1843
362,13.0,1924
362,14.0,2121
362,15.0,1706
362,16.0,2754
362,17.0,2416
362,18.0,1537
362,19.0,1362
363,0.0,1432
363,1.0,1055
363,2.0,1157
363,3.0,2079
363,4.0,2038
363,5.0,2038
363,6.0,1822
363,7.0,2709
363,8.0,1392
363,9.0,2498
363,10.0,3069
363,11.0,1471
363,12.0,1843
363,13.0,1924
363,14.0,2121
363,15.0,1937
363,16.0,2640
363,17.0,2211
363,18.0,1812
363,19.0,2113
364,0.0,2819
364,1.0,1055
364,2.0,1157
364,3.0,2090
364,4.0,2038
364,5.0,2038
364,6.0,1822
364,7.0,2709
364,8.0,1392
364,9.0,2498
364,10.0,3069
364,11.0,1471
364,12.0,1843
364,13.0,1924
364,14.0,2121
364,15.0,2484
364,16.0,1102
364,17.0,2416
364,18.0,1150
364,19.0,1175
365,0.0,3081
365,1.0,1055
365,2.0,1157
365,3.0,2090
365,4.0,2038
365,5.0,2038
365,6.0,1822
365,7.0,2709
365,8.0,1392
365,9.0,2498
365,10.0,3069
365,11.0,1471
365,12.0,1843
365,13.0,1924
365,14.0,1726
365,15.0,2467
365,16.0,1949
365,17.0,1416
365,18.0,2448
365,19.0,1163
366,0.0,2279
366,1.0,1055
366,2.0,1157
366,3.0,2090
366,4.0,2038
366,5.0,2038
366,6.0,1822
366,7.0,2709
366,8.0,1692
366,9.0,2498
366,10.0,3069
366,11.0,1471
366,12.0,1843
366,13.0,1924
366,14.0,2806
366,15.0,2700
366,16.0,1410
366,17.0,1626
366,18.0,1537
366,19.0,1040
367,0.0,3175
367,1.0,1055
367,2.0,1157
367,3.0,2090
367,4.0,2038
367,5.0,2038
367,6.0,2990
367,7.0,2709
367,8.0,1392
367,9.0,2498
367,10.0,3069
367,11.0,1471
367,12.0,1843
367,13.0,1924
367,14.0,1726
367,15.0,1517
367,16.0,1876
367,17.0,1626
367,18.0,1825
367,19.0,1302
368,0.0,2283
368,1.0,1055
368,2.0,1157
368,3.0,2090
368,4.0,2038
368,5.0,2038
368,6.0,1822
368,7.0,2709
368,8.0,1392
368,9.0,2498
368,10.0,3069
368,11.0,1471
368,12.0,1843
368,13.0,1924
368,14.0,1726
368,15.0,2104
368,16.0,1066
368,17.0,2416
368,18.0,1940
368,19.0,2931
369,0.0,1699
369,1.0,1055
369,2.0,1157
369,3.0,2090
369,4.0,2038
369,5.0,2038
369,6.0,1822
369,7.0,2709
369,8.0,1392
369,9.0,2498
369,10.0,3069
369,11.0,1471
369,12.0,1843
369,13.0,1924
369,14.0,1737
369,15.0,3110
369,16.0,2732
369,17.0,2416
369,18.0,2143
369,19.0,2297
370,0.0,1950
370,1.0,1055
370,2.0,1157
370,3.0,2090
370,4.0,2038
370,5.0,2038
370,6.0,1822
370,7.0,2709
370,8.0,1392
370,9.0,2498
370,10.0,3069
370,11.0,1471
370,12.0,1843
370,13.0,1924
370,14.0,1726
370,15.0,2488
370,16.0,2102
370,17.0,2160
370,18.0,1068
370,19.0,1553
371,0.0,1403
371,1.0,1055
371,2.0,1157
371,3.0,2090
371,4.0,2038
371,5.0,2038
371,6.0,1822
371,7.0,2709
371,8.0,1392
371,9.0,2498
371,10.0,3069
371,11.0,1471
371,12.0,1843
371,13.0,1924
371,14.0,1170
371,15.0,2791
371,16.0,2321
371,17.0,1305
371,18.0,2944
371,19.0,2852
372,0.0,3135
372,1.0,1055
372,2.0,1157
372,3.0,2090
372,4.0,2038
372,5.0,2038
372,6.0,1822
372,7.0,2709
372,8.0,1392
372,9.0,2498
372,10.0,3069
372,11.0,1471
372,12.0,1843
372,13.0,1924
372,14.0,1170
372,15.0,1143
372,16.0,2857
372,17.0,1626
372,18.0,2743
372,19.0,2086
373,0.0,2895
373,1.0,1055
373,2.0,1157
373,3.0,2090
373,4.0,2038
373,5.0,2038
373,6.0,1822
373,7.0,2709
373,8.0,1392
373,9.0,2498
373,10.0,3069
373,11.0,1471
373,12.0,1843
373,13.0,1924
373,14.0,1170
373,15.0,1107
373,16.0,1638
373,17.0,3129
373,18.0,1908
373,19.0,2335
374,0.0,2988
374,1.0,1055
374,2.0,1157
374,3.0,2090
374,4.0,2038
374,5.0,2038
374,6.0,1822
374,7.0,2709
374,8.0,1392
374,9.0,2498
374,10.0,3069
374,11.0,1471
374,12.0,1843
374,13.0,1738
374,14.0,1170
374,15.0,2790
374,16.0,1690
374,17.0,1126
374,18.0,1679
374,19.0,2322
375,0.0,2708
375,1.0,1055
375,2.0,1157
375,3.0,2090
375,4.0,2038
375,5.0,2038
375,6.0,1822
375,7.0,2709
375,8.0,1692
375,9.0,2498
375,10.0,3069
375,11.0,1471
375,12.0,1843
375,13.0,1924
375,14.0,1170
375,15.0,2763
375,16.0,3114
375,17.0,2038
375,18.0,2826
375,19.0,2358
376,0.0,2867
376,1.0,1055
376,2.0,1157
376,3.0,2090
376,4.0,2038
376,5.0,2038
376,6.0,1822
376,7.0,2709
376,8.0,1392
376,9.0,2498
376,10.0,3069
376,11.0,1471
376,12.0,1843
376,13.0,1924
376,14.0,1170
376,15.0,2305
376,16.0,1207
376,17.0,2416
376,18.0,2055
376,19.0,1036
377,0.0,1026
377,1.0,1055
377,2.0,1157
377,3.0,2090
377,4.0,2038
377,5.0,2038
377,6.0,1822
377,7.0,2709
377,8.0,1392
377,9.0,2498
377,10.0,3069
377,11.0,1471
377,12.0,1843
377,13.0,1924
377,14.0,1170
377,15.0,2393
377,16.0,1343
377,17.0,1550
377,18.0,1506
377,19.0,2244
378,0.0,2105
378,1.0,1055
378,2.0,1157
378,3.0,2090
378,4.0,2038
378,5.0,2038
378,6.0,1822
378,7.0,2709
378,8.0,1392
378,9.0,2498
378,10.0,3069
378,11.0,1471
378,12.0,1843
378,13.0,1924
378,14.0,1170
378,15.0,2341
378,16.0,1502
378,17.0,2254
378,18.0,1506
378,19.0,1367
379,0.0,1655
379,1.0,2195
379,2.0,2689
379,3.0,2691
379,4.0,2038
379,5.0,2038
379,6.0,1318
379,7.0,2709
379,8.0,1673
379,9.0,1318
379,10.0,2883
379,11.0,1471
379,12.0,2544
379,13.0,1924
379,14.0,3030
379,15.0,1206
379,16.0,1629
379,17.0,3129
379,18.0,3169
379,19.0,2347
380,0.0,1561
380,1.0,2195
380,2.0,2689
380,3.0,2691
380,4.0,2038
380,5.0,2038
380,6.0,1318
380,7.0,2709
380,8.0,1673
380,9.0,1318
380,10.0,2883
380,11.0,1471
380,12.0,2544
380,13.0,1924
380,14.0,3030
380,15.0,1294
380,16.0,1153
380,17.0,2539
380,18.0,2816
380,19.0,2923
381,0.0,1021
381,1.0,2195
381,2.0,2689
381,3.0,2691
381,4.0,2038
381,5.0,2038
381,6.0,1318
381,7.0,2709
381,8.0,1673
381,9.0,1318
381,10.0,1865
381,11.0,1471
381,12.0,2544
381,13.0,1924
381,14.0,3030
381,15.0,1989
381,16.0,2970
381,17.0,2416
381,18.0,1227
381,19.0,3004
382,0.0,2024
382,1.0,2195
382,2.0,2689
382,3.0,2691
382,4.0,2038
382,5.0,2038
382,6.0,1318
382,7.0,2709
382,8.0,1673
382,9.0,1318
382,10.0,2883
382,11.0,1471
382,12.0,2544
382,13.0,1924
382,14.0,3030
382,15.0,2272
382,16.0,2954
382,17.0,2416
382,18.0,1506
382,19.0,1418
383,0.0,2614
383,1.0,2195
383,2.0,2689
383,3.0,2691
383,4.0,2038
383,5.0,2038
383,6.0,1318
383,7.0,2709
383,8.0,1673
383,9.0,1318
383,10.0,2883
383,11.0,1471
383,12.0,2544
383,13.0,1924
383,14.0,3030
383,15.0,3078
383,16.0,1382
383,17.0,2128
383,18.0,2808
383,19.0,3072
384,0.0,1902
384,1.0,2195
384,2.0,1682
384,3.0,2691
384,4.0,2038
384,5.0,2038
384,6.0,1318
384,7.0,2709
384,8.0,1673
384,9.0,1318
384,10.0,1865
384,11.0,1471
384,12.0,2544
384,13.0,1924
384,14.0,3030
384,15.0,2310
384,16.0,2975
384,17.0,2038
384,18.0,2826
384,19.0,1208
385,0.0,2646
385,1.0,2195
385,2.0,3165
385,3.0,2691
385,4.0,2038
385,5.0,2038
385,6.0,1318
385,7.0,2709
385,8.0,1673
385,9.0,1318
385,10.0,2883
385,11.0,1471
385,12.0,2544
385,13.0,1924
385,14.0,3030
385,15.0,1557
385,16.0,2229
385,17.0,1554
385,18.0,2871
385,19.0,2761
386,0.0,2980
386,1.0,2195
386,2.0,2689
386,3.0,2691
386,4.0,2038
386,5.0,2038
386,6.0,1318
386,7.0,1384
386,8.0,1673
386,9.0,1318
386,10.0,1865
386,11.0,1471
386,12.0,2544
386,13.0,1924
386,14.0,3055
386,15.0,1184
386,16.0,1219
386,17.0,1595
386,18.0,2055
386,19.0,1956
387,0.0,1194
387,1.0,2195
387,2.0,2689
387,3.0,2691
387,4.0,2038
387,5.0,2038
387,6.0,1318
387,7.0,2709
387,8.0,1673
387,9.0,1318
387,10.0,2883
387,11.0,1471
387,12.0,2544
387,13.0,1924
387,14.0,2121
387,15.0,1706
387,16.0,2754
387,17.0,1626
387,18.0,2457
387,19.0,1152
388,0.0,1558
388,1.0,2195
388,2.0,2689
388,3.0,2691
388,4.0,2038
388,5.0,2038
388,6.0,1318
388,7.0,2709
388,8.0,1673
388,9.0,1318
388,10.0,2883
388,11.0,1471
388,12.0,2544
388,13.0,1924
388,14.0,2121
388,15.0,1937
388,16.0,2640
388,17.0,2128
388,18.0,2441
388,19.0,2113
389,0.0,1562
389,1.0,2195
389,2.0,2689
389,3.0,2691
389,4.0,2038
389,5.0,2038
389,6.0,1318
389,7.0,2709
389,8.0,1673
389,9.0,1318
389,10.0,2883
389,11.0,1471
389,12.0,2544
389,13.0,2892
389,14.0,2121
389,15.0,2484
389,16.0,1230
389,17.0,2416
389,18.0,1068
389,19.0,1175
390,0.0,2332
390,1.0,2195
390,2.0,2689
390,3.0,2691
390,4.0,2038
390,5.0,2038
390,6.0,1318
390,7.0,2709
390,8.0,1673
390,9.0,1318
390,10.0,2883
390,11.0,1471
390,12.0,2544
390,13.0,1924
390,14.0,1726
390,15.0,2467
390,16.0,1949
390,17.0,1581
390,18.0,2089
390,19.0,1163
391,0.0,1115
391,1.0,2195
391,2.0,2689
391,3.0,2691
391,4.0,2038
391,5.0,2038
391,6.0,1318
391,7.0,2709
391,8.0,1673
391,9.0,1318
391,10.0,2883
391,11.0,1471
391,12.0,2544
391,13.0,1924
391,14.0,1726
391,15.0,2977
391,16.0,1410
391,17.0,1305
391,18.0,2856
391,19.0,1040
392,0.0,3098
392,1.0,2178
392,2.0,1608
392,3.0,1854
392,4.0,2038
392,5.0,2038
392,6.0,2161
392,7.0,2709
392,8.0,2550
392,9.0,2435
392,10.0,2399
392,11.0,1471
392,12.0,1121
392,13.0,1924
392,14.0,3030
392,15.0,1294
392,16.0,1846
392,17.0,2416
392,18.0,1901
392,19.0,2923
393,0.0,1420
393,1.0,2178
393,2.0,1608
393,3.0,2225
393,4.0,2038
393,5.0,2038
393,6.0,2161
393,7.0,2709
393,8.0,2550
393,9.0,2435
393,10.0,2333
393,11.0,1471
393,12.0,1121
393,13.0,1924
393,14.0,3030
393,15.0,1989
393,16.0,2970
393,17.0,1957
393,18.0,1872
393,19.0,3004
394,0.0,3124
394,1.0,2178
394,2.0,1608
394,3.0,1854
394,4.0,2038
394,5.0,2038
394,6.0,2161
394,7.0,2709
394,8.0,2550
394,9.0,2435
394,10.0,2399
394,11.0,1471
394,12.0,1121
394,13.0,1924
394,14.0,3030
394,15.0,2272
394,16.0,2954
394,17.0,2038
394,18.0,2826
394,19.0,1418
395,0.0,2045
395,1.0,2178
395,2.0,1608
395,3.0,1854
395,4.0,2038
395,5.0,2038
395,6.0,2161
395,7.0,2709
395,8.0,2550
395,9.0,2435
395,10.0,2399
395,11.0,1471
395,12.0,1121
395,13.0,1924
395,14.0,3030
395,15.0,3078
395,16.0,1382
395,17.0,2416
395,18.0,2036
395,19.0,3072
396,0.0,1674
396,1.0,2178
396,2.0,1608
396,3.0,1854
396,4.0,2038
396,5.0,2038
396,6.0,2161
396,7.0,2709
396,8.0,2550
396,9.0,2435
396,10.0,2399
396,11.0,1471
396,12.0,1121
396,13.0,1924
396,14.0,3030
396,15.0,2310
396,16.0,2975
396,17.0,2038
396,18.0,2826
396,19.0,1208
397,0.0,2797
397,1.0,2178
397,2.0,1608
397,3.0,1854
397,4.0,2038
397,5.0,2038
397,6.0,2161
397,7.0,2709
397,8.0,2550
397,9.0,2435
397,10.0,2399
397,11.0,1471
397,12.0,1121
397,13.0,1924
397,14.0,3030
397,15.0,1557
397,16.0,2229
397,17.0,2038
397,18.0,2826
397,19.0,2761
398,0.0,2762
398,1.0,2178
398,2.0,1608
398,3.0,1854
398,4.0,2038
398,5.0,2038
398,6.0,2161
398,7.0,2709
398,8.0,2550
398,9.0,2435
398,10.0,2399
398,11.0,1471
398,12.0,1121
398,13.0,1924
398,14.0,2121
398,15.0,1909
398,16.0,1219
398,17.0,2128
398,18.0,1412
398,19.0,1956
399,0.0,1877
399,1.0,2178
399,2.0,1608
399,3.0,1854
399,4.0,2038
399,5.0,2038
399,6.0,2161
399,7.0,2709
399,8.0,2550
399,9.0,2435
399,10.0,2399
399,11.0,1471
399,12.0,1121
399,13.0,1924
399,14.0,2121
399,15.0,1706
399,16.0,2754
399,17.0,1126
399,18.0,3027
399,19.0,1362
400,0.0,2468
400,1.0,2178
400,2.0,1608
400,3.0,1854
400,4.0,2038
400,5.0,2038
400,6.0,2161
400,7.0,2709
400,8.0,2550
400,9.0,2435
400,10.0,2399
400,11.0,1471
400,12.0,1121
400,13.0,1924
400,14.0,3055
400,15.0,1937
400,16.0,2640
400,17.0,1126
400,18.0,3010
400,19.0,2113
401,0.0,2177
401,1.0,2178
401,2.0,1608
401,3.0,1854
401,4.0,2038
401,5.0,2038
401,6.0,2161
401,7.0,2709
401,8.0,2550
401,9.0,2435
401,10.0,2399
401,11.0,1471
401,12.0,1121
401,13.0,1924
401,14.0,2121
401,15.0,2484
401,16.0,1102
401,17.0,2128
401,18.0,1326
401,19.0,1175
402,0.0,1466
402,1.0,2178
402,2.0,1608
402,3.0,1854
402,4.0,2038
402,5.0,2038
402,6.0,2161
402,7.0,1029
402,8.0,2550
402,9.0,2435
402,10.0,2399
402,11.0,1471
402,12.0,1121
402,13.0,1924
402,14.0,1726
402,15.0,2467
402,16.0,1949
402,17.0,1126
402,18.0,2722
402,19.0,1163
403,0.0,1275
403,1.0,2178
403,2.0,1608
403,3.0,1854
403,4.0,2038
403,5.0,2038
403,6.0,2161
403,7.0,2709
403,8.0,2550
403,9.0,2435
403,10.0,2399
403,11.0,1471
403,12.0,1121
403,13.0,1924
403,14.0,1726
403,15.0,2700
403,16.0,1410
403,17.0,1550
403,18.0,2222
403,19.0,1040
404,0.0,1172
404,1.0,2178
404,2.0,1608
404,3.0,1854
404,4.0,2038
404,5.0,2038
404,6.0,2161
404,7.0,2709
404,8.0,2550
404,9.0,2435
404,10.0,2399
404,11.0,1471
404,12.0,1121
404,13.0,1924
404,14.0,1726
404,15.0,1517
404,16.0,1876
404,17.0,2416
404,18.0,1192
404,19.0,1302
405,0.0,3149
405,1.0,2178
405,2.0,1608
405,3.0,1854
405,4.0,2038
405,5.0,2038
405,6.0,2161
405,7.0,2709
405,8.0,2550
405,9.0,2435
405,10.0,2399
405,11.0,1471
405,12.0,1121
405,13.0,1924
405,14.0,1726
405,15.0,2104
405,16.0,1066
405,17.0,3123
405,18.0,1545
405,19.0,2931
406,0.0,1543
406,1.0,2178
406,2.0,1608
406,3.0,1854
406,4.0,2038
406,5.0,2038
406,6.0,2161
406,7.0,2709
406,8.0,2255
406,9.0,2435
406,10.0,2399
406,11.0,1471
406,12.0,1121
406,13.0,1924
406,14.0,1726
406,15.0,3110
406,16.0,2732
406,17.0,1878
406,18.0,3027
406,19.0,2297
407,0.0,2294
407,1.0,2178
407,2.0,1608
407,3.0,1854
407,4.0,2038
407,5.0,2038
407,6.0,2161
407,7.0,2709
407,8.0,2550
407,9.0,2435
407,10.0,2399
407,11.0,1471
407,12.0,1121
407,13.0,1924
407,14.0,1726
407,15.0,2488
407,16.0,2102
407,17.0,3129
407,18.0,1975
407,19.0,2702
408,0.0,2714
408,1.0,2612
408,2.0,1608
408,3.0,1854
408,4.0,2038
408,5.0,2038
408,6.0,2161
408,7.0,2709
408,8.0,2550
408,9.0,2435
408,10.0,2399
408,11.0,1471
408,12.0,1121
408,13.0,1924
408,14.0,1170
408,15.0,2791
408,16.0,2321
408,17.0,2416
408,18.0,2250
408,19.0,2852
409,0.0,1174
409,1.0,2178
409,2.0,1608
409,3.0,1854
409,4.0,2038
409,5.0,2038
409,6.0,2161
409,7.0,2709
409,8.0,2550
409,9.0,2435
409,10.0,2399
409,11.0,1471
409,12.0,1121
409,13.0,1924
409,14.0,1170
409,15.0,1747
409,16.0,2857
409,17.0,1981
409,18.0,2596
409,19.0,2086
410,0.0,1319
410,1.0,2178
410,2.0,1608
410,3.0,1854
410,4.0,2038
410,5.0,2038
410,6.0,2161
410,7.0,2709
410,8.0,2550
410,9.0,2435
410,10.0,2399
410,11.0,1471
410,12.0,1121
410,13.0,2892
410,14.0,1170
410,15.0,1107
410,16.0,1638
410,17.0,1981
410,18.0,2596
410,19.0,2124
411,0.0,2967
411,1.0,2178
411,2.0,1608
411,3.0,1874
411,4.0,2038
411,5.0,2038
411,6.0,2161
411,7.0,2709
411,8.0,2550
411,9.0,2435
411,10.0,2399
411,11.0,1193
411,12.0,1121
411,13.0,1924
411,14.0,1170
411,15.0,2790
411,16.0,1690
411,17.0,2993
411,18.0,2596
411,19.0,2322
412,0.0,2383
412,1.0,3024
412,2.0,1835
412,3.0,2469
412,4.0,2038
412,5.0,2038
412,6.0,2345
412,7.0,2709
412,8.0,2850
412,9.0,2648
412,10.0,2623
412,11.0,1471
412,12.0,1843
412,13.0,1924
412,14.0,1170
412,15.0,2393
412,16.0,1343
412,17.0,2416
412,18.0,2477
412,19.0,2244
413,0.0,1191
413,1.0,3024
413,2.0,1835
413,3.0,2469
413,4.0,2038
413,5.0,2038
413,6.0,2345
413,7.0,2709
413,8.0,2850
413,9.0,2648
413,10.0,2623
413,11.0,1323
413,12.0,1843
413,13.0,1924
413,14.0,1170
413,15.0,2341
413,16.0,1502
413,17.0,1626
413,18.0,2184
413,19.0,1367
414,0.0,1603
414,1.0,2657
414,2.0,1923
414,3.0,1231
414,4.0,2038
414,5.0,2038
414,6.0,2911
414,7.0,2709
414,8.0,1959
414,9.0,1081
414,10.0,3057
414,11.0,1471
414,12.0,1481
414,13.0,1200
414,14.0,3030
414,15.0,1206
414,16.0,1629
414,17.0,1981
414,18.0,2596
414,19.0,2347
415,0.0,2023
415,1.0,2657
415,2.0,1923
415,3.0,3033
415,4.0,2038
415,5.0,2038
415,6.0,2911
415,7.0,2709
415,8.0,1959
415,9.0,1400
415,10.0,3057
415,11.0,1471
415,12.0,1481
415,13.0,1200
415,14.0,3030
415,15.0,1294
415,16.0,1846
415,17.0,2416
415,18.0,1872
415,19.0,2923
416,0.0,1353
416,1.0,2657
416,2.0,1923
416,3.0,1231
416,4.0,2038
416,5.0,2038
416,6.0,2911
416,7.0,2709
416,8.0,1959
416,9.0,1081
416,10.0,3057
416,11.0,1471
416,12.0,1481
416,13.0,1200
416,14.0,3030
416,15.0,1989
416,16.0,2970
416,17.0,2416
416,18.0,2250
416,19.0,3004
417,0.0,1857
417,1.0,2657
417,2.0,1923
417,3.0,1231
417,4.0,2038
417,5.0,2038
417,6.0,2911
417,7.0,2709
417,8.0,1959
417,9.0,1081
417,10.0,3057
417,11.0,1471
417,12.0,1481
417,13.0,1200
417,14.0,3030
417,15.0,2272
417,16.0,2954
417,17.0,2038
417,18.0,2826
417,19.0,1418
418,0.0,3020
418,1.0,2657
418,2.0,1923
418,3.0,1231
418,4.0,2038
418,5.0,2038
418,6.0,2911
418,7.0,2709
418,8.0,1959
418,9.0,1081
418,10.0,3057
418,11.0,1471
418,12.0,1481
418,13.0,2747
418,14.0,3030
418,15.0,3078
418,16.0,1382
418,17.0,2416
418,18.0,2671
418,19.0,3072
419,0.0,2096
419,1.0,2657
419,2.0,1923
419,3.0,1231
419,4.0,2038
419,5.0,2038
419,6.0,2911
419,7.0,2709
419,8.0,1959
419,9.0,1081
419,10.0,3057
419,11.0,1471
419,12.0,1481
419,13.0,1200
419,14.0,3030
419,15.0,2310
419,16.0,2975
419,17.0,2038
419,18.0,2826
419,19.0,1208
420,0.0,1897
420,1.0,2657
420,2.0,1923
420,3.0,1231
420,4.0,2038
420,5.0,2038
420,6.0,2911
420,7.0,2709
420,8.0,1918
420,9.0,1081
420,10.0,3057
420,11.0,1471
420,12.0,1481
420,13.0,1200
420,14.0,3030
420,15.0,1557
420,16.0,2229
420,17.0,2038
420,18.0,2826
420,19.0,2761
421,0.0,1753
421,1.0,2657
421,2.0,1923
421,3.0,1231
421,4.0,2038
421,5.0,2038
421,6.0,2911
421,7.0,2709
421,8.0,1959
421,9.0,1081
421,10.0,3057
421,11.0,1471
421,12.0,1481
421,13.0,1200
421,14.0,2121
421,15.0,1184
421,16.0,1219
421,17.0,1151
421,18.0,1637
421,19.0,1956
422,0.0,2106
422,1.0,2657
422,2.0,1923
422,3.0,1231
422,4.0,2038
422,5.0,2038
422,6.0,2911
422,7.0,2709
422,8.0,1959
422,9.0,1081
422,10.0,3057
422,11.0,1471
422,12.0,1481
422,13.0,1200
422,14.0,2121
422,15.0,1706
422,16.0,2754
422,17.0,3129
422,18.0,1467
422,19.0,1362
423,0.0,2620
423,1.0,2657
423,2.0,1923
423,3.0,1231
423,4.0,2038
423,5.0,2038
423,6.0,2911
423,7.0,2709
423,8.0,1959
423,9.0,1081
423,10.0,3057
423,11.0,1471
423,12.0,1481
423,13.0,1200
423,14.0,2121
423,15.0,1937
423,16.0,2640
423,17.0,2211
423,18.0,1961
423,19.0,2113
424,0.0,2287
424,1.0,2657
424,2.0,1923
424,3.0,1231
424,4.0,2038
424,5.0,2038
424,6.0,2911
424,7.0,2709
424,8.0,1959
424,9.0,1081
424,10.0,3057
424,11.0,1471
424,12.0,1481
424,13.0,1200
424,14.0,2121
424,15.0,2484
424,16.0,1102
424,17.0,2416
424,18.0,1958
424,19.0,1175
425,0.0,1187
425,1.0,2657
425,2.0,1923
425,3.0,1231
425,4.0,2038
425,5.0,2038
425,6.0,2911
425,7.0,2709
425,8.0,1959
425,9.0,1081
425,10.0,3057
425,11.0,1471
425,12.0,1481
425,13.0,1200
425,14.0,1726
425,15.0,2467
425,16.0,1949
425,17.0,1053
425,18.0,2677
425,19.0,1163
426,0.0,2240
426,1.0,2657
426,2.0,1923
426,3.0,1231
426,4.0,2038
426,5.0,2038
426,6.0,2911
426,7.0,2709
426,8.0,1959
426,9.0,1081
426,10.0,3057
426,11.0,1471
426,12.0,1481
426,13.0,1200
426,14.0,1726
426,15.0,2700
426,16.0,1410
426,17.0,1744
426,18.0,1083
426,19.0,1040
427,0.0,2231
427,1.0,2657
427,2.0,1923
427,3.0,1231
427,4.0,2038
427,5.0,2038
427,6.0,2911
427,7.0,2709
427,8.0,1959
427,9.0,1081
427,10.0,3057
427,11.0,1471
427,12.0,1481
427,13.0,1200
427,14.0,1726
427,15.0,1517
427,16.0,1876
427,17.0,2416
427,18.0,2463
427,19.0,1302
428,0.0,1535
428,1.0,2657
428,2.0,1923
428,3.0,1231
428,4.0,2038
428,5.0,2038
428,6.0,2911
428,7.0,2709
428,8.0,1276
428,9.0,1081
428,10.0,3057
428,11.0,1471
428,12.0,1481
428,13.0,1200
428,14.0,1726
428,15.0,2104
428,16.0,1066
428,17.0,2539
428,18.0,1497
428,19.0,2931
429,0.0,2593
429,1.0,2657
429,2.0,1923
429,3.0,1231
429,4.0,2038
429,5.0,2038
429,6.0,2911
429,7.0,2709
429,8.0,1959
429,9.0,1081
429,10.0,3057
429,11.0,1471
429,12.0,1481
429,13.0,1200
429,14.0,1726
429,15.0,3110
429,16.0,2732
429,17.0,2128
429,18.0,3066
429,19.0,2297
430,0.0,2456
430,1.0,2657
430,2.0,1923
430,3.0,1231
430,4.0,2038
430,5.0,2038
430,6.0,2911
430,7.0,2709
430,8.0,1959
430,9.0,1081
430,10.0,3057
430,11.0,1471
430,12.0,1481
430,13.0,1200
430,14.0,1726
430,15.0,2488
430,16.0,2102
430,17.0,2280
430,18.0,1423
430,19.0,2702
431,0.0,2844
431,1.0,2657
431,2.0,1923
431,3.0,1848
431,4.0,2038
431,5.0,2038
431,6.0,2911
431,7.0,2709
431,8.0,1959
431,9.0,1081
431,10.0,3057
431,11.0,1471
431,12.0,1481
431,13.0,1200
431,14.0,1170
431,15.0,2791
431,16.0,2321
431,17.0,2160
431,18.0,1227
431,19.0,2852
432,0.0,1444
432,1.0,1593
432,2.0,2563
432,3.0,2740
432,4.0,2038
432,5.0,2038
432,6.0,1176
432,7.0,2731
432,8.0,1591
432,9.0,1176
432,10.0,2413
432,11.0,1471
432,12.0,1843
432,13.0,1924
432,14.0,2121
432,15.0,1184
432,16.0,1219
432,17.0,1416
432,18.0,3066
432,19.0,1137
433,0.0,2014
433,1.0,1593
433,2.0,2563
433,3.0,2740
433,4.0,2038
433,5.0,2038
433,6.0,1176
433,7.0,2731
433,8.0,1591
433,9.0,1176
433,10.0,2413
433,11.0,1471
433,12.0,1843
433,13.0,1924
433,14.0,2121
433,15.0,1706
433,16.0,2754
433,17.0,1626
433,18.0,1514
433,19.0,2546
434,0.0,1074
434,1.0,1593
434,2.0,2563
434,3.0,2740
434,4.0,2038
434,5.0,2038
434,6.0,1176
434,7.0,2731
434,8.0,1591
434,9.0,1176
434,10.0,2413
434,11.0,1471
434,12.0,1843
434,13.0,1924
434,14.0,2121
434,15.0,1937
434,16.0,2565
434,17.0,2416
434,18.0,2687
434,19.0,2253
435,0.0,1214
435,1.0,1593
435,2.0,2563
435,3.0,2740
435,4.0,2038
435,5.0,2038
435,6.0,1176
435,7.0,2731
435,8.0,1591
435,9.0,1176
435,10.0,2413
435,11.0,1471
435,12.0,1843
435,13.0,1924
435,14.0,2121
435,15.0,2484
435,16.0,1102
435,17.0,2416
435,18.0,1812
435,19.0,2504
436,0.0,1239
436,1.0,1593
436,2.0,2563
436,3.0,2740
436,4.0,2038
436,5.0,2038
436,6.0,1176
436,7.0,2731
436,8.0,1591
436,9.0,1176
436,10.0,2413
436,11.0,1471
436,12.0,1843
436,13.0,1924
436,14.0,1726
436,15.0,2467
436,16.0,1949
436,17.0,2539
436,18.0,1663
436,19.0,1439
437,0.0,1198
437,1.0,1593
437,2.0,2563
437,3.0,2740
437,4.0,2038
437,5.0,2038
437,6.0,3107
437,7.0,2731
437,8.0,1591
437,9.0,1176
437,10.0,2413
437,11.0,1471
437,12.0,1843
437,13.0,1924
437,14.0,1726
437,15.0,2700
437,16.0,1410
437,17.0,2416
437,18.0,2463
437,19.0,2904
438,0.0,1870
438,1.0,1593
438,2.0,2563
438,3.0,2740
438,4.0,2038
438,5.0,2038
438,6.0,1176
438,7.0,2731
438,8.0,1591
438,9.0,1176
438,10.0,2413
438,11.0,1471
438,12.0,1843
438,13.0,1924
438,14.0,1726
438,15.0,1517
438,16.0,1876
438,17.0,2128
438,18.0,1095
438,19.0,2226
439,0.0,3104
439,1.0,1593
439,2.0,2563
439,3.0,2740
439,4.0,2038
439,5.0,2038
439,6.0,1176
439,7.0,2731
439,8.0,1591
439,9.0,1176
439,10.0,2413
439,11.0,1471
439,12.0,1843
439,13.0,1924
439,14.0,1726
439,15.0,2104
439,16.0,1066
439,17.0,2539
439,18.0,1540
439,19.0,2589
440,0.0,1100
440,1.0,1593
440,2.0,2563
440,3.0,2740
440,4.0,2038
440,5.0,2038
440,6.0,1176
440,7.0,2731
440,8.0,1591
440,9.0,1176
440,10.0,2413
440,11.0,1471
440,12.0,1843
440,13.0,1924
440,14.0,1726
440,15.0,3110
440,16.0,2732
440,17.0,1550
440,18.0,1227
440,19.0,1932
441,0.0,1523
441,1.0,1593
441,2.0,2563
441,3.0,2740
441,4.0,2038
441,5.0,2038
441,6.0,1176
441,7.0,2731
441,8.0,1591
441,9.0,1176
441,10.0,2413
441,11.0,1471
441,12.0,1843
441,13.0,1924
441,14.0,1726
441,15.0,2488
441,16.0,2102
441,17.0,1981
441,18.0,2741
441,19.0,2216
442,0.0,1488
442,1.0,1593
442,2.0,2563
442,3.0,2740
442,4.0,2038
442,5.0,2038
442,6.0,1176
442,7.0,2731
442,8.0,1591
442,9.0,1176
442,10.0,2413
442,11.0,1471
442,12.0,1843
442,13.0,1924
442,14.0,1170
442,15.0,2791
442,16.0,2321
442,17.0,1731
442,18.0,2773
442,19.0,1609
443,0.0,1374
443,1.0,1593
443,2.0,2563
443,3.0,2740
443,4.0,2038
443,5.0,2038
443,6.0,1176
443,7.0,2731
443,8.0,1591
443,9.0,1176
443,10.0,2413
443,11.0,1471
443,12.0,1843
443,13.0,1924
443,14.0,1170
443,15.0,1143
443,16.0,2857
443,17.0,2128
443,18.0,1314
443,19.0,2874
444,0.0,1755
444,1.0,1593
444,2.0,2563
444,3.0,2740
444,4.0,2038
444,5.0,2038
444,6.0,1176
444,7.0,2731
444,8.0,1591
444,9.0,1176
444,10.0,2413
444,11.0,1471
444,12.0,1843
444,13.0,1924
444,14.0,1170
444,15.0,1107
444,16.0,1638
444,17.0,1626
444,18.0,2845
444,19.0,1103
445,0.0,1761
445,1.0,1593
445,2.0,2563
445,3.0,2740
445,4.0,2038
445,5.0,2038
445,6.0,1176
445,7.0,2731
445,8.0,1591
445,9.0,1176
445,10.0,2413
445,11.0,1471
445,12.0,1843
445,13.0,1924
445,14.0,1170
445,15.0,2790
445,16.0,1690
445,17.0,2280
445,18.0,2548
445,19.0,2983
446,0.0,1498
446,1.0,1593
446,2.0,2563
446,3.0,2740
446,4.0,2038
446,5.0,2038
446,6.0,1176
446,7.0,2731
446,8.0,1591
446,9.0,1176
446,10.0,2413
446,11.0,1471
446,12.0,1843
446,13.0,1924
446,14.0,1170
446,15.0,2763
446,16.0,3114
446,17.0,1126
446,18.0,2055
446,19.0,1759
447,0.0,2920
447,1.0,1593
447,2.0,2563
447,3.0,2740
447,4.0,2038
447,5.0,2038
447,6.0,1176
447,7.0,2731
447,8.0,1591
447,9.0,1176
447,10.0,2413
447,11.0,1471
447,12.0,1843
447,13.0,1924
447,14.0,1170
447,15.0,2305
447,16.0,2979
447,17.0,2416
447,18.0,1787
447,19.0,2025
448,0.0,2471
448,1.0,1593
448,2.0,2746
448,3.0,2740
448,4.0,2038
448,5.0,2038
448,6.0,1176
448,7.0,2731
448,8.0,1591
448,9.0,1176
448,10.0,2413
448,11.0,1471
448,12.0,1843
448,13.0,1924
448,14.0,1170
448,15.0,2393
448,16.0,1343
448,17.0,1126
448,18.0,1503
448,19.0,1220
449,0.0,2786
449,1.0,1593
449,2.0,2563
449,3.0,2740
449,4.0,2038
449,5.0,2038
449,6.0,1176
449,7.0,2731
449,8.0,1591
449,9.0,1176
449,10.0,2413
449,11.0,1471
449,12.0,2654
449,13.0,1924
449,14.0,1170
449,15.0,2341
449,16.0,1502
449,17.0,1126
449,18.0,2203
449,19.0,1797
450,0.0,1762
450,1.0,1960
450,2.0,1619
450,3.0,1324
450,4.0,2038
450,5.0,2038
450,6.0,1248
450,7.0,2731
450,8.0,2768
450,9.0,1248
450,10.0,2187
450,11.0,1471
450,12.0,1383
450,13.0,1200
450,14.0,3030
450,15.0,1206
450,16.0,1629
450,17.0,2038
450,18.0,2038
450,19.0,2571
451,0.0,1811
451,1.0,1960
451,2.0,1619
451,3.0,2122
451,4.0,2038
451,5.0,2038
451,6.0,1248
451,7.0,2731
451,8.0,2768
451,9.0,1248
451,10.0,2187
451,11.0,1471
451,12.0,1383
451,13.0,1200
451,14.0,3030
451,15.0,1294
451,16.0,1846
451,17.0,2038
451,18.0,2038
451,19.0,2581
452,0.0,2355
452,1.0,1195
452,2.0,2328
452,3.0,2054
452,4.0,2038
452,5.0,2038
452,6.0,1522
452,7.0,2709
452,8.0,1513
452,9.0,1915
452,10.0,1602
452,11.0,1471
452,12.0,1771
452,13.0,1924
452,14.0,1726
452,15.0,2467
452,16.0,1949
452,17.0,1305
452,18.0,2457
452,19.0,1163
453,0.0,2374
453,1.0,1195
453,2.0,2328
453,3.0,2054
453,4.0,2038
453,5.0,2038
453,6.0,1522
453,7.0,2709
453,8.0,1513
453,9.0,1915
453,10.0,1602
453,11.0,1820
453,12.0,1771
453,13.0,1924
453,14.0,1726
453,15.0,2700
453,16.0,1410
453,17.0,3129
453,18.0,2440
453,19.0,1040
454,0.0,1639
454,1.0,1195
454,2.0,2328
454,3.0,2054
454,4.0,2038
454,5.0,2038
454,6.0,1522
454,7.0,2709
454,8.0,1513
454,9.0,1915
454,10.0,1602
454,11.0,1471
454,12.0,1771
454,13.0,1924
454,14.0,1726
454,15.0,1517
454,16.0,1876
454,17.0,2539
454,18.0,2991
454,19.0,1302
455,0.0,2656
455,1.0,1195
455,2.0,2328
455,3.0,2054
455,4.0,2038
455,5.0,2038
455,6.0,1522
455,7.0,2709
455,8.0,1513
455,9.0,1915
455,10.0,1602
455,11.0,1471
455,12.0,1771
455,13.0,1924
455,14.0,1726
455,15.0,2104
455,16.0,1066
455,17.0,1626
455,18.0,2880
455,19.0,2931
456,0.0,1992
456,1.0,1195
456,2.0,2328
456,3.0,2054
456,4.0,2038
456,5.0,2038
456,6.0,1522
456,7.0,2709
456,8.0,1513
456,9.0,1636
456,10.0,1602
456,11.0,1471
456,12.0,2232
456,13.0,1924
456,14.0,1726
456,15.0,3110
456,16.0,2732
456,17.0,3091
456,18.0,1668
456,19.0,2297
457,0.0,1861
457,1.0,1195
457,2.0,2328
457,3.0,2054
457,4.0,2038
457,5.0,2038
457,6.0,1522
457,7.0,2709
457,8.0,1513
457,9.0,3087
457,10.0,1602
457,11.0,1471
457,12.0,1771
457,13.0,1924
457,14.0,1726
457,15.0,2488
457,16.0,2102
457,17.0,2160
457,18.0,1604
457,19.0,2702
458,0.0,3071
458,1.0,1195
458,2.0,2328
458,3.0,2054
458,4.0,2038
458,5.0,2038
458,6.0,1522
458,7.0,2709
458,8.0,1513
458,9.0,1915
458,10.0,1602
458,11.0,1471
458,12.0,1771
458,13.0,1924
458,14.0,1170
458,15.0,2791
458,16.0,2321
458,17.0,1385
458,18.0,3153
458,19.0,2852
459,0.0,1221
459,1.0,1195
459,2.0,2328
459,3.0,2054
459,4.0,2038
459,5.0,2038
459,6.0,1522
459,7.0,2709
459,8.0,1513
459,9.0,1915
459,10.0,1602
459,11.0,1471
459,12.0,1771
459,13.0,1924
459,14.0,1170
459,15.0,1143
459,16.0,2857
459,17.0,1878
459,18.0,2262
459,19.0,2086
460,0.0,2637
460,1.0,1195
460,2.0,2328
460,3.0,2054
460,4.0,2038
460,5.0,2038
460,6.0,1522
460,7.0,2709
460,8.0,1513
460,9.0,1915
460,10.0,1602
460,11.0,1471
460,12.0,1771
460,13.0,1924
460,14.0,1170
460,15.0,1107
460,16.0,1638
460,17.0,1416
460,18.0,2557
460,19.0,2124
461,0.0,1644
461,1.0,1195
461,2.0,2328
461,3.0,2054
461,4.0,2038
461,5.0,2038
461,6.0,1522
461,7.0,2709
461,8.0,1513
461,9.0,1915
461,10.0,1602
461,11.0,1471
461,12.0,1771
461,13.0,1924
461,14.0,1170
461,15.0,2790
461,16.0,1690
461,17.0,2921
461,18.0,2092
461,19.0,2322
462,0.0,2736
462,1.0,1195
462,2.0,2328
462,3.0,2054
462,4.0,2038
462,5.0,2038
462,6.0,1522
462,7.0,2709
462,8.0,1513
462,9.0,1915
462,10.0,1602
462,11.0,1471
462,12.0,1771
462,13.0,1924
462,14.0,1170
462,15.0,2763
462,16.0,3114
462,17.0,2038
462,18.0,1983
462,19.0,2358
463,0.0,2636
463,1.0,1195
463,2.0,2328
463,3.0,2054
463,4.0,2038
463,5.0,2038
463,6.0,1522
463,7.0,2709
463,8.0,1513
463,9.0,1915
463,10.0,1602
463,11.0,1471
463,12.0,1771
463,13.0,1924
463,14.0,1170
463,15.0,2305
463,16.0,1207
463,17.0,2539
463,18.0,2438
463,19.0,1036
464,0.0,1218
464,1.0,1195
464,2.0,2328
464,3.0,2054
464,4.0,2038
464,5.0,2038
464,6.0,1522
464,7.0,2709
464,8.0,1513
464,9.0,1915
464,10.0,1602
464,11.0,1471
464,12.0,1771
464,13.0,1924
464,14.0,1170
464,15.0,2888
464,16.0,1343
464,17.0,2211
464,18.0,1286
464,19.0,2244
465,0.0,2434
465,1.0,1195
465,2.0,2328
465,3.0,2054
465,4.0,2038
465,5.0,2038
465,6.0,1522
465,7.0,2709
465,8.0,1513
465,9.0,2006
465,10.0,1602
465,11.0,1471
465,12.0,1771
465,13.0,1924
465,14.0,1170
465,15.0,2341
465,16.0,1502
465,17.0,2301
465,18.0,1104
465,19.0,1367
466,0.0,2476
466,1.0,2148
466,2.0,1565
466,3.0,1298
466,4.0,2038
466,5.0,2038
466,6.0,2542
466,7.0,2709
466,8.0,3180
466,9.0,3157
466,10.0,1564
466,11.0,1471
466,12.0,1771
466,13.0,1924
466,14.0,3030
466,15.0,1206
466,16.0,1629
466,17.0,2416
466,18.0,3008
466,19.0,2347
467,0.0,2910
467,1.0,2148
467,2.0,1565
467,3.0,1298
467,4.0,2038
467,5.0,2038
467,6.0,2542
467,7.0,2709
467,8.0,3180
467,9.0,3157
467,10.0,1564
467,11.0,1471
467,12.0,1771
467,13.0,1924
467,14.0,1280
467,15.0,1294
467,16.0,1846
467,17.0,2416
467,18.0,2036
467,19.0,2923
468,0.0,1450
468,1.0,2148
468,2.0,1565
468,3.0,1298
468,4.0,2038
468,5.0,2038
468,6.0,2542
468,7.0,2709
468,8.0,3180
468,9.0,3157
468,10.0,1564
468,11.0,1471
468,12.0,1771
468,13.0,1924
468,14.0,3030
468,15.0,1989
468,16.0,2970
468,17.0,2038
468,18.0,2826
468,19.0,3004
469,0.0,2217
469,1.0,2148
469,2.0,1565
469,3.0,1298
469,4.0,2038
469,5.0,2038
469,6.0,2542
469,7.0,2709
469,8.0,3180
469,9.0,3157
469,10.0,1564
469,11.0,1471
469,12.0,1771
469,13.0,1924
469,14.0,3030
469,15.0,2272
469,16.0,2954
469,17.0,2416
469,18.0,1872
469,19.0,1418
470,0.0,2776
470,1.0,2148
470,2.0,1565
470,3.0,1298
470,4.0,2038
470,5.0,2038
470,6.0,2542
470,7.0,2709
470,8.0,3180
470,9.0,3157
470,10.0,1564
470,11.0,1471
470,12.0,1771
470,13.0,1924
470,14.0,3030
470,15.0,3078
470,16.0,1382
470,17.0,1595
470,18.0,2564
470,19.0,3072
471,0.0,2717
471,1.0,2148
471,2.0,1565
471,3.0,1298
471,4.0,2038
471,5.0,2038
471,6.0,2542
471,7.0,2709
471,8.0,3180
471,9.0,3157
471,10.0,1484
471,11.0,1471
471,12.0,1771
471,13.0,1924
471,14.0,3030
471,15.0,2310
471,16.0,2975
471,17.0,1821
471,18.0,2354
471,19.0,1208
472,0.0,1971
472,1.0,2148
472,2.0,1565
472,3.0,2939
472,4.0,2038
472,5.0,2038
472,6.0,2542
472,7.0,2709
472,8.0,3180
472,9.0,3157
472,10.0,1564
472,11.0,1471
472,12.0,1771
472,13.0,1924
472,14.0,3030
472,15.0,1557
472,16.0,2229
472,17.0,2038
472,18.0,2826
472,19.0,2761
473,0.0,1807
473,1.0,2148
473,2.0,1565
473,3.0,1298
473,4.0,2038
473,5.0,2038
473,6.0,2542
473,7.0,2709
473,8.0,3180
473,9.0,3157
473,10.0,1564
473,11.0,1471
473,12.0,1771
473,13.0,1924
473,14.0,2121
473,15.0,1184
473,16.0,1048
473,17.0,3056
473,18.0,2991
473,19.0,1956
474,0.0,2481
474,1.0,2148
474,2.0,1565
474,3.0,1298
474,4.0,2038
474,5.0,2038
474,6.0,2621
474,7.0,2709
474,8.0,3180
474,9.0,3157
474,10.0,1564
474,11.0,1471
474,12.0,1771
474,13.0,1924
474,14.0,2121
474,15.0,1706
474,16.0,2754
474,17.0,2128
474,18.0,2838
474,19.0,1362
475,0.0,2083
475,1.0,2148
475,2.0,1565
475,3.0,1298
475,4.0,2038
475,5.0,2038
475,6.0,2542
475,7.0,2709
475,8.0,3180
475,9.0,3157
475,10.0,1564
475,11.0,1471
475,12.0,1771
475,13.0,1924
475,14.0,2121
475,15.0,1937
475,16.0,2640
475,17.0,1126
475,18.0,3010
475,19.0,2113
476,0.0,1680
476,1.0,2148
476,2.0,1565
476,3.0,1298
476,4.0,2038
476,5.0,2038
476,6.0,2542
476,7.0,2709
476,8.0,3180
476,9.0,3157
476,10.0,1564
476,11.0,1471
476,12.0,1771
476,13.0,1924
476,14.0,2121
476,15.0,2484
476,16.0,1102
476,17.0,1126
476,18.0,1921
476,19.0,1175
477,0.0,2271
477,1.0,2148
477,2.0,1565
477,3.0,1298
477,4.0,2038
477,5.0,2038
477,6.0,2542
477,7.0,1384
477,8.0,3180
477,9.0,3157
477,10.0,1564
477,11.0,1471
477,12.0,1771
477,13.0,1924
477,14.0,1726
477,15.0,2467
477,16.0,1949
477,17.0,2211
477,18.0,1064
477,19.0,1489
478,0.0,3028
478,1.0,2148
478,2.0,1565
478,3.0,1298
478,4.0,2038
478,5.0,2038
478,6.0,2542
478,7.0,2709
478,8.0,3180
478,9.0,3157
478,10.0,1564
478,11.0,1471
478,12.0,1771
478,13.0,1924
478,14.0,1726
478,15.0,2700
478,16.0,1410
478,17.0,1126
478,18.0,1192
478,19.0,1040
479,0.0,2681
479,1.0,2148
479,2.0,1565
479,3.0,1298
479,4.0,2038
479,5.0,2038
479,6.0,2542
479,7.0,2709
479,8.0,3180
479,9.0,3157
479,10.0,1564
479,11.0,1471
479,12.0,1771
479,13.0,1924
479,14.0,1726
479,15.0,1517
479,16.0,1876
479,17.0,1731
479,18.0,1540
479,19.0,1302
480,0.0,1313
480,1.0,2148
480,2.0,1565
480,3.0,1298
480,4.0,2038
480,5.0,2038
480,6.0,2542
480,7.0,2709
480,8.0,3180
480,9.0,3157
480,10.0,1564
480,11.0,1471
480,12.0,1771
480,13.0,1924
480,14.0,1726
480,15.0,2104
480,16.0,1066
480,17.0,1550
480,18.0,3073
480,19.0,2931
481,0.0,2464
481,1.0,2148
481,2.0,1565
481,3.0,1298
481,4.0,2038
481,5.0,2038
481,6.0,2542
481,7.0,2709
481,8.0,3180
481,9.0,3157
481,10.0,1564
481,11.0,1471
481,12.0,1771
481,13.0,1924
481,14.0,1726
481,15.0,3110
481,16.0,2732
481,17.0,2989
481,18.0,1537
481,19.0,2297
482,0.0,3101
482,1.0,2148
482,2.0,1565
482,3.0,1298
482,4.0,2038
482,5.0,2038
482,6.0,2542
482,7.0,2709
482,8.0,3180
482,9.0,3157
482,10.0,1564
482,11.0,1471
482,12.0,1771
482,13.0,1924
482,14.0,1726
482,15.0,2488
482,16.0,2102
482,17.0,1981
482,18.0,2946
482,19.0,2702
483,0.0,2730
483,1.0,2148
483,2.0,1565
483,3.0,1298
483,4.0,2038
483,5.0,2038
483,6.0,2542
483,7.0,1384
483,8.0,3180
483,9.0,3157
483,10.0,1564
483,11.0,1471
483,12.0,1771
483,13.0,1924
483,14.0,1170
483,15.0,2791
483,16.0,2321
483,17.0,2416
483,18.0,1958
483,19.0,2852
484,0.0,2183
484,1.0,2148
484,2.0,1565
484,3.0,2752
484,4.0,2038
484,5.0,2038
484,6.0,2542
484,7.0,2709
484,8.0,3180
484,9.0,3157
484,10.0,1564
484,11.0,1471
484,12.0,1771
484,13.0,1924
484,14.0,1170
484,15.0,1143
484,16.0,2857
484,17.0,1126
484,18.0,1774
484,19.0,2086
485,0.0,3025
485,1.0,2148
485,2.0,1565
485,3.0,1298
485,4.0,2038
485,5.0,2038
485,6.0,1611
485,7.0,2709
485,8.0,3180
485,9.0,3157
485,10.0,1564
485,11.0,1471
485,12.0,1771
485,13.0,1924
485,14.0,1170
485,15.0,1107
485,16.0,1638
485,17.0,2128
485,18.0,1774
485,19.0,2124
486,0.0,2998
486,1.0,2148
486,2.0,1565
486,3.0,1298
486,4.0,2038
486,5.0,2038
486,6.0,2542
486,7.0,2709
486,8.0,3180
486,9.0,3157
486,10.0,1564
486,11.0,1471
486,12.0,1771
486,13.0,1924
486,14.0,1170
486,15.0,2790
486,16.0,1690
486,17.0,2211
486,18.0,2339
486,19.0,2322
487,0.0,1263
487,1.0,2148
487,2.0,1565
487,3.0,1298
487,4.0,2038
487,5.0,2038
487,6.0,2542
487,7.0,2709
487,8.0,3180
487,9.0,3157
487,10.0,1564
487,11.0,1471
487,12.0,1771
487,13.0,1924
487,14.0,1170
487,15.0,2763
487,16.0,3114
487,17.0,2038
487,18.0,2826
487,19.0,2358
488,0.0,1657
488,1.0,2148
488,2.0,1565
488,3.0,1298
488,4.0,2038
488,5.0,2038
488,6.0,2542
488,7.0,2709
488,8.0,3180
488,9.0,3157
488,10.0,1564
488,11.0,1471
488,12.0,1771
488,13.0,1924
488,14.0,1170
488,15.0,2305
488,16.0,1207
488,17.0,2993
488,18.0,2838
488,19.0,1036
489,0.0,1375
489,1.0,2148
489,2.0,1565
489,3.0,1298
489,4.0,2038
489,5.0,2038
489,6.0,2542
489,7.0,2709
489,8.0,3180
489,9.0,3157
489,10.0,1564
489,11.0,1471
489,12.0,1771
489,13.0,1924
489,14.0,1170
489,15.0,2393
489,16.0,1343
489,17.0,2280
489,18.0,2695
489,19.0,2244
490,0.0,2428
490,1.0,2148
490,2.0,1565
490,3.0,1298
490,4.0,2038
490,5.0,2038
490,6.0,2542
490,7.0,2709
490,8.0,2120
490,9.0,3157
490,10.0,1564
490,11.0,1035
490,12.0,1771
490,13.0,1924
490,14.0,1170
490,15.0,2341
490,16.0,1502
490,17.0,2080
490,18.0,2695
490,19.0,1367
491,0.0,1967
491,1.0,2436
491,2.0,1051
491,3.0,1148
491,4.0,2038
491,5.0,2038
491,6.0,2391
491,7.0,2709
491,8.0,2230
491,9.0,2017
491,10.0,1117
491,11.0,1471
491,12.0,1121
491,13.0,1924
491,14.0,3030
491,15.0,1206
491,16.0,1629
491,17.0,2038
491,18.0,2826
491,19.0,2347
492,0.0,1905
492,1.0,2436
492,2.0,1051
492,3.0,1148
492,4.0,2038
492,5.0,2038
492,6.0,2391
492,7.0,2709
492,8.0,2230
492,9.0,2017
492,10.0,1117
492,11.0,1471
492,12.0,1121
492,13.0,2892
492,14.0,3030
492,15.0,1294
492,16.0,1846
492,17.0,2416
492,18.0,2250
492,19.0,2923
493,0.0,1166
493,1.0,2436
493,2.0,1051
493,3.0,1148
493,4.0,2038
493,5.0,2038
493,6.0,2391
493,7.0,2709
493,8.0,2230
493,9.0,2017
493,10.0,1117
493,11.0,3034
493,12.0,1621
493,13.0,1924
493,14.0,3030
493,15.0,1989
493,16.0,2252
493,17.0,2038
493,18.0,2826
493,19.0,3004
494,0.0,1926
494,1.0,2436
494,2.0,1051
494,3.0,1148
494,4.0,2038
494,5.0,2038
494,6.0,2391
494,7.0,2709
494,8.0,2230
494,9.0,2017
494,10.0,1117
494,11.0,1471
494,12.0,1121
494,13.0,1924
494,14.0,3030
494,15.0,2272
494,16.0,2954
494,17.0,2038
494,18.0,2826
494,19.0,1418
495,0.0,1288
495,1.0,2436
495,2.0,1051
495,3.0,1148
495,4.0,2038
495,5.0,2038
495,6.0,2391
495,7.0,2709
495,8.0,2230
495,9.0,2017
495,10.0,1117
495,11.0,1471
495,12.0,1121
495,13.0,1924
495,14.0,3030
495,15.0,1315
495,16.0,1382
495,17.0,2038
495,18.0,2826
495,19.0,3072
496,0.0,1408
496,1.0,2436
496,2.0,1051
496,3.0,1148
496,4.0,2038
496,5.0,2038
496,6.0,2391
496,7.0,2709
496,8.0,2230
496,9.0,2017
496,10.0,1117
496,11.0,1471
496,12.0,1121
496,13.0,1924
496,14.0,3030
496,15.0,2310
496,16.0,2975
496,17.0,2038
496,18.0,1988
496,19.0,1208
497,0.0,1979
497,1.0,2436
497,2.0,1051
497,3.0,1148
497,4.0,2038
497,5.0,2038
497,6.0,2391
497,7.0,2709
497,8.0,2230
497,9.0,2017
497,10.0,1117
497,11.0,1136
497,12.0,1121
497,13.0,1924
497,14.0,3030
497,15.0,1557
497,16.0,2229
497,17.0,2038
497,18.0,2826
497,19.0,2761
498,0.0,3019
498,1.0,2436
498,2.0,1051
498,3.0,1148
498,4.0,2038
498,5.0,2038
498,6.0,2391
498,7.0,2709
498,8.0,2230
498,9.0,2017
498,10.0,1117
498,11.0,1471
498,12.0,1121
498,13.0,1924
498,14.0,2121
498,15.0,1184
498,16.0,1219
498,17.0,1595
498,18.0,2856
498,19.0,1956
499,0.0,2737
499,1.0,2436
499,2.0,1051
499,3.0,1148
499,4.0,2038
499,5.0,2038
499,6.0,2391
499,7.0,2709
499,8.0,1075
499,9.0,2017
499,10.0,1117
499,11.0,1471
499,12.0,1121
499,13.0,1924
499,14.0,2121
499,15.0,1706
499,16.0,2754
499,17.0,1126
499,18.0,2339
499,19.0,1362
500,0.0,1677
500,1.0,2436
500,2.0,1051
500,3.0,1148
500,4.0,2038
500,5.0,2038
500,6.0,2391
500,7.0,2709
500,8.0,2230
500,9.0,2017
500,10.0,1117
500,11.0,1471
500,12.0,1121
500,13.0,1924
500,14.0,2121
500,15.0,1937
500,16.0,2640
500,17.0,1981
500,18.0,2596
500,19.0,2113
501,0.0,1716
501,1.0,2436
501,2.0,1051
501,3.0,1148
501,4.0,2038
501,5.0,2038
501,6.0,2391
501,7.0,2709
501,8.0,2230
501,9.0,2017
501,10.0,1117
501,11.0,1471
501,12.0,1121
501,13.0,1924
501,14.0,2121
501,15.0,2484
501,16.0,1102
501,17.0,2416
501,18.0,2959
501,19.0,1175
502,0.0,1020
502,1.0,2436
502,2.0,1051
502,3.0,1148
502,4.0,2038
502,5.0,2038
502,6.0,2391
502,7.0,2709
502,8.0,2230
502,9.0,3164
502,10.0,1117
502,11.0,1471
502,12.0,1121
502,13.0,1924
502,14.0,1726
502,15.0,2467
502,16.0,1949
502,17.0,1053
502,18.0,3146
502,19.0,1163
503,0.0,2532
503,1.0,2436
503,2.0,1051
503,3.0,1148
503,4.0,2038
503,5.0,2038
503,6.0,2391
503,7.0,2709
503,8.0,2230
503,9.0,2017
503,10.0,1117
503,11.0,1471
503,12.0,1121
503,13.0,1924
503,14.0,1726
503,15.0,2700
503,16.0,1410
503,17.0,2539
503,18.0,2687
503,19.0,1040
504,0.0,2390
504,1.0,2436
504,2.0,1051
504,3.0,1148
504,4.0,2038
504,5.0,2038
504,6.0,2391
504,7.0,1029
504,8.0,2230
504,9.0,2017
504,10.0,1117
504,11.0,1471
504,12.0,1121
504,13.0,1924
504,14.0,1726
504,15.0,1517
504,16.0,1876
504,17.0,2416
504,18.0,2458
504,19.0,1302
505,0.0,1273
505,1.0,2436
505,2.0,1051
505,3.0,1148
505,4.0,2038
505,5.0,2038
505,6.0,2391
505,7.0,2709
505,8.0,2230
505,9.0,2017
505,10.0,1117
505,11.0,1471
505,12.0,1121
505,13.0,1924
505,14.0,1726
505,15.0,2104
505,16.0,1066
505,17.0,1305
505,18.0,2474
505,19.0,2931
506,0.0,1146
506,1.0,2436
506,2.0,1051
506,3.0,1148
506,4.0,2038
506,5.0,2038
506,6.0,2391
506,7.0,2709
506,8.0,2230
506,9.0,2017
506,10.0,1117
506,11.0,1471
506,12.0,1121
506,13.0,1924
506,14.0,2049
506,15.0,3110
506,16.0,2732
506,17.0,2131
506,18.0,2424
506,19.0,2297
507,0.0,2522
507,1.0,2436
507,2.0,1051
507,3.0,1148
507,4.0,2038
507,5.0,2038
507,6.0,2391
507,7.0,2709
507,8.0,2230
507,9.0,2017
507,10.0,1117
507,11.0,1471
507,12.0,1121
507,13.0,1924
507,14.0,1726
507,15.0,2488
507,16.0,2577
507,17.0,1385
507,18.0,1600
507,19.0,2702
508,0.0,3095
508,1.0,2436
508,2.0,1051
508,3.0,1148
508,4.0,2038
508,5.0,2038
508,6.0,2391
508,7.0,2709
508,8.0,2230
508,9.0,2017
508,10.0,1117
508,11.0,1471
508,12.0,1121
508,13.0,1924
508,14.0,1170
508,15.0,2791
508,16.0,2321
508,17.0,2038
508,18.0,2038
508,19.0,2852
509,0.0,2191
509,1.0,2436
509,2.0,1051
509,3.0,1148
509,4.0,2038
509,5.0,2038
509,6.0,2391
509,7.0,2709
509,8.0,2230
509,9.0,2017
509,10.0,1117
509,11.0,1471
509,12.0,1121
509,13.0,1924
509,14.0,1170
509,15.0,1143
509,16.0,2857
509,17.0,1821
509,18.0,2354
509,19.0,2086
510,0.0,1586
510,1.0,2436
510,2.0,1051
510,3.0,1148
510,4.0,2038
510,5.0,2038
510,6.0,2391
510,7.0,2709
510,8.0,2230
510,9.0,2017
510,10.0,1117
510,11.0,1471
510,12.0,1121
510,13.0,1924
510,14.0,1170
510,15.0,1107
510,16.0,1638
510,17.0,2416
510,18.0,2354
510,19.0,2124
511,0.0,1457
511,1.0,2436
511,2.0,1051
511,3.0,1148
511,4.0,2038
511,5.0,2038
511,6.0,2391
511,7.0,2709
511,8.0,2230
511,9.0,2017
511,10.0,1117
511,11.0,1323
511,12.0,1121
511,13.0,1924
511,14.0,1170
511,15.0,2790
511,16.0,1690
511,17.0,1821
511,18.0,2250
511,19.0,2322
512,0.0,2326
512,1.0,2436
512,2.0,1051
512,3.0,1148
512,4.0,2038
512,5.0,2038
512,6.0,2391
512,7.0,2709
512,8.0,2230
512,9.0,2017
512,10.0,1117
512,11.0,1471
512,12.0,1121
512,13.0,1924
512,14.0,1170
512,15.0,2763
512,16.0,3114
512,17.0,2038
512,18.0,2826
512,19.0,2358
513,0.0,2830
513,1.0,2436
513,2.0,1051
513,3.0,1148
513,4.0,2038
513,5.0,2038
513,6.0,2391
513,7.0,2709
513,8.0,2230
513,9.0,3164
513,10.0,1117
513,11.0,1471
513,12.0,1121
513,13.0,1924
513,14.0,1170
513,15.0,2305
513,16.0,1207
513,17.0,2416
513,18.0,2564
513,19.0,1036
514,0.0,2869
514,1.0,2436
514,2.0,1051
514,3.0,1148
514,4.0,2038
514,5.0,2038
514,6.0,2391
514,7.0,2709
514,8.0,2230
514,9.0,2017
514,10.0,1117
514,11.0,1471
514,12.0,1121
514,13.0,1924
514,14.0,1170
514,15.0,2393
514,16.0,1343
514,17.0,2993
514,18.0,2036
514,19.0,2244
515,0.0,1733
515,1.0,2436
515,2.0,1051
515,3.0,1148
515,4.0,2038
515,5.0,2038
515,6.0,2391
515,7.0,2709
515,8.0,2230
515,9.0,2017
515,10.0,1117
515,11.0,1471
515,12.0,1121
515,13.0,1924
515,14.0,1170
515,15.0,2341
515,16.0,1502
515,17.0,2416
515,18.0,2036
515,19.0,1367
516,0.0,1108
516,1.0,2690
516,2.0,2995
516,3.0,1914
516,4.0,2038
516,5.0,2038
516,6.0,2624
516,7.0,2709
516,8.0,2523
516,9.0,2624
516,10.0,2511
516,11.0,1471
516,12.0,2189
516,13.0,1924
516,14.0,3030
516,15.0,1206
516,16.0,1629
516,17.0,2416
516,18.0,2876
516,19.0,2347
517,0.0,1839
517,1.0,2690
517,2.0,2995
517,3.0,1914
517,4.0,2038
517,5.0,2038
517,6.0,1071
517,7.0,2709
517,8.0,2523
517,9.0,2624
517,10.0,1088
517,11.0,1471
517,12.0,2189
517,13.0,1924
517,14.0,3030
517,15.0,1294
517,16.0,1846
517,17.0,2416
517,18.0,2875
517,19.0,2923
518,0.0,2423
518,1.0,2690
518,2.0,2995
518,3.0,1914
518,4.0,2038
518,5.0,2038
518,6.0,2624
518,7.0,2709
518,8.0,2523
518,9.0,2624
518,10.0,1088
518,11.0,1471
518,12.0,2189
518,13.0,1924
518,14.0,3030
518,15.0,1989
518,16.0,2970
518,17.0,2416
518,18.0,2075
518,19.0,3004
519,0.0,2889
519,1.0,2690
519,2.0,2995
519,3.0,1914
519,4.0,2038
519,5.0,2038
519,6.0,2624
519,7.0,2709
519,8.0,2523
519,9.0,2624
519,10.0,1088
519,11.0,1471
519,12.0,2189
519,13.0,1924
519,14.0,3030
519,15.0,2272
519,16.0,2954
519,17.0,2416
519,18.0,1604
519,19.0,1418
520,0.0,1458
520,1.0,2690
520,2.0,2995
520,3.0,1914
520,4.0,2038
520,5.0,2038
520,6.0,2624
520,7.0,2709
520,8.0,2523
520,9.0,2624
520,10.0,1088
520,11.0,1471
520,12.0,2189
520,13.0,1924
520,14.0,3030
520,15.0,3078
520,16.0,1382
520,17.0,2416
520,18.0,1447
520,19.0,3072
521,0.0,1823
521,1.0,2690
521,2.0,2995
521,3.0,1914
521,4.0,2038
521,5.0,2038
521,6.0,2624
521,7.0,2709
521,8.0,2523
521,9.0,2624
521,10.0,1088
521,11.0,1471
521,12.0,2189
521,13.0,2892
521,14.0,3030
521,15.0,2310
521,16.0,2975
521,17.0,2038
521,18.0,2826
521,19.0,1208
522,0.0,2256
522,1.0,2690
522,2.0,2995
522,3.0,1914
522,4.0,2038
522,5.0,2038
522,6.0,2624
522,7.0,2709
522,8.0,2523
522,9.0,2624
522,10.0,1088
522,11.0,1471
522,12.0,2189
522,13.0,1924
522,14.0,3030
522,15.0,1557
522,16.0,2229
522,17.0,2128
522,18.0,1326
522,19.0,2761
523,0.0,2903
523,1.0,2690
523,2.0,2995
523,3.0,1914
523,4.0,2038
523,5.0,2038
523,6.0,2624
523,7.0,2709
523,8.0,2523
523,9.0,2624
523,10.0,1088
523,11.0,1471
523,12.0,2189
523,13.0,1924
523,14.0,2121
523,15.0,1184
523,16.0,1219
523,17.0,2416
523,18.0,2753
523,19.0,1956
524,0.0,2652
524,1.0,2690
524,2.0,2995
524,3.0,1914
524,4.0,2038
524,5.0,2038
524,6.0,2624
524,7.0,2709
524,8.0,2523
524,9.0,2624
524,10.0,1088
524,11.0,1471
524,12.0,2189
524,13.0,1924
524,14.0,2121
524,15.0,1706
524,16.0,2754
524,17.0,2416
524,18.0,1842
524,19.0,1362
525,0.0,1862
525,1.0,2690
525,2.0,2995
525,3.0,1914
525,4.0,2038
525,5.0,2038
525,6.0,2624
525,7.0,2709
525,8.0,2523
525,9.0,2624
525,10.0,1088
525,11.0,1471
525,12.0,2189
525,13.0,1924
525,14.0,2121
525,15.0,1937
525,16.0,2640
525,17.0,2416
525,18.0,1679
525,19.0,2113
526,0.0,2631
526,1.0,2690
526,2.0,2995
526,3.0,1914
526,4.0,2038
526,5.0,2038
526,6.0,2624
526,7.0,2709
526,8.0,2523
526,9.0,2624
526,10.0,1088
526,11.0,1471
526,12.0,2073
526,13.0,1924
526,14.0,2121
526,15.0,2484
526,16.0,1102
526,17.0,2416
526,18.0,1769
526,19.0,1175
527,0.0,2953
527,1.0,2690
527,2.0,2995
527,3.0,1914
527,4.0,2038
527,5.0,2038
527,6.0,2624
527,7.0,2709
527,8.0,2523
527,9.0,3049
527,10.0,1088
527,11.0,1471
527,12.0,2189
527,13.0,1924
527,14.0,1726
527,15.0,2467
527,16.0,1949
527,17.0,1126
527,18.0,1141
527,19.0,1163
528,0.0,1840
528,1.0,2690
528,2.0,2995
528,3.0,1914
528,4.0,2038
528,5.0,2038
528,6.0,2624
528,7.0,2709
528,8.0,2523
528,9.0,2624
528,10.0,1088
528,11.0,1471
528,12.0,2189
528,13.0,1924
528,14.0,1726
528,15.0,2700
528,16.0,1410
528,17.0,2128
528,18.0,1908
528,19.0,1040
529,0.0,1852
529,1.0,2690
529,2.0,2995
529,3.0,1914
529,4.0,2038
529,5.0,2038
529,6.0,2624
529,7.0,2709
529,8.0,2523
529,9.0,2624
529,10.0,1088
529,11.0,1471
529,12.0,2189
529,13.0,1924
529,14.0,1726
529,15.0,1517
529,16.0,1876
529,17.0,1126
529,18.0,1064
529,19.0,1302
530,0.0,1228
530,1.0,2690
530,2.0,2995
530,3.0,1914
530,4.0,2038
530,5.0,2038
530,6.0,2624
530,7.0,2709
530,8.0,2523
530,9.0,2624
530,10.0,1088
530,11.0,1471
530,12.0,2189
530,13.0,1924
530,14.0,1726
530,15.0,2104
530,16.0,1066
530,17.0,1550
530,18.0,1497
530,19.0,2931
531,0.0,2518
531,1.0,2690
531,2.0,2995
531,3.0,1914
531,4.0,2038
531,5.0,2038
531,6.0,2624
531,7.0,2709
531,8.0,2523
531,9.0,2624
531,10.0,1088
531,11.0,1471
531,12.0,2189
531,13.0,1924
531,14.0,1726
531,15.0,3110
531,16.0,2732
531,17.0,1981
531,18.0,2887
531,19.0,2297
532,0.0,1866
532,1.0,2690
532,2.0,2796
532,3.0,1914
532,4.0,2038
532,5.0,2038
532,6.0,2624
532,7.0,2709
532,8.0,2523
532,9.0,2624
532,10.0,1088
532,11.0,1193
532,12.0,2189
532,13.0,1924
532,14.0,1726
532,15.0,2488
532,16.0,2720
532,17.0,1878
532,18.0,2369
532,19.0,2702
533,0.0,1712
533,1.0,2690
533,2.0,2995
533,3.0,1914
533,4.0,2038
533,5.0,2038
533,6.0,2624
533,7.0,2709
533,8.0,2523
533,9.0,2624
533,10.0,1088
533,11.0,1471
533,12.0,2189
533,13.0,1924
533,14.0,1170
533,15.0,2791
533,16.0,2321
533,17.0,2539
533,18.0,1975
533,19.0,2852
534,0.0,3131
534,1.0,2690
534,2.0,2995
534,3.0,1914
534,4.0,2038
534,5.0,2038
534,6.0,2624
534,7.0,2709
534,8.0,2523
534,9.0,2624
534,10.0,1088
534,11.0,1471
534,12.0,2189
534,13.0,1924
534,14.0,1170
534,15.0,1143
534,16.0,2857
534,17.0,2539
534,18.0,3039
534,19.0,2086
535,0.0,1894
535,1.0,2690
535,2.0,2995
535,3.0,1914
535,4.0,2038
535,5.0,2038
535,6.0,2624
535,7.0,2709
535,8.0,2523
535,9.0,2624
535,10.0,1088
535,11.0,1471
535,12.0,2189
535,13.0,1924
535,14.0,1170
535,15.0,1107
535,16.0,1638
535,17.0,2539
535,18.0,3158
535,19.0,2124
536,0.0,1841
536,1.0,2690
536,2.0,2995
536,3.0,1914
536,4.0,2038
536,5.0,2038
536,6.0,2624
536,7.0,2709
536,8.0,2523
536,9.0,2624
536,10.0,1088
536,11.0,1471
536,12.0,2189
536,13.0,1738
536,14.0,1170
536,15.0,2790
536,16.0,1690
536,17.0,1126
536,18.0,2533
536,19.0,2322
537,0.0,1386
537,1.0,2690
537,2.0,2995
537,3.0,1914
537,4.0,2038
537,5.0,2038
537,6.0,2624
537,7.0,2709
537,8.0,2523
537,9.0,2624
537,10.0,1088
537,11.0,1471
537,12.0,2189
537,13.0,1924
537,14.0,1170
537,15.0,2763
537,16.0,3114
537,17.0,1550
537,18.0,2477
537,19.0,2358
538,0.0,2928
538,1.0,2690
538,2.0,2995
538,3.0,1914
538,4.0,2038
538,5.0,2038
538,6.0,2624
538,7.0,2709
538,8.0,2523
538,9.0,2624
538,10.0,1088
538,11.0,1471
538,12.0,2189
538,13.0,1924
538,14.0,1170
538,15.0,2305
538,16.0,1207
538,17.0,2416
538,18.0,2285
538,19.0,1036
539,0.0,1277
539,1.0,2690
539,2.0,2995
539,3.0,1914
539,4.0,2038
539,5.0,2038
539,6.0,2624
539,7.0,2709
539,8.0,2523
539,9.0,2624
539,10.0,1088
539,11.0,1471
539,12.0,2189
539,13.0,1924
539,14.0,1170
539,15.0,2393
539,16.0,1343
539,17.0,1626
539,18.0,1037
539,19.0,2244
540,0.0,2503
540,1.0,2690
540,2.0,2995
540,3.0,1914
540,4.0,2038
540,5.0,2038
540,6.0,2624
540,7.0,2709
540,8.0,2523
540,9.0,1628
540,10.0,1088
540,11.0,1471
540,12.0,2189
540,13.0,1924
540,14.0,1170
540,15.0,2341
540,16.0,1502
540,17.0,1126
540,18.0,1037
540,19.0,1367
541,0.0,2733
541,1.0,2433
541,2.0,1596
541,3.0,2171
541,4.0,2038
541,5.0,2038
541,6.0,2624
541,7.0,2709
541,8.0,1101
541,9.0,2624
541,10.0,2956
541,11.0,1471
541,12.0,1121
541,13.0,1924
541,14.0,3030
541,15.0,1206
541,16.0,1039
541,17.0,1550
541,18.0,2609
541,19.0,2347
542,0.0,2421
542,1.0,2433
542,2.0,1596
542,3.0,2171
542,4.0,2038
542,5.0,2038
542,6.0,2624
542,7.0,2709
542,8.0,1101
542,9.0,2624
542,10.0,2956
542,11.0,1471
542,12.0,1121
542,13.0,1924
542,14.0,3030
542,15.0,1294
542,16.0,1846
542,17.0,1878
542,18.0,1087
542,19.0,2923
543,0.0,2445
543,1.0,2433
543,2.0,1596
543,3.0,2171
543,4.0,2038
543,5.0,2038
543,6.0,2624
543,7.0,2709
543,8.0,1101
543,9.0,2624
543,10.0,2956
543,11.0,1471
543,12.0,1121
543,13.0,1924
543,14.0,3030
543,15.0,1989
543,16.0,2970
543,17.0,2301
543,18.0,1398
543,19.0,3004
544,0.0,2683
544,1.0,2433
544,2.0,1596
544,3.0,2171
544,4.0,2038
544,5.0,2038
544,6.0,2624
544,7.0,2709
544,8.0,1387
544,9.0,2624
544,10.0,2956
544,11.0,1471
544,12.0,1121
544,13.0,1924
544,14.0,3030
544,15.0,2272
544,16.0,2954
544,17.0,2539
544,18.0,1567
544,19.0,1418
545,0.0,2705
545,1.0,2433
545,2.0,1596
545,3.0,2171
545,4.0,2038
545,5.0,2038
545,6.0,2624
545,7.0,2709
545,8.0,1101
545,9.0,2624
545,10.0,2956
545,11.0,1471
545,12.0,1121
545,13.0,1924
545,14.0,3030
545,15.0,3078
545,16.0,1559
545,17.0,1550
545,18.0,2712
545,19.0,3072
546,0.0,1422
546,1.0,2433
546,2.0,1596
546,3.0,2171
546,4.0,2038
546,5.0,2038
546,6.0,2624
546,7.0,2709
546,8.0,1101
546,9.0,2624
546,10.0,2956
546,11.0,1471
546,12.0,1121
546,13.0,1924
546,14.0,3030
546,15.0,2310
546,16.0,2975
546,17.0,2038
546,18.0,1983
546,19.0,1208
547,0.0,2410
547,1.0,2433
547,2.0,1596
547,3.0,2171
547,4.0,2038
547,5.0,2038
547,6.0,2624
547,7.0,2709
547,8.0,1101
547,9.0,2624
547,10.0,2956
547,11.0,1471
547,12.0,1121
547,13.0,1924
547,14.0,3030
547,15.0,1557
547,16.0,2229
547,17.0,1372
547,18.0,2959
547,19.0,2761
548,0.0,1860
548,1.0,2433
548,2.0,1596
548,3.0,2171
548,4.0,2038
548,5.0,2038
548,6.0,2624
548,7.0,2709
548,8.0,1101
548,9.0,2624
548,10.0,1618
548,11.0,1471
548,12.0,1121
548,13.0,1924
548,14.0,2121
548,15.0,1184
548,16.0,1219
548,17.0,2509
548,18.0,1096
548,19.0,1956
549,0.0,2000
549,1.0,2433
549,2.0,1596
549,3.0,2171
549,4.0,2038
549,5.0,2038
549,6.0,2624
549,7.0,2709
549,8.0,1101
549,9.0,2624
549,10.0,2956
549,11.0,1471
549,12.0,1121
549,13.0,1924
549,14.0,2121
549,15.0,1706
549,16.0,2754
549,17.0,1981
549,18.0,2032
549,19.0,1362
550,0.0,2298
550,1.0,2433
550,2.0,1596
550,3.0,2171
550,4.0,2038
550,5.0,2038
550,6.0,2624
550,7.0,2709
550,8.0,1101
550,9.0,2624
550,10.0,2956
550,11.0,1471
550,12.0,1121
550,13.0,1924
550,14.0,2121
550,15.0,1937
550,16.0,2640
550,17.0,2211
550,18.0,2055
550,19.0,2113
551,0.0,1377
551,1.0,2433
551,2.0,1596
551,3.0,2171
551,4.0,2038
551,5.0,2038
551,6.0,2624
551,7.0,2709
551,8.0,1101
551,9.0,3049
551,10.0,2956
551,11.0,1471
551,12.0,1121
551,13.0,1924
551,14.0,2121
551,15.0,2484
551,16.0,1102
551,17.0,3129
551,18.0,3027
551,19.0,1175
552,0.0,1640
552,1.0,2433
552,2.0,1596
552,3.0,2171
552,4.0,2038
552,5.0,2038
552,6.0,2624
552,7.0,2709
552,8.0,1101
552,9.0,2624
552,10.0,2956
552,11.0,1471
552,12.0,1121
552,13.0,1924
552,14.0,1726
552,15.0,2467
552,16.0,1949
552,17.0,2211
552,18.0,2145
552,19.0,1163
553,0.0,2094
553,1.0,2433
553,2.0,1596
553,3.0,2171
553,4.0,2038
553,5.0,2038
553,6.0,2624
553,7.0,2709
553,8.0,1101
553,9.0,2624
553,10.0,2956
553,11.0,1471
553,12.0,1121
553,13.0,1924
553,14.0,1726
553,15.0,2700
553,16.0,1410
553,17.0,1550
553,18.0,1348
553,19.0,1040
554,0.0,2158
554,1.0,2433
554,2.0,1596
554,3.0,2171
554,4.0,2038
554,5.0,2038
554,6.0,2624
554,7.0,2709
554,8.0,1101
554,9.0,2624
554,10.0,2956
554,11.0,1471
554,12.0,1121
554,13.0,1924
554,14.0,1726
554,15.0,1517
554,16.0,1876
554,17.0,1416
554,18.0,2907
554,19.0,1302
555,0.0,2377
555,1.0,2433
555,2.0,1596
555,3.0,2171
555,4.0,2038
555,5.0,2038
555,6.0,2624
555,7.0,2709
555,8.0,1101
555,9.0,2624
555,10.0,2956
555,11.0,1471
555,12.0,1121
555,13.0,1924
555,14.0,2290
555,15.0,2104
555,16.0,1066
555,17.0,2280
555,18.0,2266
555,19.0,2403
556,0.0,2978
556,1.0,2433
556,2.0,1596
556,3.0,2171
556,4.0,2038
556,5.0,2038
556,6.0,2624
556,7.0,2709
556,8.0,1101
556,9.0,2624
556,10.0,2956
556,11.0,1471
556,12.0,1121
556,13.0,1924
556,14.0,1726
556,15.0,3110
556,16.0,2732
556,17.0,2160
556,18.0,1393
556,19.0,2297
557,0.0,2179
557,1.0,2433
557,2.0,1596
557,3.0,2171
557,4.0,2038
557,5.0,2038
557,6.0,2624
557,7.0,2709
557,8.0,1101
557,9.0,2624
557,10.0,2956
557,11.0,1471
557,12.0,1121
557,13.0,1924
557,14.0,1726
557,15.0,2488
557,16.0,2102
557,17.0,2160
557,18.0,1775
557,19.0,2702
558,0.0,1944
558,1.0,2433
558,2.0,1596
558,3.0,2171
558,4.0,2038
558,5.0,2038
558,6.0,2624
558,7.0,2709
558,8.0,1101
558,9.0,2624
558,10.0,2956
558,11.0,1471
558,12.0,1121
558,13.0,1924
558,14.0,1170
558,15.0,2791
558,16.0,2321
558,17.0,1957
558,18.0,1850
558,19.0,2852
559,0.0,2788
559,1.0,2963
559,2.0,1596
559,3.0,2171
559,4.0,2038
559,5.0,2038
559,6.0,2624
559,7.0,1384
559,8.0,1101
559,9.0,2624
559,10.0,2956
559,11.0,1471
559,12.0,1121
559,13.0,1924
559,14.0,1170
559,15.0,1143
559,16.0,2857
559,17.0,3002
559,18.0,2166
559,19.0,2086
560,0.0,2873
560,1.0,2433
560,2.0,1171
560,3.0,2171
560,4.0,2038
560,5.0,2038
560,6.0,2624
560,7.0,2709
560,8.0,1101
560,9.0,2624
560,10.0,2956
560,11.0,1471
560,12.0,1121
560,13.0,1924
560,14.0,1170
560,15.0,1107
560,16.0,1638
560,17.0,1626
560,18.0,2710
560,19.0,2124
561,0.0,3173
561,1.0,2433
561,2.0,1596
561,3.0,2171
561,4.0,2038
561,5.0,2038
561,6.0,2624
561,7.0,2709
561,8.0,1101
561,9.0,2624
561,10.0,2551
561,11.0,1471
561,12.0,1121
561,13.0,1924
561,14.0,1170
561,15.0,2790
561,16.0,1690
561,17.0,1595
561,18.0,1079
561,19.0,2322
562,0.0,2154
562,1.0,2433
562,2.0,1596
562,3.0,2171
562,4.0,2038
562,5.0,2038
562,6.0,2624
562,7.0,2709
562,8.0,1101
562,9.0,2624
562,10.0,1618
562,11.0,1471
562,12.0,1121
562,13.0,1924
562,14.0,1170
562,15.0,2763
562,16.0,1453
562,17.0,2555
562,18.0,2569
562,19.0,2358
563,0.0,2846
563,1.0,2433
563,2.0,1596
563,3.0,2171
563,4.0,2038
563,5.0,2038
563,6.0,2624
563,7.0,2709
563,8.0,1101
563,9.0,2624
563,10.0,2956
563,11.0,1471
563,12.0,1121
563,13.0,1924
563,14.0,1170
563,15.0,2305
563,16.0,1207
563,17.0,2539
563,18.0,1851
563,19.0,1036
564,0.0,2311
564,1.0,2433
564,2.0,1596
564,3.0,2171
564,4.0,2038
564,5.0,2038
564,6.0,2624
564,7.0,2709
564,8.0,1101
564,9.0,2624
564,10.0,2956
564,11.0,1471
564,12.0,1121
564,13.0,1470
564,14.0,1170
564,15.0,2393
564,16.0,1343
564,17.0,1878
564,18.0,1266
564,19.0,1898
565,0.0,2500
565,1.0,2433
565,2.0,1596
565,3.0,2171
565,4.0,2038
565,5.0,2038
565,6.0,2624
565,7.0,2709
565,8.0,1101
565,9.0,2624
565,10.0,2956
565,11.0,1471
565,12.0,1121
565,13.0,1924
565,14.0,1170
565,15.0,2341
565,16.0,1502
565,17.0,1731
565,18.0,2986
565,19.0,1367
566,0.0,2002
566,1.0,2540
566,2.0,2858
566,3.0,2877
566,4.0,2038
566,5.0,2038
566,6.0,2146
566,7.0,2709
566,8.0,2237
566,9.0,2933
566,10.0,1710
566,11.0,1471
566,12.0,1481
566,13.0,1924
566,14.0,3030
566,15.0,1206
566,16.0,1629
566,17.0,1878
566,18.0,1398
566,19.0,2347
567,0.0,3088
567,1.0,2540
567,2.0,2858
567,3.0,2877
567,4.0,2038
567,5.0,2038
567,6.0,2146
567,7.0,2709
567,8.0,2237
567,9.0,2933
567,10.0,1710
567,11.0,1471
567,12.0,1481
567,13.0,1924
567,14.0,3030
567,15.0,1294
567,16.0,1846
567,17.0,1981
567,18.0,2596
567,19.0,1327
568,0.0,2890
568,1.0,2540
568,2.0,2858
568,3.0,2877
568,4.0,2038
568,5.0,2038
568,6.0,2146
568,7.0,2709
568,8.0,2237
568,9.0,2933
568,10.0,1710
568,11.0,1471
568,12.0,1481
568,13.0,1924
568,14.0,3030
568,15.0,1989
568,16.0,2970
568,17.0,2416
568,18.0,2250
568,19.0,3004
569,0.0,1264
569,1.0,2540
569,2.0,2858
569,3.0,2877
569,4.0,2038
569,5.0,2038
569,6.0,2146
569,7.0,2709
569,8.0,2237
569,9.0,2933
569,10.0,1710
569,11.0,1471
569,12.0,1481
569,13.0,1924
569,14.0,3030
569,15.0,2272
569,16.0,2954
569,17.0,1554
569,18.0,1901
569,19.0,1418
570,0.0,2839
570,1.0,2540
570,2.0,2858
570,3.0,2877
570,4.0,2038
570,5.0,2038
570,6.0,2146
570,7.0,2709
570,8.0,2237
570,9.0,2933
570,10.0,1710
570,11.0,1471
570,12.0,1481
570,13.0,1924
570,14.0,3030
570,15.0,3078
570,16.0,1382
570,17.0,1878
570,18.0,1812
570,19.0,3072
571,0.0,1491
571,1.0,2540
571,2.0,2858
571,3.0,2877
571,4.0,2038
571,5.0,2038
571,6.0,2146
571,7.0,2709
571,8.0,2237
571,9.0,2933
571,10.0,1710
571,11.0,1471
571,12.0,1481
571,13.0,1924
571,14.0,3030
571,15.0,2310
571,16.0,2975
571,17.0,1821
571,18.0,2354
571,19.0,1208
572,0.0,1966
572,1.0,2540
572,2.0,2858
572,3.0,2877
572,4.0,2038
572,5.0,2038
572,6.0,2146
572,7.0,1029
572,8.0,2237
572,9.0,2933
572,10.0,1743
572,11.0,1471
572,12.0,1336
572,13.0,1924
572,14.0,3030
572,15.0,1557
572,16.0,2229
572,17.0,2038
572,18.0,2826
572,19.0,2761
573,0.0,2053
573,1.0,2540
573,2.0,2858
573,3.0,2877
573,4.0,2038
573,5.0,2038
573,6.0,2146
573,7.0,2709
573,8.0,2237
573,9.0,2933
573,10.0,1710
573,11.0,1471
573,12.0,1481
573,13.0,1924
573,14.0,2121
573,15.0,1184
573,16.0,1219
573,17.0,1352
573,18.0,2411
573,19.0,1956
574,0.0,1798
574,1.0,2540
574,2.0,2858
574,3.0,2877
574,4.0,2038
574,5.0,2038
574,6.0,2146
574,7.0,2709
574,8.0,2237
574,9.0,2933
574,10.0,1710
574,11.0,1471
574,12.0,1481
574,13.0,1924
574,14.0,2121
574,15.0,1706
574,16.0,2754
574,17.0,3129
574,18.0,1791
574,19.0,1362
575,0.0,2367
575,1.0,2540
575,2.0,2858
575,3.0,2877
575,4.0,2038
575,5.0,2038
575,6.0,2146
575,7.0,2709
575,8.0,2237
575,9.0,2933
575,10.0,1710
575,11.0,1471
575,12.0,1481
575,13.0,1924
575,14.0,2121
575,15.0,1937
575,16.0,2640
575,17.0,2128
575,18.0,1412
575,19.0,2113
576,0.0,1508
576,1.0,2540
576,2.0,2858
576,3.0,2877
576,4.0,2038
576,5.0,2038
576,6.0,2146
576,7.0,2709
576,8.0,2237
576,9.0,2933
576,10.0,1710
576,11.0,1471
576,12.0,1481
576,13.0,1924
576,14.0,2121
576,15.0,2484
576,16.0,1102
576,17.0,2539
576,18.0,1858
576,19.0,1175
577,0.0,2727
577,1.0,2540
577,2.0,2858
577,3.0,2877
577,4.0,2038
577,5.0,2038
577,6.0,2146
577,7.0,2709
577,8.0,2237
577,9.0,2933
577,10.0,1710
577,11.0,1471
577,12.0,1481
577,13.0,1924
577,14.0,1726
577,15.0,2467
577,16.0,1949
577,17.0,2696
577,18.0,2319
577,19.0,1163
578,0.0,1671
578,1.0,2540
578,2.0,2858
578,3.0,2877
578,4.0,2038
578,5.0,2038
578,6.0,2425
578,7.0,2709
578,8.0,2237
578,9.0,1092
578,10.0,1710
578,11.0,1471
578,12.0,1481
578,13.0,1924
578,14.0,1726
578,15.0,2700
578,16.0,1410
578,17.0,1550
578,18.0,1257
578,19.0,1040
579,0.0,1215
579,1.0,2540
579,2.0,2858
579,3.0,2877
579,4.0,2038
579,5.0,2038
579,6.0,2146
579,7.0,2709
579,8.0,2237
579,9.0,2933
579,10.0,1710
579,11.0,1471
579,12.0,1481
579,13.0,1470
579,14.0,1726
579,15.0,1517
579,16.0,1876
579,17.0,1416
579,18.0,2234
579,19.0,1302
580,0.0,3182
580,1.0,2540
580,2.0,2858
580,3.0,2877
580,4.0,2038
580,5.0,2038
580,6.0,2146
580,7.0,2709
580,8.0,2237
580,9.0,2933
580,10.0,1710
580,11.0,1471
580,12.0,1481
580,13.0,1924
580,14.0,1726
580,15.0,2291
580,16.0,1066
580,17.0,2160
580,18.0,1421
580,19.0,2931
581,0.0,1330
581,1.0,2540
581,2.0,2858
581,3.0,2877
581,4.0,2038
581,5.0,2038
581,6.0,2146
581,7.0,2709
581,8.0,2237
581,9.0,2933
581,10.0,1710
581,11.0,1471
581,12.0,1481
581,13.0,1924
581,14.0,1726
581,15.0,3110
581,16.0,2732
581,17.0,2211
581,18.0,1774
581,19.0,2297
582,0.0,2085
582,1.0,2540
582,2.0,2858
582,3.0,2877
582,4.0,2038
582,5.0,2038
582,6.0,2146
582,7.0,2709
582,8.0,2237
582,9.0,2933
582,10.0,1710
582,11.0,1471
582,12.0,1481
582,13.0,1924
582,14.0,1726
582,15.0,2488
582,16.0,2102
582,17.0,1391
582,18.0,1034
582,19.0,2702
583,0.0,1752
583,1.0,2540
583,2.0,2858
583,3.0,2877
583,4.0,2038
583,5.0,2038
583,6.0,2146
583,7.0,2709
583,8.0,2237
583,9.0,2933
583,10.0,1710
583,11.0,1471
583,12.0,1481
583,13.0,1924
583,14.0,1170
583,15.0,2791
583,16.0,2321
583,17.0,1251
583,18.0,2944
583,19.0,2852
584,0.0,2313
584,1.0,2540
584,2.0,2858
584,3.0,2877
584,4.0,2038
584,5.0,2038
584,6.0,2146
584,7.0,2709
584,8.0,2237
584,9.0,2933
584,10.0,1710
584,11.0,1471
584,12.0,1481
584,13.0,1924
584,14.0,1170
584,15.0,1143
584,16.0,2857
584,17.0,2416
584,18.0,1906
584,19.0,2086
585,0.0,1556
585,1.0,2540
585,2.0,2858
585,3.0,2877
585,4.0,2038
585,5.0,2038
585,6.0,2146
585,7.0,2709
585,8.0,2237
585,9.0,2933
585,10.0,1710
585,11.0,1471
585,12.0,1481
585,13.0,1924
585,14.0,1170
585,15.0,1107
585,16.0,1638
585,17.0,1053
585,18.0,1936
585,19.0,2124
586,0.0,1237
586,1.0,2540
586,2.0,2858
586,3.0,2877
586,4.0,2038
586,5.0,2038
586,6.0,2146
586,7.0,2709
586,8.0,2237
586,9.0,2933
586,10.0,1710
586,11.0,1471
586,12.0,1481
586,13.0,1924
586,14.0,1170
586,15.0,2790
586,16.0,1690
586,17.0,2301
586,18.0,2722
586,19.0,2322
587,0.0,2879
587,1.0,2540
587,2.0,2858
587,3.0,2877
587,4.0,2038
587,5.0,2038
587,6.0,2146
587,7.0,2709
587,8.0,2237
587,9.0,2933
587,10.0,1710
587,11.0,1471
587,12.0,1481
587,13.0,1470
587,14.0,1170
587,15.0,2763
587,16.0,3114
587,17.0,2038
587,18.0,2826
587,19.0,2358
588,0.0,1683
588,1.0,2540
588,2.0,2858
588,3.0,2877
588,4.0,2038
588,5.0,2038
588,6.0,2146
588,7.0,2709
588,8.0,2237
588,9.0,2933
588,10.0,1710
588,11.0,1323
588,12.0,1481
588,13.0,1924
588,14.0,1170
588,15.0,2305
588,16.0,1207
588,17.0,2128
588,18.0,2371
588,19.0,1036
589,0.0,1290
589,1.0,2540
589,2.0,2858
589,3.0,2877
589,4.0,2038
589,5.0,2038
589,6.0,2146
589,7.0,2709
589,8.0,2237
589,9.0,2933
589,10.0,1710
589,11.0,1471
589,12.0,1481
589,13.0,1924
589,14.0,1170
589,15.0,2393
589,16.0,1343
589,17.0,2280
589,18.0,1940
589,19.0,2244
590,0.0,1031
590,1.0,2540
590,2.0,2858
590,3.0,2877
590,4.0,2038
590,5.0,2038
590,6.0,1986
590,7.0,2709
590,8.0,2237
590,9.0,2015
590,10.0,1710
590,11.0,1471
590,12.0,1481
590,13.0,1924
590,14.0,1170
590,15.0,2341
590,16.0,1502
590,17.0,2160
590,18.0,2441
590,19.0,1367
591,0.0,1296
591,1.0,2268
591,2.0,1465
591,3.0,1204
591,4.0,2038
591,5.0,2038
591,6.0,2001
591,7.0,2709
591,8.0,1528
591,9.0,2594
591,10.0,2510
591,11.0,1471
591,12.0,1481
591,13.0,1924
591,14.0,3030
591,15.0,1206
591,16.0,1629
591,17.0,2038
591,18.0,2038
591,19.0,2347
592,0.0,1920
592,1.0,2268
592,2.0,1465
592,3.0,1204
592,4.0,2038
592,5.0,2038
592,6.0,2001
592,7.0,1029
592,8.0,1528
592,9.0,2594
592,10.0,2510
592,11.0,1471
592,12.0,1481
592,13.0,1924
592,14.0,3030
592,15.0,1294
592,16.0,1846
592,17.0,2038
592,18.0,2038
592,19.0,2923
593,0.0,2175
593,1.0,2268
593,2.0,1465
593,3.0,1204
593,4.0,2038
593,5.0,2038
593,6.0,2001
593,7.0,2709
593,8.0,1528
593,9.0,2594
593,10.0,2365
593,11.0,1471
593,12.0,1481
593,13.0,1924
593,14.0,3030
593,15.0,1989
593,16.0,2970
593,17.0,2038
593,18.0,2038
593,19.0,3004
594,0.0,2595
594,1.0,2268
594,2.0,1465
594,3.0,1204
594,4.0,2038
594,5.0,2038
594,6.0,2001
594,7.0,2709
594,8.0,1528
594,9.0,2594
594,10.0,2510
594,11.0,1471
594,12.0,1481
594,13.0,1924
594,14.0,3030
594,15.0,2272
594,16.0,2954
594,17.0,2038
594,18.0,2038
594,19.0,1418
595,0.0,1838
595,1.0,2268
595,2.0,1465
595,3.0,1204
595,4.0,2038
595,5.0,2038
595,6.0,2001
595,7.0,2709
595,8.0,1528
595,9.0,2594
595,10.0,2510
595,11.0,1471
595,12.0,1481
595,13.0,1924
595,14.0,3030
595,15.0,3078
595,16.0,1382
595,17.0,2038
595,18.0,2038
595,19.0,3072
596,0.0,1790
596,1.0,2268
596,2.0,1465
596,3.0,1204
596,4.0,2038
596,5.0,2038
596,6.0,2001
596,7.0,2709
596,8.0,1528
596,9.0,2594
596,10.0,2510
596,11.0,1471
596,12.0,1481
596,13.0,1924
596,14.0,3030
596,15.0,2310
596,16.0,2975
596,17.0,2038
596,18.0,2038
596,19.0,1208
597,0.0,2961
597,1.0,2268
597,2.0,1465
597,3.0,1204
597,4.0,2038
597,5.0,2038
597,6.0,2001
597,7.0,2709
597,8.0,1528
597,9.0,2594
597,10.0,2510
597,11.0,1471
597,12.0,1481
597,13.0,1924
597,14.0,3030
597,15.0,1557
597,16.0,2229
597,17.0,2038
597,18.0,2038
597,19.0,2761
598,0.0,1948
598,1.0,2268
598,2.0,1465
598,3.0,1204
598,4.0,2038
598,5.0,2038
598,6.0,2001
598,7.0,2709
598,8.0,1528
598,9.0,2594
598,10.0,2510
598,11.0,1471
598,12.0,1481
598,13.0,1924
598,14.0,2121
598,15.0,1184
598,16.0,1219
598,17.0,2416
598,18.0,2354
598,19.0,1956
599,0.0,2613
599,1.0,2268
599,2.0,1465
599,3.0,1204
599,4.0,2038
599,5.0,2038
599,6.0,2001
599,7.0,2709
599,8.0,1528
599,9.0,2594
599,10.0,2510
599,11.0,1471
599,12.0,1481
599,13.0,1924
599,14.0,2058
599,15.0,1706
599,16.0,2754
599,17.0,2416
599,18.0,1872
599,19.0,1362
600,0.0,3144
600,1.0,2268
600,2.0,1465
600,3.0,1204
600,4.0,2038
600,5.0,2038
600,6.0,2001
600,7.0,2709
600,8.0,1528
600,9.0,2594
600,10.0,2510
600,11.0,1471
600,12.0,1481
600,13.0,1924
600,14.0,2121
600,15.0,1937
600,16.0,2640
600,17.0,2038
600,18.0,2826
600,19.0,2113
601,0.0,2545
601,1.0,2268
601,2.0,1465
601,3.0,1204
601,4.0,2038
601,5.0,2038
601,6.0,1229
601,7.0,2709
601,8.0,1528
601,9.0,2594
601,10.0,2510
601,11.0,1471
601,12.0,1481
601,13.0,1924
601,14.0,2121
601,15.0,2484
601,16.0,1102
601,17.0,2038
601,18.0,2826
601,19.0,1175
602,0.0,1485
602,1.0,2268
602,2.0,1465
602,3.0,1204
602,4.0,2038
602,5.0,2038
602,6.0,2001
602,7.0,2709
602,8.0,1528
602,9.0,1927
602,10.0,2510
602,11.0,1471
602,12.0,1481
602,13.0,1924
602,14.0,1726
602,15.0,2467
602,16.0,1949
602,17.0,2416
602,18.0,1600
602,19.0,1163
603,0.0,1880
603,1.0,2268
603,2.0,1465
603,3.0,1204
603,4.0,2038
603,5.0,2038
603,6.0,2001
603,7.0,2709
603,8.0,1528
603,9.0,2594
603,10.0,2510
603,11.0,1471
603,12.0,1481
603,13.0,1924
603,14.0,1726
603,15.0,2700
603,16.0,1410
603,17.0,2416
603,18.0,2944
603,19.0,1040
604,0.0,1454
604,1.0,2268
604,2.0,1465
604,3.0,1204
604,4.0,2038
604,5.0,2038
604,6.0,2001
604,7.0,2709
604,8.0,1528
604,9.0,2594
604,10.0,2510
604,11.0,1471
604,12.0,1481
604,13.0,1924
604,14.0,1726
604,15.0,1517
604,16.0,1876
604,17.0,2416
604,18.0,1958
604,19.0,1302
605,0.0,2802
605,1.0,2268
605,2.0,1465
605,3.0,1204
605,4.0,2038
605,5.0,2038
605,6.0,2001
605,7.0,2709
605,8.0,1528
605,9.0,2594
605,10.0,2510
605,11.0,1471
605,12.0,1481
605,13.0,1924
605,14.0,1726
605,15.0,2104
605,16.0,1066
605,17.0,2416
605,18.0,1825
605,19.0,2931
606,0.0,2778
606,1.0,2268
606,2.0,1465
606,3.0,1204
606,4.0,2038
606,5.0,2038
606,6.0,2001
606,7.0,2709
606,8.0,1528
606,9.0,2594
606,10.0,2510
606,11.0,1471
606,12.0,1481
606,13.0,1924
606,14.0,1726
606,15.0,3110
606,16.0,2732
606,17.0,1053
606,18.0,2396
606,19.0,2297
607,0.0,2685
607,1.0,2268
607,2.0,1465
607,3.0,1204
607,4.0,2038
607,5.0,2038
607,6.0,2001
607,7.0,2709
607,8.0,1528
607,9.0,2594
607,10.0,2510
607,11.0,1471
607,12.0,1481
607,13.0,1924
607,14.0,1726
607,15.0,2488
607,16.0,2102
607,17.0,2416
607,18.0,3168
607,19.0,2702
608,0.0,1381
608,1.0,2447
608,2.0,1465
608,3.0,1204
608,4.0,2038
608,5.0,2038
608,6.0,2001
608,7.0,2709
608,8.0,1528
608,9.0,2594
608,10.0,2510
608,11.0,1471
608,12.0,1481
608,13.0,1924
608,14.0,1568
608,15.0,2791
608,16.0,2321
608,17.0,2038
608,18.0,2038
608,19.0,2852
609,0.0,2201
609,1.0,2268
609,2.0,1465
609,3.0,1204
609,4.0,2038
609,5.0,2038
609,6.0,2001
609,7.0,2709
609,8.0,1528
609,9.0,2594
609,10.0,2510
609,11.0,1471
609,12.0,1481
609,13.0,1924
609,14.0,1170
609,15.0,1143
609,16.0,2857
609,17.0,2038
609,18.0,2038
609,19.0,2086
610,0.0,2917
610,1.0,2268
610,2.0,1465
610,3.0,1204
610,4.0,2038
610,5.0,2038
610,6.0,2001
610,7.0,2709
610,8.0,1528
610,9.0,2594
610,10.0,2510
610,11.0,1471
610,12.0,1481
610,13.0,1924
610,14.0,1170
610,15.0,1107
610,16.0,1638
610,17.0,2038
610,18.0,2038
610,19.0,2124
611,0.0,1434
611,1.0,2268
611,2.0,1465
611,3.0,1204
611,4.0,2038
611,5.0,2038
611,6.0,2001
611,7.0,2709
611,8.0,1528
611,9.0,2594
611,10.0,2510
611,11.0,1471
611,12.0,1481
611,13.0,1924
611,14.0,1170
611,15.0,2790
611,16.0,1690
611,17.0,2038
611,18.0,2038
611,19.0,2322
612,0.0,1476
612,1.0,2268
612,2.0,1465
612,3.0,1204
612,4.0,2038
612,5.0,2038
612,6.0,2001
612,7.0,2709
612,8.0,1528
612,9.0,2594
612,10.0,2510
612,11.0,1471
612,12.0,1481
612,13.0,1924
612,14.0,1170
612,15.0,2763
612,16.0,1645
612,17.0,2038
612,18.0,2038
612,19.0,2358
613,0.0,1896
613,1.0,2268
613,2.0,1465
613,3.0,1204
613,4.0,2038
613,5.0,2038
613,6.0,2001
613,7.0,2709
613,8.0,1528
613,9.0,2594
613,10.0,2510
613,11.0,1471
613,12.0,1481
613,13.0,1924
613,14.0,1170
613,15.0,2305
613,16.0,1207
613,17.0,2038
613,18.0,2038
613,19.0,1036
614,0.0,1177
614,1.0,2268
614,2.0,1465
614,3.0,1204
614,4.0,2038
614,5.0,2038
614,6.0,2001
614,7.0,2709
614,8.0,1528
614,9.0,2594
614,10.0,2510
614,11.0,1471
614,12.0,1481
614,13.0,1924
614,14.0,1170
614,15.0,2393
614,16.0,1343
614,17.0,2038
614,18.0,2038
614,19.0,2244
615,0.0,2388
615,1.0,2268
615,2.0,1465
615,3.0,1204
615,4.0,2038
615,5.0,2038
615,6.0,2001
615,7.0,2709
615,8.0,1528
615,9.0,2594
615,10.0,2510
615,11.0,1471
615,12.0,1481
615,13.0,1924
615,14.0,1170
615,15.0,2341
615,16.0,1502
615,17.0,2038
615,18.0,2038
615,19.0,1367
616,0.0,1338
616,1.0,2451
616,2.0,2951
616,3.0,2515
616,4.0,2038
616,5.0,2038
616,6.0,2243
616,7.0,2709
616,8.0,1226
616,9.0,1756
616,10.0,2932
616,11.0,1471
616,12.0,1771
616,13.0,1924
616,14.0,3030
616,15.0,1206
616,16.0,1629
616,17.0,1626
616,18.0,2247
616,19.0,2347
617,0.0,2531
617,1.0,2451
617,2.0,2951
617,3.0,2515
617,4.0,2038
617,5.0,2038
617,6.0,2243
617,7.0,2709
617,8.0,1226
617,9.0,1756
617,10.0,2932
617,11.0,1471
617,12.0,1771
617,13.0,1924
617,14.0,3030
617,15.0,1294
617,16.0,1846
617,17.0,2539
617,18.0,1316
617,19.0,2923
618,0.0,1022
618,1.0,2451
618,2.0,2951
618,3.0,2515
618,4.0,2038
618,5.0,2038
618,6.0,2243
618,7.0,2709
618,8.0,1226
618,9.0,1756
618,10.0,2932
618,11.0,1471
618,12.0,1771
618,13.0,1924
618,14.0,3030
618,15.0,1989
618,16.0,2970
618,17.0,1053
618,18.0,1599
618,19.0,3004
619,0.0,2787
619,1.0,2451
619,2.0,2951
619,3.0,2515
619,4.0,2038
619,5.0,2038
619,6.0,2243
619,7.0,2709
619,8.0,1226
619,9.0,1756
619,10.0,2932
619,11.0,1471
619,12.0,1771
619,13.0,1924
619,14.0,3030
619,15.0,2272
619,16.0,2954
619,17.0,2416
619,18.0,2491
619,19.0,1418
620,0.0,1480
620,1.0,2451
620,2.0,2951
620,3.0,2515
620,4.0,2038
620,5.0,2038
620,6.0,2243
620,7.0,2709
620,8.0,1226
620,9.0,1756
620,10.0,2932
620,11.0,1471
620,12.0,1771
620,13.0,1924
620,14.0,3030
620,15.0,3078
620,16.0,1382
620,17.0,1626
620,18.0,2952
620,19.0,3072
621,0.0,2057
621,1.0,2451
621,2.0,2951
621,3.0,2515
621,4.0,2038
621,5.0,2038
621,6.0,2243
621,7.0,2709
621,8.0,1226
621,9.0,1756
621,10.0,2932
621,11.0,1471
621,12.0,1771
621,13.0,1924
621,14.0,3030
621,15.0,2310
621,16.0,2975
621,17.0,2038
621,18.0,2826
621,19.0,1208
622,0.0,1183
622,1.0,2451
622,2.0,2951
622,3.0,2515
622,4.0,2038
622,5.0,2038
622,6.0,2243
622,7.0,2709
622,8.0,1226
622,9.0,1756
622,10.0,2932
622,11.0,1471
622,12.0,1771
622,13.0,1924
622,14.0,3030
622,15.0,1557
622,16.0,2229
622,17.0,2211
622,18.0,1095
622,19.0,2742
623,0.0,1815
623,1.0,2451
623,2.0,2951
623,3.0,2515
623,4.0,2038
623,5.0,2038
623,6.0,2243
623,7.0,2709
623,8.0,1226
623,9.0,1756
623,10.0,2932
623,11.0,1471
623,12.0,1771
623,13.0,1924
623,14.0,2121
623,15.0,1184
623,16.0,1219
623,17.0,2160
623,18.0,2964
623,19.0,1956
624,0.0,2099
624,1.0,2451
624,2.0,2951
624,3.0,2515
624,4.0,2038
624,5.0,2038
624,6.0,2243
624,7.0,2709
624,8.0,1226
624,9.0,1756
624,10.0,2932
624,11.0,1471
624,12.0,1771
624,13.0,1924
624,14.0,2121
624,15.0,1706
624,16.0,2754
624,17.0,2416
624,18.0,2342
624,19.0,1362
625,0.0,3044
625,1.0,2451
625,2.0,2951
625,3.0,2515
625,4.0,2038
625,5.0,2038
625,6.0,2243
625,7.0,2709
625,8.0,1226
625,9.0,1756
625,10.0,2932
625,11.0,1471
625,12.0,1771
625,13.0,1924
625,14.0,2121
625,15.0,1937
625,16.0,2640
625,17.0,1878
625,18.0,1938
625,19.0,2113
626,0.0,1258
626,1.0,2451
626,2.0,2951
626,3.0,2515
626,4.0,2038
626,5.0,2038
626,6.0,2243
626,7.0,2709
626,8.0,1226
626,9.0,1756
626,10.0,2932
626,11.0,1471
626,12.0,1771
626,13.0,1924
626,14.0,2121
626,15.0,2484
626,16.0,1102
626,17.0,2416
626,18.0,1497
626,19.0,1175
627,0.0,2013
627,1.0,2420
627,2.0,2951
627,3.0,2515
627,4.0,2038
627,5.0,2038
627,6.0,2243
627,7.0,2709
627,8.0,1226
627,9.0,1756
627,10.0,2932
627,11.0,1471
627,12.0,1771
627,13.0,1924
627,14.0,1726
627,15.0,2467
627,16.0,1949
627,17.0,1878
627,18.0,1624
627,19.0,1163
628,0.0,2236
628,1.0,2451
628,2.0,2951
628,3.0,2515
628,4.0,2038
628,5.0,2038
628,6.0,2243
628,7.0,2709
628,8.0,1226
628,9.0,1756
628,10.0,2932
628,11.0,1471
628,12.0,1771
628,13.0,1738
628,14.0,1726
628,15.0,2700
628,16.0,1410
628,17.0,1416
628,18.0,1406
628,19.0,1040
629,0.0,2063
629,1.0,2451
629,2.0,2951
629,3.0,2515
629,4.0,2038
629,5.0,2038
629,6.0,2243
629,7.0,2709
629,8.0,1226
629,9.0,1756
629,10.0,2932
629,11.0,1471
629,12.0,1771
629,13.0,1924
629,14.0,1726
629,15.0,1517
629,16.0,1876
629,17.0,2416
629,18.0,1537
629,19.0,1302
630,0.0,1451
630,1.0,2451
630,2.0,2951
630,3.0,2515
630,4.0,2038
630,5.0,2038
630,6.0,2243
630,7.0,2709
630,8.0,1226
630,9.0,1756
630,10.0,2932
630,11.0,1471
630,12.0,1771
630,13.0,1924
630,14.0,1726
630,15.0,2104
630,16.0,1066
630,17.0,2128
630,18.0,2688
630,19.0,2931
631,0.0,1511
631,1.0,2451
631,2.0,2951
631,3.0,2515
631,4.0,2038
631,5.0,2038
631,6.0,2243
631,7.0,2709
631,8.0,1226
631,9.0,1756
631,10.0,2932
631,11.0,1471
631,12.0,1771
631,13.0,1924
631,14.0,2489
631,15.0,3110
631,16.0,2732
631,17.0,2539
631,18.0,2010
631,19.0,2297
632,0.0,1512
632,1.0,2451
632,2.0,2951
632,3.0,2515
632,4.0,2038
632,5.0,2038
632,6.0,2243
632,7.0,2709
632,8.0,1226
632,9.0,1756
632,10.0,2932
632,11.0,1471
632,12.0,1771
632,13.0,1924
632,14.0,1726
632,15.0,2488
632,16.0,2102
632,17.0,2280
632,18.0,1975
632,19.0,2702
633,0.0,2552
633,1.0,2451
633,2.0,2951
633,3.0,2515
633,4.0,2038
633,5.0,2038
633,6.0,2243
633,7.0,2709
633,8.0,1226
633,9.0,2026
633,10.0,2932
633,11.0,1471
633,12.0,1771
633,13.0,1924
633,14.0,1170
633,15.0,2791
633,16.0,2321
633,17.0,1626
633,18.0,3115
633,19.0,2852
634,0.0,2739
634,1.0,2451
634,2.0,2951
634,3.0,2515
634,4.0,2038
634,5.0,2038
634,6.0,2243
634,7.0,2709
634,8.0,1226
634,9.0,1756
634,10.0,2932
634,11.0,1323
634,12.0,1771
634,13.0,1924
634,14.0,1170
634,15.0,1143
634,16.0,2857
634,17.0,3129
634,18.0,2639
634,19.0,2086
635,0.0,1504
635,1.0,2451
635,2.0,2951
635,3.0,2515
635,4.0,2038
635,5.0,2038
635,6.0,2243
635,7.0,2709
635,8.0,1226
635,9.0,1756
635,10.0,2932
635,11.0,1471
635,12.0,1771
635,13.0,1924
635,14.0,1170
635,15.0,1107
635,16.0,1638
635,17.0,3129
635,18.0,1042
635,19.0,2124
636,0.0,1232
636,1.0,2451
636,2.0,2951
636,3.0,2515
636,4.0,2038
636,5.0,2038
636,6.0,2243
636,7.0,2709
636,8.0,1226
636,9.0,1756
636,10.0,2932
636,11.0,1471
636,12.0,1771
636,13.0,1924
636,14.0,1170
636,15.0,2790
636,16.0,1690
636,17.0,2539
636,18.0,3036
636,19.0,2322
637,0.0,1980
637,1.0,2451
637,2.0,2951
637,3.0,2515
637,4.0,2038
637,5.0,2038
637,6.0,2243
637,7.0,2709
637,8.0,1226
637,9.0,1756
637,10.0,2932
637,11.0,1471
637,12.0,1771
637,13.0,1924
637,14.0,1170
637,15.0,2763
637,16.0,3114
637,17.0,1626
637,18.0,2813
637,19.0,2358
638,0.0,2534
638,1.0,2451
638,2.0,2951
638,3.0,2515
638,4.0,2038
638,5.0,2038
638,6.0,2243
638,7.0,2709
638,8.0,1226
638,9.0,1756
638,10.0,2932
638,11.0,1471
638,12.0,1771
638,13.0,1924
638,14.0,1170
638,15.0,2305
638,16.0,1207
638,17.0,2416
638,18.0,1469
638,19.0,1036
639,0.0,2427
639,1.0,1299
639,2.0,2951
639,3.0,2515
639,4.0,2038
639,5.0,2038
639,6.0,2243
639,7.0,2709
639,8.0,1226
639,9.0,1756
639,10.0,2932
639,11.0,1471
639,12.0,1771
639,13.0,1924
639,14.0,1170
639,15.0,1186
639,16.0,1343
639,17.0,1878
639,18.0,2847
639,19.0,2244
640,0.0,3147
640,1.0,2451
640,2.0,2951
640,3.0,2515
640,4.0,2038
640,5.0,2038
640,6.0,2243
640,7.0,2709
640,8.0,1226
640,9.0,1756
640,10.0,2932
640,11.0,1471
640,12.0,1771
640,13.0,1924
640,14.0,1170
640,15.0,2341
640,16.0,1502
640,17.0,1981
640,18.0,2847
640,19.0,1367
641,0.0,1132
641,1.0,2385
641,2.0,2629
641,3.0,1023
641,4.0,2038
641,5.0,2038
641,6.0,1698
641,7.0,2709
641,8.0,2678
641,9.0,2212
641,10.0,1270
641,11.0,1471
641,12.0,1972
641,13.0,1200
641,14.0,3030
641,15.0,1206
641,16.0,1629
641,17.0,1554
641,18.0,1901
641,19.0,2347
642,0.0,1728
642,1.0,2385
642,2.0,2629
642,3.0,1023
642,4.0,2038
642,5.0,2038
642,6.0,1698
642,7.0,2709
642,8.0,2678
642,9.0,2212
642,10.0,1270
642,11.0,1471
642,12.0,1972
642,13.0,1200
642,14.0,3030
642,15.0,1294
642,16.0,1846
642,17.0,1957
642,18.0,1872
642,19.0,2923
643,0.0,2669
643,1.0,2385
643,2.0,2629
643,3.0,1023
643,4.0,2038
643,5.0,2038
643,6.0,1698
643,7.0,2709
643,8.0,2678
643,9.0,2212
643,10.0,1270
643,11.0,1471
643,12.0,1972
643,13.0,1200
643,14.0,3030
643,15.0,1989
643,16.0,2970
643,17.0,2038
643,18.0,2826
643,19.0,3004
644,0.0,1614
644,1.0,2385
644,2.0,2629
644,3.0,1023
644,4.0,2038
644,5.0,2038
644,6.0,1698
644,7.0,2709
644,8.0,2678
644,9.0,2212
644,10.0,1270
644,11.0,1471
644,12.0,1972
644,13.0,1200
644,14.0,3030
644,15.0,2272
644,16.0,2954
644,17.0,2038
644,18.0,2826
644,19.0,1418
645,0.0,2922
645,1.0,3161
645,2.0,2629
645,3.0,1023
645,4.0,2038
645,5.0,2038
645,6.0,1698
645,7.0,2709
645,8.0,2678
645,9.0,2212
645,10.0,1270
645,11.0,1471
645,12.0,1972
645,13.0,1200
645,14.0,3030
645,15.0,3078
645,16.0,1382
645,17.0,1957
645,18.0,1872
645,19.0,3072
646,0.0,1138
646,1.0,2385
646,2.0,2629
646,3.0,1023
646,4.0,2038
646,5.0,2038
646,6.0,1698
646,7.0,2709
646,8.0,2678
646,9.0,2212
646,10.0,1270
646,11.0,1471
646,12.0,1972
646,13.0,1200
646,14.0,3030
646,15.0,2310
646,16.0,2975
646,17.0,2038
646,18.0,2826
646,19.0,2943
647,0.0,2679
647,1.0,2385
647,2.0,2629
647,3.0,1023
647,4.0,2038
647,5.0,2038
647,6.0,1698
647,7.0,2709
647,8.0,2678
647,9.0,2212
647,10.0,1270
647,11.0,1471
647,12.0,1972
647,13.0,1200
647,14.0,3030
647,15.0,1557
647,16.0,2229
647,17.0,2038
647,18.0,2826
647,19.0,2761
648,0.0,1093
648,1.0,2385
648,2.0,2629
648,3.0,1023
648,4.0,2038
648,5.0,2038
648,6.0,1698
648,7.0,2709
648,8.0,2678
648,9.0,2212
648,10.0,1270
648,11.0,1471
648,12.0,1972
648,13.0,1200
648,14.0,2121
648,15.0,1910
648,16.0,1219
648,17.0,1821
648,18.0,2234
648,19.0,1956
649,0.0,1659
649,1.0,2385
649,2.0,2629
649,3.0,1023
649,4.0,2038
649,5.0,2038
649,6.0,1698
649,7.0,2709
649,8.0,2678
649,9.0,2212
649,10.0,1270
649,11.0,1471
649,12.0,1972
649,13.0,1200
649,14.0,2121
649,15.0,1706
649,16.0,2754
649,17.0,1873
649,18.0,1540
649,19.0,1362
650,0.0,2044
650,1.0,2385
650,2.0,2629
650,3.0,1023
650,4.0,2038
650,5.0,2038
650,6.0,1698
650,7.0,2709
650,8.0,2678
650,9.0,2212
650,10.0,1270
650,11.0,1471
650,12.0,1972
650,13.0,1200
650,14.0,2121
650,15.0,1937
650,16.0,1144
650,17.0,2037
650,18.0,1901
650,19.0,2113
651,0.0,2884
651,1.0,2385
651,2.0,2629
651,3.0,1023
651,4.0,2038
651,5.0,2038
651,6.0,1698
651,7.0,2709
651,8.0,2678
651,9.0,2212
651,10.0,1270
651,11.0,1471
651,12.0,1972
651,13.0,1200
651,14.0,2121
651,15.0,2484
651,16.0,2397
651,17.0,2416
651,18.0,2354
651,19.0,1175
652,0.0,2940
652,1.0,2385
652,2.0,2629
652,3.0,2008
652,4.0,2038
652,5.0,2038
652,6.0,1698
652,7.0,2709
652,8.0,2678
652,9.0,2212
652,10.0,1270
652,11.0,1471
652,12.0,1972
652,13.0,1200
652,14.0,1726
652,15.0,2467
652,16.0,1949
652,17.0,2037
652,18.0,1824
652,19.0,1163
653,0.0,2560
653,1.0,2385
653,2.0,2629
653,3.0,1023
653,4.0,2038
653,5.0,2038
653,6.0,1698
653,7.0,2709
653,8.0,2678
653,9.0,2212
653,10.0,1270
653,11.0,1471
653,12.0,1972
653,13.0,2747
653,14.0,1726
653,15.0,2700
653,16.0,1410
653,17.0,2416
653,18.0,1150
653,19.0,1040
654,0.0,1542
654,1.0,2385
654,2.0,1720
654,3.0,1023
654,4.0,2038
654,5.0,2038
654,6.0,1433
654,7.0,2709
654,8.0,2678
654,9.0,2212
654,10.0,1270
654,11.0,1471
654,12.0,1972
654,13.0,1200
654,14.0,1726
654,15.0,1517
654,16.0,1876
654,17.0,1957
654,18.0,2564
654,19.0,1302
655,0.0,2473
655,1.0,3161
655,2.0,2629
655,3.0,1023
655,4.0,2038
655,5.0,2038
655,6.0,1698
655,7.0,2709
655,8.0,2678
655,9.0,2212
655,10.0,1270
655,11.0,1471
655,12.0,1972
655,13.0,1200
655,14.0,1726
655,15.0,2104
655,16.0,1066
655,17.0,1981
655,18.0,2396
655,19.0,2931
656,0.0,2814
656,1.0,2385
656,2.0,2629
656,3.0,1023
656,4.0,2038
656,5.0,2038
656,6.0,1698
656,7.0,2709
656,8.0,2678
656,9.0,2212
656,10.0,1270
656,11.0,1471
656,12.0,1972
656,13.0,1200
656,14.0,1726
656,15.0,3110
656,16.0,2732
656,17.0,2128
656,18.0,3168
656,19.0,2297
657,0.0,1158
657,1.0,2385
657,2.0,2629
657,3.0,1023
657,4.0,2038
657,5.0,2038
657,6.0,1698
657,7.0,2709
657,8.0,2678
657,9.0,2212
657,10.0,1270
657,11.0,1471
657,12.0,1972
657,13.0,1200
657,14.0,1726
657,15.0,2488
657,16.0,2102
657,17.0,2984
657,18.0,2871
657,19.0,2702
658,0.0,2492
658,1.0,2385
658,2.0,2629
658,3.0,1023
658,4.0,2038
658,5.0,2038
658,6.0,1698
658,7.0,2709
658,8.0,2678
658,9.0,2212
658,10.0,1270
658,11.0,1471
658,12.0,1972
658,13.0,1200
658,14.0,1170
658,15.0,2791
658,16.0,2321
658,17.0,2038
658,18.0,2038
658,19.0,2852
659,0.0,2996
659,1.0,2385
659,2.0,2629
659,3.0,1023
659,4.0,2038
659,5.0,2038
659,6.0,1698
659,7.0,2709
659,8.0,2678
659,9.0,2212
659,10.0,1270
659,11.0,1471
659,12.0,1972
659,13.0,1200
659,14.0,1170
659,15.0,1143
659,16.0,2857
659,17.0,2038
659,18.0,2038
659,19.0,2086
660,0.0,1684
660,1.0,2385
660,2.0,2629
660,3.0,1023
660,4.0,2038
660,5.0,2038
660,6.0,1698
660,7.0,2709
660,8.0,2678
660,9.0,2212
660,10.0,1270
660,11.0,1471
660,12.0,1972
660,13.0,1200
660,14.0,1170
660,15.0,1107
660,16.0,1638
660,17.0,2038
660,18.0,2038
660,19.0,2124
661,0.0,2592
661,1.0,2385
661,2.0,2629
661,3.0,1023
661,4.0,2038
661,5.0,2038
661,6.0,1698
661,7.0,2709
661,8.0,2678
661,9.0,2212
661,10.0,1270
661,11.0,1471
661,12.0,1972
661,13.0,1200
661,14.0,1170
661,15.0,2790
661,16.0,1690
661,17.0,2038
661,18.0,2038
661,19.0,2322
662,0.0,2985
662,1.0,2385
662,2.0,2629
662,3.0,1023
662,4.0,2038
662,5.0,2038
662,6.0,1698
662,7.0,2709
662,8.0,2678
662,9.0,2212
662,10.0,1270
662,11.0,1471
662,12.0,1972
662,13.0,1200
662,14.0,1170
662,15.0,2763
662,16.0,3114
662,17.0,2038
662,18.0,2038
662,19.0,2358
663,0.0,1459
663,1.0,2385
663,2.0,2629
663,3.0,1023
663,4.0,2038
663,5.0,2038
663,6.0,1698
663,7.0,2709
663,8.0,2678
663,9.0,2212
663,10.0,1270
663,11.0,1471
663,12.0,1972
663,13.0,1200
663,14.0,1170
663,15.0,2305
663,16.0,1207
663,17.0,2038
663,18.0,2038
663,19.0,1036
664,0.0,1801
664,1.0,2385
664,2.0,2629
664,3.0,1023
664,4.0,2038
664,5.0,2038
664,6.0,1698
664,7.0,2709
664,8.0,2678
664,9.0,2212
664,10.0,1270
664,11.0,1471
664,12.0,1972
664,13.0,1200
664,14.0,1170
664,15.0,2393
664,16.0,1343
664,17.0,2038
664,18.0,2038
664,19.0,2244
665,0.0,3162
665,1.0,2385
665,2.0,2629
665,3.0,1023
665,4.0,2038
665,5.0,2038
665,6.0,1698
665,7.0,2709
665,8.0,2678
665,9.0,2212
665,10.0,1270
665,11.0,1471
665,12.0,1972
665,13.0,1200
665,14.0,1170
665,15.0,2341
665,16.0,1502
665,17.0,2038
665,18.0,2038
665,19.0,1367
666,0.0,1773
666,1.0,1477
666,2.0,1069
666,3.0,2072
666,4.0,2038
666,5.0,2038
666,6.0,2061
666,7.0,2709
666,8.0,1030
666,9.0,1915
666,10.0,2881
666,11.0,1471
666,12.0,2544
666,13.0,1924
666,14.0,3030
666,15.0,1206
666,16.0,1629
666,17.0,1626
666,18.0,1269
666,19.0,2347
667,0.0,2370
667,1.0,1477
667,2.0,1069
667,3.0,2072
667,4.0,2038
667,5.0,2038
667,6.0,2061
667,7.0,2709
667,8.0,1030
667,9.0,1915
667,10.0,2855
667,11.0,1471
667,12.0,2544
667,13.0,1924
667,14.0,3030
667,15.0,1294
667,16.0,1846
667,17.0,1626
667,18.0,2675
667,19.0,2923
668,0.0,2116
668,1.0,1477
668,2.0,1069
668,3.0,2072
668,4.0,2038
668,5.0,2038
668,6.0,2061
668,7.0,2709
668,8.0,1030
668,9.0,1915
668,10.0,2855
668,11.0,1471
668,12.0,2544
668,13.0,1924
668,14.0,3030
668,15.0,1989
668,16.0,2970
668,17.0,1416
668,18.0,2042
668,19.0,3004
669,0.0,1707
669,1.0,1477
669,2.0,1069
669,3.0,2072
669,4.0,2038
669,5.0,2038
669,6.0,2061
669,7.0,2709
669,8.0,1030
669,9.0,1915
669,10.0,2855
669,11.0,1471
669,12.0,2544
669,13.0,1924
669,14.0,3030
669,15.0,2272
669,16.0,2954
669,17.0,2416
669,18.0,2065
669,19.0,1418
670,0.0,2442
670,1.0,1477
670,2.0,1069
670,3.0,2072
670,4.0,2038
670,5.0,2038
670,6.0,2061
670,7.0,2709
670,8.0,1030
670,9.0,1915
670,10.0,2855
670,11.0,1471
670,12.0,2544
670,13.0,1924
670,14.0,3030
670,15.0,3078
670,16.0,1382
670,17.0,2539
670,18.0,2030
670,19.0,3072
671,0.0,2759
671,1.0,1477
671,2.0,1069
671,3.0,2072
671,4.0,2038
671,5.0,2038
671,6.0,2061
671,7.0,2709
671,8.0,1030
671,9.0,1915
671,10.0,2855
671,11.0,1471
671,12.0,2544
671,13.0,1924
671,14.0,3030
671,15.0,2310
671,16.0,2975
671,17.0,2038
671,18.0,2826
671,19.0,1208
672,0.0,2303
672,1.0,1477
672,2.0,1069
672,3.0,2072
672,4.0,2038
672,5.0,2038
672,6.0,2061
672,7.0,2709
672,8.0,1030
672,9.0,1636
672,10.0,2855
672,11.0,1471
672,12.0,2544
672,13.0,1924
672,14.0,3030
672,15.0,1557
672,16.0,1178
672,17.0,1626
672,18.0,2463
672,19.0,2761
673,0.0,1831
673,1.0,1477
673,2.0,1069
673,3.0,2072
673,4.0,2038
673,5.0,2038
673,6.0,2061
673,7.0,2709
673,8.0,1030
673,9.0,1915
673,10.0,2855
673,11.0,1471
673,12.0,2544
673,13.0,1924
673,14.0,2121
673,15.0,3074
673,16.0,1219
673,17.0,2973
673,18.0,2482
673,19.0,1956
674,0.0,2356
674,1.0,1477
674,2.0,1069
674,3.0,2072
674,4.0,2038
674,5.0,2038
674,6.0,2061
674,7.0,2709
674,8.0,1030
674,9.0,1915
674,10.0,2855
674,11.0,1471
674,12.0,2544
674,13.0,1738
674,14.0,2121
674,15.0,1706
674,16.0,2754
674,17.0,2128
674,18.0,1885
674,19.0,1362
675,0.0,2582
675,1.0,1477
675,2.0,1069
675,3.0,2072
675,4.0,2038
675,5.0,2038
675,6.0,2061
675,7.0,2709
675,8.0,1030
675,9.0,1915
675,10.0,2855
675,11.0,1471
675,12.0,2544
675,13.0,1924
675,14.0,2121
675,15.0,1937
675,16.0,2640
675,17.0,1126
675,18.0,2138
675,19.0,2113
676,0.0,2908
676,1.0,1477
676,2.0,1069
676,3.0,2072
676,4.0,2038
676,5.0,2038
676,6.0,2061
676,7.0,2709
676,8.0,1030
676,9.0,1915
676,10.0,2855
676,11.0,1471
676,12.0,2544
676,13.0,1924
676,14.0,2121
676,15.0,2926
676,16.0,1102
676,17.0,2416
676,18.0,1047
676,19.0,1175
677,0.0,2159
677,1.0,1477
677,2.0,1069
677,3.0,2072
677,4.0,2038
677,5.0,2038
677,6.0,2061
677,7.0,2709
677,8.0,1030
677,9.0,1915
677,10.0,2855
677,11.0,1471
677,12.0,2544
677,13.0,1924
677,14.0,1726
677,15.0,2467
677,16.0,1949
677,17.0,3156
677,18.0,1282
677,19.0,1163
678,0.0,2194
678,1.0,1477
678,2.0,1069
678,3.0,2072
678,4.0,2038
678,5.0,2038
678,6.0,2061
678,7.0,2709
678,8.0,1030
678,9.0,1915
678,10.0,2855
678,11.0,1471
678,12.0,2544
678,13.0,1924
678,14.0,1726
678,15.0,2700
678,16.0,1410
678,17.0,1878
678,18.0,1588
678,19.0,3117
679,0.0,1328
679,1.0,1477
679,2.0,1069
679,3.0,2072
679,4.0,2038
679,5.0,2038
679,6.0,2061
679,7.0,2709
679,8.0,3045
679,9.0,1915
679,10.0,2855
679,11.0,1471
679,12.0,2544
679,13.0,1924
679,14.0,2302
679,15.0,1517
679,16.0,1876
679,17.0,2416
679,18.0,3094
679,19.0,1302
680,0.0,2663
680,1.0,1477
680,2.0,1069
680,3.0,2072
680,4.0,2038
680,5.0,2038
680,6.0,2061
680,7.0,2709
680,8.0,1030
680,9.0,1915
680,10.0,2855
680,11.0,1471
680,12.0,2544
680,13.0,1924
680,14.0,1726
680,15.0,2104
680,16.0,1066
680,17.0,1878
680,18.0,1891
680,19.0,2931
681,0.0,1886
681,1.0,1477
681,2.0,1069
681,3.0,2072
681,4.0,2038
681,5.0,2038
681,6.0,2061
681,7.0,2709
681,8.0,1030
681,9.0,1915
681,10.0,2855
681,11.0,1471
681,12.0,2544
681,13.0,1924
681,14.0,1726
681,15.0,3110
681,16.0,2732
681,17.0,2211
681,18.0,3059
681,19.0,2297
682,0.0,2376
682,1.0,1477
682,2.0,1069
682,3.0,2072
682,4.0,2038
682,5.0,2038
682,6.0,2061
682,7.0,2709
682,8.0,1030
682,9.0,1915
682,10.0,2855
682,11.0,1471
682,12.0,2544
682,13.0,1924
682,14.0,1726
682,15.0,2488
682,16.0,2102
682,17.0,2301
682,18.0,1062
682,19.0,2702
683,0.0,2625
683,1.0,1477
683,2.0,1069
683,3.0,2072
683,4.0,2038
683,5.0,2038
683,6.0,2061
683,7.0,2709
683,8.0,1030
683,9.0,1915
683,10.0,2855
683,11.0,1471
683,12.0,2544
683,13.0,1924
683,14.0,1170
683,15.0,2791
683,16.0,2321
683,17.0,1913
683,18.0,2838
683,19.0,2852
684,0.0,1086
684,1.0,1477
684,2.0,1069
684,3.0,2072
684,4.0,2038
684,5.0,2038
684,6.0,2061
684,7.0,2709
684,8.0,1030
684,9.0,1915
684,10.0,2855
684,11.0,1471
684,12.0,2544
684,13.0,1924
684,14.0,1170
684,15.0,1143
684,16.0,2857
684,17.0,2280
684,18.0,2323
684,19.0,2086
685,0.0,2769
685,1.0,1477
685,2.0,1069
685,3.0,2072
685,4.0,2038
685,5.0,2038
685,6.0,2061
685,7.0,2709
685,8.0,2052
685,9.0,1915
685,10.0,2855
685,11.0,1471
685,12.0,2544
685,13.0,1924
685,14.0,1170
685,15.0,1107
685,16.0,1638
685,17.0,1550
685,18.0,1806
685,19.0,2124
686,0.0,2214
686,1.0,1477
686,2.0,1069
686,3.0,2072
686,4.0,2038
686,5.0,2038
686,6.0,2061
686,7.0,2709
686,8.0,1030
686,9.0,1915
686,10.0,2855
686,11.0,1471
686,12.0,2544
686,13.0,1924
686,14.0,1170
686,15.0,2790
686,16.0,1690
686,17.0,1731
686,18.0,2965
686,19.0,2322
687,0.0,3040
687,1.0,1477
687,2.0,1069
687,3.0,2072
687,4.0,2038
687,5.0,2038
687,6.0,2061
687,7.0,2709
687,8.0,1030
687,9.0,1915
687,10.0,2855
687,11.0,1471
687,12.0,2544
687,13.0,1924
687,14.0,1170
687,15.0,2763
687,16.0,3114
687,17.0,3142
687,18.0,2937
687,19.0,2358
688,0.0,2129
688,1.0,1477
688,2.0,1069
688,3.0,2072
688,4.0,2038
688,5.0,2038
688,6.0,2061
688,7.0,2709
688,8.0,1030
688,9.0,1915
688,10.0,2855
688,11.0,1471
688,12.0,2544
688,13.0,1924
688,14.0,1170
688,15.0,2305
688,16.0,1207
688,17.0,2539
688,18.0,1888
688,19.0,1036
689,0.0,1574
689,1.0,1477
689,2.0,1069
689,3.0,2072
689,4.0,2038
689,5.0,2038
689,6.0,2061
689,7.0,2709
689,8.0,1030
689,9.0,2006
689,10.0,2855
689,11.0,1471
689,12.0,2544
689,13.0,1924
689,14.0,1170
689,15.0,2393
689,16.0,1343
689,17.0,2301
689,18.0,1348
689,19.0,2244
690,0.0,2046
690,1.0,1477
690,2.0,1069
690,3.0,2072
690,4.0,2038
690,5.0,2038
690,6.0,2082
690,7.0,2709
690,8.0,1030
690,9.0,1915
690,10.0,2855
690,11.0,1471
690,12.0,2544
690,13.0,1924
690,14.0,1170
690,15.0,2341
690,16.0,1502
690,17.0,1151
690,18.0,2641
690,19.0,1367
691,0.0,2543
691,1.0,2163
691,2.0,1518
691,3.0,1685
691,4.0,2038
691,5.0,2038
691,6.0,2380
691,7.0,2709
691,8.0,2343
691,9.0,2800
691,10.0,1446
691,11.0,1471
691,12.0,1121
691,13.0,1200
691,14.0,3030
691,15.0,1438
691,16.0,1629
691,17.0,1151
691,18.0,1812
691,19.0,2347
692,0.0,3005
692,1.0,2163
692,2.0,1518
692,3.0,1685
692,4.0,2038
692,5.0,2038
692,6.0,2380
692,7.0,2709
692,8.0,2343
692,9.0,1779
692,10.0,1446
692,11.0,1471
692,12.0,1121
692,13.0,1200
692,14.0,3030
692,15.0,1294
692,16.0,1846
692,17.0,2416
692,18.0,1901
692,19.0,2923
693,0.0,2336
693,1.0,2163
693,2.0,1518
693,3.0,1685
693,4.0,2038
693,5.0,2038
693,6.0,2380
693,7.0,2709
693,8.0,2343
693,9.0,2800
693,10.0,1446
693,11.0,1471
693,12.0,1121
693,13.0,1200
693,14.0,3030
693,15.0,1989
693,16.0,2970
693,17.0,2416
693,18.0,2250
693,19.0,3004
694,0.0,3140
694,1.0,2163
694,2.0,1518
694,3.0,1685
694,4.0,2038
694,5.0,2038
694,6.0,2380
694,7.0,2709
694,8.0,2343
694,9.0,2800
694,10.0,1446
694,11.0,1471
694,12.0,1121
694,13.0,1200
694,14.0,3030
694,15.0,1493
694,16.0,2954
694,17.0,2038
694,18.0,2826
694,19.0,1418
695,0.0,2570
695,1.0,2163
695,2.0,1518
695,3.0,1685
695,4.0,2038
695,5.0,2038
695,6.0,2380
695,7.0,2709
695,8.0,2343
695,9.0,2800
695,10.0,1446
695,11.0,2549
695,12.0,1121
695,13.0,1200
695,14.0,1991
695,15.0,3078
695,16.0,1382
695,17.0,1391
695,18.0,1901
695,19.0,3072
696,0.0,2202
696,1.0,2163
696,2.0,1518
696,3.0,1685
696,4.0,2038
696,5.0,2038
696,6.0,1729
696,7.0,2709
696,8.0,2343
696,9.0,2800
696,10.0,1446
696,11.0,1471
696,12.0,1121
696,13.0,1200
696,14.0,3030
696,15.0,2310
696,16.0,2975
696,17.0,2038
696,18.0,2826
696,19.0,1208
697,0.0,1116
697,1.0,2163
697,2.0,1964
697,3.0,1685
697,4.0,2038
697,5.0,2038
697,6.0,2380
697,7.0,2709
697,8.0,2343
697,9.0,2800
697,10.0,1446
697,11.0,1471
697,12.0,1121
697,13.0,1200
697,14.0,3030
697,15.0,1557
697,16.0,2229
697,17.0,2038
697,18.0,2826
697,19.0,2761
698,0.0,1371
698,1.0,2163
698,2.0,1518
698,3.0,1685
698,4.0,2038
698,5.0,2038
698,6.0,2380
698,7.0,2709
698,8.0,2343
698,9.0,3029
698,10.0,1446
698,11.0,1471
698,12.0,1121
698,13.0,1200
698,14.0,1271
698,15.0,1184
698,16.0,1219
698,17.0,2574
698,18.0,1567
698,19.0,1956
699,0.0,1369
699,1.0,2163
699,2.0,1518
699,3.0,1685
699,4.0,2038
699,5.0,2038
699,6.0,2380
699,7.0,2709
699,8.0,2343
699,9.0,2800
699,10.0,2293
699,11.0,1471
699,12.0,1121
699,13.0,1200
699,14.0,2121
699,15.0,1706
699,16.0,2754
699,17.0,2416
699,18.0,2412
699,19.0,1362
700,0.0,1739
700,1.0,2163
700,2.0,1518
700,3.0,1685
700,4.0,2038
700,5.0,2038
700,6.0,2380
700,7.0,2709
700,8.0,2343
700,9.0,2800
700,10.0,1446
700,11.0,1471
700,12.0,1121
700,13.0,1200
700,14.0,2121
700,15.0,1937
700,16.0,2640
700,17.0,2416
700,18.0,2396
700,19.0,2113
701,0.0,2972
701,1.0,2163
701,2.0,1518
701,3.0,1685
701,4.0,2038
701,5.0,2038
701,6.0,2380
701,7.0,1384
701,8.0,2343
701,9.0,2800
701,10.0,1446
701,11.0,1471
701,12.0,1121
701,13.0,1200
701,14.0,2121
701,15.0,2484
701,16.0,1102
701,17.0,2416
701,18.0,2409
701,19.0,1175
702,0.0,2848
702,1.0,2163
702,2.0,1518
702,3.0,1685
702,4.0,2038
702,5.0,2038
702,6.0,2380
702,7.0,2709
702,8.0,2343
702,9.0,2800
702,10.0,1446
702,11.0,1471
702,12.0,1121
702,13.0,1200
702,14.0,1726
702,15.0,2467
702,16.0,1949
702,17.0,1731
702,18.0,1240
702,19.0,1163
703,0.0,2554
703,1.0,2163
703,2.0,1518
703,3.0,1685
703,4.0,2038
703,5.0,2038
703,6.0,2380
703,7.0,2709
703,8.0,2343
703,9.0,2800
703,10.0,1446
703,11.0,1471
703,12.0,1121
703,13.0,1200
703,14.0,1726
703,15.0,2700
703,16.0,1410
703,17.0,1550
703,18.0,1225
703,19.0,1040
704,0.0,1317
704,1.0,1612
704,2.0,1518
704,3.0,1685
704,4.0,2038
704,5.0,2038
704,6.0,2380
704,7.0,2709
704,8.0,2343
704,9.0,2800
704,10.0,1446
704,11.0,1471
704,12.0,1121
704,13.0,1200
704,14.0,1726
704,15.0,1517
704,16.0,1876
704,17.0,1981
704,18.0,2118
704,19.0,1302
705,0.0,1678
705,1.0,2163
705,2.0,1518
705,3.0,1685
705,4.0,2038
705,5.0,2038
705,6.0,2380
705,7.0,2709
705,8.0,2343
705,9.0,2800
705,10.0,1446
705,11.0,3166
705,12.0,1121
705,13.0,1200
705,14.0,1726
705,15.0,2104
705,16.0,1800
705,17.0,2539
705,18.0,2887
705,19.0,2931
706,0.0,2127
706,1.0,2163
706,2.0,1518
706,3.0,1685
706,4.0,2038
706,5.0,2038
706,6.0,2380
706,7.0,2709
706,8.0,2343
706,9.0,2800
706,10.0,1446
706,11.0,1471
706,12.0,1121
706,13.0,1200
706,14.0,1726
706,15.0,3110
706,16.0,2757
706,17.0,2128
706,18.0,1774
706,19.0,2297
707,0.0,2167
707,1.0,2163
707,2.0,1518
707,3.0,1685
707,4.0,2038
707,5.0,2038
707,6.0,2380
707,7.0,2709
707,8.0,2343
707,9.0,2800
707,10.0,1446
707,11.0,1471
707,12.0,1121
707,13.0,1200
707,14.0,1726
707,15.0,2488
707,16.0,2102
707,17.0,1053
707,18.0,2474
707,19.0,2702
708,0.0,2117
708,1.0,2163
708,2.0,1518
708,3.0,1685
708,4.0,2038
708,5.0,2038
708,6.0,2380
708,7.0,2709
708,8.0,2343
708,9.0,2800
708,10.0,1446
708,11.0,1471
708,12.0,1121
708,13.0,1200
708,14.0,1170
708,15.0,2791
708,16.0,2321
708,17.0,2416
708,18.0,1872
708,19.0,2852
709,0.0,1462
709,1.0,2163
709,2.0,1518
709,3.0,1685
709,4.0,2038
709,5.0,2038
709,6.0,2380
709,7.0,2709
709,8.0,2343
709,9.0,2800
709,10.0,1446
709,11.0,1471
709,12.0,1121
709,13.0,1200
709,14.0,1170
709,15.0,1143
709,16.0,2857
709,17.0,2416
709,18.0,2596
709,19.0,2086
710,0.0,1656
710,1.0,2163
710,2.0,1070
710,3.0,1685
710,4.0,2038
710,5.0,2038
710,6.0,2380
710,7.0,2709
710,8.0,2181
710,9.0,2800
710,10.0,1446
710,11.0,1471
710,12.0,1121
710,13.0,1200
710,14.0,1170
710,15.0,1107
710,16.0,1638
710,17.0,2416
710,18.0,2596
710,19.0,2124
711,0.0,1284
711,1.0,2163
711,2.0,1518
711,3.0,1685
711,4.0,2038
711,5.0,2038
711,6.0,2380
711,7.0,2709
711,8.0,2343
711,9.0,2800
711,10.0,1446
711,11.0,1471
711,12.0,1121
711,13.0,1200
711,14.0,1170
711,15.0,2790
711,16.0,1690
711,17.0,2993
711,18.0,2409
711,19.0,2322
712,0.0,2610
712,1.0,2163
712,2.0,1518
712,3.0,1685
712,4.0,2038
712,5.0,2038
712,6.0,2380
712,7.0,2709
712,8.0,2343
712,9.0,2800
712,10.0,1446
712,11.0,1471
712,12.0,1121
712,13.0,1200
712,14.0,2945
712,15.0,2763
712,16.0,3114
712,17.0,2038
712,18.0,2826
712,19.0,2358
713,0.0,2071
713,1.0,2163
713,2.0,1518
713,3.0,1685
713,4.0,2038
713,5.0,2038
713,6.0,2380
713,7.0,2709
713,8.0,2343
713,9.0,2800
713,10.0,2144
713,11.0,1471
713,12.0,1121
713,13.0,1200
713,14.0,1170
713,15.0,2305
713,16.0,1529
713,17.0,2416
713,18.0,2687
713,19.0,1036
714,0.0,2899
714,1.0,2163
714,2.0,1518
714,3.0,1685
714,4.0,2038
714,5.0,2038
714,6.0,2380
714,7.0,2709
714,8.0,2343
714,9.0,2800
714,10.0,1446
714,11.0,1471
714,12.0,1121
714,13.0,1200
714,14.0,1170
714,15.0,2393
714,16.0,1343
714,17.0,2280
714,18.0,1398
714,19.0,2244
715,0.0,1435
715,1.0,2163
715,2.0,1518
715,3.0,1685
715,4.0,2038
715,5.0,2038
715,6.0,2380
715,7.0,2709
715,8.0,2343
715,9.0,2800
715,10.0,1446
715,11.0,1471
715,12.0,1121
715,13.0,1200
715,14.0,1170
715,15.0,2341
715,16.0,1502
715,17.0,2280
715,18.0,1398
715,19.0,1367
716,0.0,1404
716,1.0,1724
716,2.0,2470
716,3.0,2417
716,4.0,2038
716,5.0,2038
716,6.0,1250
716,7.0,2709
716,8.0,2716
716,9.0,1250
716,10.0,1576
716,11.0,1471
716,12.0,1771
716,13.0,1924
716,14.0,2859
716,15.0,1206
716,16.0,1629
716,17.0,2416
716,18.0,1423
716,19.0,2347
717,0.0,1667
717,1.0,1724
717,2.0,2470
717,3.0,2417
717,4.0,2038
717,5.0,2038
717,6.0,1250
717,7.0,2709
717,8.0,2716
717,9.0,1250
717,10.0,1576
717,11.0,1471
717,12.0,1771
717,13.0,1924
717,14.0,3030
717,15.0,1294
717,16.0,1846
717,17.0,2416
717,18.0,1095
717,19.0,2923
718,0.0,2655
718,1.0,1724
718,2.0,2470
718,3.0,2417
718,4.0,2038
718,5.0,2038
718,6.0,1250
718,7.0,2709
718,8.0,2716
718,9.0,1250
718,10.0,1576
718,11.0,1471
718,12.0,1771
718,13.0,1924
718,14.0,3030
718,15.0,2836
718,16.0,2970
718,17.0,1744
718,18.0,1872
718,19.0,3004
719,0.0,2950
719,1.0,1724
719,2.0,2470
719,3.0,2417
719,4.0,2038
719,5.0,2038
719,6.0,1250
719,7.0,2709
719,8.0,2716
719,9.0,1250
719,10.0,1576
719,11.0,1471
719,12.0,1771
719,13.0,1924
719,14.0,3030
719,15.0,2272
719,16.0,2954
719,17.0,2416
719,18.0,1872
719,19.0,1418
720,0.0,2579
720,1.0,1724
720,2.0,2470
720,3.0,2417
720,4.0,2038
720,5.0,2038
720,6.0,1250
720,7.0,2709
720,8.0,2716
720,9.0,1250
720,10.0,1576
720,11.0,1471
720,12.0,1771
720,13.0,1924
720,14.0,3030
720,15.0,3078
720,16.0,1382
720,17.0,2416
720,18.0,3168
720,19.0,3072
721,0.0,2497
721,1.0,1274
721,2.0,2470
721,3.0,2417
721,4.0,2038
721,5.0,2038
721,6.0,1250
721,7.0,2709
721,8.0,2716
721,9.0,1250
721,10.0,1576
721,11.0,1471
721,12.0,1771
721,13.0,1924
721,14.0,3030
721,15.0,2310
721,16.0,2975
721,17.0,2038
721,18.0,2826
721,19.0,2962
722,0.0,2316
722,1.0,1724
722,2.0,2470
722,3.0,2417
722,4.0,2038
722,5.0,2038
722,6.0,1250
722,7.0,2709
722,8.0,2716
722,9.0,2460
722,10.0,1576
722,11.0,1471
722,12.0,1771
722,13.0,1924
722,14.0,3030
722,15.0,1557
722,16.0,2229
722,17.0,2038
722,18.0,2826
722,19.0,2761
723,0.0,2109
723,1.0,1724
723,2.0,2470
723,3.0,2417
723,4.0,2038
723,5.0,2038
723,6.0,1250
723,7.0,2709
723,8.0,2716
723,9.0,1250
723,10.0,1576
723,11.0,1471
723,12.0,1771
723,13.0,1924
723,14.0,2121
723,15.0,1184
723,16.0,1219
723,17.0,3129
723,18.0,2783
723,19.0,1956
724,0.0,1267
724,1.0,1291
724,2.0,2470
724,3.0,2417
724,4.0,2038
724,5.0,2038
724,6.0,1250
724,7.0,2709
724,8.0,2716
724,9.0,1250
724,10.0,1576
724,11.0,1471
724,12.0,1771
724,13.0,1924
724,14.0,2121
724,15.0,1706
724,16.0,2754
724,17.0,2416
724,18.0,2653
724,19.0,1362
725,0.0,3070
725,1.0,1724
725,2.0,2470
725,3.0,2417
725,4.0,2038
725,5.0,2038
725,6.0,1250
725,7.0,2709
725,8.0,2716
725,9.0,1250
725,10.0,1576
725,11.0,1471
725,12.0,1771
725,13.0,1924
725,14.0,2121
725,15.0,1937
725,16.0,2640
725,17.0,2539
725,18.0,1663
725,19.0,2113
726,0.0,2168
726,1.0,1724
726,2.0,2470
726,3.0,2417
726,4.0,2038
726,5.0,2038
726,6.0,1250
726,7.0,2709
726,8.0,2716
726,9.0,1250
726,10.0,1576
726,11.0,1471
726,12.0,1771
726,13.0,1924
726,14.0,2121
726,15.0,2484
726,16.0,1102
726,17.0,2416
726,18.0,2157
726,19.0,1175
727,0.0,1089
727,1.0,1724
727,2.0,2470
727,3.0,2417
727,4.0,2038
727,5.0,2038
727,6.0,1250
727,7.0,2709
727,8.0,2716
727,9.0,1250
727,10.0,1576
727,11.0,1471
727,12.0,1771
727,13.0,1924
727,14.0,1726
727,15.0,2467
727,16.0,1949
727,17.0,2416
727,18.0,3059
727,19.0,1163
728,0.0,2040
728,1.0,1724
728,2.0,2470
728,3.0,2417
728,4.0,2038
728,5.0,2038
728,6.0,1250
728,7.0,2709
728,8.0,2716
728,9.0,1250
728,10.0,1576
728,11.0,1471
728,12.0,1771
728,13.0,1924
728,14.0,1726
728,15.0,2700
728,16.0,1410
728,17.0,2416
728,18.0,2222
728,19.0,1040
729,0.0,2012
729,1.0,1724
729,2.0,2470
729,3.0,2417
729,4.0,2038
729,5.0,2038
729,6.0,1250
729,7.0,2709
729,8.0,2716
729,9.0,1250
729,10.0,1576
729,11.0,3166
729,12.0,1771
729,13.0,1924
729,14.0,1726
729,15.0,2400
729,16.0,1876
729,17.0,2416
729,18.0,1364
729,19.0,1302
730,0.0,2087
730,1.0,1724
730,2.0,2307
730,3.0,2417
730,4.0,2038
730,5.0,2038
730,6.0,1250
730,7.0,2709
730,8.0,2716
730,9.0,2460
730,10.0,1576
730,11.0,1471
730,12.0,1771
730,13.0,1924
730,14.0,1726
730,15.0,2104
730,16.0,1066
730,17.0,3129
730,18.0,1814
730,19.0,2931
731,0.0,2992
731,1.0,1724
731,2.0,2470
731,3.0,2417
731,4.0,2038
731,5.0,2038
731,6.0,1250
731,7.0,2709
731,8.0,2716
731,9.0,1250
731,10.0,1576
731,11.0,1471
731,12.0,1771
731,13.0,1924
731,14.0,1726
731,15.0,3110
731,16.0,2732
731,17.0,1626
731,18.0,1331
731,19.0,2297
732,0.0,1265
732,1.0,1724
732,2.0,2470
732,3.0,2417
732,4.0,2038
732,5.0,2038
732,6.0,1250
732,7.0,2709
732,8.0,2716
732,9.0,1250
732,10.0,1576
732,11.0,1471
732,12.0,1771
732,13.0,1924
732,14.0,1726
732,15.0,2488
732,16.0,2102
732,17.0,1626
732,18.0,2477
732,19.0,2702
733,0.0,3139
733,1.0,1724
733,2.0,2470
733,3.0,2417
733,4.0,2038
733,5.0,2038
733,6.0,1250
733,7.0,2709
733,8.0,2716
733,9.0,1250
733,10.0,1576
733,11.0,1471
733,12.0,1771
733,13.0,1924
733,14.0,3090
733,15.0,2791
733,16.0,2321
733,17.0,3129
733,18.0,2133
733,19.0,2852
734,0.0,1734
734,1.0,1724
734,2.0,2470
734,3.0,2417
734,4.0,2038
734,5.0,2038
734,6.0,1250
734,7.0,2709
734,8.0,2716
734,9.0,1250
734,10.0,1576
734,11.0,1471
734,12.0,1771
734,13.0,1924
734,14.0,1170
734,15.0,1143
734,16.0,2857
734,17.0,3129
734,18.0,2968
734,19.0,2086
735,0.0,1844
735,1.0,1724
735,2.0,2470
735,3.0,2417
735,4.0,2038
735,5.0,2038
735,6.0,1250
735,7.0,2709
735,8.0,2716
735,9.0,1250
735,10.0,1576
735,11.0,1471
735,12.0,1771
735,13.0,1924
735,14.0,1170
735,15.0,3083
735,16.0,1638
735,17.0,1626
735,18.0,1951
735,19.0,2124
736,0.0,1056
736,1.0,1724
736,2.0,2470
736,3.0,2188
736,4.0,2038
736,5.0,2038
736,6.0,2395
736,7.0,2709
736,8.0,2716
736,9.0,1250
736,10.0,1576
736,11.0,1471
736,12.0,1771
736,13.0,1924
736,14.0,1170
736,15.0,2790
736,16.0,1690
736,17.0,1626
736,18.0,1130
736,19.0,2322
737,0.0,1889
737,1.0,1724
737,2.0,2470
737,3.0,2417
737,4.0,2038
737,5.0,2038
737,6.0,1250
737,7.0,2709
737,8.0,2716
737,9.0,1250
737,10.0,1576
737,11.0,1471
737,12.0,1771
737,13.0,1924
737,14.0,1170
737,15.0,2763
737,16.0,3114
737,17.0,2038
737,18.0,2826
737,19.0,2358
738,0.0,1312
738,1.0,1724
738,2.0,2470
738,3.0,2417
738,4.0,2038
738,5.0,2038
738,6.0,1250
738,7.0,2709
738,8.0,2716
738,9.0,1250
738,10.0,1576
738,11.0,1471
738,12.0,1771
738,13.0,1924
738,14.0,1170
738,15.0,2305
738,16.0,1207
738,17.0,2416
738,18.0,2270
738,19.0,1036
739,0.0,1073
739,1.0,1724
739,2.0,2470
739,3.0,2417
739,4.0,2038
739,5.0,2038
739,6.0,1250
739,7.0,2709
739,8.0,2716
739,9.0,1250
739,10.0,1576
739,11.0,1471
739,12.0,1771
739,13.0,1924
739,14.0,1170
739,15.0,2393
739,16.0,1343
739,17.0,1550
739,18.0,2312
739,19.0,2244
740,0.0,2694
740,1.0,1724
740,2.0,2470
740,3.0,2417
740,4.0,2038
740,5.0,2038
740,6.0,1250
740,7.0,2709
740,8.0,2716
740,9.0,1250
740,10.0,1576
740,11.0,1471
740,12.0,1771
740,13.0,1924
740,14.0,1170
740,15.0,2341
740,16.0,1502
740,17.0,1550
740,18.0,2312
740,19.0,1367
741,0.0,2162
741,1.0,2810
741,2.0,1173
741,3.0,3021
741,4.0,2038
741,5.0,2038
741,6.0,2019
741,7.0,2709
741,8.0,3105
741,9.0,2650
741,10.0,1147
741,11.0,1471
741,12.0,1843
741,13.0,1200
741,14.0,3030
741,15.0,1206
741,16.0,1629
741,17.0,2416
741,18.0,1722
741,19.0,2347
742,0.0,1933
742,1.0,2810
742,2.0,1173
742,3.0,3021
742,4.0,2038
742,5.0,2038
742,6.0,2019
742,7.0,2709
742,8.0,3105
742,9.0,2650
742,10.0,1147
742,11.0,1471
742,12.0,1843
742,13.0,1200
742,14.0,3030
742,15.0,1294
742,16.0,1846
742,17.0,1903
742,18.0,2036
742,19.0,2923
743,0.0,2084
743,1.0,2810
743,2.0,1173
743,3.0,3021
743,4.0,2038
743,5.0,2038
743,6.0,2019
743,7.0,2709
743,8.0,3105
743,9.0,2650
743,10.0,1147
743,11.0,1471
743,12.0,1843
743,13.0,1200
743,14.0,3030
743,15.0,1989
743,16.0,2970
743,17.0,2416
743,18.0,1872
743,19.0,3004
744,0.0,3018
744,1.0,2810
744,2.0,1173
744,3.0,3021
744,4.0,2038
744,5.0,2038
744,6.0,2019
744,7.0,2709
744,8.0,3105
744,9.0,2650
744,10.0,1147
744,11.0,1471
744,12.0,3116
744,13.0,1200
744,14.0,3030
744,15.0,2272
744,16.0,2954
744,17.0,2038
744,18.0,2826
744,19.0,1418
745,0.0,1566
745,1.0,2810
745,2.0,1173
745,3.0,3021
745,4.0,2038
745,5.0,2038
745,6.0,2019
745,7.0,2709
745,8.0,3105
745,9.0,2650
745,10.0,1147
745,11.0,1471
745,12.0,1843
745,13.0,1200
745,14.0,3030
745,15.0,3078
745,16.0,1382
745,17.0,2416
745,18.0,2564
745,19.0,3072
746,0.0,2351
746,1.0,2810
746,2.0,1173
746,3.0,3021
746,4.0,2038
746,5.0,2038
746,6.0,2019
746,7.0,2709
746,8.0,3105
746,9.0,2650
746,10.0,1147
746,11.0,1471
746,12.0,1843
746,13.0,1200
746,14.0,3030
746,15.0,2310
746,16.0,2975
746,17.0,2038
746,18.0,2826
746,19.0,1208
747,0.0,2901
747,1.0,2810
747,2.0,1173
747,3.0,3021
747,4.0,2038
747,5.0,2038
747,6.0,2019
747,7.0,2709
747,8.0,3105
747,9.0,2650
747,10.0,1147
747,11.0,1471
747,12.0,1843
747,13.0,1200
747,14.0,3030
747,15.0,1557
747,16.0,2229
747,17.0,2038
747,18.0,2826
747,19.0,2761
748,0.0,2643
748,1.0,2810
748,2.0,1173
748,3.0,3021
748,4.0,2038
748,5.0,2038
748,6.0,2019
748,7.0,2709
748,8.0,3105
748,9.0,2650
748,10.0,1147
748,11.0,1471
748,12.0,1843
748,13.0,1200
748,14.0,2121
748,15.0,1184
748,16.0,1219
748,17.0,2416
748,18.0,2009
748,19.0,1956
749,0.0,2257
749,1.0,2810
749,2.0,1173
749,3.0,3021
749,4.0,2038
749,5.0,2038
749,6.0,2019
749,7.0,2709
749,8.0,3105
749,9.0,2650
749,10.0,1147
749,11.0,1471
749,12.0,1843
749,13.0,1200
749,14.0,2121
749,15.0,1254
749,16.0,2754
749,17.0,1416
749,18.0,1668
749,19.0,1362
750,0.0,2368
750,1.0,2810
750,2.0,1173
750,3.0,3021
750,4.0,2038
750,5.0,2038
750,6.0,2019
750,7.0,2709
750,8.0,2317
750,9.0,2650
750,10.0,1147
750,11.0,1471
750,12.0,1843
750,13.0,1200
750,14.0,2121
750,15.0,1937
750,16.0,2640
750,17.0,3091
750,18.0,2379
750,19.0,2113
751,0.0,1129
751,1.0,2810
751,2.0,1173
751,3.0,3021
751,4.0,2038
751,5.0,2038
751,6.0,2019
751,7.0,2709
751,8.0,3105
751,9.0,2650
751,10.0,2751
751,11.0,1471
751,12.0,1843
751,13.0,1200
751,14.0,2121
751,15.0,2484
751,16.0,1102
751,17.0,2416
751,18.0,1921
751,19.0,1175
752,0.0,2223
752,1.0,2810
752,2.0,1173
752,3.0,3021
752,4.0,2038
752,5.0,2038
752,6.0,2019
752,7.0,2709
752,8.0,3105
752,9.0,2180
752,10.0,1147
752,11.0,1471
752,12.0,1843
752,13.0,1200
752,14.0,1726
752,15.0,2467
752,16.0,1949
752,17.0,2416
752,18.0,1769
752,19.0,1163
753,0.0,2263
753,1.0,2810
753,2.0,1173
753,3.0,3021
753,4.0,2038
753,5.0,2038
753,6.0,2019
753,7.0,2709
753,8.0,3105
753,9.0,2650
753,10.0,1147
753,11.0,1471
753,12.0,1843
753,13.0,1200
753,14.0,1726
753,15.0,2700
753,16.0,1410
753,17.0,1305
753,18.0,2319
753,19.0,1040
754,0.0,2517
754,1.0,2810
754,2.0,1173
754,3.0,3021
754,4.0,2038
754,5.0,2038
754,6.0,2019
754,7.0,2709
754,8.0,3105
754,9.0,2650
754,10.0,1147
754,11.0,1471
754,12.0,1843
754,13.0,1200
754,14.0,1726
754,15.0,1517
754,16.0,1876
754,17.0,2416
754,18.0,1257
754,19.0,1302
755,0.0,1289
755,1.0,1260
755,2.0,1173
755,3.0,3021
755,4.0,2038
755,5.0,2038
755,6.0,2019
755,7.0,2709
755,8.0,3105
755,9.0,2650
755,10.0,1147
755,11.0,1471
755,12.0,1843
755,13.0,1200
755,14.0,1726
755,15.0,2104
755,16.0,1066
755,17.0,2539
755,18.0,3027
755,19.0,2931
756,0.0,2896
756,1.0,2810
756,2.0,1173
756,3.0,3021
756,4.0,2038
756,5.0,2038
756,6.0,3037
756,7.0,2709
756,8.0,3105
756,9.0,2650
756,10.0,1147
756,11.0,1471
756,12.0,1843
756,13.0,1200
756,14.0,1726
756,15.0,3110
756,16.0,2732
756,17.0,1391
756,18.0,1201
756,19.0,2297
757,0.0,2674
757,1.0,2810
757,2.0,1173
757,3.0,3021
757,4.0,2038
757,5.0,2038
757,6.0,2019
757,7.0,2709
757,8.0,3105
757,9.0,2650
757,10.0,1147
757,11.0,1471
757,12.0,1843
757,13.0,1200
757,14.0,1726
757,15.0,2488
757,16.0,2102
757,17.0,1878
757,18.0,1774
757,19.0,2702
758,0.0,1281
758,1.0,2810
758,2.0,2346
758,3.0,3021
758,4.0,2038
758,5.0,2038
758,6.0,2019
758,7.0,2709
758,8.0,3105
758,9.0,2650
758,10.0,1147
758,11.0,1471
758,12.0,1843
758,13.0,1200
758,14.0,1170
758,15.0,2791
758,16.0,2321
758,17.0,1305
758,18.0,2944
758,19.0,2852
759,0.0,2734
759,1.0,2810
759,2.0,1173
759,3.0,3021
759,4.0,2038
759,5.0,2038
759,6.0,2019
759,7.0,2709
759,8.0,3105
759,9.0,2650
759,10.0,1147
759,11.0,1471
759,12.0,1843
759,13.0,1200
759,14.0,1170
759,15.0,1143
759,16.0,2857
759,17.0,2539
759,18.0,1668
759,19.0,2086
760,0.0,2537
760,1.0,2810
760,2.0,1173
760,3.0,3021
760,4.0,2038
760,5.0,2038
760,6.0,2019
760,7.0,2709
760,8.0,3105
760,9.0,2650
760,10.0,1147
760,11.0,1471
760,12.0,1843
760,13.0,1200
760,14.0,1170
760,15.0,1107
760,16.0,1638
760,17.0,2280
760,18.0,3132
760,19.0,2774
761,0.0,2108
761,1.0,2810
761,2.0,1173
761,3.0,3021
761,4.0,2038
761,5.0,2038
761,6.0,2019
761,7.0,2709
761,8.0,3105
761,9.0,2650
761,10.0,1147
761,11.0,1471
761,12.0,1843
761,13.0,1200
761,14.0,1170
761,15.0,2790
761,16.0,1690
761,17.0,3129
761,18.0,1331
761,19.0,2322
762,0.0,2137
762,1.0,2810
762,2.0,1173
762,3.0,3021
762,4.0,2038
762,5.0,2038
762,6.0,2019
762,7.0,2709
762,8.0,3105
762,9.0,2650
762,10.0,1147
762,11.0,1471
762,12.0,1843
762,13.0,1200
762,14.0,1170
762,15.0,2763
762,16.0,3114
762,17.0,2038
762,18.0,2826
762,19.0,2358
763,0.0,2660
763,1.0,2810
763,2.0,1173
763,3.0,3021
763,4.0,2038
763,5.0,2038
763,6.0,2019
763,7.0,2709
763,8.0,3105
763,9.0,2650
763,10.0,2338
763,11.0,1471
763,12.0,1843
763,13.0,1200
763,14.0,1170
763,15.0,2305
763,16.0,1207
763,17.0,2416
763,18.0,1634
763,19.0,1036
764,0.0,2794
764,1.0,2810
764,2.0,1173
764,3.0,3021
764,4.0,2038
764,5.0,2038
764,6.0,2019
764,7.0,1384
764,8.0,3105
764,9.0,2650
764,10.0,1147
764,11.0,1471
764,12.0,1843
764,13.0,1200
764,14.0,1170
764,15.0,2393
764,16.0,1343
764,17.0,2696
764,18.0,2448
764,19.0,2485
765,0.0,1573
765,1.0,2810
765,2.0,1409
765,3.0,3021
765,4.0,2038
765,5.0,2038
765,6.0,2019
765,7.0,2709
765,8.0,3105
765,9.0,2650
765,10.0,1147
765,11.0,1471
765,12.0,1843
765,13.0,1200
765,14.0,1170
765,15.0,2341
765,16.0,1502
765,17.0,2696
765,18.0,2448
765,19.0,1367
766,0.0,2749
766,1.0,1425
766,2.0,2824
766,3.0,2591
766,4.0,2038
766,5.0,2038
766,6.0,1140
766,7.0,2709
766,8.0,1750
766,9.0,2035
766,10.0,2553
766,11.0,1471
766,12.0,1843
766,13.0,1924
766,14.0,2245
766,15.0,2185
766,16.0,2793
766,17.0,2416
766,18.0,2409
766,19.0,2999
767,0.0,1190
767,1.0,1425
767,2.0,2824
767,3.0,2426
767,4.0,2038
767,5.0,2038
767,6.0,1140
767,7.0,2709
767,8.0,1750
767,9.0,2035
767,10.0,2553
767,11.0,1471
767,12.0,1843
767,13.0,1924
767,14.0,1170
767,15.0,1143
767,16.0,2857
767,17.0,3129
767,18.0,2808
767,19.0,2086
768,0.0,2724
768,1.0,1425
768,2.0,2824
768,3.0,2591
768,4.0,2038
768,5.0,2038
768,6.0,1140
768,7.0,2709
768,8.0,1750
768,9.0,2035
768,10.0,2553
768,11.0,1471
768,12.0,1843
768,13.0,1924
768,14.0,1170
768,15.0,1107
768,16.0,1638
768,17.0,1053
768,18.0,1679
768,19.0,2124
769,0.0,2011
769,1.0,1425
769,2.0,2824
769,3.0,2591
769,4.0,2038
769,5.0,2038
769,6.0,1140
769,7.0,2709
769,8.0,1750
769,9.0,2035
769,10.0,2553
769,11.0,1471
769,12.0,1843
769,13.0,1924
769,14.0,1170
769,15.0,2790
769,16.0,1690
769,17.0,2849
769,18.0,1083
769,19.0,2322
770,0.0,1072
770,1.0,1425
770,2.0,2824
770,3.0,2591
770,4.0,2038
770,5.0,2038
770,6.0,1140
770,7.0,2709
770,8.0,1750
770,9.0,2035
770,10.0,2553
770,11.0,1471
770,12.0,1843
770,13.0,1924
770,14.0,1170
770,15.0,2763
770,16.0,3114
770,17.0,2038
770,18.0,2826
770,19.0,2358
771,0.0,2868
771,1.0,1425
771,2.0,2824
771,3.0,2591
771,4.0,2038
771,5.0,2038
771,6.0,1140
771,7.0,2709
771,8.0,1750
771,9.0,2035
771,10.0,2553
771,11.0,1471
771,12.0,1843
771,13.0,1924
771,14.0,1170
771,15.0,2305
771,16.0,1207
771,17.0,2416
771,18.0,1094
771,19.0,1036
772,0.0,2997
772,1.0,1425
772,2.0,2824
772,3.0,2591
772,4.0,2038
772,5.0,2038
772,6.0,2897
772,7.0,2709
772,8.0,1750
772,9.0,2035
772,10.0,2553
772,11.0,1471
772,12.0,1843
772,13.0,1924
772,14.0,1170
772,15.0,2393
772,16.0,1343
772,17.0,1981
772,18.0,1906
772,19.0,2244
773,0.0,2273
773,1.0,1425
773,2.0,2824
773,3.0,2591
773,4.0,2038
773,5.0,2038
773,6.0,1140
773,7.0,2709
773,8.0,1750
773,9.0,2035
773,10.0,2553
773,11.0,1471
773,12.0,1843
773,13.0,1924
773,14.0,1170
773,15.0,2341
773,16.0,1502
773,17.0,1305
773,18.0,2722
773,19.0,1367
774,0.0,1494
774,1.0,2929
774,2.0,1159
774,3.0,2853
774,4.0,2038
774,5.0,2038
774,6.0,1641
774,7.0,2709
774,8.0,1436
774,9.0,2337
774,10.0,2050
774,11.0,1471
774,12.0,1771
774,13.0,1924
774,14.0,2245
774,15.0,2902
774,16.0,2793
774,17.0,2416
774,18.0,1741
774,19.0,2999
775,0.0,1185
775,1.0,2929
775,2.0,1159
775,3.0,2853
775,4.0,2038
775,5.0,2038
775,6.0,1641
775,7.0,2709
775,8.0,1436
775,9.0,2337
775,10.0,2050
775,11.0,1471
775,12.0,1771
775,13.0,1924
775,14.0,2245
775,15.0,2611
775,16.0,1203
775,17.0,1626
775,18.0,1741
775,19.0,2174
776,0.0,2566
776,1.0,2929
776,2.0,1159
776,3.0,2853
776,4.0,2038
776,5.0,2038
776,6.0,1641
776,7.0,2709
776,8.0,1436
776,9.0,2337
776,10.0,2050
776,11.0,1471
776,12.0,1771
776,13.0,1924
776,14.0,2245
776,15.0,2886
776,16.0,2699
776,17.0,1688
776,18.0,2718
776,19.0,2493
777,0.0,1664
777,1.0,2929
777,2.0,1749
777,3.0,2853
777,4.0,2038
777,5.0,2038
777,6.0,1641
777,7.0,2709
777,8.0,1436
777,9.0,2337
777,10.0,2050
777,11.0,1471
777,12.0,1771
777,13.0,1924
777,14.0,3030
777,15.0,1206
777,16.0,1629
777,17.0,1626
777,18.0,3059
777,19.0,2347
778,0.0,1579
778,1.0,2929
778,2.0,1159
778,3.0,2853
778,4.0,2038
778,5.0,2038
778,6.0,1641
778,7.0,2709
778,8.0,1436
778,9.0,2337
778,10.0,2050
778,11.0,1471
778,12.0,1771
778,13.0,1924
778,14.0,3030
778,15.0,1294
778,16.0,1846
778,17.0,2416
778,18.0,2402
778,19.0,2923
779,0.0,2081
779,1.0,2929
779,2.0,1159
779,3.0,2853
779,4.0,2038
779,5.0,2038
779,6.0,1641
779,7.0,2709
779,8.0,1436
779,9.0,2337
779,10.0,2050
779,11.0,3166
779,12.0,1771
779,13.0,1924
779,14.0,3030
779,15.0,1989
779,16.0,2970
779,17.0,2539
779,18.0,1769
779,19.0,3004
780,0.0,1440
780,1.0,1998
780,2.0,1159
780,3.0,2853
780,4.0,2038
780,5.0,2038
780,6.0,1641
780,7.0,2709
780,8.0,1436
780,9.0,2337
780,10.0,2050
780,11.0,1471
780,12.0,1771
780,13.0,1924
780,14.0,1991
780,15.0,2272
780,16.0,2954
780,17.0,2416
780,18.0,1162
780,19.0,1418
781,0.0,2942
781,1.0,2929
781,2.0,1159
781,3.0,2853
781,4.0,2038
781,5.0,2038
781,6.0,1641
781,7.0,2709
781,8.0,1436
781,9.0,2337
781,10.0,2050
781,11.0,1471
781,12.0,1771
781,13.0,1924
781,14.0,3030
781,15.0,3078
781,16.0,1382
781,17.0,2416
781,18.0,2602
781,19.0,3072
782,0.0,2825
782,1.0,2929
782,2.0,1159
782,3.0,2853
782,4.0,2038
782,5.0,2038
782,6.0,1641
782,7.0,2709
782,8.0,1436
782,9.0,2337
782,10.0,2050
782,11.0,1820
782,12.0,1771
782,13.0,1924
782,14.0,3030
782,15.0,2310
782,16.0,2975
782,17.0,2038
782,18.0,2826
782,19.0,1208
783,0.0,1757
783,1.0,2929
783,2.0,1159
783,3.0,2853
783,4.0,2038
783,5.0,2038
783,6.0,1641
783,7.0,2709
783,8.0,1436
783,9.0,2337
783,10.0,2050
783,11.0,1471
783,12.0,1771
783,13.0,1924
783,14.0,3030
783,15.0,1557
783,16.0,2229
783,17.0,2160
783,18.0,2424
783,19.0,2761
784,0.0,1585
784,1.0,2929
784,2.0,1159
784,3.0,2853
784,4.0,2038
784,5.0,2038
784,6.0,1641
784,7.0,2709
784,8.0,1436
784,9.0,2337
784,10.0,2050
784,11.0,1471
784,12.0,1662
784,13.0,1924
784,14.0,2121
784,15.0,1184
784,16.0,1219
784,17.0,2555
784,18.0,1695
784,19.0,1956
785,0.0,3120
785,1.0,2929
785,2.0,1159
785,3.0,2853
785,4.0,2038
785,5.0,2038
785,6.0,1641
785,7.0,2709
785,8.0,1436
785,9.0,2851
785,10.0,2050
785,11.0,1471
785,12.0,1771
785,13.0,1924
785,14.0,2121
785,15.0,1706
785,16.0,2697
785,17.0,1550
785,18.0,3099
785,19.0,1362
786,0.0,1758
786,1.0,2929
786,2.0,1159
786,3.0,2853
786,4.0,2038
786,5.0,2038
786,6.0,1641
786,7.0,2709
786,8.0,1436
786,9.0,2337
786,10.0,2050
786,11.0,1471
786,12.0,1771
786,13.0,1924
786,14.0,2121
786,15.0,1937
786,16.0,2640
786,17.0,1626
786,18.0,2743
786,19.0,2113
787,0.0,1509
787,1.0,2929
787,2.0,1159
787,3.0,2853
787,4.0,2038
787,5.0,2038
787,6.0,1641
787,7.0,2709
787,8.0,1436
787,9.0,2337
787,10.0,2050
787,11.0,1471
787,12.0,1771
787,13.0,1924
787,14.0,2121
787,15.0,2484
787,16.0,1102
787,17.0,2416
787,18.0,1423
787,19.0,1460
788,0.0,1463
788,1.0,2929
788,2.0,1159
788,3.0,2853
788,4.0,2038
788,5.0,2038
788,6.0,1641
788,7.0,2709
788,8.0,1436
788,9.0,2337
788,10.0,2050
788,11.0,1471
788,12.0,1771
788,13.0,1924
788,14.0,1726
788,15.0,1142
788,16.0,1949
788,17.0,2128
788,18.0,1704
788,19.0,1163
789,0.0,1829
789,1.0,2074
789,2.0,1159
789,3.0,2853
789,4.0,2038
789,5.0,2038
789,6.0,1641
789,7.0,2709
789,8.0,1436
789,9.0,2337
789,10.0,2050
789,11.0,1471
789,12.0,1771
789,13.0,1924
789,14.0,1726
789,15.0,2700
789,16.0,1410
789,17.0,3129
789,18.0,2627
789,19.0,1040
790,0.0,2832
790,1.0,2929
790,2.0,1159
790,3.0,2853
790,4.0,2038
790,5.0,2038
790,6.0,1641
790,7.0,2709
790,8.0,1436
790,9.0,2337
790,10.0,2050
790,11.0,1471
790,12.0,1771
790,13.0,1924
790,14.0,1726
790,15.0,1517
790,16.0,1876
790,17.0,2539
790,18.0,2748
790,19.0,1302
791,0.0,2483
791,1.0,2929
791,2.0,1159
791,3.0,2853
791,4.0,2038
791,5.0,2038
791,6.0,1641
791,7.0,1384
791,8.0,1436
791,9.0,2337
791,10.0,2050
791,11.0,1471
791,12.0,1771
791,13.0,1924
791,14.0,1726
791,15.0,2104
791,16.0,1066
791,17.0,1053
791,18.0,2525
791,19.0,2931
792,0.0,2771
792,1.0,2929
792,2.0,1159
792,3.0,2853
792,4.0,2038
792,5.0,2038
792,6.0,1641
792,7.0,2709
792,8.0,1436
792,9.0,2337
792,10.0,2050
792,11.0,1471
792,12.0,1771
792,13.0,1924
792,14.0,1726
792,15.0,3110
792,16.0,2732
792,17.0,1305
792,18.0,2812
792,19.0,2297
793,0.0,1283
793,1.0,1167
793,2.0,1159
793,3.0,2853
793,4.0,2038
793,5.0,2038
793,6.0,1641
793,7.0,2709
793,8.0,1436
793,9.0,2337
793,10.0,2050
793,11.0,1471
793,12.0,1771
793,13.0,1924
793,14.0,1726
793,15.0,2488
793,16.0,2102
793,17.0,1305
793,18.0,1278
793,19.0,2702
794,0.0,2362
794,1.0,2929
794,2.0,1159
794,3.0,2853
794,4.0,2038
794,5.0,2038
794,6.0,1641
794,7.0,2709
794,8.0,1436
794,9.0,2337
794,10.0,2050
794,11.0,1471
794,12.0,1771
794,13.0,1924
794,14.0,1170
794,15.0,2791
794,16.0,2321
794,17.0,1981
794,18.0,2480
794,19.0,2852
795,0.0,2704
795,1.0,2929
795,2.0,1159
795,3.0,2853
795,4.0,2038
795,5.0,2038
795,6.0,1641
795,7.0,2709
795,8.0,1436
795,9.0,2337
795,10.0,2050
795,11.0,1471
795,12.0,1771
795,13.0,1924
795,14.0,1170
795,15.0,1143
795,16.0,2857
795,17.0,1550
795,18.0,3022
795,19.0,2086
796,0.0,3042
796,1.0,2929
796,2.0,1159
796,3.0,2853
796,4.0,2038
796,5.0,2038
796,6.0,1641
796,7.0,2709
796,8.0,1436
796,9.0,2337
796,10.0,2050
796,11.0,1471
796,12.0,1771
796,13.0,1924
796,14.0,1170
796,15.0,1107
796,16.0,1638
796,17.0,3129
796,18.0,1718
796,19.0,2064
797,0.0,1033
797,1.0,2929
797,2.0,1159
797,3.0,2853
797,4.0,2038
797,5.0,2038
797,6.0,1641
797,7.0,2709
797,8.0,1436
797,9.0,2337
797,10.0,2050
797,11.0,1471
797,12.0,1771
797,13.0,2892
797,14.0,1170
797,15.0,2790
797,16.0,1690
797,17.0,1053
797,18.0,1943
797,19.0,2322
798,0.0,1632
798,1.0,2929
798,2.0,1159
798,3.0,2853
798,4.0,2038
798,5.0,2038
798,6.0,1641
798,7.0,2709
798,8.0,1436
798,9.0,3183
798,10.0,2050
798,11.0,1471
798,12.0,1771
798,13.0,1924
798,14.0,1170
798,15.0,2763
798,16.0,3114
798,17.0,1550
798,18.0,2440
798,19.0,2358
799,0.0,1473
799,1.0,2929
799,2.0,1159
799,3.0,2853
799,4.0,2038
799,5.0,2038
799,6.0,1641
799,7.0,2709
799,8.0,1436
799,9.0,2337
799,10.0,2050
799,11.0,1471
799,12.0,1771
799,13.0,1924
799,14.0,1170
799,15.0,2305
799,16.0,1207
799,17.0,3129
799,18.0,1539
799,19.0,1036
800,0.0,2665
800,1.0,2929
800,2.0,1159
800,3.0,2853
800,4.0,2038
800,5.0,2038
800,6.0,1641
800,7.0,2709
800,8.0,1436
800,9.0,2337
800,10.0,2050
800,11.0,1471
800,12.0,1771
800,13.0,1924
800,14.0,1170
800,15.0,2393
800,16.0,1343
800,17.0,1053
800,18.0,1977
800,19.0,2244
801,0.0,3035
801,1.0,2929
801,2.0,1159
801,3.0,2853
801,4.0,2038
801,5.0,2038
801,6.0,1641
801,7.0,2709
801,8.0,1436
801,9.0,2337
801,10.0,2050
801,11.0,1471
801,12.0,1771
801,13.0,1924
801,14.0,1170
801,15.0,2341
801,16.0,1502
801,17.0,1981
801,18.0,1977
801,19.0,1367
802,0.0,1399
802,1.0,1816
802,2.0,1569
802,3.0,1114
802,4.0,2038
802,5.0,2038
802,6.0,2777
802,7.0,2709
802,8.0,2418
802,9.0,1131
802,10.0,1430
802,11.0,1471
802,12.0,1843
802,13.0,1924
802,14.0,3030
802,15.0,1206
802,16.0,1658
802,17.0,1126
802,18.0,2480
802,19.0,2347
803,0.0,3109
803,1.0,1816
803,2.0,1569
803,3.0,1114
803,4.0,2038
803,5.0,2038
803,6.0,2777
803,7.0,2709
803,8.0,2418
803,9.0,1131
803,10.0,1430
803,11.0,1471
803,12.0,1843
803,13.0,1924
803,14.0,3030
803,15.0,1294
803,16.0,1846
803,17.0,3129
803,18.0,2876
803,19.0,2923
804,0.0,1099
804,1.0,1816
804,2.0,1569
804,3.0,1114
804,4.0,2038
804,5.0,2038
804,6.0,2777
804,7.0,2709
804,8.0,2418
804,9.0,1131
804,10.0,1430
804,11.0,1471
804,12.0,1843
804,13.0,1924
804,14.0,3030
804,15.0,1989
804,16.0,2970
804,17.0,1305
804,18.0,3010
804,19.0,3004
805,0.0,1322
805,1.0,1816
805,2.0,1569
805,3.0,1114
805,4.0,2038
805,5.0,2038
805,6.0,2777
805,7.0,2709
805,8.0,2418
805,9.0,1131
805,10.0,1430
805,11.0,1471
805,12.0,1843
805,13.0,1924
805,14.0,3030
805,15.0,2272
805,16.0,2954
805,17.0,2416
805,18.0,2991
805,19.0,1418
806,0.0,2415
806,1.0,1816
806,2.0,1569
806,3.0,1114
806,4.0,2038
806,5.0,2038
806,6.0,2777
806,7.0,2709
806,8.0,2418
806,9.0,1131
806,10.0,1430
806,11.0,1471
806,12.0,1843
806,13.0,1924
806,14.0,3030
806,15.0,3078
806,16.0,1382
806,17.0,1550
806,18.0,1906
806,19.0,3072
807,0.0,1492
807,1.0,1816
807,2.0,1569
807,3.0,1114
807,4.0,2038
807,5.0,2038
807,6.0,2777
807,7.0,2709
807,8.0,2418
807,9.0,1131
807,10.0,1430
807,11.0,1471
807,12.0,1843
807,13.0,1924
807,14.0,3030
807,15.0,2310
807,16.0,2975
807,17.0,2080
807,18.0,1589
807,19.0,1208
808,0.0,1255
808,1.0,1816
808,2.0,1569
808,3.0,1114
808,4.0,2038
808,5.0,2038
808,6.0,2777
808,7.0,2709
808,8.0,2418
808,9.0,1131
808,10.0,1430
808,11.0,1471
808,12.0,1843
808,13.0,1924
808,14.0,3030
808,15.0,1557
808,16.0,2229
808,17.0,1595
808,18.0,1958
808,19.0,2761
809,0.0,2364
809,1.0,1816
809,2.0,1569
809,3.0,1114
809,4.0,2038
809,5.0,2038
809,6.0,2777
809,7.0,2709
809,8.0,2418
809,9.0,1131
809,10.0,1430
809,11.0,1471
809,12.0,1843
809,13.0,1470
809,14.0,2121
809,15.0,1184
809,16.0,1219
809,17.0,1127
809,18.0,1748
809,19.0,1956
810,0.0,2031
810,1.0,1816
810,2.0,1569
810,3.0,1114
810,4.0,2038
810,5.0,2038
810,6.0,2777
810,7.0,2709
810,8.0,2418
810,9.0,1131
810,10.0,1430
810,11.0,1471
810,12.0,1843
810,13.0,1924
810,14.0,2121
810,15.0,1706
810,16.0,2754
810,17.0,2416
810,18.0,2986
810,19.0,1362
811,0.0,1308
811,1.0,1816
811,2.0,1569
811,3.0,1114
811,4.0,2038
811,5.0,2038
811,6.0,2777
811,7.0,2709
811,8.0,2418
811,9.0,1131
811,10.0,1430
811,11.0,1471
811,12.0,1843
811,13.0,1924
811,14.0,2121
811,15.0,1937
811,16.0,2640
811,17.0,1053
811,18.0,2677
811,19.0,2113
812,0.0,1216
812,1.0,1816
812,2.0,1569
812,3.0,1114
812,4.0,2038
812,5.0,2038
812,6.0,2777
812,7.0,2709
812,8.0,2418
812,9.0,1131
812,10.0,1430
812,11.0,1471
812,12.0,1843
812,13.0,1924
812,14.0,2121
812,15.0,2484
812,16.0,1102
812,17.0,2416
812,18.0,1240
812,19.0,1175
813,0.0,3006
813,1.0,1816
813,2.0,1569
813,3.0,1114
813,4.0,2038
813,5.0,2038
813,6.0,2777
813,7.0,2709
813,8.0,2418
813,9.0,1131
813,10.0,1430
813,11.0,1471
813,12.0,1843
813,13.0,1924
813,14.0,1726
813,15.0,2467
813,16.0,1949
813,17.0,2128
813,18.0,2557
813,19.0,1163
814,0.0,2615
814,1.0,1816
814,2.0,1569
814,3.0,1114
814,4.0,2038
814,5.0,2038
814,6.0,2777
814,7.0,2709
814,8.0,2418
814,9.0,1131
814,10.0,1430
814,11.0,2164
814,12.0,1843
814,13.0,1924
814,14.0,1726
814,15.0,2700
814,16.0,1410
814,17.0,2128
814,18.0,3141
814,19.0,1040
815,0.0,2616
815,1.0,1816
815,2.0,1569
815,3.0,1114
815,4.0,2038
815,5.0,2038
815,6.0,2777
815,7.0,2709
815,8.0,1333
815,9.0,1131
815,10.0,1430
815,11.0,1471
815,12.0,1843
815,13.0,1924
815,14.0,1726
815,15.0,1517
815,16.0,1876
815,17.0,2416
815,18.0,1047
815,19.0,1302
816,0.0,2130
816,1.0,1816
816,2.0,1569
816,3.0,1114
816,4.0,2038
816,5.0,2038
816,6.0,2777
816,7.0,2709
816,8.0,2418
816,9.0,1131
816,10.0,1430
816,11.0,1471
816,12.0,1843
816,13.0,1924
816,14.0,1726
816,15.0,2104
816,16.0,2076
816,17.0,1126
816,18.0,1995
816,19.0,2931
817,0.0,1427
817,1.0,1816
817,2.0,1569
817,3.0,1114
817,4.0,2038
817,5.0,2038
817,6.0,2777
817,7.0,2709
817,8.0,2418
817,9.0,1131
817,10.0,1430
817,11.0,1471
817,12.0,1843
817,13.0,1924
817,14.0,1726
817,15.0,3110
817,16.0,2732
817,17.0,1305
817,18.0,2688
817,19.0,2297
818,0.0,1024
818,1.0,1816
818,2.0,1569
818,3.0,1114
818,4.0,2038
818,5.0,2038
818,6.0,2777
818,7.0,2709
818,8.0,2418
818,9.0,1131
818,10.0,1430
818,11.0,1471
818,12.0,1843
818,13.0,1924
818,14.0,1726
818,15.0,2488
818,16.0,2102
818,17.0,2128
818,18.0,3141
818,19.0,2702
819,0.0,1768
819,1.0,1816
819,2.0,1569
819,3.0,1114
819,4.0,2038
819,5.0,2038
819,6.0,2777
819,7.0,2709
819,8.0,2418
819,9.0,1131
819,10.0,1430
819,11.0,1471
819,12.0,1843
819,13.0,1924
819,14.0,1170
819,15.0,2791
819,16.0,2321
819,17.0,1416
819,18.0,1709
819,19.0,2852
820,0.0,1767
820,1.0,1816
820,2.0,1569
820,3.0,1114
820,4.0,2038
820,5.0,2038
820,6.0,2777
820,7.0,2709
820,8.0,2418
820,9.0,1131
820,10.0,1430
820,11.0,1471
820,12.0,1843
820,13.0,1924
820,14.0,1170
820,15.0,1143
820,16.0,2857
820,17.0,1626
820,18.0,1721
820,19.0,2086
821,0.0,2878
821,1.0,1816
821,2.0,1569
821,3.0,1114
821,4.0,2038
821,5.0,2038
821,6.0,1390
821,7.0,2709
821,8.0,2418
821,9.0,1131
821,10.0,1430
821,11.0,1471
821,12.0,1843
821,13.0,1924
821,14.0,1170
821,15.0,1107
821,16.0,1638
821,17.0,2539
821,18.0,1521
821,19.0,2124
822,0.0,1819
822,1.0,1816
822,2.0,1569
822,3.0,1114
822,4.0,2038
822,5.0,2038
822,6.0,2777
822,7.0,2709
822,8.0,2418
822,9.0,1131
822,10.0,1430
822,11.0,1471
822,12.0,1843
822,13.0,1924
822,14.0,1170
822,15.0,2790
822,16.0,1690
822,17.0,1981
822,18.0,2088
822,19.0,2322
823,0.0,1781
823,1.0,1816
823,2.0,1569
823,3.0,1114
823,4.0,2038
823,5.0,2038
823,6.0,2777
823,7.0,2709
823,8.0,2418
823,9.0,1131
823,10.0,1430
823,11.0,1471
823,12.0,1843
823,13.0,1924
823,14.0,1170
823,15.0,2763
823,16.0,3114
823,17.0,1126
823,18.0,1059
823,19.0,2358
824,0.0,2242
824,1.0,1816
824,2.0,1569
824,3.0,1114
824,4.0,2038
824,5.0,2038
824,6.0,2777
824,7.0,2709
824,8.0,2418
824,9.0,1131
824,10.0,1705
824,11.0,1471
824,12.0,1843
824,13.0,1924
824,14.0,1170
824,15.0,2305
824,16.0,1207
824,17.0,2416
824,18.0,2218
824,19.0,1036
825,0.0,1934
825,1.0,1816
825,2.0,1569
825,3.0,1114
825,4.0,2038
825,5.0,2038
825,6.0,2777
825,7.0,2709
825,8.0,2418
825,9.0,1131
825,10.0,1430
825,11.0,1471
825,12.0,1843
825,13.0,1924
825,14.0,1170
825,15.0,2393
825,16.0,1343
825,17.0,1550
825,18.0,2775
825,19.0,2244
826,0.0,1300
826,1.0,1816
826,2.0,1569
826,3.0,1114
826,4.0,2038
826,5.0,2038
826,6.0,2777
826,7.0,2709
826,8.0,2418
826,9.0,1131
826,10.0,1430
826,11.0,1471
826,12.0,1843
826,13.0,1924
826,14.0,1170
826,15.0,2341
826,16.0,1502
826,17.0,1731
826,18.0,2775
826,19.0,1367
827,0.0,1320
827,1.0,3126
827,2.0,3080
827,3.0,2450
827,4.0,2038
827,5.0,2038
827,6.0,2219
827,7.0,2709
827,8.0,1693
827,9.0,2269
827,10.0,2499
827,11.0,1471
827,12.0,1121
827,13.0,1924
827,14.0,3030
827,15.0,1206
827,16.0,1629
827,17.0,2416
827,18.0,2250
827,19.0,2239
828,0.0,2782
828,1.0,3126
828,2.0,3080
828,3.0,2450
828,4.0,2038
828,5.0,2038
828,6.0,2219
828,7.0,2709
828,8.0,1693
828,9.0,2269
828,10.0,2499
828,11.0,1471
828,12.0,1121
828,13.0,1924
828,14.0,3030
828,15.0,1294
828,16.0,1846
828,17.0,2416
828,18.0,2250
828,19.0,2923
829,0.0,2314
829,1.0,3126
829,2.0,3080
829,3.0,2450
829,4.0,2038
829,5.0,2038
829,6.0,2219
829,7.0,2709
829,8.0,1693
829,9.0,2269
829,10.0,2499
829,11.0,1471
829,12.0,1121
829,13.0,1924
829,14.0,3030
829,15.0,1989
829,16.0,2970
829,17.0,2416
829,18.0,2250
829,19.0,3004
830,0.0,1785
830,1.0,3126
830,2.0,3080
830,3.0,2450
830,4.0,2038
830,5.0,2038
830,6.0,2219
830,7.0,2709
830,8.0,1693
830,9.0,2269
830,10.0,2499
830,11.0,1471
830,12.0,1121
830,13.0,1924
830,14.0,3030
830,15.0,2272
830,16.0,2954
830,17.0,2038
830,18.0,2826
830,19.0,1418
831,0.0,1708
831,1.0,3126
831,2.0,3080
831,3.0,2450
831,4.0,2038
831,5.0,2038
831,6.0,2219
831,7.0,2709
831,8.0,1693
831,9.0,2269
831,10.0,2499
831,11.0,1471
831,12.0,1121
831,13.0,1924
831,14.0,3030
831,15.0,3078
831,16.0,1382
831,17.0,2416
831,18.0,2250
831,19.0,3072
832,0.0,1110
832,1.0,3126
832,2.0,3080
832,3.0,2450
832,4.0,2038
832,5.0,2038
832,6.0,2219
832,7.0,2709
832,8.0,1693
832,9.0,2269
832,10.0,2499
832,11.0,1471
832,12.0,1121
832,13.0,1924
832,14.0,3030
832,15.0,2310
832,16.0,2975
832,17.0,2038
832,18.0,2826
832,19.0,1208
833,0.0,1496
833,1.0,3126
833,2.0,3080
833,3.0,2450
833,4.0,2038
833,5.0,2038
833,6.0,2219
833,7.0,2709
833,8.0,1693
833,9.0,2269
833,10.0,2499
833,11.0,1471
833,12.0,1121
833,13.0,1924
833,14.0,3030
833,15.0,1557
833,16.0,2229
833,17.0,2038
833,18.0,2826
833,19.0,2761
834,0.0,1428
834,1.0,3126
834,2.0,3080
834,3.0,2450
834,4.0,2038
834,5.0,2038
834,6.0,2219
834,7.0,2709
834,8.0,1693
834,9.0,2269
834,10.0,2499
834,11.0,1471
834,12.0,1121
834,13.0,1924
834,14.0,2121
834,15.0,1184
834,16.0,1219
834,17.0,2921
834,18.0,2944
834,19.0,1956
835,0.0,1268
835,1.0,3126
835,2.0,3080
835,3.0,2450
835,4.0,2038
835,5.0,2038
835,6.0,2219
835,7.0,2709
835,8.0,1693
835,9.0,2269
835,10.0,2499
835,11.0,1471
835,12.0,1121
835,13.0,1924
835,14.0,2121
835,15.0,1706
835,16.0,2754
835,17.0,1305
835,18.0,1824
835,19.0,1362
836,0.0,2465
836,1.0,3126
836,2.0,3080
836,3.0,2450
836,4.0,2038
836,5.0,2038
836,6.0,2219
836,7.0,2709
836,8.0,1693
836,9.0,2269
836,10.0,2499
836,11.0,1471
836,12.0,1121
836,13.0,1924
836,14.0,2121
836,15.0,1937
836,16.0,2640
836,17.0,1391
836,18.0,1901
836,19.0,2113
837,0.0,1272
837,1.0,3126
837,2.0,3080
837,3.0,2450
837,4.0,2038
837,5.0,2038
837,6.0,2219
837,7.0,2709
837,8.0,1693
837,9.0,2269
837,10.0,2499
837,11.0,1471
837,12.0,1121
837,13.0,1924
837,14.0,2121
837,15.0,2484
837,16.0,1102
837,17.0,2416
837,18.0,1901
837,19.0,1175
838,0.0,3125
838,1.0,3126
838,2.0,3080
838,3.0,2450
838,4.0,2038
838,5.0,2038
838,6.0,2219
838,7.0,2709
838,8.0,1693
838,9.0,2269
838,10.0,2499
838,11.0,1471
838,12.0,1121
838,13.0,1924
838,14.0,1726
838,15.0,2467
838,16.0,1949
838,17.0,1305
838,18.0,2463
838,19.0,1163
839,0.0,1770
839,1.0,3126
839,2.0,3080
839,3.0,2450
839,4.0,2038
839,5.0,2038
839,6.0,2219
839,7.0,2709
839,8.0,1693
839,9.0,2269
839,10.0,2499
839,11.0,1471
839,12.0,1121
839,13.0,1924
839,14.0,1726
839,15.0,2700
839,16.0,1410
839,17.0,1878
839,18.0,2007
839,19.0,1040
840,0.0,1027
840,1.0,3126
840,2.0,3080
840,3.0,2450
840,4.0,2038
840,5.0,2038
840,6.0,2219
840,7.0,2709
840,8.0,1693
840,9.0,2269
840,10.0,2499
840,11.0,1471
840,12.0,1121
840,13.0,1924
840,14.0,1726
840,15.0,1517
840,16.0,1876
840,17.0,1126
840,18.0,2871
840,19.0,1302
841,0.0,2598
841,1.0,3126
841,2.0,3080
841,3.0,2450
841,4.0,2038
841,5.0,2038
841,6.0,2219
841,7.0,2709
841,8.0,1693
841,9.0,2269
841,10.0,2499
841,11.0,1471
841,12.0,1121
841,13.0,1924
841,14.0,1726
841,15.0,2104
841,16.0,1066
841,17.0,1626
841,18.0,2424
841,19.0,2931
842,0.0,2658
842,1.0,3126
842,2.0,3080
842,3.0,2450
842,4.0,2038
842,5.0,2038
842,6.0,2219
842,7.0,2709
842,8.0,1693
842,9.0,2269
842,10.0,2499
842,11.0,1471
842,12.0,1121
842,13.0,1924
842,14.0,1726
842,15.0,2597
842,16.0,2732
842,17.0,1550
842,18.0,1858
842,19.0,1947
843,0.0,2274
843,1.0,3126
843,2.0,3080
843,3.0,2450
843,4.0,2038
843,5.0,2038
843,6.0,2219
843,7.0,2709
843,8.0,1693
843,9.0,2269
843,10.0,2499
843,11.0,1471
843,12.0,1121
843,13.0,1924
843,14.0,1726
843,15.0,2488
843,16.0,2102
843,17.0,1385
843,18.0,1663
843,19.0,2702
844,0.0,2192
844,1.0,3126
844,2.0,3080
844,3.0,2450
844,4.0,2038
844,5.0,2038
844,6.0,2219
844,7.0,2709
844,8.0,1693
844,9.0,2269
844,10.0,2499
844,11.0,1471
844,12.0,1121
844,13.0,1924
844,14.0,1170
844,15.0,2791
844,16.0,2321
844,17.0,1554
844,18.0,2354
844,19.0,2852
845,0.0,1700
845,1.0,3126
845,2.0,3080
845,3.0,2450
845,4.0,2038
845,5.0,2038
845,6.0,2219
845,7.0,2709
845,8.0,1693
845,9.0,2269
845,10.0,2499
845,11.0,1471
845,12.0,1121
845,13.0,1924
845,14.0,1170
845,15.0,1143
845,16.0,2857
845,17.0,2416
845,18.0,2919
845,19.0,2086
846,0.0,1292
846,1.0,3126
846,2.0,3080
846,3.0,2450
846,4.0,2038
846,5.0,2038
846,6.0,2219
846,7.0,2709
846,8.0,1693
846,9.0,2269
846,10.0,2499
846,11.0,1471
846,12.0,1778
846,13.0,1924
846,14.0,1170
846,15.0,1107
846,16.0,1638
846,17.0,2416
846,18.0,1901
846,19.0,2124
847,0.0,2686
847,1.0,3126
847,2.0,3080
847,3.0,2450
847,4.0,2038
847,5.0,2038
847,6.0,2219
847,7.0,2709
847,8.0,1693
847,9.0,2269
847,10.0,2499
847,11.0,1471
847,12.0,1121
847,13.0,1924
847,14.0,1170
847,15.0,2790
847,16.0,1690
847,17.0,2416
847,18.0,1901
847,19.0,2322
848,0.0,3026
848,1.0,3126
848,2.0,3080
848,3.0,2450
848,4.0,2038
848,5.0,2038
848,6.0,2219
848,7.0,2709
848,8.0,1693
848,9.0,2269
848,10.0,2499
848,11.0,1035
848,12.0,1121
848,13.0,1924
848,14.0,1170
848,15.0,2763
848,16.0,3114
848,17.0,2038
848,18.0,2826
848,19.0,2358
849,0.0,2246
849,1.0,3126
849,2.0,3080
849,3.0,1836
849,4.0,2038
849,5.0,2038
849,6.0,2219
849,7.0,2709
849,8.0,1693
849,9.0,2269
849,10.0,2499
849,11.0,1471
849,12.0,1121
849,13.0,1924
849,14.0,1170
849,15.0,2305
849,16.0,1207
849,17.0,2416
849,18.0,2036
849,19.0,1036
850,0.0,1098
850,1.0,3126
850,2.0,3080
850,3.0,2450
850,4.0,2038
850,5.0,2038
850,6.0,2219
850,7.0,2709
850,8.0,1693
850,9.0,2269
850,10.0,2499
850,11.0,1471
850,12.0,1121
850,13.0,1924
850,14.0,1170
850,15.0,2393
850,16.0,1343
850,17.0,2038
850,18.0,2826
850,19.0,2244
851,0.0,1570
851,1.0,3126
851,2.0,3080
851,3.0,2450
851,4.0,2038
851,5.0,2038
851,6.0,2219
851,7.0,2709
851,8.0,1693
851,9.0,2269
851,10.0,2499
851,11.0,1471
851,12.0,1121
851,13.0,1924
851,14.0,1782
851,15.0,2341
851,16.0,1502
851,17.0,2038
851,18.0,2826
851,19.0,1367
852,0.0,3075
852,1.0,1119
852,2.0,2430
852,3.0,1672
852,4.0,2038
852,5.0,2038
852,6.0,1651
852,7.0,2709
852,8.0,2870
852,9.0,2498
852,10.0,3113
852,11.0,1471
852,12.0,1121
852,13.0,1924
852,14.0,3030
852,15.0,1206
852,16.0,1629
852,17.0,1957
852,18.0,1872
852,19.0,2347
853,0.0,1456
853,1.0,1119
853,2.0,2430
853,3.0,1672
853,4.0,2038
853,5.0,2038
853,6.0,1651
853,7.0,2709
853,8.0,2870
853,9.0,2498
853,10.0,3113
853,11.0,1471
853,12.0,1121
853,13.0,1924
853,14.0,3030
853,15.0,1294
853,16.0,1846
853,17.0,1957
853,18.0,1872
853,19.0,2923
854,0.0,2352
854,1.0,1119
854,2.0,2430
854,3.0,1672
854,4.0,2038
854,5.0,2038
854,6.0,1651
854,7.0,2709
854,8.0,2870
854,9.0,2498
854,10.0,3113
854,11.0,1471
854,12.0,1121
854,13.0,1924
854,14.0,3030
854,15.0,1989
854,16.0,2970
854,17.0,2416
854,18.0,2250
854,19.0,3004
855,0.0,2348
855,1.0,1119
855,2.0,2430
855,3.0,1672
855,4.0,2038
855,5.0,2038
855,6.0,2209
855,7.0,2709
855,8.0,2870
855,9.0,2498
855,10.0,2604
855,11.0,1471
855,12.0,1121
855,13.0,1924
855,14.0,3030
855,15.0,2272
855,16.0,2954
855,17.0,2038
855,18.0,2826
855,19.0,1418
856,0.0,1304
856,1.0,1119
856,2.0,2430
856,3.0,1672
856,4.0,2038
856,5.0,2038
856,6.0,1651
856,7.0,2709
856,8.0,2870
856,9.0,2498
856,10.0,3113
856,11.0,1471
856,12.0,1121
856,13.0,1924
856,14.0,3030
856,15.0,3078
856,16.0,1382
856,17.0,1468
856,18.0,1872
856,19.0,3072
857,0.0,2667
857,1.0,1119
857,2.0,2430
857,3.0,2568
857,4.0,2038
857,5.0,2038
857,6.0,1651
857,7.0,2709
857,8.0,2870
857,9.0,2498
857,10.0,3113
857,11.0,1471
857,12.0,1121
857,13.0,1924
857,14.0,3030
857,15.0,2310
857,16.0,2975
857,17.0,2038
857,18.0,2826
857,19.0,1208
858,0.0,2633
858,1.0,1119
858,2.0,2430
858,3.0,1672
858,4.0,2038
858,5.0,2038
858,6.0,1651
858,7.0,2709
858,8.0,2870
858,9.0,2498
858,10.0,3113
858,11.0,1471
858,12.0,1121
858,13.0,1924
858,14.0,3030
858,15.0,1557
858,16.0,2229
858,17.0,2038
858,18.0,2826
858,19.0,2761
859,0.0,2784
859,1.0,2649
859,2.0,2430
859,3.0,1672
859,4.0,2038
859,5.0,2038
859,6.0,1651
859,7.0,2709
859,8.0,2870
859,9.0,2498
859,10.0,3113
859,11.0,1471
859,12.0,1121
859,13.0,1924
859,14.0,2121
859,15.0,1184
859,16.0,1219
859,17.0,3156
859,18.0,1858
859,19.0,1956
860,0.0,2392
860,1.0,1119
860,2.0,2430
860,3.0,1672
860,4.0,2038
860,5.0,2038
860,6.0,1651
860,7.0,2709
860,8.0,2870
860,9.0,2498
860,10.0,3113
860,11.0,1471
860,12.0,1121
860,13.0,1924
860,14.0,2121
860,15.0,1706
860,16.0,2754
860,17.0,2264
860,18.0,1961
860,19.0,1362
861,0.0,1179
861,1.0,1119
861,2.0,2430
861,3.0,1672
861,4.0,2038
861,5.0,2038
861,6.0,1651
861,7.0,2709
861,8.0,2870
861,9.0,2498
861,10.0,3113
861,11.0,1471
861,12.0,1121
861,13.0,1924
861,14.0,2121
861,15.0,1937
861,16.0,2640
861,17.0,3002
861,18.0,3010
861,19.0,2113
862,0.0,1241
862,1.0,1119
862,2.0,2430
862,3.0,1672
862,4.0,2038
862,5.0,2038
862,6.0,1651
862,7.0,2709
862,8.0,2870
862,9.0,2498
862,10.0,3113
862,11.0,1471
862,12.0,1121
862,13.0,1924
862,14.0,2121
862,15.0,2484
862,16.0,1102
862,17.0,2696
862,18.0,2596
862,19.0,1175
863,0.0,2701
863,1.0,1119
863,2.0,2430
863,3.0,1672
863,4.0,2038
863,5.0,2038
863,6.0,1651
863,7.0,2709
863,8.0,2870
863,9.0,2498
863,10.0,3113
863,11.0,1471
863,12.0,1121
863,13.0,1924
863,14.0,1726
863,15.0,2467
863,16.0,1949
863,17.0,2128
863,18.0,1497
863,19.0,1163
864,0.0,1122
864,1.0,1119
864,2.0,2430
864,3.0,1672
864,4.0,2038
864,5.0,2038
864,6.0,1651
864,7.0,2709
864,8.0,2870
864,9.0,2498
864,10.0,3113
864,11.0,1471
864,12.0,1121
864,13.0,1924
864,14.0,1726
864,15.0,2700
864,16.0,1410
864,17.0,3129
864,18.0,1637
864,19.0,1040
865,0.0,1563
865,1.0,1119
865,2.0,2430
865,3.0,1672
865,4.0,2038
865,5.0,2038
865,6.0,1651
865,7.0,2709
865,8.0,2870
865,9.0,2498
865,10.0,1032
865,11.0,1471
865,12.0,1121
865,13.0,1924
865,14.0,1726
865,15.0,2400
865,16.0,1876
865,17.0,1981
865,18.0,2157
865,19.0,1302
866,0.0,2829
866,1.0,1119
866,2.0,2430
866,3.0,1672
866,4.0,2038
866,5.0,2038
866,6.0,1651
866,7.0,2709
866,8.0,2870
866,9.0,2498
866,10.0,3113
866,11.0,1471
866,12.0,1121
866,13.0,2892
866,14.0,1726
866,15.0,2104
866,16.0,1066
866,17.0,1626
866,18.0,1817
866,19.0,2931
867,0.0,1113
867,1.0,1119
867,2.0,2430
867,3.0,1672
867,4.0,2038
867,5.0,2038
867,6.0,1651
867,7.0,2709
867,8.0,2870
867,9.0,2498
867,10.0,3113
867,11.0,1471
867,12.0,1121
867,13.0,1924
867,14.0,1726
867,15.0,3110
867,16.0,2732
867,17.0,3142
867,18.0,1393
867,19.0,2297
868,0.0,2359
868,1.0,1119
868,2.0,2430
868,3.0,1672
868,4.0,2038
868,5.0,2038
868,6.0,1651
868,7.0,2709
868,8.0,2870
868,9.0,2498
868,10.0,3113
868,11.0,1471
868,12.0,2930
868,13.0,1924
868,14.0,1726
868,15.0,2488
868,16.0,2102
868,17.0,1416
868,18.0,1940
868,19.0,2702
869,0.0,2431
869,1.0,1119
869,2.0,2430
869,3.0,1672
869,4.0,2038
869,5.0,2038
869,6.0,1651
869,7.0,2709
869,8.0,2870
869,9.0,2498
869,10.0,3113
869,11.0,1471
869,12.0,1121
869,13.0,1924
869,14.0,1568
869,15.0,2791
869,16.0,2321
869,17.0,1957
869,18.0,1872
869,19.0,2852
870,0.0,1245
870,1.0,1119
870,2.0,2430
870,3.0,1672
870,4.0,2038
870,5.0,2038
870,6.0,1651
870,7.0,2709
870,8.0,2870
870,9.0,2498
870,10.0,3113
870,11.0,1471
870,12.0,1121
870,13.0,1924
870,14.0,1170
870,15.0,1143
870,16.0,2857
870,17.0,2696
870,18.0,2959
870,19.0,2086
871,0.0,1694
871,1.0,1119
871,2.0,2430
871,3.0,1672
871,4.0,2038
871,5.0,2038
871,6.0,1651
871,7.0,2709
871,8.0,2870
871,9.0,2498
871,10.0,3113
871,11.0,1471
871,12.0,1121
871,13.0,1924
871,14.0,1170
871,15.0,1107
871,16.0,1638
871,17.0,1731
871,18.0,2959
871,19.0,2124
872,0.0,2632
872,1.0,1119
872,2.0,2430
872,3.0,1672
872,4.0,2038
872,5.0,2038
872,6.0,1651
872,7.0,2709
872,8.0,2870
872,9.0,2498
872,10.0,3113
872,11.0,1471
872,12.0,1778
872,13.0,1924
872,14.0,1170
872,15.0,2790
872,16.0,1690
872,17.0,1731
872,18.0,2150
872,19.0,2322
873,0.0,2580
873,1.0,1119
873,2.0,2430
873,3.0,1672
873,4.0,2038
873,5.0,2038
873,6.0,1651
873,7.0,2709
873,8.0,2870
873,9.0,2498
873,10.0,3113
873,11.0,1471
873,12.0,1121
873,13.0,1924
873,14.0,1170
873,15.0,2763
873,16.0,3114
873,17.0,2038
873,18.0,2826
873,19.0,2358
874,0.0,1076
874,1.0,1119
874,2.0,2430
874,3.0,1672
874,4.0,2038
874,5.0,2038
874,6.0,1651
874,7.0,2709
874,8.0,2870
874,9.0,2498
874,10.0,3113
874,11.0,1471
874,12.0,1121
874,13.0,1924
874,14.0,1170
874,15.0,2305
874,16.0,1207
874,17.0,2416
874,18.0,2944
874,19.0,1036
875,0.0,2981
875,1.0,1119
875,2.0,2430
875,3.0,1672
875,4.0,2038
875,5.0,2038
875,6.0,1651
875,7.0,2709
875,8.0,2870
875,9.0,2498
875,10.0,3113
875,11.0,1471
875,12.0,1121
875,13.0,1924
875,14.0,1170
875,15.0,2393
875,16.0,1343
875,17.0,2416
875,18.0,1901
875,19.0,2244
876,0.0,1161
876,1.0,1119
876,2.0,2430
876,3.0,1672
876,4.0,2038
876,5.0,2038
876,6.0,1651
876,7.0,2709
876,8.0,2870
876,9.0,2498
876,10.0,3113
876,11.0,1471
876,12.0,1121
876,13.0,1924
876,14.0,1170
876,15.0,2341
876,16.0,1502
876,17.0,2416
876,18.0,1901
876,19.0,1367
877,0.0,2249
877,1.0,2617
877,2.0,1952
877,3.0,1437
877,4.0,2038
877,5.0,2038
877,6.0,1306
877,7.0,2709
877,8.0,2588
877,9.0,1306
877,10.0,2215
877,11.0,2360
877,12.0,1481
877,13.0,1924
877,14.0,3030
877,15.0,1206
877,16.0,1629
877,17.0,2416
877,18.0,3010
877,19.0,2347
878,0.0,1295
878,1.0,2927
878,2.0,1952
878,3.0,1437
878,4.0,2038
878,5.0,2038
878,6.0,1306
878,7.0,2709
878,8.0,2588
878,9.0,1306
878,10.0,2215
878,11.0,1471
878,12.0,1481
878,13.0,1924
878,14.0,3030
878,15.0,1294
878,16.0,1846
878,17.0,2416
878,18.0,1958
878,19.0,2923
879,0.0,2366
879,1.0,2617
879,2.0,1952
879,3.0,1437
879,4.0,2038
879,5.0,2038
879,6.0,1306
879,7.0,2709
879,8.0,2588
879,9.0,1306
879,10.0,2215
879,11.0,1471
879,12.0,1481
879,13.0,1924
879,14.0,3030
879,15.0,1989
879,16.0,2970
879,17.0,1821
879,18.0,2250
879,19.0,3004
880,0.0,1431
880,1.0,2617
880,2.0,1952
880,3.0,1437
880,4.0,2038
880,5.0,2038
880,6.0,1306
880,7.0,2709
880,8.0,2588
880,9.0,1306
880,10.0,2215
880,11.0,1471
880,12.0,1481
880,13.0,1924
880,14.0,3030
880,15.0,2272
880,16.0,2954
880,17.0,2416
880,18.0,2250
880,19.0,1418
881,0.0,1780
881,1.0,2617
881,2.0,1952
881,3.0,1437
881,4.0,2038
881,5.0,2038
881,6.0,1306
881,7.0,2709
881,8.0,2588
881,9.0,1306
881,10.0,2818
881,11.0,1471
881,12.0,1481
881,13.0,1924
881,14.0,3030
881,15.0,3078
881,16.0,1382
881,17.0,2160
881,18.0,3008
881,19.0,3072
882,0.0,3015
882,1.0,2617
882,2.0,1952
882,3.0,1437
882,4.0,2038
882,5.0,2038
882,6.0,1306
882,7.0,2709
882,8.0,2588
882,9.0,1306
882,10.0,2215
882,11.0,1471
882,12.0,1481
882,13.0,1924
882,14.0,3030
882,15.0,2310
882,16.0,2975
882,17.0,2038
882,18.0,2826
882,19.0,1208
883,0.0,3011
883,1.0,2617
883,2.0,1952
883,3.0,1437
883,4.0,2038
883,5.0,2038
883,6.0,1306
883,7.0,2709
883,8.0,2588
883,9.0,1306
883,10.0,2818
883,11.0,1471
883,12.0,1481
883,13.0,1924
883,14.0,3030
883,15.0,1557
883,16.0,2229
883,17.0,2038
883,18.0,2826
883,19.0,2761
884,0.0,1359
884,1.0,2617
884,2.0,1952
884,3.0,1437
884,4.0,2038
884,5.0,2038
884,6.0,1306
884,7.0,1384
884,8.0,2588
884,9.0,1306
884,10.0,2215
884,11.0,1471
884,12.0,1481
884,13.0,1924
884,14.0,2121
884,15.0,1184
884,16.0,1219
884,17.0,1731
884,18.0,1192
884,19.0,1956
885,0.0,1541
885,1.0,2617
885,2.0,1952
885,3.0,1437
885,4.0,2038
885,5.0,2038
885,6.0,1306
885,7.0,2709
885,8.0,2588
885,9.0,1306
885,10.0,2215
885,11.0,1471
885,12.0,1481
885,13.0,1924
885,14.0,2121
885,15.0,1706
885,16.0,2754
885,17.0,1126
885,18.0,1940
885,19.0,1362
886,0.0,1582
886,1.0,2617
886,2.0,1952
886,3.0,1437
886,4.0,2038
886,5.0,2038
886,6.0,1306
886,7.0,1384
886,8.0,2588
886,9.0,1306
886,10.0,2215
886,11.0,1471
886,12.0,1481
886,13.0,1924
886,14.0,2121
886,15.0,1937
886,16.0,2640
886,17.0,1305
886,18.0,2944
886,19.0,2113
887,0.0,2900
887,1.0,2617
887,2.0,1952
887,3.0,1437
887,4.0,2038
887,5.0,2038
887,6.0,1306
887,7.0,2709
887,8.0,2588
887,9.0,1306
887,10.0,2215
887,11.0,1471
887,12.0,1481
887,13.0,1924
887,14.0,2121
887,15.0,2484
887,16.0,1102
887,17.0,2416
887,18.0,2871
887,19.0,1175
888,0.0,1355
888,1.0,1696
888,2.0,1952
888,3.0,1437
888,4.0,2038
888,5.0,2038
888,6.0,1306
888,7.0,2709
888,8.0,2588
888,9.0,1306
888,10.0,2215
888,11.0,1471
888,12.0,1481
888,13.0,1924
888,14.0,1726
888,15.0,2467
888,16.0,1949
888,17.0,2254
888,18.0,1906
888,19.0,1163
889,0.0,2111
889,1.0,2617
889,2.0,1952
889,3.0,1437
889,4.0,2038
889,5.0,2038
889,6.0,1306
889,7.0,2709
889,8.0,2588
889,9.0,1306
889,10.0,2215
889,11.0,1471
889,12.0,1481
889,13.0,1738
889,14.0,1726
889,15.0,2700
889,16.0,1410
889,17.0,2416
889,18.0,2118
889,19.0,1040
890,0.0,2107
890,1.0,2617
890,2.0,1952
890,3.0,1437
890,4.0,2038
890,5.0,2038
890,6.0,1306
890,7.0,2709
890,8.0,2588
890,9.0,1306
890,10.0,2215
890,11.0,1471
890,12.0,1481
890,13.0,1924
890,14.0,1726
890,15.0,1517
890,16.0,1876
890,17.0,2416
890,18.0,2234
890,19.0,1302
891,0.0,2068
891,1.0,2617
891,2.0,1952
891,3.0,1437
891,4.0,2038
891,5.0,2038
891,6.0,1306
891,7.0,2709
891,8.0,2588
891,9.0,1306
891,10.0,2215
891,11.0,1471
891,12.0,1481
891,13.0,1924
891,14.0,1726
891,15.0,2104
891,16.0,1066
891,17.0,2539
891,18.0,1709
891,19.0,2931
892,0.0,1128
892,1.0,2617
892,2.0,1952
892,3.0,1437
892,4.0,2038
892,5.0,2038
892,6.0,1306
892,7.0,2709
892,8.0,2588
892,9.0,1306
892,10.0,2215
892,11.0,1471
892,12.0,1481
892,13.0,1924
892,14.0,1726
892,15.0,3110
892,16.0,2732
892,17.0,1731
892,18.0,2991
892,19.0,2297
893,0.0,1339
893,1.0,2617
893,2.0,1952
893,3.0,1437
893,4.0,2038
893,5.0,2038
893,6.0,1306
893,7.0,2709
893,8.0,2588
893,9.0,1306
893,10.0,2215
893,11.0,1471
893,12.0,1481
893,13.0,1924
893,14.0,1726
893,15.0,2488
893,16.0,2320
893,17.0,1731
893,18.0,3169
893,19.0,2702
894,0.0,1887
894,1.0,2617
894,2.0,1952
894,3.0,1437
894,4.0,2038
894,5.0,2038
894,6.0,1306
894,7.0,2709
894,8.0,2588
894,9.0,1306
894,10.0,2215
894,11.0,1471
894,12.0,1481
894,13.0,1924
894,14.0,1170
894,15.0,2791
894,16.0,2321
894,17.0,2038
894,18.0,2826
894,19.0,2852
895,0.0,2527
895,1.0,2617
895,2.0,1952
895,3.0,1437
895,4.0,2038
895,5.0,2038
895,6.0,1414
895,7.0,2709
895,8.0,2588
895,9.0,3121
895,10.0,2215
895,11.0,1471
895,12.0,1481
895,13.0,1924
895,14.0,1170
895,15.0,1143
895,16.0,2857
895,17.0,2038
895,18.0,2826
895,19.0,2086
896,0.0,3089
896,1.0,2617
896,2.0,1952
896,3.0,1437
896,4.0,2038
896,5.0,2038
896,6.0,1306
896,7.0,2709
896,8.0,2588
896,9.0,1306
896,10.0,2215
896,11.0,1471
896,12.0,1481
896,13.0,1924
896,14.0,1170
896,15.0,1107
896,16.0,1638
896,17.0,2038
896,18.0,2826
896,19.0,2124
897,0.0,1652
897,1.0,2617
897,2.0,1952
897,3.0,1437
897,4.0,2038
897,5.0,2038
897,6.0,1306
897,7.0,2709
897,8.0,2588
897,9.0,1306
897,10.0,2215
897,11.0,1471
897,12.0,1481
897,13.0,1924
897,14.0,1170
897,15.0,2790
897,16.0,1690
897,17.0,2038
897,18.0,2826
897,19.0,2322
898,0.0,2501
898,1.0,2617
898,2.0,1952
898,3.0,1437
898,4.0,2038
898,5.0,2038
898,6.0,1306
898,7.0,2709
898,8.0,2588
898,9.0,1306
898,10.0,2215
898,11.0,1471
898,12.0,1481
898,13.0,1924
898,14.0,1170
898,15.0,2763
898,16.0,3114
898,17.0,2038
898,18.0,2826
898,19.0,2358
899,0.0,2913
899,1.0,2617
899,2.0,1952
899,3.0,1437
899,4.0,2038
899,5.0,2038
899,6.0,1306
899,7.0,2709
899,8.0,2588
899,9.0,1306
899,10.0,2215
899,11.0,1471
899,12.0,1481
899,13.0,1924
899,14.0,1170
899,15.0,2305
899,16.0,1207
899,17.0,2416
899,18.0,2089
899,19.0,1036
900,0.0,2955
900,1.0,2617
900,2.0,1952
900,3.0,1437
900,4.0,2038
900,5.0,2038
900,6.0,1306
900,7.0,2709
900,8.0,2588
900,9.0,1306
900,10.0,2215
900,11.0,1471
900,12.0,1481
900,13.0,1924
900,14.0,1170
900,15.0,2393
900,16.0,1343
900,17.0,2416
900,18.0,1872
900,19.0,2244
901,0.0,2196
901,1.0,2617
901,2.0,1952
901,3.0,1437
901,4.0,2038
901,5.0,2038
901,6.0,1306
901,7.0,2709
901,8.0,2588
901,9.0,1306
901,10.0,2215
901,11.0,1471
901,12.0,1481
901,13.0,1924
901,14.0,1170
901,15.0,2341
901,16.0,1502
901,17.0,2416
901,18.0,1872
901,19.0,1367
902,0.0,2526
902,1.0,2056
902,2.0,1881
902,3.0,1978
902,4.0,2038
902,5.0,2038
902,6.0,2777
902,7.0,2709
902,8.0,1786
902,9.0,1131
902,10.0,3067
902,11.0,3166
902,12.0,1843
902,13.0,1924
902,14.0,2245
902,15.0,2185
902,16.0,2041
902,17.0,2416
902,18.0,1901
902,19.0,2999
903,0.0,2422
903,1.0,2056
903,2.0,2100
903,3.0,1978
903,4.0,2038
903,5.0,2038
903,6.0,2777
903,7.0,2709
903,8.0,1786
903,9.0,1131
903,10.0,3067
903,11.0,1471
903,12.0,1843
903,13.0,1924
903,14.0,2245
903,15.0,2611
903,16.0,1203
903,17.0,2416
903,18.0,1901
903,19.0,2174
904,0.0,3062
904,1.0,2056
904,2.0,1881
904,3.0,1978
904,4.0,2038
904,5.0,2038
904,6.0,2777
904,7.0,2709
904,8.0,1786
904,9.0,1131
904,10.0,3067
904,11.0,1471
904,12.0,1843
904,13.0,1924
904,14.0,2245
904,15.0,2886
904,16.0,2699
904,17.0,2416
904,18.0,1901
904,19.0,2493
905,0.0,1784
905,1.0,2056
905,2.0,1881
905,3.0,1978
905,4.0,2038
905,5.0,2038
905,6.0,2777
905,7.0,2709
905,8.0,1786
905,9.0,1131
905,10.0,3067
905,11.0,1471
905,12.0,1843
905,13.0,1924
905,14.0,3030
905,15.0,1206
905,16.0,1629
905,17.0,2416
905,18.0,1534
905,19.0,2347
906,0.0,2173
906,1.0,2056
906,2.0,1881
906,3.0,1978
906,4.0,2038
906,5.0,2038
906,6.0,2777
906,7.0,2709
906,8.0,1786
906,9.0,1131
906,10.0,3067
906,11.0,1471
906,12.0,1843
906,13.0,1924
906,14.0,3030
906,15.0,1294
906,16.0,1846
906,17.0,2416
906,18.0,2033
906,19.0,2923
907,0.0,2198
907,1.0,2056
907,2.0,1881
907,3.0,1978
907,4.0,2038
907,5.0,2038
907,6.0,2777
907,7.0,2709
907,8.0,1786
907,9.0,1131
907,10.0,3067
907,11.0,1471
907,12.0,1843
907,13.0,1924
907,14.0,3030
907,15.0,1989
907,16.0,2970
907,17.0,2416
907,18.0,1589
907,19.0,3004
908,0.0,1666
908,1.0,2056
908,2.0,1881
908,3.0,1978
908,4.0,2038
908,5.0,2038
908,6.0,2777
908,7.0,2709
908,8.0,1786
908,9.0,1131
908,10.0,3067
908,11.0,1471
908,12.0,1843
908,13.0,1924
908,14.0,3030
908,15.0,2272
908,16.0,2954
908,17.0,2416
908,18.0,2133
908,19.0,1418
909,0.0,1197
909,1.0,2056
909,2.0,1881
909,3.0,1978
909,4.0,2038
909,5.0,2038
909,6.0,2777
909,7.0,2709
909,8.0,1786
909,9.0,1131
909,10.0,3067
909,11.0,1471
909,12.0,1843
909,13.0,1924
909,14.0,3030
909,15.0,3078
909,16.0,1382
909,17.0,2416
909,18.0,2477
909,19.0,3072
910,0.0,3102
910,1.0,2056
910,2.0,1881
910,3.0,1978
910,4.0,2038
910,5.0,2038
910,6.0,2777
910,7.0,2709
910,8.0,1786
910,9.0,1131
910,10.0,3067
910,11.0,1471
910,12.0,1843
910,13.0,1924
910,14.0,3030
910,15.0,2310
910,16.0,2975
910,17.0,2280
910,18.0,1722
910,19.0,1208
911,0.0,2767
911,1.0,2056
911,2.0,1881
911,3.0,1978
911,4.0,2038
911,5.0,2038
911,6.0,2777
911,7.0,2709
911,8.0,1786
911,9.0,1131
911,10.0,3067
911,11.0,1471
911,12.0,1843
911,13.0,1924
911,14.0,3030
911,15.0,1557
911,16.0,2229
911,17.0,2416
911,18.0,2871
911,19.0,2761
912,0.0,1804
912,1.0,2056
912,2.0,1881
912,3.0,1978
912,4.0,2038
912,5.0,2038
912,6.0,2777
912,7.0,2709
912,8.0,1786
912,9.0,1131
912,10.0,3067
912,11.0,1471
912,12.0,1843
912,13.0,1924
912,14.0,2121
912,15.0,1184
912,16.0,1219
912,17.0,2416
912,18.0,1452
912,19.0,1956
913,0.0,1982
913,1.0,2056
913,2.0,1881
913,3.0,1978
913,4.0,2038
913,5.0,2038
913,6.0,2777
913,7.0,2709
913,8.0,1786
913,9.0,1131
913,10.0,3067
913,11.0,1471
913,12.0,1843
913,13.0,1924
913,14.0,2121
913,15.0,1706
913,16.0,2754
913,17.0,2416
913,18.0,1806
913,19.0,1362
914,0.0,2807
914,1.0,2056
914,2.0,1881
914,3.0,1978
914,4.0,2038
914,5.0,2038
914,6.0,2777
914,7.0,2709
914,8.0,1786
914,9.0,1131
914,10.0,3067
914,11.0,1471
914,12.0,1843
914,13.0,1924
914,14.0,2121
914,15.0,1937
914,16.0,2640
914,17.0,2416
914,18.0,1364
914,19.0,2113
915,0.0,1349
915,1.0,2056
915,2.0,1881
915,3.0,2618
915,4.0,2038
915,5.0,2038
915,6.0,2777
915,7.0,2709
915,8.0,1786
915,9.0,1131
915,10.0,3067
915,11.0,1471
915,12.0,1843
915,13.0,1924
915,14.0,2121
915,15.0,2484
915,16.0,3084
915,17.0,2416
915,18.0,1940
915,19.0,1175
916,0.0,2860
916,1.0,2056
916,2.0,1881
916,3.0,1978
916,4.0,2038
916,5.0,2038
916,6.0,2777
916,7.0,2709
916,8.0,1786
916,9.0,1131
916,10.0,1242
916,11.0,1471
916,12.0,1843
916,13.0,1924
916,14.0,1726
916,15.0,2467
916,16.0,1949
916,17.0,3129
916,18.0,1058
916,19.0,1163
917,0.0,2703
917,1.0,2056
917,2.0,1881
917,3.0,1978
917,4.0,2038
917,5.0,2038
917,6.0,2777
917,7.0,2709
917,8.0,1786
917,9.0,2891
917,10.0,3067
917,11.0,1471
917,12.0,1843
917,13.0,1924
917,14.0,1726
917,15.0,2700
917,16.0,1410
917,17.0,2539
917,18.0,2062
917,19.0,1040
918,0.0,1474
918,1.0,2056
918,2.0,1881
918,3.0,1978
918,4.0,2038
918,5.0,2038
918,6.0,2777
918,7.0,2709
918,8.0,1786
918,9.0,1131
918,10.0,3067
918,11.0,1471
918,12.0,1843
918,13.0,1924
918,14.0,1726
918,15.0,1517
918,16.0,1876
918,17.0,2416
918,18.0,1709
918,19.0,1302
919,0.0,1610
919,1.0,2056
919,2.0,1881
919,3.0,1978
919,4.0,2038
919,5.0,2038
919,6.0,2777
919,7.0,2709
919,8.0,1786
919,9.0,1131
919,10.0,3067
919,11.0,1471
919,12.0,1843
919,13.0,1738
919,14.0,1726
919,15.0,2104
919,16.0,1066
919,17.0,1731
919,18.0,2862
919,19.0,2931
920,0.0,1735
920,1.0,2056
920,2.0,1881
920,3.0,1978
920,4.0,2038
920,5.0,2038
920,6.0,2777
920,7.0,2709
920,8.0,1786
920,9.0,1131
920,10.0,3067
920,11.0,1471
920,12.0,1843
920,13.0,1924
920,14.0,1726
920,15.0,3110
920,16.0,2732
920,17.0,3142
920,18.0,2432
920,19.0,2284
921,0.0,2003
921,1.0,2056
921,2.0,2758
921,3.0,1978
921,4.0,2038
921,5.0,2038
921,6.0,2777
921,7.0,2709
921,8.0,1786
921,9.0,1131
921,10.0,3067
921,11.0,1471
921,12.0,1843
921,13.0,2892
921,14.0,1726
921,15.0,2488
921,16.0,2102
921,17.0,3129
921,18.0,2495
921,19.0,2702
922,0.0,3178
922,1.0,2056
922,2.0,2349
922,3.0,1978
922,4.0,2038
922,5.0,2038
922,6.0,2777
922,7.0,1029
922,8.0,1786
922,9.0,1131
922,10.0,3067
922,11.0,1471
922,12.0,1843
922,13.0,1924
922,14.0,1170
922,15.0,2791
922,16.0,2321
922,17.0,1550
922,18.0,2893
922,19.0,2852
923,0.0,1895
923,1.0,2056
923,2.0,1881
923,3.0,1978
923,4.0,2038
923,5.0,2038
923,6.0,2777
923,7.0,2709
923,8.0,2502
923,9.0,1131
923,10.0,3067
923,11.0,1471
923,12.0,1843
923,13.0,1924
923,14.0,1170
923,15.0,1143
923,16.0,2857
923,17.0,1550
923,18.0,1350
923,19.0,2086
924,0.0,2811
924,1.0,2056
924,2.0,1881
924,3.0,1978
924,4.0,2038
924,5.0,2038
924,6.0,2777
924,7.0,2709
924,8.0,1786
924,9.0,1131
924,10.0,3067
924,11.0,1471
924,12.0,1843
924,13.0,1924
924,14.0,1170
924,15.0,1107
924,16.0,1638
924,17.0,1550
924,18.0,3151
924,19.0,2124
925,0.0,1205
925,1.0,2056
925,2.0,1881
925,3.0,1978
925,4.0,2038
925,5.0,2038
925,6.0,2777
925,7.0,2709
925,8.0,1786
925,9.0,1131
925,10.0,3067
925,11.0,1471
925,12.0,1843
925,13.0,1924
925,14.0,1170
925,15.0,2790
925,16.0,1690
925,17.0,2301
925,18.0,1856
925,19.0,2322
926,0.0,1994
926,1.0,2056
926,2.0,1881
926,3.0,1978
926,4.0,2038
926,5.0,2038
926,6.0,2777
926,7.0,2709
926,8.0,1786
926,9.0,1131
926,10.0,3067
926,11.0,1323
926,12.0,1843
926,13.0,1924
926,14.0,1170
926,15.0,2763
926,16.0,3114
926,17.0,3142
926,18.0,1624
926,19.0,2358
927,0.0,2186
927,1.0,2056
927,2.0,1881
927,3.0,1978
927,4.0,2038
927,5.0,2038
927,6.0,2777
927,7.0,2709
927,8.0,1786
927,9.0,1131
927,10.0,3067
927,11.0,1471
927,12.0,1843
927,13.0,1924
927,14.0,1170
927,15.0,2305
927,16.0,1207
927,17.0,2416
927,18.0,2452
927,19.0,1036
928,0.0,3003
928,1.0,2056
928,2.0,1881
928,3.0,1978
928,4.0,2038
928,5.0,2038
928,6.0,2777
928,7.0,2709
928,8.0,1786
928,9.0,1131
928,10.0,3067
928,11.0,1471
928,12.0,1843
928,13.0,1924
928,14.0,1170
928,15.0,2393
928,16.0,1343
928,17.0,1416
928,18.0,2659
928,19.0,2244
929,0.0,1334
929,1.0,2056
929,2.0,1881
929,3.0,1978
929,4.0,2038
929,5.0,2038
929,6.0,2777
929,7.0,2709
929,8.0,1786
929,9.0,1131
929,10.0,3067
929,11.0,1471
929,12.0,1843
929,13.0,1924
929,14.0,1170
929,15.0,2341
929,16.0,1502
929,17.0,2921
929,18.0,2659
929,19.0,1367
930,0.0,1607
930,1.0,1990
930,2.0,2384
930,3.0,3063
930,4.0,2038
930,5.0,2038
930,6.0,2155
930,7.0,2709
930,8.0,2831
930,9.0,1890
930,10.0,2508
930,11.0,1471
930,12.0,1121
930,13.0,1200
930,14.0,3030
930,15.0,1438
930,16.0,1629
930,17.0,1249
930,18.0,2944
930,19.0,2347
931,0.0,1551
931,1.0,1990
931,2.0,2384
931,3.0,3063
931,4.0,2038
931,5.0,2038
931,6.0,2155
931,7.0,2709
931,8.0,2831
931,9.0,1890
931,10.0,2508
931,11.0,1471
931,12.0,1121
931,13.0,1200
931,14.0,3030
931,15.0,1294
931,16.0,1846
931,17.0,1554
931,18.0,2871
931,19.0,2923
932,0.0,3093
932,1.0,1990
932,2.0,2384
932,3.0,3063
932,4.0,2038
932,5.0,2038
932,6.0,2155
932,7.0,2709
932,8.0,2831
932,9.0,1890
932,10.0,2508
932,11.0,1471
932,12.0,1121
932,13.0,1200
932,14.0,3030
932,15.0,1989
932,16.0,2970
932,17.0,2416
932,18.0,2250
932,19.0,3004
933,0.0,3048
933,1.0,1691
933,2.0,2384
933,3.0,3063
933,4.0,2038
933,5.0,2038
933,6.0,2155
933,7.0,2709
933,8.0,2831
933,9.0,1890
933,10.0,2508
933,11.0,1471
933,12.0,1121
933,13.0,1200
933,14.0,3030
933,15.0,2272
933,16.0,2954
933,17.0,1468
933,18.0,2564
933,19.0,1418
934,0.0,1124
934,1.0,1990
934,2.0,2384
934,3.0,1479
934,4.0,2038
934,5.0,2038
934,6.0,2155
934,7.0,2709
934,8.0,2831
934,9.0,1890
934,10.0,2508
934,11.0,1471
934,12.0,1121
934,13.0,1200
934,14.0,3030
934,15.0,3078
934,16.0,1382
934,17.0,1903
934,18.0,2959
934,19.0,3072
935,0.0,2664
935,1.0,1990
935,2.0,2384
935,3.0,1623
935,4.0,2038
935,5.0,2038
935,6.0,2155
935,7.0,2709
935,8.0,2831
935,9.0,1890
935,10.0,2508
935,11.0,1471
935,12.0,1121
935,13.0,1200
935,14.0,3030
935,15.0,2310
935,16.0,2975
935,17.0,2038
935,18.0,2826
935,19.0,1208
936,0.0,2644
936,1.0,1990
936,2.0,2384
936,3.0,3063
936,4.0,2038
936,5.0,2038
936,6.0,2155
936,7.0,2709
936,8.0,2831
936,9.0,1890
936,10.0,2508
936,11.0,1471
936,12.0,1121
936,13.0,1200
936,14.0,3030
936,15.0,1557
936,16.0,2229
936,17.0,2038
936,18.0,2826
936,19.0,2761
937,0.0,2210
937,1.0,1990
937,2.0,2384
937,3.0,3063
937,4.0,2038
937,5.0,2038
937,6.0,2155
937,7.0,2709
937,8.0,2831
937,9.0,1890
937,10.0,2508
937,11.0,1471
937,12.0,1121
937,13.0,1200
937,14.0,2121
937,15.0,1184
937,16.0,1219
937,17.0,1249
937,18.0,1423
937,19.0,1956
938,0.0,1594
938,1.0,1990
938,2.0,2561
938,3.0,3063
938,4.0,2038
938,5.0,2038
938,6.0,2155
938,7.0,2709
938,8.0,2831
938,9.0,1890
938,10.0,2508
938,11.0,1471
938,12.0,1121
938,13.0,1200
938,14.0,2121
938,15.0,1706
938,16.0,2754
938,17.0,2005
938,18.0,1537
938,19.0,1362
939,0.0,1625
939,1.0,1990
939,2.0,2384
939,3.0,3063
939,4.0,2038
939,5.0,2038
939,6.0,2155
939,7.0,2709
939,8.0,2831
939,9.0,1890
939,10.0,2508
939,11.0,1471
939,12.0,1121
939,13.0,1200
939,14.0,2121
939,15.0,1937
939,16.0,2640
939,17.0,1957
939,18.0,2564
939,19.0,2113
940,0.0,1356
940,1.0,1990
940,2.0,2384
940,3.0,3063
940,4.0,2038
940,5.0,2038
940,6.0,2155
940,7.0,2709
940,8.0,2831
940,9.0,1890
940,10.0,2508
940,11.0,1471
940,12.0,1121
940,13.0,1200
940,14.0,2121
940,15.0,2484
940,16.0,1102
940,17.0,1391
940,18.0,1722
940,19.0,1175
941,0.0,1837
941,1.0,1990
941,2.0,2384
941,3.0,3063
941,4.0,2038
941,5.0,2038
941,6.0,2155
941,7.0,2709
941,8.0,2831
941,9.0,1890
941,10.0,2508
941,11.0,1471
941,12.0,1121
941,13.0,1200
941,14.0,1726
941,15.0,2467
941,16.0,1949
941,17.0,1981
941,18.0,1540
941,19.0,1163
942,0.0,2330
942,1.0,1990
942,2.0,2384
942,3.0,3063
942,4.0,2038
942,5.0,2038
942,6.0,2155
942,7.0,2709
942,8.0,2831
942,9.0,1890
942,10.0,2508
942,11.0,1471
942,12.0,1121
942,13.0,1200
942,14.0,1726
942,15.0,2700
942,16.0,1410
942,17.0,1554
942,18.0,2354
942,19.0,1040
943,0.0,2721
943,1.0,1990
943,2.0,2384
943,3.0,3063
943,4.0,2038
943,5.0,2038
943,6.0,2155
943,7.0,2709
943,8.0,2831
943,9.0,1900
943,10.0,2508
943,11.0,1471
943,12.0,1121
943,13.0,1200
943,14.0,1726
943,15.0,1517
943,16.0,1876
943,17.0,2696
943,18.0,2036
943,19.0,1302
944,0.0,1135
944,1.0,1990
944,2.0,2384
944,3.0,3063
944,4.0,2038
944,5.0,2038
944,6.0,2155
944,7.0,2709
944,8.0,2831
944,9.0,1890
944,10.0,2508
944,11.0,1471
944,12.0,1121
944,13.0,1200
944,14.0,1726
944,15.0,2104
944,16.0,1066
944,17.0,2539
944,18.0,2007
944,19.0,2931
945,0.0,1772
945,1.0,1990
945,2.0,2384
945,3.0,2059
945,4.0,2038
945,5.0,2038
945,6.0,2155
945,7.0,2709
945,8.0,2831
945,9.0,1890
945,10.0,2508
945,11.0,1471
945,12.0,1121
945,13.0,1200
945,14.0,1726
945,15.0,3110
945,16.0,2732
945,17.0,1554
945,18.0,2396
945,19.0,2297
946,0.0,2781
946,1.0,1990
946,2.0,2384
946,3.0,3063
946,4.0,2038
946,5.0,2038
946,6.0,2155
946,7.0,2709
946,8.0,2831
946,9.0,1890
946,10.0,2508
946,11.0,1471
946,12.0,1121
946,13.0,1200
946,14.0,1726
946,15.0,2488
946,16.0,2102
946,17.0,3043
946,18.0,1600
946,19.0,2702
947,0.0,2060
947,1.0,1990
947,2.0,2384
947,3.0,3063
947,4.0,2038
947,5.0,2038
947,6.0,2155
947,7.0,2709
947,8.0,2831
947,9.0,1890
947,10.0,2508
947,11.0,1471
947,12.0,1121
947,13.0,1200
947,14.0,1170
947,15.0,2791
947,16.0,2321
947,17.0,2038
947,18.0,2038
947,19.0,2852
948,0.0,2585
948,1.0,1990
948,2.0,2384
948,3.0,3063
948,4.0,2038
948,5.0,2038
948,6.0,2155
948,7.0,2709
948,8.0,2831
948,9.0,1890
948,10.0,2508
948,11.0,1471
948,12.0,1121
948,13.0,1200
948,14.0,1170
948,15.0,1143
948,16.0,2857
948,17.0,2038
948,18.0,2038
948,19.0,2086
949,0.0,2193
949,1.0,1990
949,2.0,2384
949,3.0,3063
949,4.0,2038
949,5.0,2038
949,6.0,1188
949,7.0,2709
949,8.0,2831
949,9.0,1890
949,10.0,2508
949,11.0,1193
949,12.0,1121
949,13.0,1200
949,14.0,1170
949,15.0,1107
949,16.0,1638
949,17.0,2038
949,18.0,2038
949,19.0,2124
950,0.0,2408
950,1.0,1990
950,2.0,2384
950,3.0,3063
950,4.0,2038
950,5.0,2038
950,6.0,2155
950,7.0,2709
950,8.0,2831
950,9.0,1890
950,10.0,2508
950,11.0,1471
950,12.0,1121
950,13.0,1200
950,14.0,1170
950,15.0,2790
950,16.0,1690
950,17.0,2038
950,18.0,2038
950,19.0,2322
951,0.0,1613
951,1.0,1990
951,2.0,2384
951,3.0,3063
951,4.0,2038
951,5.0,2038
951,6.0,2155
951,7.0,2709
951,8.0,2831
951,9.0,1890
951,10.0,2508
951,11.0,1471
951,12.0,1121
951,13.0,1200
951,14.0,1170
951,15.0,2763
951,16.0,3114
951,17.0,2038
951,18.0,2038
951,19.0,2358
952,0.0,2603
952,1.0,1990
952,2.0,2384
952,3.0,3063
952,4.0,2038
952,5.0,2038
952,6.0,2155
952,7.0,2709
952,8.0,2831
952,9.0,1890
952,10.0,2508
952,11.0,1471
952,12.0,1121
952,13.0,1200
952,14.0,1170
952,15.0,2305
952,16.0,1207
952,17.0,2038
952,18.0,2038
952,19.0,1036
953,0.0,3103
953,1.0,1990
953,2.0,2384
953,3.0,3063
953,4.0,2038
953,5.0,2038
953,6.0,2155
953,7.0,2709
953,8.0,2831
953,9.0,1890
953,10.0,2508
953,11.0,1471
953,12.0,1121
953,13.0,1200
953,14.0,1170
953,15.0,2393
953,16.0,1343
953,17.0,2038
953,18.0,2038
953,19.0,2244
954,0.0,1802
954,1.0,1990
954,2.0,2384
954,3.0,3063
954,4.0,2038
954,5.0,2038
954,6.0,2155
954,7.0,2709
954,8.0,2831
954,9.0,1890
954,10.0,2508
954,11.0,1471
954,12.0,1121
954,13.0,1200
954,14.0,1170
954,15.0,2341
954,16.0,1502
954,17.0,2038
954,18.0,2038
954,19.0,1367
955,0.0,2446
955,1.0,2817
955,2.0,1827
955,3.0,2906
955,4.0,2038
955,5.0,2038
955,6.0,1244
955,7.0,2709
955,8.0,1789
955,9.0,2594
955,10.0,1340
955,11.0,1471
955,12.0,1843
955,13.0,1924
955,14.0,1280
955,15.0,1206
955,16.0,1629
955,17.0,2416
955,18.0,1901
955,19.0,2347
956,0.0,3079
956,1.0,2562
956,2.0,2475
956,3.0,2066
956,4.0,2038
956,5.0,2038
956,6.0,1244
956,7.0,2709
956,8.0,1789
956,9.0,2594
956,10.0,1340
956,11.0,1984
956,12.0,1843
956,13.0,1924
956,14.0,3030
956,15.0,1294
956,16.0,1846
956,17.0,2416
956,18.0,2250
956,19.0,2923
957,0.0,2706
957,1.0,2562
957,2.0,1827
957,3.0,2906
957,4.0,2038
957,5.0,2038
957,6.0,1244
957,7.0,2709
957,8.0,1789
957,9.0,2594
957,10.0,1340
957,11.0,1471
957,12.0,1843
957,13.0,1924
957,14.0,3030
957,15.0,1989
957,16.0,2970
957,17.0,2038
957,18.0,2826
957,19.0,3004
958,0.0,2494
958,1.0,2562
958,2.0,1827
958,3.0,2906
958,4.0,2038
958,5.0,2038
958,6.0,1244
958,7.0,2709
958,8.0,1789
958,9.0,2594
958,10.0,1340
958,11.0,1471
958,12.0,1843
958,13.0,1924
958,14.0,3030
958,15.0,2272
958,16.0,2954
958,17.0,2038
958,18.0,2826
958,19.0,1418
959,0.0,2750
959,1.0,2562
959,2.0,1827
959,3.0,2906
959,4.0,2038
959,5.0,2038
959,6.0,1244
959,7.0,2709
959,8.0,1789
959,9.0,2594
959,10.0,1340
959,11.0,1471
959,12.0,1843
959,13.0,1924
959,14.0,3030
959,15.0,3078
959,16.0,1382
959,17.0,2416
959,18.0,2354
959,19.0,3072
960,0.0,2097
960,1.0,2562
960,2.0,1827
960,3.0,2906
960,4.0,2038
960,5.0,2038
960,6.0,2375
960,7.0,2709
960,8.0,1789
960,9.0,2594
960,10.0,1340
960,11.0,1471
960,12.0,1843
960,13.0,1924
960,14.0,3030
960,15.0,2310
960,16.0,2975
960,17.0,2038
960,18.0,2826
960,19.0,1208
961,0.0,1396
961,1.0,2562
961,2.0,1827
961,3.0,2906
961,4.0,2038
961,5.0,2038
961,6.0,1244
961,7.0,2709
961,8.0,1789
961,9.0,2594
961,10.0,1340
961,11.0,1471
961,12.0,1843
961,13.0,1924
961,14.0,3030
961,15.0,1557
961,16.0,2229
961,17.0,2038
961,18.0,2826
961,19.0,2761
962,0.0,1714
962,1.0,2562
962,2.0,1413
962,3.0,2906
962,4.0,2038
962,5.0,2038
962,6.0,1244
962,7.0,2709
962,8.0,1789
962,9.0,2594
962,10.0,1340
962,11.0,1471
962,12.0,1843
962,13.0,1924
962,14.0,2121
962,15.0,1184
962,16.0,1219
962,17.0,2128
962,18.0,1240
962,19.0,1956
963,0.0,1646
963,1.0,2562
963,2.0,1827
963,3.0,2906
963,4.0,2038
963,5.0,2038
963,6.0,1244
963,7.0,2709
963,8.0,1789
963,9.0,2594
963,10.0,1340
963,11.0,1471
963,12.0,1843
963,13.0,1924
963,14.0,2121
963,15.0,1706
963,16.0,2754
963,17.0,3129
963,18.0,2843
963,19.0,1362
964,0.0,2034
964,1.0,2562
964,2.0,1827
964,3.0,2906
964,4.0,2038
964,5.0,2038
964,6.0,1244
964,7.0,2709
964,8.0,1789
964,9.0,2594
964,10.0,1340
964,11.0,3166
964,12.0,1843
964,13.0,1924
964,14.0,2121
964,15.0,1937
964,16.0,2640
964,17.0,2416
964,18.0,2234
964,19.0,2113
965,0.0,1930
965,1.0,2562
965,2.0,1827
965,3.0,2906
965,4.0,2038
965,5.0,2038
965,6.0,1244
965,7.0,2709
965,8.0,1789
965,9.0,2594
965,10.0,1340
965,11.0,1471
965,12.0,1843
965,13.0,1924
965,14.0,2121
965,15.0,2484
965,16.0,1102
965,17.0,2416
965,18.0,2959
965,19.0,1175
966,0.0,1455
966,1.0,2562
966,2.0,1827
966,3.0,2906
966,4.0,2038
966,5.0,2038
966,6.0,1244
966,7.0,2709
966,8.0,1789
966,9.0,1617
966,10.0,1340
966,11.0,1471
966,12.0,1843
966,13.0,1924
966,14.0,1726
966,15.0,2467
966,16.0,1949
966,17.0,2416
966,18.0,1599
966,19.0,1163
967,0.0,2805
967,1.0,2562
967,2.0,1827
967,3.0,2906
967,4.0,2038
967,5.0,2038
967,6.0,1244
967,7.0,2709
967,8.0,1789
967,9.0,2594
967,10.0,1340
967,11.0,1471
967,12.0,1843
967,13.0,1924
967,14.0,1726
967,15.0,2700
967,16.0,1410
967,17.0,1626
967,18.0,3177
967,19.0,1040
968,0.0,2487
968,1.0,2562
968,2.0,1827
968,3.0,2906
968,4.0,2038
968,5.0,2038
968,6.0,1475
968,7.0,2709
968,8.0,1789
968,9.0,2594
968,10.0,1340
968,11.0,1471
968,12.0,1843
968,13.0,1924
968,14.0,1726
968,15.0,1517
968,16.0,1876
968,17.0,2416
968,18.0,1398
968,19.0,1302
969,0.0,1520
969,1.0,2562
969,2.0,1827
969,3.0,2906
969,4.0,2038
969,5.0,2038
969,6.0,1244
969,7.0,2709
969,8.0,1789
969,9.0,2594
969,10.0,1340
969,11.0,1471
969,12.0,1843
969,13.0,1924
969,14.0,1726
969,15.0,2104
969,16.0,1066
969,17.0,3129
969,18.0,1940
969,19.0,2931
970,0.0,2132
970,1.0,2562
970,2.0,1827
970,3.0,2906
970,4.0,2038
970,5.0,2038
970,6.0,1244
970,7.0,2709
970,8.0,1789
970,9.0,2594
970,10.0,1340
970,11.0,1471
970,12.0,1843
970,13.0,1924
970,14.0,1726
970,15.0,3110
970,16.0,2732
970,17.0,3129
970,18.0,1192
970,19.0,2297
971,0.0,2558
971,1.0,2562
971,2.0,1827
971,3.0,2906
971,4.0,2038
971,5.0,2038
971,6.0,1244
971,7.0,2709
971,8.0,1789
971,9.0,2594
971,10.0,1340
971,11.0,1471
971,12.0,1843
971,13.0,1924
971,14.0,1726
971,15.0,2488
971,16.0,2102
971,17.0,2416
971,18.0,1663
971,19.0,2702
972,0.0,1578
972,1.0,2562
972,2.0,1827
972,3.0,2906
972,4.0,2038
972,5.0,2038
972,6.0,1244
972,7.0,2709
972,8.0,1789
972,9.0,2594
972,10.0,1340
972,11.0,1471
972,12.0,1843
972,13.0,1924
972,14.0,1170
972,15.0,2791
972,16.0,2321
972,17.0,2416
972,18.0,3112
972,19.0,2852
973,0.0,2496
973,1.0,2562
973,2.0,1827
973,3.0,2906
973,4.0,2038
973,5.0,2038
973,6.0,1244
973,7.0,2709
973,8.0,1789
973,9.0,2594
973,10.0,1340
973,11.0,1471
973,12.0,1843
973,13.0,1924
973,14.0,1170
973,15.0,1143
973,16.0,2857
973,17.0,3129
973,18.0,2318
973,19.0,2086
974,0.0,2093
974,1.0,2562
974,2.0,1827
974,3.0,2906
974,4.0,2038
974,5.0,2038
974,6.0,1244
974,7.0,2709
974,8.0,1789
974,9.0,2594
974,10.0,1340
974,11.0,1471
974,12.0,1843
974,13.0,1924
974,14.0,2608
974,15.0,1107
974,16.0,1638
974,17.0,2416
974,18.0,2505
974,19.0,2124
975,0.0,1788
975,1.0,2562
975,2.0,1827
975,3.0,2906
975,4.0,2038
975,5.0,2038
975,6.0,1244
975,7.0,2709
975,8.0,1789
975,9.0,2594
975,10.0,1340
975,11.0,1471
975,12.0,1843
975,13.0,1924
975,14.0,1170
975,15.0,2790
975,16.0,1690
975,17.0,2416
975,18.0,2728
975,19.0,2322
976,0.0,2666
976,1.0,2562
976,2.0,1827
976,3.0,2906
976,4.0,2038
976,5.0,2038
976,6.0,1244
976,7.0,2709
976,8.0,1789
976,9.0,2594
976,10.0,1340
976,11.0,3166
976,12.0,1843
976,13.0,1924
976,14.0,1170
976,15.0,2763
976,16.0,3114
976,17.0,2038
976,18.0,2826
976,19.0,2358
977,0.0,2461
977,1.0,2562
977,2.0,1827
977,3.0,2906
977,4.0,2038
977,5.0,2038
977,6.0,1244
977,7.0,2709
977,8.0,1789
977,9.0,2594
977,10.0,1340
977,11.0,1471
977,12.0,1843
977,13.0,1924
977,14.0,1170
977,15.0,2305
977,16.0,1207
977,17.0,2416
977,18.0,2821
977,19.0,1036
978,0.0,1760
978,1.0,2562
978,2.0,1827
978,3.0,2906
978,4.0,2038
978,5.0,2038
978,6.0,1244
978,7.0,2709
978,8.0,1789
978,9.0,2594
978,10.0,1340
978,11.0,1471
978,12.0,1843
978,13.0,1924
978,14.0,1170
978,15.0,2393
978,16.0,1343
978,17.0,2416
978,18.0,2062
978,19.0,2244
979,0.0,2172
979,1.0,2562
979,2.0,1827
979,3.0,2906
979,4.0,2038
979,5.0,2038
979,6.0,1244
979,7.0,2709
979,8.0,1789
979,9.0,2594
979,10.0,1340
979,11.0,1471
979,12.0,1843
979,13.0,1924
979,14.0,1170
979,15.0,2341
979,16.0,1502
979,17.0,2416
979,18.0,2062
979,19.0,1367
980,0.0,1060
980,1.0,2529
980,2.0,1510
980,3.0,1120
980,4.0,2038
980,5.0,2038
980,6.0,1875
980,7.0,2709
980,8.0,2200
980,9.0,1247
980,10.0,2547
980,11.0,1471
980,12.0,1121
980,13.0,1924
980,14.0,3030
980,15.0,1206
980,16.0,1629
980,17.0,2416
980,18.0,2089
980,19.0,2347
981,0.0,3092
981,1.0,2529
981,2.0,1510
981,3.0,1120
981,4.0,2038
981,5.0,2038
981,6.0,1875
981,7.0,2709
981,8.0,2200
981,9.0,1247
981,10.0,2547
981,11.0,1471
981,12.0,1121
981,13.0,1924
981,14.0,3030
981,15.0,1294
981,16.0,1846
981,17.0,2416
981,18.0,2354
981,19.0,2923
982,0.0,1993
982,1.0,2529
982,2.0,1510
982,3.0,1120
982,4.0,2038
982,5.0,2038
982,6.0,1875
982,7.0,2709
982,8.0,2200
982,9.0,1247
982,10.0,2547
982,11.0,1471
982,12.0,1121
982,13.0,1924
982,14.0,3030
982,15.0,1989
982,16.0,2970
982,17.0,2416
982,18.0,2354
982,19.0,3004
983,0.0,2619
983,1.0,2529
983,2.0,1510
983,3.0,1120
983,4.0,2038
983,5.0,2038
983,6.0,1875
983,7.0,2709
983,8.0,2200
983,9.0,1247
983,10.0,2547
983,11.0,1471
983,12.0,1121
983,13.0,1924
983,14.0,3030
983,15.0,2272
983,16.0,2954
983,17.0,2038
983,18.0,2826
983,19.0,1418
984,0.0,1715
984,1.0,2529
984,2.0,1510
984,3.0,1120
984,4.0,2038
984,5.0,2038
984,6.0,1875
984,7.0,2709
984,8.0,2200
984,9.0,1247
984,10.0,2547
984,11.0,1471
984,12.0,1121
984,13.0,1924
984,14.0,3030
984,15.0,3078
984,16.0,1382
984,17.0,2416
984,18.0,1872
984,19.0,3072
985,0.0,1445
985,1.0,2529
985,2.0,1510
985,3.0,1120
985,4.0,2038
985,5.0,2038
985,6.0,3032
985,7.0,2709
985,8.0,2200
985,9.0,1247
985,10.0,2547
985,11.0,1471
985,12.0,1121
985,13.0,1924
985,14.0,3030
985,15.0,2310
985,16.0,2975
985,17.0,2038
985,18.0,2826
985,19.0,1208
986,0.0,2361
986,1.0,2529
986,2.0,1510
986,3.0,1365
986,4.0,2038
986,5.0,2038
986,6.0,1875
986,7.0,2709
986,8.0,2200
986,9.0,1247
986,10.0,2547
986,11.0,1471
986,12.0,1121
986,13.0,1924
986,14.0,3030
986,15.0,1557
986,16.0,2229
986,17.0,2038
986,18.0,2826
986,19.0,2761
987,0.0,1884
987,1.0,2529
987,2.0,2114
987,3.0,1120
987,4.0,2038
987,5.0,2038
987,6.0,1875
987,7.0,2709
987,8.0,2200
987,9.0,1247
987,10.0,2547
987,11.0,1471
987,12.0,1121
987,13.0,1924
987,14.0,2121
987,15.0,1184
987,16.0,1219
987,17.0,1554
987,18.0,1398
987,19.0,1956
988,0.0,3150
988,1.0,2529
988,2.0,1510
988,3.0,1120
988,4.0,2038
988,5.0,2038
988,6.0,1875
988,7.0,2709
988,8.0,2200
988,9.0,1247
988,10.0,2547
988,11.0,1471
988,12.0,1121
988,13.0,1924
988,14.0,2121
988,15.0,1706
988,16.0,2754
988,17.0,2211
988,18.0,2234
988,19.0,1362
989,0.0,3163
989,1.0,2529
989,2.0,1510
989,3.0,1120
989,4.0,2038
989,5.0,2038
989,6.0,1875
989,7.0,2709
989,8.0,2200
989,9.0,1247
989,10.0,2547
989,11.0,1471
989,12.0,1121
989,13.0,1924
989,14.0,2121
989,15.0,1937
989,16.0,2640
989,17.0,2416
989,18.0,2089
989,19.0,2113
990,0.0,3179
990,1.0,2529
990,2.0,1510
990,3.0,1120
990,4.0,2038
990,5.0,2038
990,6.0,1875
990,7.0,2709
990,8.0,2200
990,9.0,1247
990,10.0,2547
990,11.0,1471
990,12.0,1121
990,13.0,1924
990,14.0,2121
990,15.0,2484
990,16.0,1102
990,17.0,3128
990,18.0,2089
990,19.0,1175
991,0.0,3108
991,1.0,2529
991,2.0,1510
991,3.0,1120
991,4.0,2038
991,5.0,2038
991,6.0,1875
991,7.0,2709
991,8.0,2200
991,9.0,1247
991,10.0,2547
991,11.0,1471
991,12.0,1121
991,13.0,1924
991,14.0,1726
991,15.0,2467
991,16.0,1949
991,17.0,3156
991,18.0,2479
991,19.0,1163
992,0.0,1745
992,1.0,2529
992,2.0,1510
992,3.0,1120
992,4.0,2038
992,5.0,2038
992,6.0,1875
992,7.0,2709
992,8.0,2200
992,9.0,1247
992,10.0,2547
992,11.0,1471
992,12.0,1121
992,13.0,1924
992,14.0,1726
992,15.0,2700
992,16.0,1410
992,17.0,1595
992,18.0,1908
992,19.0,1040
993,0.0,3053
993,1.0,2529
993,2.0,1510
993,3.0,1120
993,4.0,2038
993,5.0,2038
993,6.0,1875
993,7.0,2709
993,8.0,2200
993,9.0,1247
993,10.0,2547
993,11.0,1471
993,12.0,1121
993,13.0,1924
993,14.0,1726
993,15.0,1517
993,16.0,1876
993,17.0,1595
993,18.0,2741
993,19.0,1302
994,0.0,2815
994,1.0,2529
994,2.0,1510
994,3.0,1120
994,4.0,2038
994,5.0,2038
994,6.0,1875
994,7.0,2709
994,8.0,2200
994,9.0,1247
994,10.0,2547
994,11.0,1471
994,12.0,1121
994,13.0,1924
994,14.0,1726
994,15.0,2104
994,16.0,1066
994,17.0,1626
994,18.0,1467
994,19.0,2931
995,0.0,1627
995,1.0,2529
995,2.0,1510
995,3.0,1120
995,4.0,2038
995,5.0,2038
995,6.0,1875
995,7.0,2709
995,8.0,2200
995,9.0,1247
995,10.0,2547
995,11.0,1471
995,12.0,1121
995,13.0,1924
995,14.0,1726
995,15.0,3110
995,16.0,2732
995,17.0,1151
995,18.0,3073
995,19.0,2297
996,0.0,3041
996,1.0,2529
996,2.0,1510
996,3.0,1120
996,4.0,2038
996,5.0,2038
996,6.0,1875
996,7.0,2709
996,8.0,2200
996,9.0,1247
996,10.0,2547
996,11.0,1471
996,12.0,1121
996,13.0,1924
996,14.0,1726
996,15.0,2488
996,16.0,2102
996,17.0,2989
996,18.0,2319
996,19.0,2702
997,0.0,1209
997,1.0,2529
997,2.0,1510
997,3.0,1120
997,4.0,2038
997,5.0,2038
997,6.0,1875
997,7.0,2709
997,8.0,2200
997,9.0,1247
997,10.0,2547
997,11.0,1471
997,12.0,1121
997,13.0,1924
997,14.0,1170
997,15.0,2791
997,16.0,2605
997,17.0,2037
997,18.0,1722
997,19.0,2852
998,0.0,2288
998,1.0,2529
998,2.0,1510
998,3.0,1120
998,4.0,2038
998,5.0,2038
998,6.0,1875
998,7.0,2709
998,8.0,2200
998,9.0,1247
998,10.0,2547
998,11.0,1471
998,12.0,1121
998,13.0,1924
998,14.0,1170
998,15.0,1143
998,16.0,2857
998,17.0,2989
998,18.0,1824
998,19.0,2086
999,0.0,2715
999,1.0,2529
999,2.0,1510
999,3.0,1120
999,4.0,2038
999,5.0,2038
999,6.0,1875
999,7.0,2709
999,8.0,2200
999,9.0,1247
999,10.0,2547
999,11.0,1471
999,12.0,1121
999,13.0,1924
999,14.0,1170
999,15.0,1107
999,16.0,1638
999,17.0,2280
999,18.0,1589
999,19.0,2124
