userId,rating,movieId
0,0.0,4169
0,1.0,3788
0,2.0,1957
0,3.0,1906
0,4.0,1675
0,5.0,3846
0,6.0,3773
0,7.0,4832
0,8.0,3762
0,9.0,2342
0,10.0,1855
1,0.0,1844
1,1.0,2098
1,2.0,5031
1,3.0,5769
1,4.0,4931
1,5.0,5918
1,6.0,1011
1,7.0,1011
1,8.0,2148
1,9.0,1011
1,10.0,2015
2,0.0,5230
2,1.0,1018
2,2.0,1957
2,3.0,1674
2,4.0,2331
2,5.0,5311
2,6.0,1493
2,7.0,5092
2,8.0,4825
2,9.0,1546
2,10.0,3329
3,0.0,3135
3,1.0,6601
3,2.0,3283
3,3.0,1011
3,4.0,1011
3,5.0,1011
3,6.0,4176
3,7.0,6887
3,8.0,3309
3,9.0,5275
3,10.0,6599
4,0.0,6575
4,1.0,2873
4,2.0,1957
4,3.0,3794
4,4.0,4528
4,5.0,3629
4,6.0,1616
4,7.0,5092
4,8.0,2012
4,9.0,1666
4,10.0,5898
5,0.0,2449
5,1.0,3241
5,2.0,1957
5,3.0,1011
5,4.0,1011
5,5.0,1011
5,6.0,5409
5,7.0,5092
5,8.0,1446
5,9.0,1292
5,10.0,5354
6,0.0,3251
6,1.0,4645
6,2.0,1957
6,3.0,4497
6,4.0,3237
6,5.0,3591
6,6.0,1537
6,7.0,5103
6,8.0,2825
6,9.0,1156
6,10.0,4229
7,0.0,6120
7,1.0,1682
7,2.0,3383
7,3.0,6943
7,4.0,1011
7,5.0,1011
7,6.0,6730
7,7.0,4737
7,8.0,5414
7,9.0,4911
7,10.0,4016
8,0.0,4330
8,1.0,3995
8,2.0,5537
8,3.0,1510
8,4.0,1011
8,5.0,5424
8,6.0,1267
8,7.0,5633
8,8.0,4368
8,9.0,2205
8,10.0,1585
9,0.0,6458
9,1.0,5118
9,2.0,1011
9,3.0,2807
9,4.0,1011
9,5.0,1011
9,6.0,4170
9,7.0,1143
9,8.0,1703
9,9.0,5774
9,10.0,1115
10,0.0,2787
10,1.0,6358
10,2.0,1011
10,3.0,5959
10,4.0,1011
10,5.0,1133
10,6.0,5236
10,7.0,5370
10,8.0,1446
10,9.0,3725
10,10.0,4616
11,0.0,2287
11,1.0,3213
11,2.0,5537
11,3.0,5248
11,4.0,2299
11,5.0,2895
11,6.0,2240
11,7.0,2455
11,8.0,4965
11,9.0,5229
11,10.0,2122
12,0.0,3111
12,1.0,2988
12,2.0,1957
12,3.0,3159
12,4.0,1634
12,5.0,5810
12,6.0,6839
12,7.0,2455
12,8.0,3309
12,9.0,6553
12,10.0,2323
13,0.0,2180
13,1.0,4416
13,2.0,1011
13,3.0,6660
13,4.0,1011
13,5.0,6745
13,6.0,2240
13,7.0,5370
13,8.0,4368
13,9.0,2043
13,10.0,2482
14,0.0,5429
14,1.0,6690
14,2.0,1957
14,3.0,1011
14,4.0,1011
14,5.0,1011
14,6.0,5942
14,7.0,2240
14,8.0,4368
14,9.0,3657
14,10.0,4318
15,0.0,6573
15,1.0,2260
15,2.0,1957
15,3.0,5524
15,4.0,1011
15,5.0,6545
15,6.0,2837
15,7.0,5370
15,8.0,2710
15,9.0,3144
15,10.0,5943
16,0.0,4504
16,1.0,2431
16,2.0,1957
16,3.0,1599
16,4.0,6720
16,5.0,4873
16,6.0,5633
16,7.0,1011
16,8.0,6704
16,9.0,5846
16,10.0,2129
17,0.0,5600
17,1.0,5699
17,2.0,1957
17,3.0,2032
17,4.0,1011
17,5.0,1770
17,6.0,6887
17,7.0,5092
17,8.0,2896
17,9.0,5293
17,10.0,5720
18,0.0,3231
18,1.0,6048
18,2.0,1957
18,3.0,3929
18,4.0,1011
18,5.0,4442
18,6.0,6770
18,7.0,3084
18,8.0,1891
18,9.0,1187
18,10.0,6181
19,0.0,6931
19,1.0,3290
19,2.0,1957
19,3.0,5171
19,4.0,1389
19,5.0,3826
19,6.0,6586
19,7.0,2455
19,8.0,5655
19,9.0,5423
19,10.0,2815
20,0.0,5709
20,1.0,5975
20,2.0,1957
20,3.0,2705
20,4.0,3557
20,5.0,1631
20,6.0,2455
20,7.0,4832
20,8.0,6309
20,9.0,5157
20,10.0,6427
21,0.0,3823
21,1.0,6809
21,2.0,5537
21,3.0,1011
21,4.0,1011
21,5.0,1011
21,6.0,5640
21,7.0,6887
21,8.0,4368
21,9.0,3871
21,10.0,4547
22,0.0,2459
22,1.0,2848
22,2.0,1957
22,3.0,3221
22,4.0,3552
22,5.0,4658
22,6.0,6187
22,7.0,2455
22,8.0,5569
22,9.0,1824
22,10.0,4601
23,0.0,1659
23,1.0,2385
23,2.0,1957
23,3.0,2268
23,4.0,5221
23,5.0,5705
23,6.0,2609
23,7.0,6248
23,8.0,1377
23,9.0,1538
23,10.0,4883
24,0.0,2947
24,1.0,6453
24,2.0,1011
24,3.0,3390
24,4.0,1011
24,5.0,1011
24,6.0,4767
24,7.0,5633
24,8.0,6704
24,9.0,5917
24,10.0,4095
25,0.0,3303
25,1.0,1036
25,2.0,1957
25,3.0,5325
25,4.0,1287
25,5.0,5849
25,6.0,2455
25,7.0,5103
25,8.0,2196
25,9.0,6225
25,10.0,6046
26,0.0,6630
26,1.0,3038
26,2.0,1957
26,3.0,4966
26,4.0,5318
26,5.0,6066
26,6.0,1949
26,7.0,4832
26,8.0,3574
26,9.0,4019
26,10.0,3282
27,0.0,3800
27,1.0,2020
27,2.0,5537
27,3.0,4654
27,4.0,1011
27,5.0,1011
27,6.0,5942
27,7.0,6889
27,8.0,1704
27,9.0,5984
27,10.0,4884
28,0.0,2496
28,1.0,5733
28,2.0,1957
28,3.0,4238
28,4.0,2026
28,5.0,1575
28,6.0,2240
28,7.0,4100
28,8.0,3309
28,9.0,5496
28,10.0,3589
29,0.0,6052
29,1.0,2183
29,2.0,5537
29,3.0,4853
29,4.0,1011
29,5.0,6771
29,6.0,4100
29,7.0,4100
29,8.0,1446
29,9.0,6472
29,10.0,4703
30,0.0,5263
30,1.0,6207
30,2.0,1246
30,3.0,1724
30,4.0,2507
30,5.0,1940
30,6.0,3191
30,7.0,2455
30,8.0,3574
30,9.0,1863
30,10.0,2345
31,0.0,3987
31,1.0,3692
31,2.0,1957
31,3.0,1163
31,4.0,1011
31,5.0,5971
31,6.0,6670
31,7.0,2414
31,8.0,1131
31,9.0,6194
31,10.0,1864
32,0.0,2906
32,1.0,2515
32,2.0,5537
32,3.0,1011
32,4.0,1011
32,5.0,1011
32,6.0,6887
32,7.0,6887
32,8.0,2743
32,9.0,1531
32,10.0,5130
33,0.0,1484
33,1.0,1269
33,2.0,1957
33,3.0,3061
33,4.0,1011
33,5.0,2978
33,6.0,1127
33,7.0,1011
33,8.0,6927
33,9.0,2226
33,10.0,3004
34,0.0,1324
34,1.0,1345
34,2.0,1957
34,3.0,3753
34,4.0,5944
34,5.0,2384
34,6.0,6475
34,7.0,5103
34,8.0,2334
34,9.0,4424
34,10.0,6611
35,0.0,1069
35,1.0,6336
35,2.0,1011
35,3.0,6737
35,4.0,1011
35,5.0,2773
35,6.0,3084
35,7.0,3084
35,8.0,4763
35,9.0,3101
35,10.0,1402
36,0.0,3271
36,1.0,5395
36,2.0,5537
36,3.0,2613
36,4.0,4924
36,5.0,4822
36,6.0,4677
36,7.0,5103
36,8.0,2672
36,9.0,1303
36,10.0,6375
37,0.0,1265
37,1.0,3055
37,2.0,1957
37,3.0,5832
37,4.0,5832
37,5.0,2931
37,6.0,3773
37,7.0,5103
37,8.0,6649
37,9.0,1449
37,10.0,5224
38,0.0,3512
38,1.0,2957
38,2.0,5537
38,3.0,6435
38,4.0,2049
38,5.0,5462
38,6.0,2240
38,7.0,5409
38,8.0,4512
38,9.0,5860
38,10.0,3354
39,0.0,3876
39,1.0,2594
39,2.0,1957
39,3.0,1271
39,4.0,1716
39,5.0,1730
39,6.0,6248
39,7.0,3084
39,8.0,5668
39,9.0,5968
39,10.0,3118
40,0.0,2006
40,1.0,5587
40,2.0,1011
40,3.0,6158
40,4.0,1011
40,5.0,3080
40,6.0,4688
40,7.0,4737
40,8.0,1011
40,9.0,3587
40,10.0,4145
41,0.0,3250
41,1.0,3501
41,2.0,1957
41,3.0,4282
41,4.0,4918
41,5.0,5261
41,6.0,6415
41,7.0,5409
41,8.0,5725
41,9.0,3171
41,10.0,1103
42,0.0,3576
42,1.0,2885
42,2.0,1011
42,3.0,3754
42,4.0,1011
42,5.0,2881
42,6.0,6415
42,7.0,5633
42,8.0,1891
42,9.0,2473
42,10.0,3085
43,0.0,5662
43,1.0,6744
43,2.0,1957
43,3.0,6937
43,4.0,6728
43,5.0,2116
43,6.0,2609
43,7.0,4737
43,8.0,2672
43,9.0,5192
43,10.0,6855
44,0.0,1470
44,1.0,6556
44,2.0,1011
44,3.0,1512
44,4.0,1011
44,5.0,4482
44,6.0,6843
44,7.0,4832
44,8.0,6267
44,9.0,5880
44,10.0,2312
45,0.0,5692
45,1.0,6580
45,2.0,1957
45,3.0,3104
45,4.0,3845
45,5.0,2856
45,6.0,3648
45,7.0,5409
45,8.0,5324
45,9.0,5935
45,10.0,4711
46,0.0,5266
46,1.0,2278
46,2.0,1011
46,3.0,1011
46,4.0,1011
46,5.0,1011
46,6.0,6887
46,7.0,6887
46,8.0,1011
46,9.0,1011
46,10.0,3954
47,0.0,6805
47,1.0,1380
47,2.0,1957
47,3.0,1894
47,4.0,1011
47,5.0,1770
47,6.0,5409
47,7.0,1011
47,8.0,3309
47,9.0,1588
47,10.0,6659
48,0.0,6398
48,1.0,3828
48,2.0,1957
48,3.0,4966
48,4.0,5318
48,5.0,6066
48,6.0,3648
48,7.0,6889
48,8.0,1776
48,9.0,2427
48,10.0,2330
49,0.0,5678
49,1.0,6616
49,2.0,1011
49,3.0,4520
49,4.0,1011
49,5.0,1011
49,6.0,2132
49,7.0,6887
49,8.0,6267
49,9.0,3936
49,10.0,4023
50,0.0,4037
50,1.0,4136
50,2.0,5537
50,3.0,1011
50,4.0,1011
50,5.0,1011
50,6.0,5035
50,7.0,5103
50,8.0,4068
50,9.0,1650
50,10.0,5926
51,0.0,4473
51,1.0,4250
51,2.0,3383
51,3.0,4200
51,4.0,5014
51,5.0,2676
51,6.0,3258
51,7.0,5370
51,8.0,6474
51,9.0,3450
51,10.0,2562
52,0.0,5143
52,1.0,6264
52,2.0,1957
52,3.0,2999
52,4.0,6541
52,5.0,3068
52,6.0,1162
52,7.0,6889
52,8.0,6722
52,9.0,3131
52,10.0,3623
53,0.0,6693
53,1.0,2642
53,2.0,1957
53,3.0,1475
53,4.0,3170
53,5.0,3385
53,6.0,3032
53,7.0,2455
53,8.0,1776
53,9.0,6518
53,10.0,6733
54,0.0,5701
54,1.0,1621
54,2.0,1011
54,3.0,1011
54,4.0,1011
54,5.0,1011
54,6.0,4688
54,7.0,3084
54,8.0,6113
54,9.0,5919
54,10.0,2487
55,0.0,4231
55,1.0,5518
55,2.0,5031
55,3.0,5931
55,4.0,3713
55,5.0,6877
55,6.0,3648
55,7.0,1011
55,8.0,5334
55,9.0,2744
55,10.0,4533
56,0.0,5795
56,1.0,6277
56,2.0,1957
56,3.0,2589
56,4.0,4513
56,5.0,2784
56,6.0,2293
56,7.0,2455
56,8.0,6165
56,9.0,5771
56,10.0,6811
57,0.0,2810
57,1.0,5326
57,2.0,1957
57,3.0,1011
57,4.0,1011
57,5.0,1011
57,6.0,5633
57,7.0,6887
57,8.0,6704
57,9.0,6415
57,10.0,6446
58,0.0,2390
58,1.0,3727
58,2.0,1011
58,3.0,4190
58,4.0,1011
58,5.0,6133
58,6.0,6887
58,7.0,6887
58,8.0,5937
58,9.0,1011
58,10.0,6137
59,0.0,2768
59,1.0,2127
59,2.0,1957
59,3.0,1182
59,4.0,5550
59,5.0,5816
59,6.0,5494
59,7.0,4832
59,8.0,5569
59,9.0,1918
59,10.0,4820
60,0.0,6751
60,1.0,2078
60,2.0,1957
60,3.0,3981
60,4.0,6977
60,5.0,6910
60,6.0,2455
60,7.0,4737
60,8.0,4965
60,9.0,6176
60,10.0,3284
61,0.0,3932
61,1.0,6824
61,2.0,1957
61,3.0,5196
61,4.0,4248
61,5.0,6154
61,6.0,4832
61,7.0,5103
61,8.0,4507
61,9.0,4770
61,10.0,6078
62,0.0,1282
62,1.0,2712
62,2.0,5537
62,3.0,6802
62,4.0,1011
62,5.0,5363
62,6.0,2440
62,7.0,5103
62,8.0,4368
62,9.0,1303
62,10.0,4894
63,0.0,5783
63,1.0,5166
63,2.0,1011
63,3.0,1097
63,4.0,1011
63,5.0,1139
63,6.0,1485
63,7.0,4737
63,8.0,2896
63,9.0,5378
63,10.0,5125
64,0.0,2443
64,1.0,4390
64,2.0,1957
64,3.0,4225
64,4.0,1011
64,5.0,2241
64,6.0,6670
64,7.0,1011
64,8.0,1446
64,9.0,6415
64,10.0,6006
65,0.0,4663
65,1.0,2452
65,2.0,1957
65,3.0,4197
65,4.0,6602
65,5.0,4478
65,6.0,1258
65,7.0,1011
65,8.0,4763
65,9.0,1011
65,10.0,5989
66,0.0,4526
66,1.0,4672
66,2.0,1011
66,3.0,5069
66,4.0,1011
66,5.0,1011
66,6.0,2293
66,7.0,6887
66,8.0,4763
66,9.0,3070
66,10.0,6830
67,0.0,5407
67,1.0,1278
67,2.0,1011
67,3.0,2794
67,4.0,1011
67,5.0,6816
67,6.0,4832
67,7.0,3084
67,8.0,6267
67,9.0,5378
67,10.0,6815
68,0.0,1835
68,1.0,6486
68,2.0,2469
68,3.0,6613
68,4.0,1079
68,5.0,5430
68,6.0,1537
68,7.0,3084
68,8.0,4367
68,9.0,2830
68,10.0,4005
69,0.0,5475
69,1.0,2013
69,2.0,1957
69,3.0,5168
69,4.0,6072
69,5.0,5814
69,6.0,2599
69,7.0,3084
69,8.0,5184
69,9.0,5846
69,10.0,1390
70,0.0,4748
70,1.0,4222
70,2.0,1957
70,3.0,5663
70,4.0,1011
70,5.0,2465
70,6.0,6394
70,7.0,5103
70,8.0,4582
70,9.0,4297
70,10.0,5575
71,0.0,4107
71,1.0,4902
71,2.0,1957
71,3.0,3474
71,4.0,1201
71,5.0,2703
71,6.0,6889
71,7.0,5103
71,8.0,6704
71,9.0,4921
71,10.0,6403
72,0.0,1662
72,1.0,2650
72,2.0,1957
72,3.0,3371
72,4.0,3630
72,5.0,2217
72,6.0,6807
72,7.0,4737
72,8.0,2765
72,9.0,2747
72,10.0,6279
73,0.0,1880
73,1.0,3919
73,2.0,5537
73,3.0,1598
73,4.0,1598
73,5.0,6290
73,6.0,5909
73,7.0,5633
73,8.0,4965
73,9.0,6956
73,10.0,6383
74,0.0,5985
74,1.0,3148
74,2.0,1957
74,3.0,6635
74,4.0,1011
74,5.0,1419
74,6.0,1531
74,7.0,3084
74,8.0,6097
74,9.0,6260
74,10.0,3907
75,0.0,5245
75,1.0,2244
75,2.0,1957
75,3.0,1011
75,4.0,1011
75,5.0,1011
75,6.0,1945
75,7.0,4737
75,8.0,3309
75,9.0,6954
75,10.0,4243
76,0.0,5016
76,1.0,1717
76,2.0,1011
76,3.0,1011
76,4.0,1011
76,5.0,1011
76,6.0,1267
76,7.0,3084
76,8.0,4368
76,9.0,5659
76,10.0,6315
77,0.0,4236
77,1.0,4943
77,2.0,1011
77,3.0,1028
77,4.0,1011
77,5.0,5223
77,6.0,3032
77,7.0,5409
77,8.0,1703
77,9.0,5138
77,10.0,1774
78,0.0,3075
78,1.0,5711
78,2.0,1957
78,3.0,6928
78,4.0,4983
78,5.0,1011
78,6.0,4737
78,7.0,2414
78,8.0,1426
78,9.0,5916
78,10.0,2875
79,0.0,2408
79,1.0,5802
79,2.0,1011
79,3.0,4306
79,4.0,1011
79,5.0,6462
79,6.0,6493
79,7.0,4100
79,8.0,4763
79,9.0,4213
79,10.0,3376
80,0.0,6651
80,1.0,2966
80,2.0,1957
80,3.0,4739
80,4.0,1232
80,5.0,2844
80,6.0,6701
80,7.0,5103
80,8.0,6267
80,9.0,4029
80,10.0,6024
81,0.0,3511
81,1.0,4634
81,2.0,1957
81,3.0,4905
81,4.0,3663
81,5.0,1356
81,6.0,1972
81,7.0,4737
81,8.0,4012
81,9.0,6624
81,10.0,5274
82,0.0,3866
82,1.0,2219
82,2.0,1011
82,3.0,2646
82,4.0,1011
82,5.0,2047
82,6.0,4737
82,7.0,3084
82,8.0,2896
82,9.0,1011
82,10.0,1247
83,0.0,1276
83,1.0,5438
83,2.0,2532
83,3.0,5199
83,4.0,3305
83,5.0,6146
83,6.0,6586
83,7.0,5092
83,8.0,2625
83,9.0,5241
83,10.0,2252
84,0.0,4967
84,1.0,3507
84,2.0,2739
84,3.0,1159
84,4.0,4990
84,5.0,5041
84,6.0,4832
84,7.0,5103
84,8.0,2672
84,9.0,2023
84,10.0,6219
85,0.0,2611
85,1.0,2460
85,2.0,1011
85,3.0,4406
85,4.0,1011
85,5.0,4933
85,6.0,3084
85,7.0,6887
85,8.0,4763
85,9.0,2551
85,10.0,5405
86,0.0,1660
86,1.0,3172
86,2.0,1957
86,3.0,3483
86,4.0,4285
86,5.0,2634
86,6.0,5103
86,7.0,5092
86,8.0,4825
86,9.0,4456
86,10.0,6958
87,0.0,5086
87,1.0,3388
87,2.0,1957
87,3.0,1011
87,4.0,1011
87,5.0,1011
87,6.0,5092
87,7.0,4737
87,8.0,6704
87,9.0,1444
87,10.0,1593
88,0.0,5830
88,1.0,3982
88,2.0,1957
88,3.0,4973
88,4.0,3712
88,5.0,1252
88,6.0,3773
88,7.0,4737
88,8.0,4068
88,9.0,6387
88,10.0,1330
89,0.0,5568
89,1.0,4121
89,2.0,1011
89,3.0,1312
89,4.0,6251
89,5.0,4363
89,6.0,1531
89,7.0,3084
89,8.0,4763
89,9.0,5623
89,10.0,5820
90,0.0,6442
90,1.0,6615
90,2.0,1957
90,3.0,3541
90,4.0,1288
90,5.0,2857
90,6.0,5409
90,7.0,3084
90,8.0,2816
90,9.0,1858
90,10.0,3935
91,0.0,2121
91,1.0,2470
91,2.0,6742
91,3.0,2953
91,4.0,1011
91,5.0,1642
91,6.0,2609
91,7.0,4737
91,8.0,6267
91,9.0,1141
91,10.0,4939
92,0.0,4735
92,1.0,5380
92,2.0,1957
92,3.0,6175
92,4.0,2652
92,5.0,6173
92,6.0,4737
92,7.0,5092
92,8.0,4068
92,9.0,1110
92,10.0,4158
93,0.0,6610
93,1.0,5514
93,2.0,5537
93,3.0,6484
93,4.0,1011
93,5.0,2002
93,6.0,6187
93,7.0,5370
93,8.0,4368
93,9.0,2951
93,10.0,4173
94,0.0,2908
94,1.0,6311
94,2.0,1957
94,3.0,6942
94,4.0,3881
94,5.0,1374
94,6.0,6701
94,7.0,4737
94,8.0,3309
94,9.0,5852
94,10.0,5834
95,0.0,6526
95,1.0,4706
95,2.0,1957
95,3.0,6756
95,4.0,1090
95,5.0,3183
95,6.0,3084
95,7.0,3084
95,8.0,6113
95,9.0,4941
95,10.0,3065
96,0.0,5594
96,1.0,2936
96,2.0,1011
96,3.0,5313
96,4.0,1011
96,5.0,1011
96,6.0,3773
96,7.0,6887
96,8.0,1446
96,9.0,5648
96,10.0,5498
97,0.0,5493
97,1.0,3232
97,2.0,1011
97,3.0,6404
97,4.0,6848
97,5.0,5503
97,6.0,3648
97,7.0,5370
97,8.0,5731
97,9.0,4044
97,10.0,4502
98,0.0,4256
98,1.0,5219
98,2.0,1957
98,3.0,5924
98,4.0,3698
98,5.0,1117
98,6.0,4792
98,7.0,3084
98,8.0,5353
98,9.0,6464
98,10.0,6096
99,0.0,5628
99,1.0,6121
99,2.0,1011
99,3.0,2659
99,4.0,1781
99,5.0,1933
99,6.0,6839
99,7.0,3084
99,8.0,5731
99,9.0,3627
99,10.0,4626
100,0.0,4790
100,1.0,4712
100,2.0,1011
100,3.0,1011
100,4.0,1011
100,5.0,1011
100,6.0,6887
100,7.0,6887
100,8.0,1011
100,9.0,1011
100,10.0,3954
101,0.0,1956
101,1.0,5706
101,2.0,5537
101,3.0,5542
101,4.0,1011
101,5.0,3646
101,6.0,6248
101,7.0,3084
101,8.0,2672
101,9.0,4487
101,10.0,4742
102,0.0,4234
102,1.0,1914
102,2.0,5537
102,3.0,1011
102,4.0,1011
102,5.0,1011
102,6.0,6475
102,7.0,5103
102,8.0,4965
102,9.0,4054
102,10.0,5391
103,0.0,4372
103,1.0,4653
103,2.0,1957
103,3.0,2550
103,4.0,6752
103,5.0,2106
103,6.0,6839
103,7.0,5103
103,8.0,2422
103,9.0,3123
103,10.0,5045
104,0.0,5109
104,1.0,1357
104,2.0,1957
104,3.0,1917
104,4.0,3405
104,5.0,5093
104,6.0,4897
104,7.0,5092
104,8.0,3673
104,9.0,5019
104,10.0,3224
105,0.0,2165
105,1.0,4398
105,2.0,1957
105,3.0,2789
105,4.0,4927
105,5.0,4731
105,6.0,6248
105,7.0,3084
105,8.0,5812
105,9.0,4252
105,10.0,5260
106,0.0,6030
106,1.0,5806
106,2.0,1011
106,3.0,1011
106,4.0,1011
106,5.0,1011
106,6.0,3191
106,7.0,3084
106,8.0,6704
106,9.0,1533
106,10.0,5156
107,0.0,2318
107,1.0,2882
107,2.0,1957
107,3.0,1011
107,4.0,1011
107,5.0,1011
107,6.0,6586
107,7.0,5103
107,8.0,6704
107,9.0,2945
107,10.0,2255
108,0.0,3136
108,1.0,6683
108,2.0,1957
108,3.0,5081
108,4.0,4125
108,5.0,5954
108,6.0,3084
108,7.0,5103
108,8.0,2471
108,9.0,4906
108,10.0,2288
109,0.0,6182
109,1.0,1309
109,2.0,1957
109,3.0,2667
109,4.0,2032
109,5.0,1770
109,6.0,1011
109,7.0,5103
109,8.0,1857
109,9.0,6632
109,10.0,5729
110,0.0,6826
110,1.0,4539
110,2.0,1957
110,3.0,5966
110,4.0,5067
110,5.0,5742
110,6.0,1434
110,7.0,4100
110,8.0,6787
110,9.0,6261
110,10.0,2520
111,0.0,5817
111,1.0,1057
111,2.0,5537
111,3.0,5188
111,4.0,1011
111,5.0,4489
111,6.0,3084
111,7.0,5409
111,8.0,3309
111,9.0,1011
111,10.0,4501
112,0.0,5063
112,1.0,6837
112,2.0,1957
112,3.0,1011
112,4.0,1011
112,5.0,1011
112,6.0,2113
112,7.0,6887
112,8.0,6113
112,9.0,2305
112,10.0,6420
113,0.0,6665
113,1.0,5685
113,2.0,1011
113,3.0,3928
113,4.0,1011
113,5.0,1865
113,6.0,1362
113,7.0,5092
113,8.0,4368
113,9.0,1011
113,10.0,3954
114,0.0,1370
114,1.0,3714
114,2.0,1957
114,3.0,5265
114,4.0,1387
114,5.0,5676
114,6.0,6670
114,7.0,5092
114,8.0,3680
114,9.0,6012
114,10.0,3307
115,0.0,4721
115,1.0,4530
115,2.0,1011
115,3.0,1011
115,4.0,1011
115,5.0,1011
115,6.0,6887
115,7.0,6887
115,8.0,1011
115,9.0,1011
115,10.0,3954
116,0.0,3750
116,1.0,6230
116,2.0,1011
116,3.0,3891
116,4.0,4859
116,5.0,4705
116,6.0,6319
116,7.0,4737
116,8.0,3478
116,9.0,6099
116,10.0,5827
117,0.0,3141
117,1.0,4842
117,2.0,1011
117,3.0,1011
117,4.0,1011
117,5.0,1011
117,6.0,3032
117,7.0,6887
117,8.0,6267
117,9.0,4922
117,10.0,5748
118,0.0,5672
118,1.0,6134
118,2.0,1011
118,3.0,6454
118,4.0,1011
118,5.0,4261
118,6.0,6889
118,7.0,3084
118,8.0,1011
118,9.0,2250
118,10.0,5182
119,0.0,1919
119,1.0,2099
119,2.0,5537
119,3.0,1011
119,4.0,1011
119,5.0,1011
119,6.0,6887
119,7.0,6887
119,8.0,5645
119,9.0,3032
119,10.0,2441
120,0.0,4700
120,1.0,5608
120,2.0,1957
120,3.0,5667
120,4.0,1011
120,5.0,4024
120,6.0,6719
120,7.0,5370
120,8.0,1426
120,9.0,1339
120,10.0,6831
121,0.0,6177
121,1.0,1654
121,2.0,1957
121,3.0,2608
121,4.0,2663
121,5.0,2190
121,6.0,1596
121,7.0,5103
121,8.0,1336
121,9.0,5345
121,10.0,2108
122,0.0,5350
122,1.0,2336
122,2.0,1957
122,3.0,2934
122,4.0,1011
122,5.0,1495
122,6.0,3032
122,7.0,1011
122,8.0,3309
122,9.0,4474
122,10.0,3743
123,0.0,6667
123,1.0,4591
123,2.0,1957
123,3.0,5689
123,4.0,3395
123,5.0,4675
123,6.0,2455
123,7.0,6889
123,8.0,3309
123,9.0,3651
123,10.0,5726
124,0.0,3540
124,1.0,3945
124,2.0,1957
124,3.0,6380
124,4.0,2901
124,5.0,1973
124,6.0,2132
124,7.0,5103
124,8.0,4368
124,9.0,4413
124,10.0,1515
125,0.0,6183
125,1.0,3381
125,2.0,3639
125,3.0,4743
125,4.0,5562
125,5.0,1643
125,6.0,2609
125,7.0,5092
125,8.0,1212
125,9.0,4527
125,10.0,4049
126,0.0,5342
126,1.0,5630
126,2.0,1011
126,3.0,1011
126,4.0,1011
126,5.0,1011
126,6.0,5236
126,7.0,6887
126,8.0,4368
126,9.0,4895
126,10.0,4644
127,0.0,2514
127,1.0,2295
127,2.0,1011
127,3.0,6337
127,4.0,1011
127,5.0,5049
127,6.0,5370
127,7.0,4737
127,8.0,4763
127,9.0,1351
127,10.0,4092
128,0.0,5465
128,1.0,6926
128,2.0,1957
128,3.0,3930
128,4.0,1011
128,5.0,4599
128,6.0,5409
128,7.0,5092
128,8.0,1433
128,9.0,1710
128,10.0,3288
129,0.0,1410
129,1.0,3347
129,2.0,1011
129,3.0,6788
129,4.0,1011
129,5.0,2786
129,6.0,6889
129,7.0,2455
129,8.0,1011
129,9.0,6487
129,10.0,2632
130,0.0,6382
130,1.0,3533
130,2.0,1011
130,3.0,3452
130,4.0,1253
130,5.0,5372
130,6.0,3827
130,7.0,5633
130,8.0,3309
130,9.0,1848
130,10.0,5490
131,0.0,2724
131,1.0,2866
131,2.0,1957
131,3.0,4540
131,4.0,1011
131,5.0,2524
131,6.0,6451
131,7.0,2455
131,8.0,4433
131,9.0,5019
131,10.0,6440
132,0.0,3468
132,1.0,2894
132,2.0,1011
132,3.0,1011
132,4.0,1011
132,5.0,1011
132,6.0,6887
132,7.0,6887
132,8.0,1011
132,9.0,1011
132,10.0,3954
133,0.0,4000
133,1.0,5137
133,2.0,1011
133,3.0,3163
133,4.0,1011
133,5.0,1011
133,6.0,6887
133,7.0,6887
133,8.0,1011
133,9.0,1011
133,10.0,2665
134,0.0,1711
134,1.0,6856
134,2.0,1011
134,3.0,2862
134,4.0,1011
134,5.0,1011
134,6.0,6519
134,7.0,4737
134,8.0,2896
134,9.0,3703
134,10.0,4738
135,0.0,4218
135,1.0,3675
135,2.0,1957
135,3.0,3901
135,4.0,1011
135,5.0,5728
135,6.0,2723
135,7.0,4832
135,8.0,4702
135,9.0,5190
135,10.0,6162
136,0.0,2961
136,1.0,2718
136,2.0,1957
136,3.0,4844
136,4.0,2751
136,5.0,6885
136,6.0,3296
136,7.0,6889
136,8.0,1693
136,9.0,3645
136,10.0,2581
137,0.0,1663
137,1.0,6384
137,2.0,1011
137,3.0,1033
137,4.0,1011
137,5.0,1011
137,6.0,5843
137,7.0,3084
137,8.0,2896
137,9.0,2184
137,10.0,1338
138,0.0,1425
138,1.0,3765
138,2.0,1011
138,3.0,1011
138,4.0,1011
138,5.0,1011
138,6.0,5942
138,7.0,5103
138,8.0,2672
138,9.0,3345
138,10.0,4564
139,0.0,1604
139,1.0,6929
139,2.0,1957
139,3.0,1011
139,4.0,1011
139,5.0,1011
139,6.0,2414
139,7.0,6887
139,8.0,2672
139,9.0,3688
139,10.0,2863
140,0.0,6379
140,1.0,1126
140,2.0,1957
140,3.0,1011
140,4.0,1011
140,5.0,1011
140,6.0,4288
140,7.0,5370
140,8.0,4368
140,9.0,3356
140,10.0,1679
141,0.0,3796
141,1.0,2604
141,2.0,1957
141,3.0,1011
141,4.0,1011
141,5.0,1011
141,6.0,2513
141,7.0,6887
141,8.0,1446
141,9.0,2914
141,10.0,2432
142,0.0,5513
142,1.0,5946
142,2.0,1011
142,3.0,5482
142,4.0,1011
142,5.0,1011
142,6.0,6887
142,7.0,5092
142,8.0,4368
142,9.0,1011
142,10.0,3798
143,0.0,3002
143,1.0,5433
143,2.0,1957
143,3.0,4159
143,4.0,3769
143,5.0,1071
143,6.0,2599
143,7.0,2455
143,8.0,2896
143,9.0,1067
143,10.0,3810
144,0.0,2246
144,1.0,4590
144,2.0,1957
144,3.0,2797
144,4.0,1453
144,5.0,5990
144,6.0,2293
144,7.0,3084
144,8.0,2504
144,9.0,3619
144,10.0,5288
145,0.0,1037
145,1.0,5390
145,2.0,3458
145,3.0,4864
145,4.0,1011
145,5.0,1011
145,6.0,2132
145,7.0,5092
145,8.0,6704
145,9.0,6544
145,10.0,4788
146,0.0,4511
146,1.0,1707
146,2.0,1011
146,3.0,1011
146,4.0,1011
146,5.0,1011
146,6.0,4150
146,7.0,5370
146,8.0,1011
146,9.0,5861
146,10.0,2139
147,0.0,4393
147,1.0,2624
147,2.0,1957
147,3.0,3756
147,4.0,4907
147,5.0,6628
147,6.0,5897
147,7.0,4737
147,8.0,2672
147,9.0,4425
147,10.0,2696
148,0.0,4838
148,1.0,2036
148,2.0,1957
148,3.0,1620
148,4.0,1620
148,5.0,1706
148,6.0,2455
148,7.0,5092
148,8.0,4052
148,9.0,4751
148,10.0,3132
149,0.0,2286
149,1.0,4101
149,2.0,1957
149,3.0,2059
149,4.0,6597
149,5.0,1901
149,6.0,3191
149,7.0,3084
149,8.0,4676
149,9.0,1936
149,10.0,2754
150,0.0,5603
150,1.0,1692
150,2.0,1011
150,3.0,3486
150,4.0,1011
150,5.0,6916
150,6.0,2293
150,7.0,5103
150,8.0,6113
150,9.0,1752
150,10.0,6222
151,0.0,5691
151,1.0,5114
151,2.0,1957
151,3.0,2852
151,4.0,2852
151,5.0,6767
151,6.0,3072
151,7.0,4832
151,8.0,1300
151,9.0,4594
151,10.0,2801
152,0.0,3018
152,1.0,1734
152,2.0,6031
152,3.0,3274
152,4.0,1011
152,5.0,6220
152,6.0,5240
152,7.0,5494
152,8.0,6317
152,9.0,1393
152,10.0,5979
153,0.0,4747
153,1.0,2853
153,2.0,1957
153,3.0,1011
153,4.0,1011
153,5.0,1011
153,6.0,2609
153,7.0,2455
153,8.0,4068
153,9.0,6316
153,10.0,2212
154,0.0,4189
154,1.0,4666
154,2.0,5537
154,3.0,3738
154,4.0,6907
154,5.0,2004
154,6.0,5092
154,7.0,5103
154,8.0,3478
154,9.0,1398
154,10.0,3669
155,0.0,2142
155,1.0,3835
155,2.0,1957
155,3.0,1489
155,4.0,1011
155,5.0,2144
155,6.0,2513
155,7.0,1267
155,8.0,2508
155,9.0,2269
155,10.0,3174
156,0.0,2633
156,1.0,3577
156,2.0,1011
156,3.0,3490
156,4.0,1011
156,5.0,1011
156,6.0,4897
156,7.0,4100
156,8.0,1446
156,9.0,4215
156,10.0,1346
157,0.0,2841
157,1.0,2405
157,2.0,1957
157,3.0,1483
157,4.0,2905
157,5.0,4893
157,6.0,2293
157,7.0,1011
157,8.0,6309
157,9.0,5520
157,10.0,3792
158,0.0,1672
158,1.0,3149
158,2.0,3306
158,3.0,1825
158,4.0,1011
158,5.0,3440
158,6.0,5593
158,7.0,5092
158,8.0,3309
158,9.0,3360
158,10.0,5044
159,0.0,6924
159,1.0,5734
159,2.0,5537
159,3.0,3937
159,4.0,3937
159,5.0,5283
159,6.0,2293
159,7.0,5103
159,8.0,2672
159,9.0,3837
159,10.0,5750
160,0.0,1432
160,1.0,4276
160,2.0,1011
160,3.0,1114
160,4.0,1011
160,5.0,1011
160,6.0,6701
160,7.0,6889
160,8.0,1011
160,9.0,1214
160,10.0,4901
161,0.0,3818
161,1.0,5927
161,2.0,1957
161,3.0,4471
161,4.0,1861
161,5.0,2054
161,6.0,2240
161,7.0,5370
161,8.0,4058
161,9.0,5449
161,10.0,6921
162,0.0,6456
162,1.0,1556
162,2.0,1011
162,3.0,1011
162,4.0,1011
162,5.0,1011
162,6.0,2599
162,7.0,6887
162,8.0,2672
162,9.0,5656
162,10.0,5359
163,0.0,3894
163,1.0,5996
163,2.0,1011
163,3.0,1011
163,4.0,1011
163,5.0,1011
163,6.0,6475
163,7.0,6887
163,8.0,4368
163,9.0,1756
163,10.0,1469
164,0.0,2823
164,1.0,1371
164,2.0,1957
164,3.0,1413
164,4.0,1413
164,5.0,1169
164,6.0,3084
164,7.0,3084
164,8.0,4512
164,9.0,4280
164,10.0,1896
165,0.0,1122
165,1.0,3066
165,2.0,1011
165,3.0,1011
165,4.0,1011
165,5.0,1011
165,6.0,3423
165,7.0,5103
165,8.0,6113
165,9.0,4343
165,10.0,5837
166,0.0,5009
166,1.0,1507
166,2.0,1011
166,3.0,3746
166,4.0,1011
166,5.0,1011
166,6.0,6248
166,7.0,4737
166,8.0,6267
166,9.0,1314
166,10.0,3578
167,0.0,6836
167,1.0,6812
167,2.0,1957
167,3.0,2009
167,4.0,1011
167,5.0,4633
167,6.0,5103
167,7.0,2240
167,8.0,2021
167,9.0,4690
167,10.0,4151
168,0.0,2466
168,1.0,1708
168,2.0,1011
168,3.0,4352
168,4.0,1011
168,5.0,1011
168,6.0,6887
168,7.0,5633
168,8.0,3309
168,9.0,1011
168,10.0,4203
169,0.0,6865
169,1.0,6594
169,2.0,1011
169,3.0,1011
169,4.0,1011
169,5.0,1011
169,6.0,6887
169,7.0,6887
169,8.0,1011
169,9.0,1011
169,10.0,3954
170,0.0,5610
170,1.0,6287
170,2.0,1957
170,3.0,4281
170,4.0,2506
170,5.0,6345
170,6.0,5843
170,7.0,5633
170,8.0,6224
170,9.0,2077
170,10.0,4312
171,0.0,3168
171,1.0,4462
171,2.0,1957
171,3.0,1011
171,4.0,1011
171,5.0,1011
171,6.0,4832
171,7.0,5103
171,8.0,2896
171,9.0,6935
171,10.0,6054
172,0.0,6426
172,1.0,6156
172,2.0,1957
172,3.0,6171
172,4.0,2523
172,5.0,5963
172,6.0,6415
172,7.0,2455
172,8.0,5569
172,9.0,2614
172,10.0,3387
173,0.0,3196
173,1.0,2729
173,2.0,5537
173,3.0,2302
173,4.0,1011
173,5.0,1800
173,6.0,2240
173,7.0,5092
173,8.0,5126
173,9.0,5981
173,10.0,5294
174,0.0,6705
174,1.0,1525
174,2.0,3383
174,3.0,2802
174,4.0,2802
174,5.0,2052
174,6.0,2609
174,7.0,5103
174,8.0,6257
174,9.0,3782
174,10.0,2138
175,0.0,1437
175,1.0,3979
175,2.0,1957
175,3.0,6804
175,4.0,1408
175,5.0,2978
175,6.0,2316
175,7.0,1011
175,8.0,6724
175,9.0,6666
175,10.0,4328
176,0.0,5367
176,1.0,3615
176,2.0,1957
176,3.0,2247
176,4.0,6804
176,5.0,4268
176,6.0,4090
176,7.0,6887
176,8.0,5731
176,9.0,3176
176,10.0,1867
177,0.0,6806
177,1.0,2014
177,2.0,1011
177,3.0,4764
177,4.0,2189
177,5.0,2762
177,6.0,2414
177,7.0,4737
177,8.0,1446
177,9.0,2325
177,10.0,1893
178,0.0,3838
178,1.0,2918
178,2.0,1957
178,3.0,6273
178,4.0,6823
178,5.0,1939
178,6.0,1949
178,7.0,5103
178,8.0,2672
178,9.0,5826
178,10.0,6471
179,0.0,3628
179,1.0,3422
179,2.0,1957
179,3.0,3971
179,4.0,3971
179,5.0,4612
179,6.0,6766
179,7.0,5409
179,8.0,2808
179,9.0,3323
179,10.0,3445
180,0.0,1801
180,1.0,3022
180,2.0,5537
180,3.0,1970
180,4.0,1011
180,5.0,4956
180,6.0,6887
180,7.0,6887
180,8.0,2672
180,9.0,3202
180,10.0,6747
181,0.0,6288
181,1.0,1647
181,2.0,5031
181,3.0,2220
181,4.0,3611
181,5.0,3525
181,6.0,1011
181,7.0,1011
181,8.0,1363
181,9.0,1011
181,10.0,3775
182,0.0,4030
182,1.0,6025
182,2.0,1011
182,3.0,1011
182,4.0,1011
182,5.0,1011
182,6.0,6887
182,7.0,6887
182,8.0,1011
182,9.0,1011
182,10.0,3954
183,0.0,6623
183,1.0,3295
183,2.0,6496
183,3.0,1011
183,4.0,1011
183,5.0,1011
183,6.0,6187
183,7.0,5633
183,8.0,6113
183,9.0,1438
183,10.0,2301
184,0.0,5893
184,1.0,2541
184,2.0,1011
184,3.0,3934
184,4.0,1011
184,5.0,5154
184,6.0,6475
184,7.0,5370
184,8.0,6704
184,9.0,6505
184,10.0,2539
185,0.0,3338
185,1.0,2845
185,2.0,5537
185,3.0,2874
185,4.0,1011
185,5.0,1011
185,6.0,4170
185,7.0,2455
185,8.0,6704
185,9.0,5356
185,10.0,3825
186,0.0,4480
186,1.0,1729
186,2.0,1011
186,3.0,4237
186,4.0,1011
186,5.0,1011
186,6.0,6887
186,7.0,6887
186,8.0,1011
186,9.0,1011
186,10.0,1845
187,0.0,6303
187,1.0,2757
187,2.0,1011
187,3.0,1761
187,4.0,1011
187,5.0,6684
187,6.0,1972
187,7.0,2455
187,8.0,6267
187,9.0,5988
187,10.0,6952
188,0.0,3208
188,1.0,3127
188,2.0,1011
188,3.0,3644
188,4.0,1011
188,5.0,1691
188,6.0,2240
188,7.0,5103
188,8.0,6704
188,9.0,2698
188,10.0,5522
189,0.0,3787
189,1.0,3916
189,2.0,5537
189,3.0,5215
189,4.0,1011
189,5.0,1508
189,6.0,6586
189,7.0,3084
189,8.0,3454
189,9.0,6861
189,10.0,5647
190,0.0,2732
190,1.0,3430
190,2.0,1011
190,3.0,3588
190,4.0,1011
190,5.0,6625
190,6.0,5640
190,7.0,5370
190,8.0,3309
190,9.0,2435
190,10.0,6968
191,0.0,5804
191,1.0,2795
191,2.0,1957
191,3.0,5167
191,4.0,3913
191,5.0,2261
191,6.0,1362
191,7.0,4737
191,8.0,1446
191,9.0,6099
191,10.0,3751
192,0.0,5796
192,1.0,2164
192,2.0,1011
192,3.0,1574
192,4.0,1011
192,5.0,1011
192,6.0,1616
192,7.0,2455
192,8.0,5812
192,9.0,3568
192,10.0,5020
193,0.0,2585
193,1.0,5062
193,2.0,1957
193,3.0,1152
193,4.0,1468
193,5.0,1051
193,6.0,6394
193,7.0,6248
193,8.0,3109
193,9.0,4562
193,10.0,4944
194,0.0,4198
194,1.0,1655
194,2.0,1011
194,3.0,4045
194,4.0,1011
194,5.0,1435
194,6.0,6248
194,7.0,3084
194,8.0,6704
194,9.0,6619
194,10.0,1061
195,0.0,2248
195,1.0,4835
195,2.0,1957
195,3.0,1011
195,4.0,1011
195,5.0,1011
195,6.0,4047
195,7.0,6887
195,8.0,1446
195,9.0,5201
195,10.0,6216
196,0.0,3351
196,1.0,1847
196,2.0,5031
196,3.0,3071
196,4.0,2548
196,5.0,1812
196,6.0,1011
196,7.0,1011
196,8.0,4112
196,9.0,1011
196,10.0,6371
197,0.0,1381
197,1.0,5305
197,2.0,1957
197,3.0,1651
197,4.0,1011
197,5.0,1529
197,6.0,4832
197,7.0,1011
197,8.0,6704
197,9.0,1267
197,10.0,6422
198,0.0,5683
198,1.0,4408
198,2.0,1957
198,3.0,3225
198,4.0,3986
198,5.0,1597
198,6.0,5153
198,7.0,4737
198,8.0,2031
198,9.0,2093
198,10.0,6868
199,0.0,4647
199,1.0,1016
199,2.0,1957
199,3.0,2394
199,4.0,4791
199,5.0,6803
199,6.0,2293
199,7.0,5092
199,8.0,6567
199,9.0,4333
199,10.0,1829
200,0.0,6534
200,1.0,5543
200,2.0,1957
200,3.0,5373
200,4.0,1874
200,5.0,1154
200,6.0,6248
200,7.0,1011
200,8.0,5569
200,9.0,2414
200,10.0,4060
201,0.0,5619
201,1.0,6863
201,2.0,1011
201,3.0,5110
201,4.0,1011
201,5.0,2109
201,6.0,6887
201,7.0,6887
201,8.0,3309
201,9.0,1011
201,10.0,4014
202,0.0,4638
202,1.0,1695
202,2.0,1957
202,3.0,1206
202,4.0,2952
202,5.0,5791
202,6.0,1267
202,7.0,4100
202,8.0,6413
202,9.0,2758
202,10.0,2140
203,0.0,4284
203,1.0,5453
203,2.0,5537
203,3.0,4541
203,4.0,1011
203,5.0,1011
203,6.0,1181
203,7.0,5370
203,8.0,1703
203,9.0,6275
203,10.0,2742
204,0.0,6060
204,1.0,3521
204,2.0,1957
204,3.0,2570
204,4.0,2406
204,5.0,4886
204,6.0,6670
204,7.0,4737
204,8.0,3309
204,9.0,4783
204,10.0,6825
205,0.0,4346
205,1.0,2072
205,2.0,5537
205,3.0,2395
205,4.0,2395
205,5.0,1712
205,6.0,3773
205,7.0,4737
205,8.0,3309
205,9.0,2920
205,10.0,5698
206,0.0,6036
206,1.0,5688
206,2.0,1011
206,3.0,1011
206,4.0,1011
206,5.0,1011
206,6.0,6887
206,7.0,6887
206,8.0,1011
206,9.0,1011
206,10.0,3954
207,0.0,4428
207,1.0,6488
207,2.0,1011
207,3.0,1011
207,4.0,1011
207,5.0,1011
207,6.0,6887
207,7.0,6887
207,8.0,1011
207,9.0,1011
207,10.0,3954
208,0.0,4184
208,1.0,3189
208,2.0,1957
208,3.0,1225
208,4.0,4245
208,5.0,5332
208,6.0,1178
208,7.0,3084
208,8.0,4512
208,9.0,3974
208,10.0,3043
209,0.0,4762
209,1.0,2444
209,2.0,5031
209,3.0,3339
209,4.0,4718
209,5.0,6160
209,6.0,1011
209,7.0,1011
209,8.0,4606
209,9.0,1011
209,10.0,1527
210,0.0,1170
210,1.0,6351
210,2.0,1957
210,3.0,1785
210,4.0,1344
210,5.0,2448
210,6.0,5789
210,7.0,2455
210,8.0,6425
210,9.0,5539
210,10.0,5015
211,0.0,2126
211,1.0,3812
211,2.0,1957
211,3.0,2022
211,4.0,2166
211,5.0,4650
211,6.0,1807
211,7.0,5370
211,8.0,6474
211,9.0,5826
211,10.0,4355
212,0.0,2420
212,1.0,4755
212,2.0,3215
212,3.0,3757
212,4.0,2654
212,5.0,1185
212,6.0,6730
212,7.0,2609
212,8.0,6257
212,9.0,6626
212,10.0,5213
213,0.0,1889
213,1.0,2752
213,2.0,1011
213,3.0,1011
213,4.0,1011
213,5.0,1011
213,6.0,6887
213,7.0,6887
213,8.0,1011
213,9.0,1011
213,10.0,3954
214,0.0,2877
214,1.0,1198
214,2.0,1957
214,3.0,3279
214,4.0,3917
214,5.0,2306
214,6.0,4176
214,7.0,4737
214,8.0,1300
214,9.0,6591
214,10.0,4679
215,0.0,1580
215,1.0,6095
215,2.0,1957
215,3.0,1011
215,4.0,1011
215,5.0,1011
215,6.0,6701
215,7.0,5092
215,8.0,6704
215,9.0,1111
215,10.0,3398
216,0.0,2271
216,1.0,4461
216,2.0,1011
216,3.0,2447
216,4.0,6890
216,5.0,6361
216,6.0,1062
216,7.0,3084
216,8.0,5126
216,9.0,3811
216,10.0,3954
217,0.0,6470
217,1.0,4684
217,2.0,1011
217,3.0,4913
217,4.0,5106
217,5.0,4380
217,6.0,5409
217,7.0,4737
217,8.0,4763
217,9.0,4440
217,10.0,1892
218,0.0,3801
218,1.0,1980
218,2.0,1011
218,3.0,1011
218,4.0,1011
218,5.0,1011
218,6.0,5494
218,7.0,6887
218,8.0,6267
218,9.0,6764
218,10.0,4305
219,0.0,1391
219,1.0,1653
219,2.0,1011
219,3.0,4143
219,4.0,1011
219,5.0,1011
219,6.0,6087
219,7.0,4737
219,8.0,1703
219,9.0,3674
219,10.0,5017
220,0.0,4104
220,1.0,5443
220,2.0,1957
220,3.0,4786
220,4.0,1589
220,5.0,2985
220,6.0,5494
220,7.0,2455
220,8.0,5499
220,9.0,6314
220,10.0,1429
221,0.0,3286
221,1.0,1534
221,2.0,1011
221,3.0,1011
221,4.0,1011
221,5.0,1011
221,6.0,6415
221,7.0,5092
221,8.0,4068
221,9.0,4257
221,10.0,5218
222,0.0,5929
222,1.0,3790
222,2.0,1011
222,3.0,1700
222,4.0,1011
222,5.0,1011
222,6.0,5789
222,7.0,4737
222,8.0,1011
222,9.0,4496
222,10.0,4168
223,0.0,6970
223,1.0,4161
223,2.0,1957
223,3.0,2606
223,4.0,3256
223,5.0,3124
223,6.0,1616
223,7.0,6887
223,8.0,1446
223,9.0,4696
223,10.0,4091
224,0.0,1301
224,1.0,6019
224,2.0,1011
224,3.0,1011
224,4.0,1011
224,5.0,1011
224,6.0,6887
224,7.0,6887
224,8.0,1011
224,9.0,1011
224,10.0,3954
225,0.0,4569
225,1.0,2783
225,2.0,1011
225,3.0,1011
225,4.0,1011
225,5.0,1011
225,6.0,6887
225,7.0,6887
225,8.0,1011
225,9.0,1011
225,10.0,3954
226,0.0,3868
226,1.0,3137
226,2.0,1957
226,3.0,1078
226,4.0,1078
226,5.0,5730
226,6.0,1181
226,7.0,4100
226,8.0,4076
226,9.0,4379
226,10.0,1579
227,0.0,2439
227,1.0,1799
227,2.0,1957
227,3.0,4033
227,4.0,1011
227,5.0,3414
227,6.0,6475
227,7.0,3084
227,8.0,2669
227,9.0,2660
227,10.0,6862
228,0.0,1065
228,1.0,5065
228,2.0,1011
228,3.0,4993
228,4.0,1011
228,5.0,2254
228,6.0,5103
228,7.0,3084
228,8.0,1703
228,9.0,4065
228,10.0,4784
229,0.0,1243
229,1.0,5021
229,2.0,1011
229,3.0,1011
229,4.0,1011
229,5.0,1011
229,6.0,6887
229,7.0,6887
229,8.0,1011
229,9.0,1011
229,10.0,3954
230,0.0,3984
230,1.0,1962
230,2.0,1011
230,3.0,5708
230,4.0,1819
230,5.0,5951
230,6.0,1493
230,7.0,5092
230,8.0,1703
230,9.0,3161
230,10.0,1060
231,0.0,5724
231,1.0,1853
231,2.0,1957
231,3.0,2344
231,4.0,4085
231,5.0,4395
231,6.0,1026
231,7.0,3084
231,8.0,2031
231,9.0,2573
231,10.0,6117
232,0.0,6876
232,1.0,4350
232,2.0,1957
232,3.0,1153
232,4.0,6388
232,5.0,2975
232,6.0,5843
232,7.0,5092
232,8.0,1446
232,9.0,3254
232,10.0,3019
233,0.0,3129
233,1.0,1017
233,2.0,1957
233,3.0,6918
233,4.0,4866
233,5.0,3169
233,6.0,3544
233,7.0,5370
233,8.0,6704
233,9.0,3660
233,10.0,6473
234,0.0,6047
234,1.0,5615
234,2.0,1957
234,3.0,6721
234,4.0,6549
234,5.0,5431
234,6.0,5942
234,7.0,4737
234,8.0,3309
234,9.0,3989
234,10.0,1576
235,0.0,5401
235,1.0,3763
235,2.0,1957
235,3.0,4980
235,4.0,4046
235,5.0,2694
235,6.0,5841
235,7.0,3084
235,8.0,6704
235,9.0,3180
235,10.0,1208
236,0.0,4303
236,1.0,3695
236,2.0,1957
236,3.0,6886
236,4.0,2352
236,5.0,5495
236,6.0,5092
236,7.0,5092
236,8.0,5622
236,9.0,4079
236,10.0,4518
237,0.0,6132
237,1.0,3217
237,2.0,1543
237,3.0,3480
237,4.0,1011
237,5.0,1976
237,6.0,3423
237,7.0,1011
237,8.0,4155
237,9.0,6640
237,10.0,1439
238,0.0,5392
238,1.0,5206
238,2.0,1957
238,3.0,5188
238,4.0,1011
238,5.0,4489
238,6.0,5092
238,7.0,5633
238,8.0,2672
238,9.0,6172
238,10.0,3216
239,0.0,3469
239,1.0,2066
239,2.0,1957
239,3.0,3417
239,4.0,3417
239,5.0,1296
239,6.0,2128
239,7.0,4100
239,8.0,3888
239,9.0,5532
239,10.0,3820
240,0.0,5956
240,1.0,1953
240,2.0,1957
240,3.0,3696
240,4.0,5145
240,5.0,4887
240,6.0,2240
240,7.0,1011
240,8.0,6113
240,9.0,4120
240,10.0,3691
241,0.0,2697
241,1.0,2191
241,2.0,1957
241,3.0,3449
241,4.0,1011
241,5.0,2645
241,6.0,6475
241,7.0,4737
241,8.0,1336
241,9.0,1238
241,10.0,4457
242,0.0,3267
242,1.0,4484
242,2.0,1957
242,3.0,5188
242,4.0,1011
242,5.0,4489
242,6.0,5092
242,7.0,5633
242,8.0,2672
242,9.0,2151
242,10.0,2155
243,0.0,1279
243,1.0,6697
243,2.0,1011
243,3.0,2558
243,4.0,2558
243,5.0,2215
243,6.0,2617
243,7.0,6887
243,8.0,1011
243,9.0,3226
243,10.0,4117
244,0.0,5447
244,1.0,4147
244,2.0,1957
244,3.0,2516
244,4.0,3399
244,5.0,5027
244,6.0,1972
244,7.0,5092
244,8.0,3309
244,9.0,2763
244,10.0,3207
245,0.0,3772
245,1.0,6913
245,2.0,1011
245,3.0,1011
245,4.0,1011
245,5.0,1011
245,6.0,6248
245,7.0,6887
245,8.0,3309
245,9.0,2372
245,10.0,3506
246,0.0,2488
246,1.0,5246
246,2.0,1957
246,3.0,5023
246,4.0,5972
246,5.0,4154
246,6.0,1972
246,7.0,4737
246,8.0,6267
246,9.0,5299
246,10.0,6495
247,0.0,3114
247,1.0,2185
247,2.0,5536
247,3.0,4709
247,4.0,4465
247,5.0,5602
247,6.0,5897
247,7.0,5092
247,8.0,3574
247,9.0,5844
247,10.0,6213
248,0.0,2592
248,1.0,6180
248,2.0,1957
248,3.0,2563
248,4.0,2563
248,5.0,3938
248,6.0,3406
248,7.0,4737
248,8.0,5480
248,9.0,3140
248,10.0,5013
249,0.0,4637
249,1.0,3804
249,2.0,1011
249,3.0,6406
249,4.0,1011
249,5.0,1374
249,6.0,5633
249,7.0,5103
249,8.0,1011
249,9.0,5657
249,10.0,6711
250,0.0,2079
250,1.0,3705
250,2.0,1011
250,3.0,3147
250,4.0,1011
250,5.0,1011
250,6.0,5942
250,7.0,3084
250,8.0,5353
250,9.0,3636
250,10.0,6433
251,0.0,5512
251,1.0,5824
251,2.0,1011
251,3.0,2587
251,4.0,1011
251,5.0,5719
251,6.0,5897
251,7.0,5103
251,8.0,1446
251,9.0,2855
251,10.0,4640
252,0.0,6185
252,1.0,3027
252,2.0,5537
252,3.0,1740
252,4.0,5082
252,5.0,4899
252,6.0,5409
252,7.0,6887
252,8.0,4368
252,9.0,5494
252,10.0,5743
253,0.0,2888
253,1.0,4720
253,2.0,1011
253,3.0,4561
253,4.0,1011
253,5.0,5915
253,6.0,4737
253,7.0,4737
253,8.0,1891
253,9.0,2389
253,10.0,3364
254,0.0,6378
254,1.0,6900
254,2.0,1957
254,3.0,1066
254,4.0,1190
254,5.0,2531
254,6.0,4400
254,7.0,5634
254,8.0,1613
254,9.0,5150
254,10.0,3319
255,0.0,6513
255,1.0,4741
255,2.0,1957
255,3.0,4750
255,4.0,5767
255,5.0,6785
255,6.0,5843
255,7.0,5370
255,8.0,2808
255,9.0,1456
255,10.0,5875
256,0.0,6961
256,1.0,5080
256,2.0,1957
256,3.0,5515
256,4.0,3456
256,5.0,2819
256,6.0,6415
256,7.0,5103
256,8.0,3673
256,9.0,3565
256,10.0,2071
257,0.0,5964
257,1.0,5761
257,2.0,1011
257,3.0,4308
257,4.0,1011
257,5.0,3771
257,6.0,6451
257,7.0,2455
257,8.0,2672
257,9.0,3355
257,10.0,2623
258,0.0,3302
258,1.0,6969
258,2.0,1957
258,3.0,1767
258,4.0,1994
258,5.0,4182
258,6.0,6843
258,7.0,5370
258,8.0,4058
258,9.0,6333
258,10.0,6691
259,0.0,1473
259,1.0,4801
259,2.0,5537
259,3.0,1310
259,4.0,1011
259,5.0,1011
259,6.0,5843
259,7.0,6475
259,8.0,6704
259,9.0,1011
259,10.0,6957
260,0.0,3605
260,1.0,6687
260,2.0,1011
260,3.0,2859
260,4.0,1011
260,5.0,3649
260,6.0,5436
260,7.0,5092
260,8.0,5883
260,9.0,3222
260,10.0,2969
261,0.0,5146
261,1.0,5421
261,2.0,5537
261,3.0,3197
261,4.0,5677
261,5.0,1011
261,6.0,2513
261,7.0,5103
261,8.0,5485
261,9.0,6796
261,10.0,2308
262,0.0,1106
262,1.0,1376
262,2.0,1543
262,3.0,6073
262,4.0,1011
262,5.0,2679
262,6.0,2128
262,7.0,5633
262,8.0,6071
262,9.0,1350
262,10.0,4048
263,0.0,1304
263,1.0,2900
263,2.0,1957
263,3.0,5533
263,4.0,4220
263,5.0,1050
263,6.0,6319
263,7.0,5103
263,8.0,2896
263,9.0,2591
263,10.0,4262
264,0.0,1369
264,1.0,4821
264,2.0,5537
264,3.0,5439
264,4.0,1011
264,5.0,1011
264,6.0,3951
264,7.0,3084
264,8.0,6113
264,9.0,3017
264,10.0,2236
265,0.0,1539
265,1.0,3607
265,2.0,1957
265,3.0,1658
265,4.0,1011
265,5.0,5732
265,6.0,2741
265,7.0,5103
265,8.0,1727
265,9.0,5895
265,10.0,5383
266,0.0,3562
266,1.0,6775
266,2.0,1957
266,3.0,5626
266,4.0,1382
266,5.0,6246
266,6.0,3827
266,7.0,5633
266,8.0,1197
266,9.0,2223
266,10.0,2267
267,0.0,2915
267,1.0,3088
267,2.0,1011
267,3.0,6818
267,4.0,1011
267,5.0,1011
267,6.0,4832
267,7.0,6887
267,8.0,4965
267,9.0,1150
267,10.0,1688
268,0.0,1199
268,1.0,3087
268,2.0,5537
268,3.0,6018
268,4.0,3570
268,5.0,2956
268,6.0,6701
268,7.0,5370
268,8.0,2672
268,9.0,3677
268,10.0,1958
269,0.0,6186
269,1.0,6577
269,2.0,1011
269,3.0,1677
269,4.0,1011
269,5.0,1011
269,6.0,6887
269,7.0,6887
269,8.0,1399
269,9.0,6727
269,10.0,6075
270,0.0,3242
270,1.0,3334
270,2.0,1011
270,3.0,2141
270,4.0,1011
270,5.0,2731
270,6.0,1616
270,7.0,5370
270,8.0,1011
270,9.0,1652
270,10.0,5564
271,0.0,2275
271,1.0,3034
271,2.0,1011
271,3.0,6795
271,4.0,1011
271,5.0,3327
271,6.0,5909
271,7.0,6887
271,8.0,6267
271,9.0,2781
271,10.0,5302
272,0.0,4152
272,1.0,5161
272,2.0,1011
272,3.0,6915
272,4.0,1011
272,5.0,5256
272,6.0,3033
272,7.0,6887
272,8.0,5938
272,9.0,6039
272,10.0,2379
273,0.0,1333
273,1.0,4118
273,2.0,1011
273,3.0,3485
273,4.0,1011
273,5.0,5179
273,6.0,6493
273,7.0,3084
273,8.0,4368
273,9.0,1284
273,10.0,6103
274,0.0,3236
274,1.0,4592
274,2.0,1011
274,3.0,3349
274,4.0,1011
274,5.0,5788
274,6.0,1972
274,7.0,5092
274,8.0,1011
274,9.0,5506
274,10.0,4830
275,0.0,5822
275,1.0,3956
275,2.0,1011
275,3.0,1011
275,4.0,1011
275,5.0,1011
275,6.0,6887
275,7.0,6887
275,8.0,4368
275,9.0,1011
275,10.0,3122
276,0.0,1942
276,1.0,1733
276,2.0,1011
276,3.0,1011
276,4.0,1011
276,5.0,1011
276,6.0,6887
276,7.0,6887
276,8.0,6622
276,9.0,3778
276,10.0,5790
277,0.0,6482
277,1.0,1372
277,2.0,1957
277,3.0,1160
277,4.0,1011
277,5.0,1629
277,6.0,6757
277,7.0,5370
277,8.0,1602
277,9.0,3966
277,10.0,6253
278,0.0,4414
278,1.0,3536
278,2.0,1957
278,3.0,5257
278,4.0,3554
278,5.0,2688
278,6.0,3423
278,7.0,6889
278,8.0,2941
278,9.0,4144
278,10.0,3883
279,0.0,1233
279,1.0,5011
279,2.0,1011
279,3.0,3747
279,4.0,1011
279,5.0,5078
279,6.0,6887
279,7.0,6887
279,8.0,4965
279,9.0,4139
279,10.0,4357
280,0.0,5952
280,1.0,6189
280,2.0,1957
280,3.0,2971
280,4.0,2971
280,5.0,6716
280,6.0,1119
280,7.0,2240
280,8.0,4885
280,9.0,3138
280,10.0,3836
281,0.0,3491
281,1.0,2621
281,2.0,1011
281,3.0,1557
281,4.0,1011
281,5.0,3575
281,6.0,5640
281,7.0,6887
281,8.0,4368
281,9.0,3596
281,10.0,2685
282,0.0,1961
282,1.0,2130
282,2.0,1957
282,3.0,4031
282,4.0,1498
282,5.0,2940
282,6.0,2010
282,7.0,5370
282,8.0,6787
282,9.0,2429
282,10.0,2834
283,0.0,5232
283,1.0,1541
283,2.0,1011
283,3.0,1011
283,4.0,1011
283,5.0,1011
283,6.0,6887
283,7.0,6887
283,8.0,2672
283,9.0,4655
283,10.0,2281
284,0.0,5527
284,1.0,6323
284,2.0,1011
284,3.0,1011
284,4.0,1011
284,5.0,1011
284,6.0,6887
284,7.0,5092
284,8.0,6113
284,9.0,1011
284,10.0,2120
285,0.0,1793
285,1.0,2716
285,2.0,1011
285,3.0,1011
285,4.0,1011
285,5.0,1011
285,6.0,5633
285,7.0,6887
285,8.0,5731
285,9.0,2204
285,10.0,3954
286,0.0,2899
286,1.0,4348
286,2.0,1957
286,3.0,4344
286,4.0,3009
286,5.0,4166
286,6.0,2741
286,7.0,5370
286,8.0,2808
286,9.0,2628
286,10.0,6190
287,0.0,5205
287,1.0,3731
287,2.0,1011
287,3.0,1648
287,4.0,1011
287,5.0,1011
287,6.0,2128
287,7.0,6887
287,8.0,2672
287,9.0,1011
287,10.0,1102
288,0.0,5896
288,1.0,6346
288,2.0,1957
288,3.0,4238
288,4.0,2026
288,5.0,1575
288,6.0,5633
288,7.0,5092
288,8.0,6704
288,9.0,3864
288,10.0,1486
289,0.0,4522
289,1.0,3853
289,2.0,5537
289,3.0,3470
289,4.0,1011
289,5.0,4556
289,6.0,5789
289,7.0,4100
289,8.0,2672
289,9.0,6564
289,10.0,2793
290,0.0,3394
290,1.0,2630
290,2.0,1957
290,3.0,1218
290,4.0,4815
290,5.0,2610
290,6.0,6087
290,7.0,4737
290,8.0,1808
290,9.0,3247
290,10.0,6965
291,0.0,5197
291,1.0,5481
291,2.0,1957
291,3.0,3067
291,4.0,3067
291,5.0,1540
291,6.0,5633
291,7.0,4737
291,8.0,4965
291,9.0,3604
291,10.0,4926
292,0.0,5358
292,1.0,5170
292,2.0,1957
292,3.0,4891
292,4.0,1011
292,5.0,2622
292,6.0,5640
292,7.0,4737
292,8.0,6649
292,9.0,6418
292,10.0,3428
293,0.0,4003
293,1.0,4546
293,2.0,1011
293,3.0,2887
293,4.0,1011
293,5.0,5055
293,6.0,2455
293,7.0,6887
293,8.0,1011
293,9.0,1011
293,10.0,6178
294,0.0,1492
294,1.0,6447
294,2.0,1011
294,3.0,2087
294,4.0,1011
294,5.0,1577
294,6.0,5633
294,7.0,5092
294,8.0,4368
294,9.0,3893
294,10.0,1694
295,0.0,3558
295,1.0,6605
295,2.0,1957
295,3.0,3595
295,4.0,1882
295,5.0,6782
295,6.0,5942
295,7.0,3084
295,8.0,2196
295,9.0,4307
295,10.0,4694
296,0.0,2656
296,1.0,1709
296,2.0,5537
296,3.0,3985
296,4.0,1011
296,5.0,1011
296,6.0,5897
296,7.0,2455
296,8.0,1703
296,9.0,1174
296,10.0,4437
297,0.0,3259
297,1.0,4089
297,2.0,1957
297,3.0,3880
297,4.0,5604
297,5.0,6777
297,6.0,4227
297,7.0,1011
297,8.0,1188
297,9.0,5613
297,10.0,3633
298,0.0,5764
298,1.0,3857
298,2.0,5537
298,3.0,1011
298,4.0,1011
298,5.0,1011
298,6.0,6884
298,7.0,5092
298,8.0,2672
298,9.0,5357
298,10.0,4553
299,0.0,5303
299,1.0,5034
299,2.0,1957
299,3.0,3252
299,4.0,1560
299,5.0,1241
299,6.0,2440
299,7.0,5092
299,8.0,3352
299,9.0,3487
299,10.0,2799
300,0.0,3373
300,1.0,3923
300,2.0,1011
300,3.0,5616
300,4.0,1011
300,5.0,1011
300,6.0,6415
300,7.0,5103
300,8.0,1856
300,9.0,2056
300,10.0,1820
301,0.0,3682
301,1.0,5242
301,2.0,5537
301,3.0,4073
301,4.0,2239
301,5.0,2264
301,6.0,1063
301,7.0,2240
301,8.0,6113
301,9.0,6783
301,10.0,2461
302,0.0,5696
302,1.0,1603
302,2.0,1957
302,3.0,3967
302,4.0,4146
302,5.0,6364
302,6.0,6248
302,7.0,5103
302,8.0,6267
302,9.0,2556
302,10.0,1407
303,0.0,1567
303,1.0,2170
303,2.0,1011
303,3.0,1011
303,4.0,1011
303,5.0,1011
303,6.0,1842
303,7.0,5103
303,8.0,6257
303,9.0,2233
303,10.0,2262
304,0.0,3382
304,1.0,5123
304,2.0,1011
304,3.0,1448
304,4.0,6296
304,5.0,2423
304,6.0,1121
304,7.0,4737
304,8.0,1011
304,9.0,5874
304,10.0,3488
305,0.0,6203
305,1.0,6643
305,2.0,1957
305,3.0,2197
305,4.0,3598
305,5.0,1337
305,6.0,3157
305,7.0,5633
305,8.0,5126
305,9.0,3345
305,10.0,5003
306,0.0,4434
306,1.0,1224
306,2.0,1011
306,3.0,1011
306,4.0,1011
306,5.0,1011
306,6.0,6887
306,7.0,6887
306,8.0,1011
306,9.0,1011
306,10.0,4094
307,0.0,3466
307,1.0,6026
307,2.0,5537
307,3.0,4205
307,4.0,1011
307,5.0,1011
307,6.0,5841
307,7.0,2455
307,8.0,1399
307,9.0,3167
307,10.0,2990
308,0.0,6734
308,1.0,6499
308,2.0,1957
308,3.0,1620
308,4.0,1620
308,5.0,1706
308,6.0,6654
308,7.0,2455
308,8.0,3340
308,9.0,1378
308,10.0,3612
309,0.0,6236
309,1.0,2981
309,2.0,5537
309,3.0,5439
309,4.0,1011
309,5.0,1011
309,6.0,2590
309,7.0,2455
309,8.0,4965
309,9.0,5636
309,10.0,4128
310,0.0,4384
310,1.0,3298
310,2.0,1011
310,3.0,1011
310,4.0,1011
310,5.0,1011
310,6.0,6887
310,7.0,6887
310,8.0,1011
310,9.0,1011
310,10.0,3954
311,0.0,1086
311,1.0,1722
311,2.0,5537
311,3.0,1011
311,4.0,1011
311,5.0,1011
311,6.0,1972
311,7.0,5409
311,8.0,6704
311,9.0,2993
311,10.0,4782
312,0.0,3051
312,1.0,5778
312,2.0,5031
312,3.0,3661
312,4.0,4038
312,5.0,4514
312,6.0,1011
312,7.0,1011
312,8.0,5374
312,9.0,1011
312,10.0,4249
313,0.0,1274
313,1.0,3921
313,2.0,1011
313,3.0,1011
313,4.0,1011
313,5.0,1011
313,6.0,6887
313,7.0,6887
313,8.0,1399
313,9.0,5886
313,10.0,6265
314,0.0,1984
314,1.0,3892
314,2.0,1957
314,3.0,1011
314,4.0,1011
314,5.0,1011
314,6.0,6654
314,7.0,6887
314,8.0,6267
314,9.0,6295
314,10.0,4854
315,0.0,2680
315,1.0,3726
315,2.0,1957
315,3.0,4781
315,4.0,4781
315,5.0,4162
315,6.0,6698
315,7.0,5103
315,8.0,1572
315,9.0,6342
315,10.0,2112
316,0.0,1290
316,1.0,4130
316,2.0,5537
316,3.0,4795
316,4.0,1011
316,5.0,1011
316,6.0,5494
316,7.0,2240
316,8.0,5126
316,9.0,2231
316,10.0,2333
317,0.0,5840
317,1.0,2436
317,2.0,1011
317,3.0,4892
317,4.0,1011
317,5.0,1011
317,6.0,5841
317,7.0,2240
317,8.0,1446
317,9.0,4175
317,10.0,2234
318,0.0,5488
318,1.0,1328
318,2.0,1957
318,3.0,3953
318,4.0,3744
318,5.0,6869
318,6.0,3296
318,7.0,6887
318,8.0,2340
318,9.0,1480
318,10.0,4399
319,0.0,6976
319,1.0,1611
319,2.0,1957
319,3.0,4750
319,4.0,5767
319,5.0,6785
319,6.0,6475
319,7.0,3084
319,8.0,6211
319,9.0,6359
319,10.0,5872
320,0.0,5965
320,1.0,2270
320,2.0,1011
320,3.0,1895
320,4.0,1011
320,5.0,6003
320,6.0,5640
320,7.0,5409
320,8.0,1399
320,9.0,5907
320,10.0,2728
321,0.0,6372
321,1.0,1750
321,2.0,1957
321,3.0,4116
321,4.0,4958
321,5.0,5098
321,6.0,6843
321,7.0,5092
321,8.0,3309
321,9.0,4407
321,10.0,4548
322,0.0,3155
322,1.0,2546
322,2.0,1957
322,3.0,6827
322,4.0,5284
322,5.0,5947
322,6.0,6319
322,7.0,3084
322,8.0,3455
322,9.0,3357
322,10.0,6559
323,0.0,6888
323,1.0,2096
323,2.0,5031
323,3.0,4809
323,4.0,3719
323,5.0,6395
323,6.0,1011
323,7.0,1011
323,8.0,1900
323,9.0,1011
323,10.0,5001
324,0.0,3549
324,1.0,2681
324,2.0,1011
324,3.0,1011
324,4.0,1011
324,5.0,1011
324,6.0,3032
324,7.0,6887
324,8.0,1703
324,9.0,3668
324,10.0,3572
325,0.0,6448
325,1.0,6392
325,2.0,1011
325,3.0,1011
325,4.0,1011
325,5.0,1011
325,6.0,6887
325,7.0,6887
325,8.0,1011
325,9.0,1011
325,10.0,3954
326,0.0,6904
326,1.0,4627
326,2.0,1957
326,3.0,1032
326,4.0,3227
326,5.0,5050
326,6.0,2293
326,7.0,3084
326,8.0,1212
326,9.0,5618
326,10.0,3310
327,0.0,6250
327,1.0,2050
327,2.0,1011
327,3.0,1011
327,4.0,1011
327,5.0,1011
327,6.0,6887
327,7.0,6887
327,8.0,1011
327,9.0,1011
327,10.0,3954
328,0.0,5923
328,1.0,1280
328,2.0,1011
328,3.0,4753
328,4.0,2320
328,5.0,4171
328,6.0,6248
328,7.0,5103
328,8.0,6267
328,9.0,5046
328,10.0,5151
329,0.0,3179
329,1.0,5095
329,2.0,1011
329,3.0,1011
329,4.0,1011
329,5.0,1011
329,6.0,6887
329,7.0,6887
329,8.0,1011
329,9.0,1011
329,10.0,3954
330,0.0,4115
330,1.0,1927
330,2.0,1011
330,3.0,2464
330,4.0,1011
330,5.0,4810
330,6.0,5897
330,7.0,5103
330,8.0,3309
330,9.0,4800
330,10.0,1019
331,0.0,4953
331,1.0,6299
331,2.0,1957
331,3.0,6109
331,4.0,2088
331,5.0,5042
331,6.0,2440
331,7.0,1011
331,8.0,1189
331,9.0,4258
331,10.0,1932
332,0.0,4354
332,1.0,2803
332,2.0,1011
332,3.0,1011
332,4.0,1011
332,5.0,1011
332,6.0,1267
332,7.0,6887
332,8.0,1703
332,9.0,1244
332,10.0,1361
333,0.0,5556
333,1.0,4388
333,2.0,2469
333,3.0,1011
333,4.0,1011
333,5.0,1011
333,6.0,5370
333,7.0,6887
333,8.0,6113
333,9.0,6821
333,10.0,4436
334,0.0,3493
334,1.0,5134
334,2.0,1957
334,3.0,4300
334,4.0,5590
334,5.0,5884
334,6.0,3032
334,7.0,2455
334,8.0,2583
334,9.0,6864
334,10.0,6249
335,0.0,6650
335,1.0,6198
335,2.0,1957
335,3.0,5767
335,4.0,4750
335,5.0,6881
335,6.0,5409
335,7.0,5370
335,8.0,6168
335,9.0,6385
335,10.0,3844
336,0.0,1404
336,1.0,2701
336,2.0,1957
336,3.0,5755
336,4.0,1011
336,5.0,4669
336,6.0,1972
336,7.0,5092
336,8.0,6939
336,9.0,6292
336,10.0,6557
337,0.0,6126
337,1.0,6618
337,2.0,1011
337,3.0,6148
337,4.0,1011
337,5.0,2595
337,6.0,5735
337,7.0,5370
337,8.0,6704
337,9.0,5752
337,10.0,4467
338,0.0,5658
338,1.0,5547
338,2.0,1957
338,3.0,3040
338,4.0,6325
338,5.0,4247
338,6.0,5370
338,7.0,5103
338,8.0,1856
338,9.0,1628
338,10.0,1841
339,0.0,5352
339,1.0,2480
339,2.0,1011
339,3.0,1011
339,4.0,1011
339,5.0,1011
339,6.0,4080
339,7.0,5103
339,8.0,6084
339,9.0,2119
339,10.0,3954
340,0.0,4811
340,1.0,2836
340,2.0,5031
340,3.0,3035
340,4.0,5381
340,5.0,5174
340,6.0,1011
340,7.0,1011
340,8.0,6786
340,9.0,1011
340,10.0,4452
341,0.0,1547
341,1.0,4265
341,2.0,1957
341,3.0,3877
341,4.0,4322
341,5.0,2136
341,6.0,3296
341,7.0,6887
341,8.0,4142
341,9.0,2481
341,10.0,4040
342,0.0,2222
342,1.0,4324
342,2.0,1011
342,3.0,1011
342,4.0,1011
342,5.0,1011
342,6.0,6887
342,7.0,6887
342,8.0,1011
342,9.0,1011
342,10.0,3954
343,0.0,4588
343,1.0,5939
343,2.0,1957
343,3.0,1627
343,4.0,1011
343,5.0,5509
343,6.0,6493
343,7.0,5092
343,8.0,4296
343,9.0,3392
343,10.0,5894
344,0.0,2824
344,1.0,5105
344,2.0,1011
344,3.0,1011
344,4.0,1011
344,5.0,1011
344,6.0,6887
344,7.0,6887
344,8.0,1011
344,9.0,1011
344,10.0,3954
345,0.0,5208
345,1.0,2011
345,2.0,1011
345,3.0,6688
345,4.0,1011
345,5.0,2335
345,6.0,4100
345,7.0,5103
345,8.0,2896
345,9.0,3314
345,10.0,6765
346,0.0,5967
346,1.0,4648
346,2.0,1957
346,3.0,4356
346,4.0,1011
346,5.0,1050
346,6.0,5436
346,7.0,2455
346,8.0,2669
346,9.0,6314
346,10.0,6444
347,0.0,3300
347,1.0,6043
347,2.0,1957
347,3.0,4913
347,4.0,5106
347,5.0,1946
347,6.0,6889
347,7.0,3084
347,8.0,2816
347,9.0,5784
347,10.0,2557
348,0.0,1204
348,1.0,6774
348,2.0,1957
348,3.0,1738
348,4.0,5876
348,5.0,2745
348,6.0,1616
348,7.0,3084
348,8.0,1212
348,9.0,1172
348,10.0,2152
349,0.0,5271
349,1.0,2970
349,2.0,1957
349,3.0,1011
349,4.0,1011
349,5.0,1011
349,6.0,5409
349,7.0,2240
349,8.0,1446
349,9.0,4793
349,10.0,2959
350,0.0,3952
350,1.0,4417
350,2.0,5537
350,3.0,6463
350,4.0,1011
350,5.0,5697
350,6.0,1150
350,7.0,5103
350,8.0,6704
350,9.0,4375
350,10.0,1368
351,0.0,3602
351,1.0,5710
351,2.0,1011
351,3.0,2404
351,4.0,1011
351,5.0,4589
351,6.0,6582
351,7.0,4832
351,8.0,5938
351,9.0,5012
351,10.0,4584
352,0.0,6709
352,1.0,2341
352,2.0,5537
352,3.0,1011
352,4.0,1011
352,5.0,1011
352,6.0,2599
352,7.0,6887
352,8.0,4965
352,9.0,3622
352,10.0,1230
353,0.0,5950
353,1.0,1496
353,2.0,1957
353,3.0,6480
353,4.0,1011
353,5.0,2478
353,6.0,4832
353,7.0,1011
353,8.0,6704
353,9.0,2240
353,10.0,4862
354,0.0,6239
354,1.0,1723
354,2.0,1957
354,3.0,2897
354,4.0,2525
354,5.0,1421
354,6.0,1537
354,7.0,5092
354,8.0,1226
354,9.0,5448
354,10.0,5574
355,0.0,4874
355,1.0,1250
355,2.0,1011
355,3.0,1609
355,4.0,1011
355,5.0,1011
355,6.0,6889
355,7.0,3084
355,8.0,6267
355,9.0,6732
355,10.0,6964
356,0.0,2402
356,1.0,2725
356,2.0,5031
356,3.0,2058
356,4.0,6746
356,5.0,3337
356,6.0,1011
356,7.0,1011
356,8.0,5412
356,9.0,1011
356,10.0,2238
357,0.0,4635
357,1.0,4665
357,2.0,1957
357,3.0,3550
357,4.0,1011
357,5.0,5406
357,6.0,3072
357,7.0,5092
357,8.0,3214
357,9.0,4877
357,10.0,3679
358,0.0,1909
358,1.0,6736
358,2.0,1957
358,3.0,1011
358,4.0,1011
358,5.0,1011
358,6.0,1062
358,7.0,5103
358,8.0,3454
358,9.0,6439
358,10.0,4015
359,0.0,5396
359,1.0,4109
359,2.0,1011
359,3.0,2258
359,4.0,1011
359,5.0,3201
359,6.0,2227
359,7.0,5103
359,8.0,1011
359,9.0,5836
359,10.0,6955
360,0.0,4596
360,1.0,4937
360,2.0,5031
360,3.0,6509
360,4.0,5094
360,5.0,4498
360,6.0,1011
360,7.0,1011
360,8.0,2533
360,9.0,1011
360,10.0,2322
361,0.0,3718
361,1.0,5273
361,2.0,6742
361,3.0,6467
361,4.0,6639
361,5.0,6598
361,6.0,1267
361,7.0,6889
361,8.0,1703
361,9.0,6136
361,10.0,3745
362,0.0,1093
362,1.0,4071
362,2.0,1957
362,3.0,1183
362,4.0,1011
362,5.0,4056
362,6.0,5735
362,7.0,4737
362,8.0,2428
362,9.0,4204
362,10.0,3312
363,0.0,4366
363,1.0,4769
363,2.0,1957
363,3.0,4846
363,4.0,2272
363,5.0,5825
363,6.0,5721
363,7.0,2414
363,8.0,1719
363,9.0,1813
363,10.0,1341
364,0.0,1354
364,1.0,6152
364,2.0,1011
364,3.0,2579
364,4.0,1011
364,5.0,1011
364,6.0,3296
364,7.0,5092
364,8.0,6704
364,9.0,5287
364,10.0,2486
365,0.0,3841
365,1.0,2826
365,2.0,1957
365,3.0,5649
365,4.0,6588
365,5.0,6656
365,6.0,1323
365,7.0,1011
365,8.0,2672
365,9.0,2982
365,10.0,1171
366,0.0,5704
366,1.0,6527
366,2.0,1011
366,3.0,3361
366,4.0,1011
366,5.0,6543
366,6.0,3084
366,7.0,3084
366,8.0,1446
366,9.0,1780
366,10.0,1465
367,0.0,2025
367,1.0,6627
367,2.0,6963
367,3.0,1623
367,4.0,1011
367,5.0,3742
367,6.0,3296
367,7.0,5409
367,8.0,4389
367,9.0,5319
367,10.0,4836
368,0.0,1455
368,1.0,3099
368,2.0,1957
368,3.0,4157
368,4.0,4157
368,5.0,3814
368,6.0,6319
368,7.0,6889
368,8.0,6267
368,9.0,4977
368,10.0,2355
369,0.0,2100
369,1.0,6131
369,2.0,5537
369,3.0,4919
369,4.0,1011
369,5.0,5501
369,6.0,6475
369,7.0,2455
369,8.0,4368
369,9.0,6941
369,10.0,4524
370,0.0,4495
370,1.0,3266
370,2.0,1957
370,3.0,3426
370,4.0,1011
370,5.0,3322
370,6.0,5841
370,7.0,3084
370,8.0,5297
370,9.0,3582
370,10.0,3752
371,0.0,1394
371,1.0,3873
371,2.0,1957
371,3.0,6196
371,4.0,5456
371,5.0,4177
371,6.0,4454
371,7.0,5370
371,8.0,6723
371,9.0,2651
371,10.0,2618
372,0.0,1392
372,1.0,4942
372,2.0,1011
372,3.0,1923
372,4.0,1011
372,5.0,5388
372,6.0,4767
372,7.0,6887
372,8.0,6704
372,9.0,6576
372,10.0,3039
373,0.0,6841
373,1.0,1657
373,2.0,5537
373,3.0,6045
373,4.0,1011
373,5.0,1011
373,6.0,4100
373,7.0,6887
373,8.0,2672
373,9.0,4823
373,10.0,3263
374,0.0,6511
374,1.0,2111
374,2.0,1011
374,3.0,4996
374,4.0,1011
374,5.0,1011
374,6.0,1972
374,7.0,5103
374,8.0,2896
374,9.0,5558
374,10.0,6289
375,0.0,5829
375,1.0,3872
375,2.0,1957
375,3.0,2143
375,4.0,5970
375,5.0,2974
375,6.0,3827
375,7.0,1851
375,8.0,2031
375,9.0,3522
375,10.0,3053
376,0.0,3671
376,1.0,6912
376,2.0,5537
376,3.0,6524
376,4.0,1011
376,5.0,1011
376,6.0,2440
376,7.0,5370
376,8.0,4965
376,9.0,3166
376,10.0,6532
377,0.0,5572
377,1.0,5980
377,2.0,1957
377,3.0,4238
377,4.0,2026
377,5.0,1575
377,6.0,5633
377,7.0,4832
377,8.0,6704
377,9.0,4335
377,10.0,3693
378,0.0,1348
378,1.0,3025
378,2.0,1011
378,3.0,3947
378,4.0,1011
378,5.0,2770
378,6.0,6654
378,7.0,4737
378,8.0,1808
378,9.0,6694
378,10.0,3212
379,0.0,2137
379,1.0,3151
379,2.0,1011
379,3.0,1011
379,4.0,1011
379,5.0,1011
379,6.0,5633
379,7.0,5370
379,8.0,1856
379,9.0,5797
379,10.0,3954
380,0.0,5124
380,1.0,6753
380,2.0,1957
380,3.0,6860
380,4.0,2805
380,5.0,1605
380,6.0,1168
380,7.0,5370
380,8.0,3906
380,9.0,4211
380,10.0,2451
381,0.0,5187
381,1.0,1089
381,2.0,1957
381,3.0,6646
381,4.0,3418
381,5.0,4359
381,6.0,3827
381,7.0,5370
381,8.0,3855
381,9.0,6100
381,10.0,1134
382,0.0,1104
382,1.0,6373
382,2.0,6963
382,3.0,3911
382,4.0,2349
382,5.0,5194
382,6.0,5593
382,7.0,2240
382,8.0,2392
382,9.0,3475
382,10.0,5398
383,0.0,6357
383,1.0,4831
383,2.0,1011
383,3.0,1011
383,4.0,1011
383,5.0,1011
383,6.0,4100
383,7.0,3084
383,8.0,6704
383,9.0,1011
383,10.0,3954
384,0.0,2677
384,1.0,3270
384,2.0,1957
384,3.0,3867
384,4.0,6740
384,5.0,6810
384,6.0,3296
384,7.0,4737
384,8.0,1446
384,9.0,3831
384,10.0,6079
385,0.0,2740
385,1.0,3103
385,2.0,1011
385,3.0,3012
385,4.0,4728
385,5.0,1342
385,6.0,3423
385,7.0,6887
385,8.0,3700
385,9.0,4470
385,10.0,5060
386,0.0,1128
386,1.0,5687
386,2.0,1011
386,3.0,1011
386,4.0,1011
386,5.0,1011
386,6.0,2132
386,7.0,6887
386,8.0,6113
386,9.0,4476
386,10.0,2746
387,0.0,3182
387,1.0,2755
387,2.0,1011
387,3.0,1011
387,4.0,1011
387,5.0,1011
387,6.0,2132
387,7.0,3084
387,8.0,2896
387,9.0,5249
387,10.0,4525
388,0.0,1400
388,1.0,2699
388,2.0,1011
388,3.0,1011
388,4.0,1011
388,5.0,1011
388,6.0,6887
388,7.0,6887
388,8.0,1011
388,9.0,1011
388,10.0,3954
389,0.0,4857
389,1.0,6061
389,2.0,1957
389,3.0,1322
389,4.0,5762
389,5.0,5700
389,6.0,1531
389,7.0,3084
389,8.0,6704
389,9.0,2051
389,10.0,2944
390,0.0,1082
390,1.0,5400
390,2.0,1957
390,3.0,6523
390,4.0,1033
390,5.0,2917
390,6.0,6701
390,7.0,5103
390,8.0,3454
390,9.0,6076
390,10.0,6322
391,0.0,1259
391,1.0,5329
391,2.0,1957
391,3.0,1083
391,4.0,5214
391,5.0,1459
391,6.0,4120
391,7.0,5103
391,8.0,4878
391,9.0,2210
391,10.0,6898
392,0.0,6962
392,1.0,4326
392,2.0,3639
392,3.0,2964
392,4.0,6894
392,5.0,5461
392,6.0,2132
392,7.0,3084
392,8.0,3214
392,9.0,1868
392,10.0,1305
393,0.0,5976
393,1.0,2495
393,2.0,6817
393,3.0,2419
393,4.0,1011
393,5.0,3697
393,6.0,1537
393,7.0,5092
393,8.0,3574
393,9.0,2425
393,10.0,3036
394,0.0,1245
394,1.0,4239
394,2.0,1011
394,3.0,3239
394,4.0,1011
394,5.0,1011
394,6.0,2505
394,7.0,2455
394,8.0,6704
394,9.0,5799
394,10.0,5629
395,0.0,5418
395,1.0,6953
395,2.0,1957
395,3.0,1094
395,4.0,6312
395,5.0,2199
395,6.0,4677
395,7.0,2761
395,8.0,5821
395,9.0,3817
395,10.0,1680
396,0.0,3439
396,1.0,5404
396,2.0,1957
396,3.0,3386
396,4.0,1360
396,5.0,3963
396,6.0,6584
396,7.0,5103
396,8.0,3673
396,9.0,1166
396,10.0,5899
397,0.0,3165
397,1.0,3268
397,2.0,1957
397,3.0,6860
397,4.0,2805
397,5.0,1605
397,6.0,4120
397,7.0,3084
397,8.0,4368
397,9.0,4724
397,10.0,2780
398,0.0,2003
398,1.0,4975
398,2.0,1011
398,3.0,1055
398,4.0,1011
398,5.0,1501
398,6.0,5103
398,7.0,4737
398,8.0,1011
398,9.0,2817
398,10.0,3238
399,0.0,1644
399,1.0,3513
399,2.0,1957
399,3.0,2962
399,4.0,4707
399,5.0,5301
399,6.0,5942
399,7.0,3084
399,8.0,2196
399,9.0,3580
399,10.0,5087
400,0.0,3016
400,1.0,4228
400,2.0,1957
400,3.0,1478
400,4.0,2263
400,5.0,6644
400,6.0,5092
400,7.0,5092
400,8.0,3309
400,9.0,3551
400,10.0,6642
401,0.0,2641
401,1.0,3821
401,2.0,1957
401,3.0,3795
401,4.0,3642
401,5.0,3244
401,6.0,6582
401,7.0,5103
401,8.0,1572
401,9.0,3278
401,10.0,5048
402,0.0,3457
402,1.0,6009
402,2.0,5537
402,3.0,5866
402,4.0,1011
402,5.0,3715
402,6.0,6701
402,7.0,5092
402,8.0,2672
402,9.0,3245
402,10.0,4992
403,0.0,3563
403,1.0,2977
403,2.0,1011
403,3.0,6067
403,4.0,1011
403,5.0,1011
403,6.0,5942
403,7.0,5103
403,8.0,6704
403,9.0,3670
403,10.0,3830
404,0.0,5437
404,1.0,4964
404,2.0,1957
404,3.0,1124
404,4.0,1789
404,5.0,6503
404,6.0,1616
404,7.0,4737
404,8.0,2428
404,9.0,2472
404,10.0,5038
405,0.0,6348
405,1.0,3062
405,2.0,1957
405,3.0,2861
405,4.0,1011
405,5.0,4505
405,6.0,4100
405,7.0,4832
405,8.0,4041
405,9.0,2800
405,10.0,4710
406,0.0,4680
406,1.0,5773
406,2.0,1011
406,3.0,6282
406,4.0,1011
406,5.0,1011
406,6.0,5410
406,7.0,5092
406,8.0,4314
406,9.0,1513
406,10.0,2060
407,0.0,6593
407,1.0,3859
407,2.0,1957
407,3.0,2766
407,4.0,5576
407,5.0,2778
407,6.0,2410
407,7.0,5633
407,8.0,3444
407,9.0,5083
407,10.0,6798
408,0.0,3909
408,1.0,4342
408,2.0,1011
408,3.0,1011
408,4.0,1011
408,5.0,1011
408,6.0,6582
408,7.0,6887
408,8.0,1856
408,9.0,2110
408,10.0,2686
409,0.0,1383
409,1.0,2224
409,2.0,5338
409,3.0,4275
409,4.0,1011
409,5.0,1011
409,6.0,2590
409,7.0,6248
409,8.0,1891
409,9.0,1751
409,10.0,1664
410,0.0,2080
410,1.0,2942
410,2.0,1957
410,3.0,1011
410,4.0,1011
410,5.0,1011
410,6.0,1949
410,7.0,6887
410,8.0,6267
410,9.0,2711
410,10.0,4419
411,0.0,1877
411,1.0,1996
411,2.0,1011
411,3.0,2095
411,4.0,1011
411,5.0,6349
411,6.0,1972
411,7.0,4737
411,8.0,5812
411,9.0,1754
411,10.0,3992
412,0.0,4167
412,1.0,5142
412,2.0,1011
412,3.0,6936
412,4.0,1011
412,5.0,1783
412,6.0,1531
412,7.0,2455
412,8.0,1776
412,9.0,1256
412,10.0,4028
413,0.0,3860
413,1.0,4135
413,2.0,1011
413,3.0,1011
413,4.0,1011
413,5.0,1011
413,6.0,6887
413,7.0,6887
413,8.0,1857
413,9.0,2135
413,10.0,4423
414,0.0,6653
414,1.0,6718
414,2.0,1011
414,3.0,1011
414,4.0,1011
414,5.0,1011
414,6.0,6887
414,7.0,6887
414,8.0,1011
414,9.0,1011
414,10.0,3954
415,0.0,5863
415,1.0,5617
415,2.0,1957
415,3.0,1765
415,4.0,1765
415,5.0,6882
415,6.0,1852
415,7.0,5236
415,8.0,5278
415,9.0,4968
415,10.0,2364
416,0.0,1530
416,1.0,1239
416,2.0,1957
416,3.0,6169
416,4.0,5144
416,5.0,1325
416,6.0,6475
416,7.0,5103
416,8.0,2428
416,9.0,2717
416,10.0,3117
417,0.0,4479
417,1.0,6408
417,2.0,1957
417,3.0,3518
417,4.0,1011
417,5.0,3297
417,6.0,3032
417,7.0,5103
417,8.0,5184
417,9.0,5848
417,10.0,5277
418,0.0,6883
418,1.0,2878
418,2.0,1957
418,3.0,5053
418,4.0,5268
418,5.0,2984
418,6.0,2609
418,7.0,6889
418,8.0,1856
418,9.0,5369
418,10.0,4216
419,0.0,4027
419,1.0,4629
419,2.0,1011
419,3.0,1011
419,4.0,1011
419,5.0,1011
419,6.0,6887
419,7.0,6887
419,8.0,1011
419,9.0,1011
419,10.0,3954
420,0.0,5028
420,1.0,2424
420,2.0,1011
420,3.0,6871
420,4.0,1011
420,5.0,3008
420,6.0,5092
420,7.0,5092
420,8.0,4763
420,9.0,5868
420,10.0,2356
421,0.0,6081
421,1.0,3797
421,2.0,1957
421,3.0,6848
421,4.0,6494
421,5.0,5503
421,6.0,6843
421,7.0,1011
421,8.0,2864
421,9.0,4361
421,10.0,6905
422,0.0,3317
422,1.0,4485
422,2.0,1011
422,3.0,2374
422,4.0,1396
422,5.0,5467
422,6.0,6187
422,7.0,2240
422,8.0,6704
422,9.0,5269
422,10.0,3733
423,0.0,6800
423,1.0,5553
423,2.0,1957
423,3.0,3249
423,4.0,2434
423,5.0,1931
423,6.0,5436
423,7.0,4737
423,8.0,4965
423,9.0,4623
423,10.0,2554
424,0.0,1778
424,1.0,3539
424,2.0,1011
424,3.0,1011
424,4.0,1011
424,5.0,1011
424,6.0,6475
424,7.0,6887
424,8.0,1446
424,9.0,5333
424,10.0,4460
425,0.0,1142
425,1.0,3546
425,2.0,1011
425,3.0,1011
425,4.0,1011
425,5.0,1011
425,6.0,1063
425,7.0,5370
425,8.0,4512
425,9.0,5871
425,10.0,3484
426,0.0,6682
426,1.0,1854
426,2.0,1011
426,3.0,1011
426,4.0,1011
426,5.0,1011
426,6.0,6887
426,7.0,6887
426,8.0,1011
426,9.0,1011
426,10.0,3954
427,0.0,1600
427,1.0,6901
427,2.0,3146
427,3.0,1137
427,4.0,6217
427,5.0,2939
427,6.0,4100
427,7.0,2455
427,8.0,1189
427,9.0,1196
427,10.0,4283
428,0.0,6552
428,1.0,1260
428,2.0,1011
428,3.0,1112
428,4.0,1011
428,5.0,1011
428,6.0,1520
428,7.0,4928
428,8.0,1075
428,9.0,1427
428,10.0,3954
429,0.0,6393
429,1.0,2692
429,2.0,5537
429,3.0,1011
429,4.0,1011
429,5.0,1011
429,6.0,4227
429,7.0,5092
429,8.0,1891
429,9.0,6058
429,10.0,5061
430,0.0,6743
430,1.0,5076
430,2.0,1011
430,3.0,3497
430,4.0,1011
430,5.0,2457
430,6.0,4057
430,7.0,4737
430,8.0,1857
430,9.0,6512
430,10.0,6082
431,0.0,3720
431,1.0,4614
431,2.0,1957
431,3.0,1011
431,4.0,1011
431,5.0,1011
431,6.0,2609
431,7.0,2455
431,8.0,6113
431,9.0,4274
431,10.0,2912
432,0.0,6166
432,1.0,4183
432,2.0,1011
432,3.0,4987
432,4.0,1011
432,5.0,1011
432,6.0,5436
432,7.0,6887
432,8.0,4368
432,9.0,6689
432,10.0,3805
433,0.0,3977
433,1.0,4848
433,2.0,5537
433,3.0,2572
433,4.0,1011
433,5.0,1011
433,6.0,6519
433,7.0,6887
433,8.0,3309
433,9.0,2157
433,10.0,3130
434,0.0,2615
434,1.0,5540
434,2.0,1957
434,3.0,3407
434,4.0,1791
434,5.0,3978
434,6.0,6087
434,7.0,2455
434,8.0,3454
434,9.0,3156
434,10.0,6015
435,0.0,5775
435,1.0,3920
435,2.0,1957
435,3.0,1011
435,4.0,1011
435,5.0,1011
435,6.0,2113
435,7.0,6887
435,8.0,4763
435,9.0,4341
435,10.0,6223
436,0.0,2033
436,1.0,4381
436,2.0,1957
436,3.0,2198
436,4.0,5477
436,5.0,6130
436,6.0,5236
436,7.0,1011
436,8.0,2672
436,9.0,2410
436,10.0,6603
437,0.0,1960
437,1.0,2497
437,2.0,5537
437,3.0,1721
437,4.0,5292
437,5.0,3041
437,6.0,4806
437,7.0,6887
437,8.0,4368
437,9.0,2534
437,10.0,2242
438,0.0,4880
438,1.0,2156
438,2.0,1011
438,3.0,6561
438,4.0,1011
438,5.0,1011
438,6.0,5897
438,7.0,6887
438,8.0,4965
438,9.0,6766
438,10.0,5217
439,0.0,4508
439,1.0,6184
439,2.0,1957
439,3.0,6360
439,4.0,1011
439,5.0,1846
439,6.0,3157
439,7.0,4832
439,8.0,2813
439,9.0,3119
439,10.0,5341
440,0.0,5864
440,1.0,6331
440,2.0,1011
440,3.0,1981
440,4.0,1011
440,5.0,5372
440,6.0,1434
440,7.0,6887
440,8.0,1011
440,9.0,2339
440,10.0,6478
441,0.0,1742
441,1.0,5857
441,2.0,1957
441,3.0,5006
441,4.0,4577
441,5.0,6763
441,6.0,6500
441,7.0,5103
441,8.0,3673
441,9.0,4334
441,10.0,4945
442,0.0,3865
442,1.0,5209
442,2.0,1957
442,3.0,1288
442,4.0,3541
442,5.0,5497
442,6.0,6248
442,7.0,2455
442,8.0,6211
442,9.0,2294
442,10.0,1911
443,0.0,5833
443,1.0,6339
443,2.0,1011
443,3.0,2289
443,4.0,1011
443,5.0,4571
443,6.0,3032
443,7.0,3084
443,8.0,6113
443,9.0,6781
443,10.0,6840
444,0.0,5584
444,1.0,2991
444,2.0,1011
444,3.0,4420
444,4.0,1011
444,5.0,1321
444,6.0,6701
444,7.0,5409
444,8.0,6113
444,9.0,4529
444,10.0,3954
445,0.0,2200
445,1.0,4817
445,2.0,5031
445,3.0,3603
445,4.0,3289
445,5.0,6853
445,6.0,1011
445,7.0,1011
445,8.0,3847
445,9.0,1011
445,10.0,4358
446,0.0,5961
446,1.0,6974
446,2.0,1957
446,3.0,5766
446,4.0,5486
446,5.0,2476
446,6.0,5633
446,7.0,1011
446,8.0,3309
446,9.0,1619
446,10.0,1125
447,0.0,6492
447,1.0,1815
447,2.0,5537
447,3.0,5417
447,4.0,1011
447,5.0,1739
447,6.0,5104
447,7.0,6887
447,8.0,6113
447,9.0,3861
447,10.0,6504
448,0.0,2178
448,1.0,3331
448,2.0,1957
448,3.0,6424
448,4.0,5272
448,5.0,1810
448,6.0,2132
448,7.0,3084
448,8.0,4058
448,9.0,4494
448,10.0,1286
449,0.0,6328
449,1.0,6053
449,2.0,1957
449,3.0,1033
449,4.0,1011
449,5.0,1011
449,6.0,2132
449,7.0,5236
449,8.0,1399
449,9.0,5470
449,10.0,3819
450,0.0,1365
450,1.0,6386
450,2.0,1957
450,3.0,1773
450,4.0,4608
450,5.0,1760
450,6.0,6843
450,7.0,3084
450,8.0,2376
450,9.0,6755
450,10.0,5660
451,0.0,4013
451,1.0,3569
451,2.0,1957
451,3.0,5337
451,4.0,4531
451,5.0,1319
451,6.0,3032
451,7.0,4100
451,8.0,6903
451,9.0,5100
451,10.0,2560
452,0.0,3529
452,1.0,5891
452,2.0,1957
452,3.0,2997
452,4.0,3412
452,5.0,3531
452,6.0,4832
452,7.0,6889
452,8.0,6267
452,9.0,2317
452,10.0,5121
453,0.0,1487
453,1.0,5723
453,2.0,1957
453,3.0,6674
453,4.0,6192
453,5.0,3723
453,6.0,3084
453,7.0,6887
453,8.0,4368
453,9.0,6064
453,10.0,3020
454,0.0,5987
454,1.0,4449
454,2.0,5537
454,3.0,6604
454,4.0,1011
454,5.0,5808
454,6.0,6493
454,7.0,4737
454,8.0,1856
454,9.0,1979
454,10.0,4486
455,0.0,5580
455,1.0,1261
455,2.0,3283
455,3.0,1095
455,4.0,1011
455,5.0,1732
455,6.0,6187
455,7.0,5103
455,8.0,6113
455,9.0,6368
455,10.0,3694
456,0.0,1610
456,1.0,6305
456,2.0,1957
456,3.0,1011
456,4.0,1011
456,5.0,1011
456,6.0,6670
456,7.0,5092
456,8.0,1446
456,9.0,3476
456,10.0,1912
457,0.0,2309
457,1.0,5957
457,2.0,1957
457,3.0,3654
457,4.0,6658
457,5.0,5853
457,6.0,5843
457,7.0,4832
457,8.0,2386
457,9.0,2772
457,10.0,2462
458,0.0,3429
458,1.0,6044
458,2.0,1011
458,3.0,4468
458,4.0,1011
458,5.0,1011
458,6.0,5409
458,7.0,5092
458,8.0,1446
458,9.0,6528
458,10.0,3481
459,0.0,3667
459,1.0,1409
459,2.0,1011
459,3.0,4439
459,4.0,1011
459,5.0,1011
459,6.0,1949
459,7.0,2414
459,8.0,1446
459,9.0,3028
459,10.0,5002
460,0.0,5718
460,1.0,6662
460,2.0,1011
460,3.0,4642
460,4.0,2133
460,5.0,6214
460,6.0,5897
460,7.0,4737
460,8.0,6704
460,9.0,3848
460,10.0,1849
461,0.0,3939
461,1.0,2967
461,2.0,1957
461,3.0,5595
461,4.0,5994
461,5.0,2285
461,6.0,4057
461,7.0,5370
461,8.0,3352
461,9.0,4404
461,10.0,6326
462,0.0,5211
462,1.0,3011
462,2.0,1957
462,3.0,6741
462,4.0,4593
462,5.0,6585
462,6.0,2414
462,7.0,4832
462,8.0,5569
462,9.0,2704
462,10.0,6321
463,0.0,1771
463,1.0,6101
463,2.0,5537
463,3.0,4583
463,4.0,1011
463,5.0,1011
463,6.0,2599
463,7.0,4737
463,8.0,1856
463,9.0,2274
463,10.0,5244
464,0.0,6329
464,1.0,1954
464,2.0,1957
464,3.0,4609
464,4.0,5084
464,5.0,2230
464,6.0,2455
464,7.0,6887
464,8.0,3309
464,9.0,5149
464,10.0,3023
465,0.0,6714
465,1.0,2027
465,2.0,1957
465,3.0,2354
465,4.0,4082
465,5.0,5949
465,6.0,6654
465,7.0,5370
465,8.0,4368
465,9.0,2835
465,10.0,5549
466,0.0,4141
466,1.0,2576
466,2.0,5537
466,3.0,2048
466,4.0,1011
466,5.0,1641
466,6.0,5051
466,7.0,6887
466,8.0,4965
466,9.0,5210
466,10.0,6946
467,0.0,3424
467,1.0,3681
467,2.0,1011
467,3.0,1518
467,4.0,1011
467,5.0,4636
467,6.0,1972
467,7.0,5103
467,8.0,1043
467,9.0,5614
467,10.0,5887
468,0.0,6769
468,1.0,4002
468,2.0,1011
468,3.0,1209
468,4.0,1011
468,5.0,1944
468,6.0,2132
468,7.0,3084
468,8.0,1011
468,9.0,6069
468,10.0,5101
469,0.0,2181
469,1.0,3403
469,2.0,1011
469,3.0,1011
469,4.0,1011
469,5.0,1011
469,6.0,2132
469,7.0,4737
469,8.0,3309
469,9.0,5845
469,10.0,1839
470,0.0,5207
470,1.0,3606
470,2.0,1957
470,3.0,6254
470,4.0,4020
470,5.0,6625
470,6.0,5640
470,7.0,5370
470,8.0,3309
470,9.0,5074
470,10.0,1875
471,0.0,1941
471,1.0,3918
471,2.0,1957
471,3.0,1414
471,4.0,5888
471,5.0,6297
471,6.0,6493
471,7.0,5370
471,8.0,2376
471,9.0,2828
471,10.0,2353
472,0.0,3784
472,1.0,2201
472,2.0,1957
472,3.0,5902
472,4.0,6091
472,5.0,1758
472,6.0,1030
472,7.0,3900
472,8.0,2091
472,9.0,5897
472,10.0,5176
473,0.0,2266
473,1.0,5809
473,2.0,1957
473,3.0,5259
473,4.0,1624
473,5.0,6899
473,6.0,3096
473,7.0,1011
473,8.0,3309
473,9.0,3869
473,10.0,3467
474,0.0,1210
474,1.0,6838
474,2.0,1957
474,3.0,6914
474,4.0,2647
474,5.0,2501
474,6.0,1434
474,7.0,4737
474,8.0,6574
474,9.0,3209
474,10.0,1728
475,0.0,3134
475,1.0,6083
475,2.0,1957
475,3.0,6004
475,4.0,1514
475,5.0,1130
475,6.0,2723
475,7.0,4832
475,8.0,1827
475,9.0,3863
475,10.0,5422
476,0.0,2057
476,1.0,2228
476,2.0,1957
476,3.0,6579
476,4.0,6579
476,5.0,1379
476,6.0,3029
476,7.0,3084
476,8.0,2196
476,9.0,5335
476,10.0,4643
477,0.0,6880
477,1.0,6356
477,2.0,5031
477,3.0,2101
477,4.0,6397
477,5.0,6144
477,6.0,2741
477,7.0,5370
477,8.0,2324
477,9.0,1200
477,10.0,4070
478,0.0,2251
478,1.0,2598
478,2.0,1957
478,3.0,3678
478,4.0,5173
478,5.0,3369
478,6.0,2723
478,7.0,5633
478,8.0,4368
478,9.0,4673
478,10.0,1132
479,0.0,2218
479,1.0,6124
479,2.0,1957
479,3.0,2053
479,4.0,6434
479,5.0,1491
479,6.0,3296
479,7.0,5103
479,8.0,4314
479,9.0,6307
479,10.0,6089
480,0.0,5786
480,1.0,5873
480,2.0,1957
480,3.0,3802
480,4.0,2158
480,5.0,6396
480,6.0,3423
480,7.0,3084
480,8.0,1703
480,9.0,6617
480,10.0,2061
481,0.0,2916
481,1.0,1329
481,2.0,1011
481,3.0,2492
481,4.0,2492
481,5.0,3375
481,6.0,5593
481,7.0,3084
481,8.0,4068
481,9.0,4978
481,10.0,5360
482,0.0,6127
482,1.0,3824
482,2.0,1011
482,3.0,5113
482,4.0,4991
482,5.0,6301
482,6.0,2293
482,7.0,5103
482,8.0,5384
482,9.0,4803
482,10.0,6851
483,0.0,3112
483,1.0,1545
483,2.0,1011
483,3.0,3885
483,4.0,1270
483,5.0,3925
483,6.0,5370
483,7.0,5103
483,8.0,3944
483,9.0,4580
483,10.0,6050
484,0.0,1606
484,1.0,5193
484,2.0,1957
484,3.0,6520
484,4.0,3530
484,5.0,6607
484,6.0,2240
484,7.0,3084
484,8.0,4068
484,9.0,1524
484,10.0,6729
485,0.0,4725
485,1.0,2192
485,2.0,1957
485,3.0,4266
485,4.0,4309
485,5.0,1938
485,6.0,6654
485,7.0,5103
485,8.0,1857
485,9.0,2682
485,10.0,6685
486,0.0,4617
486,1.0,3442
486,2.0,1957
486,3.0,2558
486,4.0,2558
486,5.0,2215
486,6.0,4519
486,7.0,4737
486,8.0,2948
486,9.0,2426
486,10.0,4860
487,0.0,3882
487,1.0,6094
487,2.0,1011
487,3.0,1011
487,4.0,1011
487,5.0,1011
487,6.0,6887
487,7.0,6887
487,8.0,1011
487,9.0,1011
487,10.0,3954
488,0.0,4829
488,1.0,5441
488,2.0,1011
488,3.0,1011
488,4.0,1011
488,5.0,1011
488,6.0,6887
488,7.0,6887
488,8.0,1011
488,9.0,6893
488,10.0,1920
489,0.0,2182
489,1.0,1490
489,2.0,1011
489,3.0,3239
489,4.0,1011
489,5.0,1011
489,6.0,4806
489,7.0,6887
489,8.0,1011
489,9.0,1907
489,10.0,2976
490,0.0,5455
490,1.0,2578
490,2.0,1011
490,3.0,1011
490,4.0,1011
490,5.0,1011
490,6.0,2455
490,7.0,6887
490,8.0,2672
490,9.0,1548
490,10.0,4515
491,0.0,3524
491,1.0,1614
491,2.0,1957
491,3.0,5073
491,4.0,1163
491,5.0,4084
491,6.0,1616
491,7.0,5236
491,8.0,6574
491,9.0,2804
491,10.0,3448
492,0.0,4371
492,1.0,6516
492,2.0,1957
492,3.0,1182
492,4.0,5550
492,5.0,5816
492,6.0,2293
492,7.0,4100
492,8.0,2935
492,9.0,1431
492,10.0,2167
493,0.0,4605
493,1.0,6343
493,2.0,1011
493,3.0,1011
493,4.0,1011
493,5.0,1011
493,6.0,6586
493,7.0,5092
493,8.0,6113
493,9.0,4277
493,10.0,3545
494,0.0,6455
494,1.0,2075
494,2.0,6963
494,3.0,6521
494,4.0,4418
494,5.0,4500
494,6.0,1972
494,7.0,5092
494,8.0,5627
494,9.0,5521
494,10.0,2892
495,0.0,3950
495,1.0,4259
495,2.0,1957
495,3.0,1878
495,4.0,1011
495,5.0,1011
495,6.0,6116
495,7.0,5633
495,8.0,1397
495,9.0,2735
495,10.0,5004
496,0.0,3510
496,1.0,5077
496,2.0,1011
496,3.0,3341
496,4.0,1011
496,5.0,3431
496,6.0,6887
496,7.0,6887
496,8.0,6267
496,9.0,3968
496,10.0,6118
497,0.0,6218
497,1.0,5772
497,2.0,1011
497,3.0,3535
497,4.0,1011
497,5.0,1011
497,6.0,1537
497,7.0,4737
497,8.0,2896
497,9.0,6489
497,10.0,5516
498,0.0,4077
498,1.0,3049
498,2.0,1011
498,3.0,1011
498,4.0,1011
498,5.0,1011
498,6.0,6670
498,7.0,6887
498,8.0,4368
498,9.0,5674
498,10.0,6587
499,0.0,1411
499,1.0,2911
499,2.0,1011
499,3.0,3741
499,4.0,5813
499,5.0,4123
499,6.0,5092
499,7.0,5103
499,8.0,1856
499,9.0,5910
499,10.0,4824
500,0.0,5162
500,1.0,3579
500,2.0,3215
500,3.0,5940
500,4.0,1011
500,5.0,6367
500,6.0,6538
500,7.0,5633
500,8.0,5682
500,9.0,6554
500,10.0,3662
501,0.0,2370
501,1.0,5544
501,2.0,5537
501,3.0,1011
501,4.0,1011
501,5.0,1011
501,6.0,5843
501,7.0,5103
501,8.0,1188
501,9.0,3686
501,10.0,2890
502,0.0,1025
502,1.0,5609
502,2.0,1011
502,3.0,4338
502,4.0,1011
502,5.0,1302
502,6.0,5843
502,7.0,5092
502,8.0,4368
502,9.0,4670
502,10.0,5664
503,0.0,4744
503,1.0,1217
503,2.0,1011
503,3.0,2714
503,4.0,1011
503,5.0,2530
503,6.0,5035
503,7.0,4737
503,8.0,1446
503,9.0,3687
503,10.0,3969
504,0.0,1205
504,1.0,6908
504,2.0,1011
504,3.0,1242
504,4.0,1011
504,5.0,4403
504,6.0,5843
504,7.0,4737
504,8.0,1011
504,9.0,6679
504,10.0,2943
505,0.0,4402
505,1.0,6867
505,2.0,1957
505,3.0,4273
505,4.0,6490
505,5.0,3367
505,6.0,6187
505,7.0,5103
505,8.0,2371
505,9.0,4163
505,10.0,1582
506,0.0,5960
506,1.0,2409
506,2.0,1011
506,3.0,3990
506,4.0,3044
506,5.0,4110
506,6.0,2609
506,7.0,5370
506,8.0,1857
506,9.0,4575
506,10.0,5977
507,0.0,4386
507,1.0,4985
507,2.0,3283
507,3.0,2118
507,4.0,2445
507,5.0,2283
507,6.0,5897
507,7.0,6889
507,8.0,3292
507,9.0,4087
507,10.0,1886
508,0.0,5387
508,1.0,3374
508,2.0,5537
508,3.0,2938
508,4.0,1011
508,5.0,1011
508,6.0,2227
508,7.0,4100
508,8.0,3309
508,9.0,4970
508,10.0,5155
509,0.0,5393
509,1.0,1144
509,2.0,1011
509,3.0,2776
509,4.0,1011
509,5.0,4619
509,6.0,3423
509,7.0,5370
509,8.0,3309
509,9.0,3960
509,10.0,4876
510,0.0,5601
510,1.0,1656
510,2.0,1011
510,3.0,5727
510,4.0,1011
510,5.0,1011
510,6.0,5236
510,7.0,4737
510,8.0,6257
510,9.0,6350
510,10.0,4066
511,0.0,6416
511,1.0,6902
511,2.0,1957
511,3.0,6281
511,4.0,5336
511,5.0,2008
511,6.0,2741
511,7.0,2455
511,8.0,5005
511,9.0,4997
511,10.0,5599
512,0.0,6090
512,1.0,2785
512,2.0,1957
512,3.0,3561
512,4.0,1011
512,5.0,2842
512,6.0,1340
512,7.0,1011
512,8.0,3309
512,9.0,1665
512,10.0,6960
513,0.0,2245
513,1.0,1925
513,2.0,1011
513,3.0,1011
513,4.0,1011
513,5.0,1011
513,6.0,4170
513,7.0,3084
513,8.0,1891
513,9.0,3139
513,10.0,6828
514,0.0,2693
514,1.0,4969
514,2.0,1011
514,3.0,5577
514,4.0,1011
514,5.0,1587
514,6.0,3084
514,7.0,4737
514,8.0,1011
514,9.0,1316
514,10.0,5741
515,0.0,5280
515,1.0,4293
515,2.0,1957
515,3.0,4974
515,4.0,6778
515,5.0,6945
515,6.0,2837
515,7.0,5092
515,8.0,3673
515,9.0,2569
515,10.0,2721
516,0.0,1386
516,1.0,6238
516,2.0,1011
516,3.0,1536
516,4.0,1011
516,5.0,1053
516,6.0,1362
516,7.0,5633
516,8.0,4368
516,9.0,1860
516,10.0,4376
517,0.0,4948
517,1.0,4174
517,2.0,1957
517,3.0,3116
517,4.0,2280
517,5.0,2889
517,6.0,2440
517,7.0,5092
517,8.0,1397
517,9.0,2923
517,10.0,3852
518,0.0,6298
518,1.0,5375
518,2.0,1957
518,3.0,3421
518,4.0,1011
518,5.0,1479
518,6.0,1807
518,7.0,5409
518,8.0,1615
518,9.0,6529
518,10.0,1552
519,0.0,1499
519,1.0,6308
519,2.0,2469
519,3.0,2675
519,4.0,5557
519,5.0,4316
519,6.0,6719
519,7.0,5640
519,8.0,2171
519,9.0,5177
519,10.0,4952
520,0.0,5386
520,1.0,1149
520,2.0,2211
520,3.0,2673
520,4.0,1023
520,5.0,4620
520,6.0,2293
520,7.0,4737
520,8.0,1517
520,9.0,3247
520,10.0,5361
521,0.0,1544
521,1.0,1334
521,2.0,1011
521,3.0,3994
521,4.0,1011
521,5.0,5309
521,6.0,2132
521,7.0,5092
521,8.0,3309
521,9.0,2039
521,10.0,2417
522,0.0,2580
522,1.0,5565
522,2.0,1957
522,3.0,1894
522,4.0,1011
522,5.0,1770
522,6.0,1011
522,7.0,5092
522,8.0,1857
522,9.0,2831
522,10.0,4430
523,0.0,1562
523,1.0,6381
523,2.0,1957
523,3.0,5914
523,4.0,1011
523,5.0,3915
523,6.0,4897
523,7.0,5092
523,8.0,1594
523,9.0,6049
523,10.0,3210
524,0.0,5588
524,1.0,1216
524,2.0,1957
524,3.0,3400
524,4.0,5291
524,5.0,3833
524,6.0,6212
524,7.0,5640
524,8.0,3739
524,9.0,3328
524,10.0,1175
525,0.0,5555
525,1.0,2437
525,2.0,1957
525,3.0,2005
525,4.0,6347
525,5.0,4646
525,6.0,5922
525,7.0,6701
525,8.0,5598
525,9.0,4006
525,10.0,4567
526,0.0,2839
526,1.0,1986
526,2.0,1957
526,3.0,4896
526,4.0,1011
526,5.0,1683
526,6.0,1150
526,7.0,5103
526,8.0,2371
526,9.0,1140
526,10.0,1811
527,0.0,6536
527,1.0,5901
527,2.0,1011
527,3.0,1011
527,4.0,1011
527,5.0,1011
527,6.0,6187
527,7.0,4737
527,8.0,2672
527,9.0,2774
527,10.0,4472
528,0.0,6735
528,1.0,2159
528,2.0,1957
528,3.0,3902
528,4.0,6391
528,5.0,5912
528,6.0,6187
528,7.0,4737
528,8.0,2672
528,9.0,5163
528,10.0,5411
529,0.0,3301
529,1.0,6789
529,2.0,1957
529,3.0,1607
529,4.0,1011
529,5.0,2857
529,6.0,5409
529,7.0,2455
529,8.0,5327
529,9.0,1633
529,10.0,1311
530,0.0,5624
530,1.0,5751
530,2.0,5537
530,3.0,1916
530,4.0,1011
530,5.0,1011
530,6.0,6887
530,7.0,6887
530,8.0,1011
530,9.0,1011
530,10.0,4559
531,0.0,2173
531,1.0,5904
531,2.0,1957
531,3.0,5902
531,4.0,6091
531,5.0,1758
531,6.0,2067
531,7.0,4313
531,8.0,2769
531,9.0,2734
531,10.0,4240
532,0.0,2535
532,1.0,2616
532,2.0,1957
532,3.0,5127
532,4.0,5127
532,5.0,2000
532,6.0,6678
532,7.0,1011
532,8.0,6645
532,9.0,2840
532,10.0,1476
533,0.0,1443
533,1.0,2968
533,2.0,5031
533,3.0,5239
533,4.0,3942
533,5.0,3854
533,6.0,1011
533,7.0,1011
533,8.0,2235
533,9.0,1011
533,10.0,5247
534,0.0,2820
534,1.0,5715
534,2.0,1957
534,3.0,6875
534,4.0,1011
534,5.0,3701
534,6.0,6187
534,7.0,5370
534,8.0,5282
534,9.0,3187
534,10.0,4279
535,0.0,1262
535,1.0,4202
535,2.0,1957
535,3.0,5859
535,4.0,2662
535,5.0,6808
535,6.0,5370
535,7.0,5103
535,8.0,1091
535,9.0,2265
535,10.0,3954
536,0.0,4869
536,1.0,2273
536,2.0,1011
536,3.0,1011
536,4.0,1011
536,5.0,1011
536,6.0,6887
536,7.0,6887
536,8.0,1011
536,9.0,1011
536,10.0,3954
537,0.0,6008
537,1.0,4949
537,2.0,1011
537,3.0,3380
537,4.0,1011
537,5.0,2413
537,6.0,6415
537,7.0,5092
537,8.0,1615
537,9.0,4766
537,10.0,3560
538,0.0,6870
538,1.0,3026
538,2.0,5537
538,3.0,1011
538,4.0,1011
538,5.0,1011
538,6.0,4767
538,7.0,3084
538,8.0,1703
538,9.0,4693
538,10.0,3379
539,0.0,5906
539,1.0,2600
539,2.0,1957
539,3.0,1011
539,4.0,1011
539,5.0,1011
539,6.0,1493
539,7.0,5103
539,8.0,1856
539,9.0,1120
539,10.0,2172
540,0.0,5389
540,1.0,2517
540,2.0,1957
540,3.0,5920
540,4.0,2359
540,5.0,5484
540,6.0,3343
540,7.0,5370
540,8.0,2582
540,9.0,3264
540,10.0,2282
541,0.0,5712
541,1.0,4999
541,2.0,1011
541,3.0,1011
541,4.0,1011
541,5.0,1011
541,6.0,6887
541,7.0,6887
541,8.0,1011
541,9.0,1011
541,10.0,3954
542,0.0,5770
542,1.0,5440
542,2.0,1011
542,3.0,4269
542,4.0,1011
542,5.0,2779
542,6.0,5409
542,7.0,3084
542,8.0,4512
542,9.0,4375
542,10.0,3988
543,0.0,3063
543,1.0,2536
543,2.0,1011
543,3.0,5152
543,4.0,1011
543,5.0,4936
543,6.0,3786
543,7.0,6242
543,8.0,1856
543,9.0,3683
543,10.0,4194
544,0.0,1921
544,1.0,1504
544,2.0,1011
544,3.0,1011
544,4.0,1011
544,5.0,1011
544,6.0,6887
544,7.0,6887
544,8.0,1011
544,9.0,1011
544,10.0,3954
545,0.0,3460
545,1.0,3637
545,2.0,1011
545,3.0,3802
545,4.0,2158
545,5.0,6396
545,6.0,2128
545,7.0,6889
545,8.0,2896
545,9.0,5420
545,10.0,5489
546,0.0,5681
546,1.0,4797
546,2.0,5537
546,3.0,1011
546,4.0,1011
546,5.0,1011
546,6.0,2227
546,7.0,3084
546,8.0,1703
546,9.0,6773
546,10.0,1307
547,0.0,3650
547,1.0,5694
547,2.0,1011
547,3.0,1011
547,4.0,1011
547,5.0,1011
547,6.0,6887
547,7.0,6887
547,8.0,2672
547,9.0,1011
547,10.0,3964
548,0.0,6163
548,1.0,2829
548,2.0,1957
548,3.0,5368
548,4.0,1011
548,5.0,5606
548,6.0,2590
548,7.0,3084
548,8.0,2046
548,9.0,4042
548,10.0,4566
549,0.0,5289
549,1.0,6376
549,2.0,5031
549,3.0,4369
549,4.0,3195
549,5.0,6410
549,6.0,1011
549,7.0,1011
549,8.0,3281
549,9.0,6842
549,10.0,2869
550,0.0,1353
550,1.0,5713
550,2.0,5031
550,3.0,3753
550,4.0,5944
550,5.0,2384
550,6.0,1011
550,7.0,1011
550,8.0,5953
550,9.0,1011
550,10.0,5251
551,0.0,5200
551,1.0,3983
551,2.0,1011
551,3.0,5578
551,4.0,1011
551,5.0,5811
551,6.0,1617
551,7.0,5103
551,8.0,1446
551,9.0,2107
551,10.0,4310
552,0.0,4812
552,1.0,6514
552,2.0,1011
552,3.0,1011
552,4.0,1011
552,5.0,1011
552,6.0,6887
552,7.0,6887
552,8.0,1011
552,9.0,1011
552,10.0,3954
553,0.0,3203
553,1.0,5226
553,2.0,1957
553,3.0,1147
553,4.0,6065
553,5.0,1667
553,6.0,4288
553,7.0,3084
553,8.0,6113
553,9.0,3737
553,10.0,6981
554,0.0,1862
554,1.0,3903
554,2.0,1957
554,3.0,2946
554,4.0,2921
554,5.0,4053
554,6.0,6672
554,7.0,4100
554,8.0,6903
554,9.0,1318
554,10.0,3592
555,0.0,2153
555,1.0,3599
555,2.0,1957
555,3.0,3256
555,4.0,2606
555,5.0,1135
555,6.0,6766
555,7.0,2455
555,8.0,4367
555,9.0,3799
555,10.0,3684
556,0.0,1645
556,1.0,6063
556,2.0,5537
556,3.0,1011
556,4.0,1011
556,5.0,1011
556,6.0,4057
556,7.0,6889
556,8.0,6267
556,9.0,6570
556,10.0,3617
557,0.0,4868
557,1.0,5108
557,2.0,1011
557,3.0,5089
557,4.0,1011
557,5.0,4195
557,6.0,1434
557,7.0,6887
557,8.0,3309
557,9.0,6892
557,10.0,3954
558,0.0,4915
558,1.0,4754
558,2.0,1957
558,3.0,1011
558,4.0,1011
558,5.0,1011
558,6.0,6887
558,7.0,1524
558,8.0,5938
558,9.0,6269
558,10.0,6040
559,0.0,5998
559,1.0,4401
559,2.0,1957
559,3.0,6897
559,4.0,6794
559,5.0,1266
559,6.0,5897
559,7.0,5633
559,8.0,5702
559,9.0,3190
559,10.0,4373
560,0.0,6111
560,1.0,6700
560,2.0,1011
560,3.0,6274
560,4.0,2186
560,5.0,4178
560,6.0,2132
560,7.0,6887
560,8.0,4368
560,9.0,5160
560,10.0,4668
561,0.0,5925
561,1.0,2597
561,2.0,1011
561,3.0,6849
561,4.0,2733
561,5.0,5139
561,6.0,2455
561,7.0,6889
561,8.0,6722
561,9.0,2347
561,10.0,1630
562,0.0,2849
562,1.0,1782
562,2.0,1011
562,3.0,1011
562,4.0,1011
562,5.0,1011
562,6.0,1616
562,7.0,6887
562,8.0,1856
562,9.0,4867
562,10.0,5469
563,0.0,2702
563,1.0,4072
563,2.0,1957
563,3.0,2365
563,4.0,4903
563,5.0,2360
563,6.0,4682
563,7.0,5370
563,8.0,3145
563,9.0,2518
563,10.0,4818
564,0.0,1713
564,1.0,1042
564,2.0,1011
564,3.0,1011
564,4.0,1011
564,5.0,1011
564,6.0,6887
564,7.0,6887
564,8.0,4368
564,9.0,1013
564,10.0,6205
565,0.0,1608
565,1.0,4586
565,2.0,1957
565,3.0,1298
565,4.0,3875
565,5.0,3791
565,6.0,6701
565,7.0,4737
565,8.0,2334
565,9.0,3102
565,10.0,3590
566,0.0,6790
566,1.0,2229
566,2.0,1957
566,3.0,6692
566,4.0,6692
566,5.0,2540
566,6.0,5870
566,7.0,6713
566,8.0,2896
566,9.0,6255
566,10.0,3229
567,0.0,2876
567,1.0,1087
567,2.0,1011
567,3.0,3783
567,4.0,1011
567,5.0,4133
567,6.0,1537
567,7.0,5103
567,8.0,6636
567,9.0,2511
567,10.0,5801
568,0.0,1549
568,1.0,2737
568,2.0,1011
568,3.0,1011
568,4.0,1011
568,5.0,1011
568,6.0,1616
568,7.0,5103
568,8.0,6267
568,9.0,1762
568,10.0,5117
569,0.0,2484
569,1.0,5632
569,2.0,1957
569,3.0,2715
569,4.0,4096
569,5.0,5605
569,6.0,4832
569,7.0,5103
569,8.0,2796
569,9.0,1373
569,10.0,2522
570,0.0,4847
570,1.0,2206
570,2.0,1983
570,3.0,4510
570,4.0,1011
570,5.0,2037
570,6.0,6187
570,7.0,5092
570,8.0,6088
570,9.0,3655
570,10.0,3045
571,0.0,2195
571,1.0,6583
571,2.0,1011
571,3.0,2708
571,4.0,1011
571,5.0,6637
571,6.0,6319
571,7.0,6887
571,8.0,6704
571,9.0,4826
571,10.0,5635
572,0.0,6041
572,1.0,5839
572,2.0,6429
572,3.0,2879
572,4.0,1011
572,5.0,1011
572,6.0,5203
572,7.0,5633
572,8.0,6704
572,9.0,5653
572,10.0,2131
573,0.0,3276
573,1.0,1553
573,2.0,1957
573,3.0,1011
573,4.0,1011
573,5.0,1011
573,6.0,6584
573,7.0,6887
573,8.0,1808
573,9.0,4858
573,10.0,2767
574,0.0,1802
574,1.0,1229
574,2.0,1957
574,3.0,3595
574,4.0,1882
574,5.0,6782
574,6.0,5942
574,7.0,3084
574,8.0,2196
574,9.0,5070
574,10.0,1415
575,0.0,3999
575,1.0,3095
575,2.0,1011
575,3.0,5955
575,4.0,4851
575,5.0,1024
575,6.0,1531
575,7.0,5092
575,8.0,2896
575,9.0,1289
575,10.0,3186
576,0.0,5140
576,1.0,5376
576,2.0,1957
576,3.0,4374
576,4.0,6772
576,5.0,5111
576,6.0,4100
576,7.0,5092
576,8.0,6211
576,9.0,6258
576,10.0,1705
577,0.0,4545
577,1.0,4549
577,2.0,5537
577,3.0,2607
577,4.0,4651
577,5.0,5597
577,6.0,1972
577,7.0,5092
577,8.0,2672
577,9.0,3228
577,10.0,4411
578,0.0,6748
578,1.0,1566
578,2.0,5537
578,3.0,6565
578,4.0,1786
578,5.0,1085
578,6.0,6654
578,7.0,5092
578,8.0,4763
578,9.0,4078
578,10.0,4621
579,0.0,2188
579,1.0,1272
579,2.0,5330
579,3.0,2125
579,4.0,1011
579,5.0,4722
579,6.0,1537
579,7.0,3084
579,8.0,6413
579,9.0,2351
579,10.0,4664
580,0.0,3193
580,1.0,4448
580,2.0,1957
580,3.0,3711
580,4.0,3716
580,5.0,4732
580,6.0,5841
580,7.0,2455
580,8.0,1165
580,9.0,1038
580,10.0,1295
581,0.0,5933
581,1.0,6792
581,2.0,1957
581,3.0,4989
581,4.0,4244
581,5.0,3126
581,6.0,2599
581,7.0,5092
581,8.0,3673
581,9.0,1221
581,10.0,4148
582,0.0,4607
582,1.0,3664
582,2.0,1011
582,3.0,1011
582,4.0,1011
582,5.0,1011
582,6.0,5897
582,7.0,5370
582,8.0,3309
582,9.0,3586
582,10.0,2279
583,0.0,1072
583,1.0,5654
583,2.0,5537
583,3.0,6818
583,4.0,1011
583,5.0,1011
583,6.0,2240
583,7.0,2240
583,8.0,4368
583,9.0,5831
583,10.0,5425
584,0.0,6695
584,1.0,4201
584,2.0,1011
584,3.0,1011
584,4.0,1011
584,5.0,1011
584,6.0,6887
584,7.0,6887
584,8.0,1011
584,9.0,1011
584,10.0,3954
585,0.0,3409
585,1.0,4062
585,2.0,1957
585,3.0,5693
585,4.0,1768
585,5.0,1401
585,6.0,4688
585,7.0,5409
585,8.0,3269
585,9.0,3459
585,10.0,6256
586,0.0,5464
586,1.0,3548
586,2.0,1957
586,3.0,5362
586,4.0,6973
586,5.0,5999
586,6.0,2440
586,7.0,4100
586,8.0,4296
586,9.0,1779
586,10.0,1822
587,0.0,1922
587,1.0,5583
587,2.0,1011
587,3.0,2298
587,4.0,1011
587,5.0,6784
587,6.0,2293
587,7.0,5409
587,8.0,5622
587,9.0,3079
587,10.0,2750
588,0.0,3886
588,1.0,1744
588,2.0,1011
588,3.0,6465
588,4.0,6465
588,5.0,1796
588,6.0,5236
588,7.0,6889
588,8.0,3309
588,9.0,4523
588,10.0,1511
589,0.0,1211
589,1.0,4746
589,2.0,6963
589,3.0,6522
589,4.0,2886
589,5.0,3806
589,6.0,3296
589,7.0,5409
589,8.0,4512
589,9.0,4114
589,10.0,4959
590,0.0,4004
590,1.0,3543
590,2.0,1957
590,3.0,6141
590,4.0,5052
590,5.0,1011
590,6.0,5436
590,7.0,4737
590,8.0,3309
590,9.0,5573
590,10.0,4347
591,0.0,5511
591,1.0,1457
591,2.0,1011
591,3.0,4736
591,4.0,1011
591,5.0,3771
591,6.0,6451
591,7.0,5633
591,8.0,2672
591,9.0,1879
591,10.0,4963
592,0.0,1741
592,1.0,6477
592,2.0,5537
592,3.0,1011
592,4.0,1011
592,5.0,1011
592,6.0,6887
592,7.0,6887
592,8.0,5938
592,9.0,5735
592,10.0,4140
593,0.0,4998
593,1.0,2526
593,2.0,1957
593,3.0,1011
593,4.0,1011
593,5.0,1011
593,6.0,4688
593,7.0,6887
593,8.0,2896
593,9.0,3162
593,10.0,2926
594,0.0,2884
594,1.0,4542
594,2.0,1011
594,3.0,2290
594,4.0,1011
594,5.0,6715
594,6.0,6887
594,7.0,6887
594,8.0,5561
594,9.0,1011
594,10.0,1194
595,0.0,6791
595,1.0,5974
595,2.0,1957
595,3.0,3967
595,4.0,4146
595,5.0,6364
595,6.0,6248
595,7.0,5092
595,8.0,6267
595,9.0,3092
595,10.0,5270
596,0.0,1887
596,1.0,2821
596,2.0,1957
596,3.0,6738
596,4.0,4701
596,5.0,3931
596,6.0,5409
596,7.0,5092
596,8.0,5937
596,9.0,5024
596,10.0,1202
597,0.0,2726
597,1.0,2661
597,2.0,1011
597,3.0,1011
597,4.0,1011
597,5.0,1011
597,6.0,5674
597,7.0,4100
597,8.0,6257
597,9.0,3996
597,10.0,6758
598,0.0,1904
598,1.0,5612
598,2.0,1957
598,3.0,1011
598,4.0,1011
598,5.0,1011
598,6.0,6475
598,7.0,5092
598,8.0,4368
598,9.0,2332
598,10.0,3912
599,0.0,1542
599,1.0,1155
599,2.0,1011
599,3.0,5665
599,4.0,1011
599,5.0,1011
599,6.0,1062
599,7.0,5092
599,8.0,2672
599,9.0,4377
599,10.0,6179
600,0.0,3164
600,1.0,5189
600,2.0,1957
600,3.0,4210
600,4.0,4010
600,5.0,6542
600,6.0,2128
600,7.0,3084
600,8.0,2777
600,9.0,2571
600,10.0,6092
601,0.0,2555
601,1.0,1997
601,2.0,5537
601,3.0,3001
601,4.0,1011
601,5.0,1011
601,6.0,5436
601,7.0,5370
601,8.0,2672
601,9.0,4982
601,10.0,5611
602,0.0,4134
602,1.0,6035
602,2.0,1011
602,3.0,1466
602,4.0,4917
602,5.0,4686
602,6.0,6719
602,7.0,2240
602,8.0,1937
602,9.0,4841
602,10.0,6879
603,0.0,4951
603,1.0,3829
603,2.0,1957
603,3.0,5000
603,4.0,1011
603,5.0,6010
603,6.0,2455
603,7.0,6889
603,8.0,6704
603,9.0,5178
603,10.0,1988
604,0.0,3090
604,1.0,6405
604,2.0,1957
604,3.0,4819
604,4.0,4819
604,5.0,5885
604,6.0,6719
604,7.0,1011
604,8.0,5725
604,9.0,4337
604,10.0,2483
605,0.0,5777
605,1.0,6590
605,2.0,1957
605,3.0,1011
605,4.0,1011
605,5.0,1011
605,6.0,6670
605,7.0,5103
605,8.0,4068
605,9.0,2474
605,10.0,1805
606,0.0,4662
606,1.0,2203
606,2.0,1011
606,3.0,1952
606,4.0,4814
606,5.0,3842
606,6.0,4288
606,7.0,6889
606,8.0,1446
606,9.0,2620
606,10.0,2030
607,0.0,3735
607,1.0,2764
607,2.0,1011
607,3.0,1477
607,4.0,1011
607,5.0,2629
607,6.0,2741
607,7.0,4737
607,8.0,4602
607,9.0,4544
607,10.0,6407
608,0.0,4962
608,1.0,1661
608,2.0,1543
608,3.0,1460
608,4.0,1743
608,5.0,4074
608,6.0,1851
608,7.0,4737
608,8.0,4816
608,9.0,4320
608,10.0,4813
609,0.0,5286
609,1.0,1157
609,2.0,1957
609,3.0,6452
609,4.0,1011
609,5.0,2307
609,6.0,5494
609,7.0,5092
609,8.0,5622
609,9.0,6436
609,10.0,1203
610,0.0,2161
610,1.0,5717
610,2.0,1011
610,3.0,6657
610,4.0,6967
610,5.0,2169
610,6.0,6670
610,7.0,5370
610,8.0,6787
610,9.0,1255
610,10.0,4798
611,0.0,3785
611,1.0,2313
611,2.0,1957
611,3.0,3048
611,4.0,6170
611,5.0,6204
611,6.0,4100
611,7.0,5370
611,8.0,2561
611,9.0,3358
611,10.0,3908
612,0.0,5131
612,1.0,2380
612,2.0,1957
612,3.0,5264
612,4.0,5264
612,5.0,3160
612,6.0,5744
612,7.0,5092
612,8.0,1704
612,9.0,2627
612,10.0,3807
613,0.0,5650
613,1.0,2909
613,2.0,1011
613,3.0,1897
613,4.0,1011
613,5.0,1011
613,6.0,2132
613,7.0,5092
613,8.0,3309
613,9.0,3601
613,10.0,1014
614,0.0,5306
614,1.0,1924
614,2.0,1957
614,3.0,5787
614,4.0,1836
614,5.0,1308
614,6.0,2979
614,7.0,5370
614,8.0,5384
614,9.0,6982
614,10.0,1788
615,0.0,2174
615,1.0,4923
615,2.0,1957
615,3.0,3943
615,4.0,3943
615,5.0,1646
615,6.0,3991
615,7.0,4022
615,8.0,3618
615,9.0,3291
615,10.0,1482
616,0.0,5308
616,1.0,4035
616,2.0,1957
616,3.0,2593
616,4.0,2989
616,5.0,4271
616,6.0,6475
616,7.0,3084
616,8.0,2907
616,9.0,4413
616,10.0,6546
617,0.0,5581
617,1.0,3634
617,2.0,1011
617,3.0,1011
617,4.0,1011
617,5.0,1011
617,6.0,3320
617,7.0,6887
617,8.0,2393
617,9.0,6340
617,10.0,6332
618,0.0,2249
618,1.0,4192
618,2.0,1011
618,3.0,6352
618,4.0,4681
618,5.0,2695
618,6.0,1267
618,7.0,5092
618,8.0,4763
618,9.0,2891
618,10.0,6675
619,0.0,6725
619,1.0,5416
619,2.0,5537
619,3.0,1186
619,4.0,1011
619,5.0,1011
619,6.0,2414
619,7.0,5103
619,8.0,2672
619,9.0,6355
619,10.0,5900
620,0.0,5586
620,1.0,3199
620,2.0,5537
620,3.0,6673
620,4.0,1011
620,5.0,3419
620,6.0,5236
620,7.0,3084
620,8.0,1703
620,9.0,3717
620,10.0,4315
621,0.0,4641
621,1.0,2328
621,2.0,1543
621,3.0,6151
621,4.0,1011
621,5.0,5158
621,6.0,5592
621,7.0,1842
621,8.0,5460
621,9.0,1612
621,10.0,3105
622,0.0,2337
622,1.0,5582
622,2.0,1957
622,3.0,1011
622,4.0,1011
622,5.0,1011
622,6.0,5436
622,7.0,6887
622,8.0,2896
622,9.0,4011
622,10.0,3749
623,0.0,1837
623,1.0,4863
623,2.0,1011
623,3.0,2929
623,4.0,1011
623,5.0,2357
623,6.0,4767
623,7.0,4832
623,8.0,3309
623,9.0,5010
623,10.0,5739
624,0.0,2064
624,1.0,1554
624,2.0,1011
624,3.0,2510
624,4.0,1011
624,5.0,1011
624,6.0,5942
624,7.0,5092
624,8.0,4368
624,9.0,3870
624,10.0,4671
625,0.0,3635
625,1.0,2871
625,2.0,1957
625,3.0,3706
625,4.0,3706
625,5.0,4506
625,6.0,1842
625,7.0,4100
625,8.0,5637
625,9.0,6135
625,10.0,5738
626,0.0,5945
626,1.0,3729
626,2.0,1957
626,3.0,3526
626,4.0,1011
626,5.0,6147
626,6.0,1119
626,7.0,5370
626,8.0,2760
626,9.0,6712
626,10.0,4837
627,0.0,2001
627,1.0,6294
627,2.0,1957
627,3.0,6848
627,4.0,6494
627,5.0,5503
627,6.0,5593
627,7.0,4832
627,8.0,3340
627,9.0,4017
627,10.0,2687
628,0.0,4695
628,1.0,2983
628,2.0,1957
628,3.0,1696
628,4.0,4455
628,5.0,1472
628,6.0,5633
628,7.0,2455
628,8.0,6309
628,9.0,3097
628,10.0,2521
629,0.0,3815
629,1.0,5385
629,2.0,5537
629,3.0,1528
629,4.0,1011
629,5.0,1011
629,6.0,6475
629,7.0,5103
629,8.0,4965
629,9.0,6706
629,10.0,2202
630,0.0,5879
630,1.0,1795
630,2.0,5537
630,3.0,1011
630,4.0,1011
630,5.0,1011
630,6.0,2414
630,7.0,2240
630,8.0,4368
630,9.0,1551
630,10.0,1145
631,0.0,6947
631,1.0,4574
631,2.0,1011
631,3.0,1011
631,4.0,1011
631,5.0,1011
631,6.0,1162
631,7.0,5370
631,8.0,1857
631,9.0,4979
631,10.0,5321
632,0.0,6515
632,1.0,2035
632,2.0,1011
632,3.0,1873
632,4.0,1873
632,5.0,6138
632,6.0,6766
632,7.0,6887
632,8.0,3309
632,9.0,6582
632,10.0,2529
633,0.0,4409
633,1.0,5803
633,2.0,1011
633,3.0,1737
633,4.0,1237
633,5.0,6396
633,6.0,1522
633,7.0,6887
633,8.0,6704
633,9.0,5043
633,10.0,3910
634,0.0,2082
634,1.0,3415
634,2.0,1011
634,3.0,1011
634,4.0,1011
634,5.0,1011
634,6.0,6887
634,7.0,6887
634,8.0,1011
634,9.0,2382
634,10.0,2314
635,0.0,4270
635,1.0,6206
635,2.0,1957
635,3.0,2719
635,4.0,3505
635,5.0,2706
635,6.0,1267
635,7.0,5103
635,8.0,1399
635,9.0,1035
635,10.0,4698
636,0.0,5749
636,1.0,2649
636,2.0,1011
636,3.0,1818
636,4.0,1818
636,5.0,4960
636,6.0,5236
636,7.0,5092
636,8.0,1446
636,9.0,4995
636,10.0,3255
637,0.0,1699
637,1.0,1968
637,2.0,1011
637,3.0,1970
637,4.0,1011
637,5.0,4956
637,6.0,4150
637,7.0,6887
637,8.0,1446
637,9.0,3898
637,10.0,2850
638,0.0,1521
638,1.0,6896
638,2.0,1957
638,3.0,2992
638,4.0,1888
638,5.0,4581
638,6.0,5494
638,7.0,5092
638,8.0,4327
638,9.0,1905
638,10.0,2972
639,0.0,2303
639,1.0,6042
639,2.0,5537
639,3.0,1011
639,4.0,1011
639,5.0,1011
639,6.0,4176
639,7.0,6887
639,8.0,1446
639,9.0,3365
639,10.0,1698
640,0.0,2209
640,1.0,1720
640,2.0,1957
640,3.0,5349
640,4.0,4199
640,5.0,6110
640,6.0,2741
640,7.0,2455
640,8.0,3537
640,9.0,4032
640,10.0,5122
641,0.0,2296
641,1.0,3342
641,2.0,1011
641,3.0,4756
641,4.0,1011
641,5.0,4267
641,6.0,6248
641,7.0,5633
641,8.0,1703
641,9.0,4772
641,10.0,1725
642,0.0,2063
642,1.0,6310
642,2.0,5031
642,3.0,6352
642,4.0,4681
642,5.0,3082
642,6.0,1011
642,7.0,1011
642,8.0,5382
642,9.0,1011
642,10.0,3768
643,0.0,1702
643,1.0,2102
643,2.0,1957
643,3.0,3862
643,4.0,3862
643,5.0,2175
643,6.0,4806
643,7.0,2293
643,8.0,2941
643,9.0,1148
643,10.0,2368
644,0.0,6537
644,1.0,5502
644,2.0,1957
644,3.0,6353
644,4.0,5548
644,5.0,1451
644,6.0,3258
644,7.0,3084
644,8.0,5707
644,9.0,1993
644,10.0,3438
645,0.0,1058
645,1.0,2883
645,2.0,1011
645,3.0,1011
645,4.0,1011
645,5.0,1011
645,6.0,6887
645,7.0,6887
645,8.0,1011
645,9.0,1011
645,10.0,3954
646,0.0,3000
646,1.0,5722
646,2.0,1957
646,3.0,4615
646,4.0,1794
646,5.0,2421
646,6.0,2132
646,7.0,3084
646,8.0,4263
646,9.0,4441
646,10.0,3100
647,0.0,2068
647,1.0,4603
647,2.0,1957
647,3.0,4988
647,4.0,1068
647,5.0,3223
647,6.0,2617
647,7.0,5092
647,8.0,3054
647,9.0,2237
647,10.0,2666
648,0.0,3235
648,1.0,3311
648,2.0,1957
648,3.0,3437
648,4.0,1011
648,5.0,4613
648,6.0,5897
648,7.0,4737
648,8.0,6113
648,9.0,5789
648,10.0,6669
649,0.0,2638
649,1.0,1436
649,2.0,1957
649,3.0,3404
649,4.0,1442
649,5.0,6262
649,6.0,2414
649,7.0,5103
649,8.0,4208
649,9.0,3275
649,10.0,6450
650,0.0,1222
650,1.0,6569
650,2.0,1011
650,3.0,1586
650,4.0,1011
650,5.0,3434
650,6.0,1972
650,7.0,6887
650,8.0,1687
650,9.0,3940
650,10.0,2493
651,0.0,2868
651,1.0,2007
651,2.0,1957
651,3.0,5339
651,4.0,1746
651,5.0,1935
651,6.0,5735
651,7.0,2455
651,8.0,1950
651,9.0,1649
651,10.0,5889
652,0.0,1735
652,1.0,1355
652,2.0,1957
652,3.0,1047
652,4.0,1011
652,5.0,6077
652,6.0,1972
652,7.0,4737
652,8.0,6267
652,9.0,6525
652,10.0,6125
653,0.0,6302
653,1.0,2391
653,2.0,1011
653,3.0,3446
653,4.0,3024
653,5.0,3219
653,6.0,1531
653,7.0,2240
653,8.0,4965
653,9.0,3608
653,10.0,4719
654,0.0,6568
654,1.0,4164
654,2.0,1957
654,3.0,3495
654,4.0,2996
654,5.0,2491
654,6.0,5370
654,7.0,4737
654,8.0,3309
654,9.0,3555
654,10.0,6938
655,0.0,6318
655,1.0,1947
655,2.0,1011
655,3.0,4994
655,4.0,1011
655,5.0,4789
655,6.0,1537
655,7.0,3084
655,8.0,1856
655,9.0,1161
655,10.0,4733
656,0.0,4255
656,1.0,4881
656,2.0,1957
656,3.0,2570
656,4.0,2406
656,5.0,4886
656,6.0,5843
656,7.0,5409
656,8.0,4021
656,9.0,2950
656,10.0,4660
657,0.0,4765
657,1.0,5491
657,2.0,1957
657,3.0,5982
657,4.0,1558
657,5.0,3184
657,6.0,1531
657,7.0,5409
657,8.0,5937
657,9.0,6891
657,10.0,2798
658,0.0,5765
658,1.0,4850
658,2.0,1957
658,3.0,3446
658,4.0,3024
658,5.0,4971
658,6.0,1531
658,7.0,3084
658,8.0,6027
658,9.0,1184
658,10.0,2253
659,0.0,5007
659,1.0,1092
659,2.0,1957
659,3.0,2038
659,4.0,1105
659,5.0,6247
659,6.0,5236
659,7.0,6889
659,8.0,2808
659,9.0,1049
659,10.0,6895
660,0.0,3998
660,1.0,2375
660,2.0,1957
660,3.0,4597
660,4.0,5148
660,5.0,2612
660,6.0,1062
660,7.0,5370
660,8.0,2031
660,9.0,2094
660,10.0,2994
661,0.0,5842
661,1.0,6362
661,2.0,1011
661,3.0,1011
661,4.0,1011
661,5.0,1011
661,6.0,3423
661,7.0,6887
661,8.0,4368
661,9.0,5426
661,10.0,5227
662,0.0,3583
662,1.0,5504
662,2.0,1957
662,3.0,3632
662,4.0,6157
662,5.0,2544
662,6.0,5897
662,7.0,3084
662,8.0,1043
662,9.0,1423
662,10.0,5307
663,0.0,3849
663,1.0,3685
663,2.0,1957
663,3.0,4238
663,4.0,2026
663,5.0,1575
663,6.0,4100
663,7.0,5633
663,8.0,2672
663,9.0,6852
663,10.0,1474
664,0.0,6944
664,1.0,2062
664,2.0,1957
664,3.0,5120
664,4.0,6760
664,5.0,6834
664,6.0,6701
664,7.0,5370
664,8.0,1212
664,9.0,6608
664,10.0,3273
665,0.0,6563
665,1.0,6122
665,2.0,1797
665,3.0,1011
665,4.0,1011
665,5.0,1011
665,6.0,6887
665,7.0,6887
665,8.0,4965
665,9.0,1011
665,10.0,2292
666,0.0,5776
666,1.0,1826
666,2.0,2833
666,3.0,5243
666,4.0,2104
666,5.0,5075
666,6.0,6248
666,7.0,5370
666,8.0,4965
666,9.0,1701
666,10.0,4097
667,0.0,4370
667,1.0,5463
667,2.0,1011
667,3.0,4444
667,4.0,1011
667,5.0,2045
667,6.0,5410
667,7.0,5103
667,8.0,2428
667,9.0,6291
667,10.0,3410
668,0.0,3076
668,1.0,1673
668,2.0,1011
668,3.0,1792
668,4.0,5413
668,5.0,6457
668,6.0,4737
668,7.0,4737
668,8.0,4763
668,9.0,5436
668,10.0,6199
669,0.0,1966
669,1.0,1975
669,2.0,1011
669,3.0,1011
669,4.0,1011
669,5.0,1011
669,6.0,2293
669,7.0,5103
669,8.0,6113
669,9.0,4137
669,10.0,4740
670,0.0,4576
670,1.0,3631
670,2.0,1011
670,3.0,1011
670,4.0,1011
670,5.0,1011
670,6.0,3378
670,7.0,4100
670,8.0,2672
670,9.0,6770
670,10.0,4360
671,0.0,1048
671,1.0,1454
671,2.0,5428
671,3.0,1011
671,4.0,1011
671,5.0,1011
671,6.0,5633
671,7.0,6167
671,8.0,4368
671,9.0,6850
671,10.0,2648
672,0.0,4224
672,1.0,2304
672,2.0,1011
672,3.0,2586
672,4.0,1011
672,5.0,3133
672,6.0,3157
672,7.0,5370
672,8.0,1011
672,9.0,1467
672,10.0,6021
673,0.0,2433
673,1.0,6278
673,2.0,1011
673,3.0,2123
673,4.0,2502
673,5.0,5351
673,6.0,5203
673,7.0,4737
673,8.0,1446
673,9.0,1755
673,10.0,1685
674,0.0,5793
674,1.0,5679
674,2.0,1957
674,3.0,2549
674,4.0,1180
674,5.0,6271
674,6.0,4057
674,7.0,5092
674,8.0,3610
674,9.0,4587
674,10.0,6768
675,0.0,3411
675,1.0,6228
675,2.0,1011
675,3.0,1011
675,4.0,1011
675,5.0,1011
675,6.0,2455
675,7.0,5103
675,8.0,4368
675,9.0,5781
675,10.0,2086
676,0.0,3081
676,1.0,4538
676,2.0,1957
676,3.0,1011
676,4.0,1011
676,5.0,1011
676,6.0,1267
676,7.0,6887
676,8.0,1857
676,9.0,4043
676,10.0,4246
677,0.0,1424
677,1.0,3760
677,2.0,1011
677,3.0,1011
677,4.0,1011
677,5.0,1011
677,6.0,5103
677,7.0,6887
677,8.0,6113
677,9.0,3748
677,10.0,3954
678,0.0,4132
678,1.0,4935
678,2.0,1011
678,3.0,1011
678,4.0,1011
678,5.0,1011
678,6.0,5103
678,7.0,5092
678,8.0,6267
678,9.0,2932
678,10.0,1769
679,0.0,1109
679,1.0,1926
679,2.0,1957
679,3.0,2214
679,4.0,1011
679,5.0,3389
679,6.0,2513
679,7.0,3084
679,8.0,2021
679,9.0,5921
679,10.0,5057
680,0.0,5510
680,1.0,6106
680,2.0,1011
680,3.0,1967
680,4.0,1011
680,5.0,3416
680,6.0,3072
680,7.0,5633
680,8.0,4934
680,9.0,6001
680,10.0,5505
681,0.0,1559
681,1.0,4124
681,2.0,1011
681,3.0,1955
681,4.0,1011
681,5.0,1011
681,6.0,4120
681,7.0,6887
681,8.0,3309
681,9.0,5494
681,10.0,6703
682,0.0,4563
682,1.0,3318
682,2.0,5537
682,3.0,4827
682,4.0,1011
682,5.0,4777
682,6.0,6670
682,7.0,4737
682,8.0,3309
682,9.0,6244
682,10.0,3479
683,0.0,5394
683,1.0,4435
683,2.0,1957
683,3.0,2713
683,4.0,2601
683,5.0,6070
683,6.0,1949
683,7.0,4100
683,8.0,3889
683,9.0,4929
683,10.0,1347
684,0.0,5304
684,1.0,1388
684,2.0,1011
684,3.0,1011
684,4.0,1011
684,5.0,1011
684,6.0,6766
684,7.0,6887
684,8.0,6267
684,9.0,5779
684,10.0,4685
685,0.0,2671
685,1.0,6237
685,2.0,1957
685,3.0,3658
685,4.0,2722
685,5.0,1428
685,6.0,5436
685,7.0,4737
685,8.0,2672
685,9.0,2154
685,10.0,4631
686,0.0,4493
686,1.0,4431
686,2.0,1011
686,3.0,4209
686,4.0,1011
686,5.0,3321
686,6.0,5897
686,7.0,5092
686,8.0,2672
686,9.0,2346
686,10.0,5768
687,0.0,5096
687,1.0,1869
687,2.0,1957
687,3.0,3641
687,4.0,5285
687,5.0,6068
687,6.0,1162
687,7.0,2455
687,8.0,1446
687,9.0,6702
687,10.0,5675
688,0.0,5571
688,1.0,6209
688,2.0,1957
688,3.0,5930
688,4.0,5066
688,5.0,4113
688,6.0,1062
688,7.0,4737
688,8.0,6369
688,9.0,4251
688,10.0,4555
689,0.0,1113
689,1.0,1096
689,2.0,6963
689,3.0,1011
689,4.0,1011
689,5.0,1011
689,6.0,6415
689,7.0,6887
689,8.0,6562
689,9.0,1569
689,10.0,1669
690,0.0,6555
690,1.0,5862
690,2.0,1957
690,3.0,4516
690,4.0,5714
690,5.0,2134
690,6.0,3827
690,7.0,6889
690,8.0,2040
690,9.0,4253
690,10.0,5135
691,0.0,6609
691,1.0,5958
691,2.0,1011
691,3.0,6055
691,4.0,1011
691,5.0,1011
691,6.0,2440
691,7.0,6887
691,8.0,4763
691,9.0,5828
691,10.0,4708
692,0.0,6776
692,1.0,5740
692,2.0,5537
692,3.0,3652
692,4.0,1011
692,5.0,1011
692,6.0,6670
692,7.0,4737
692,8.0,2672
692,9.0,1011
692,10.0,3914
693,0.0,2194
693,1.0,5851
693,2.0,5031
693,3.0,5085
693,4.0,5300
693,5.0,2788
693,6.0,5103
693,7.0,3084
693,8.0,1240
693,9.0,3532
693,10.0,2822
694,0.0,6872
694,1.0,5546
694,2.0,1957
694,3.0,6923
694,4.0,6923
694,5.0,2603
694,6.0,2293
694,7.0,3084
694,8.0,6631
694,9.0,1193
694,10.0,1555
695,0.0,6510
695,1.0,2653
695,2.0,1011
695,3.0,4912
695,4.0,1011
695,5.0,2338
695,6.0,3220
695,7.0,4832
695,8.0,2672
695,9.0,1228
695,10.0,4852
696,0.0,5690
696,1.0,3955
696,2.0,1011
696,3.0,1718
696,4.0,5559
696,5.0,1977
696,6.0,5897
696,7.0,5370
696,8.0,1808
696,9.0,1505
696,10.0,4214
697,0.0,6037
697,1.0,2018
697,2.0,1011
697,3.0,1923
697,4.0,1011
697,5.0,5388
697,6.0,6766
697,7.0,4832
697,8.0,4763
697,9.0,6285
697,10.0,3776
698,0.0,4713
698,1.0,6423
698,2.0,1957
698,3.0,1011
698,4.0,1011
698,5.0,1011
698,6.0,5897
698,7.0,6887
698,8.0,6113
698,9.0,2485
698,10.0,4771
699,0.0,2707
699,1.0,6589
699,2.0,5537
699,3.0,6539
699,4.0,1011
699,5.0,1011
699,6.0,6887
699,7.0,6887
699,8.0,6240
699,9.0,2065
699,10.0,2362
700,0.0,6155
700,1.0,6085
700,2.0,1011
700,3.0,1011
700,4.0,1011
700,5.0,1011
700,6.0,5037
700,7.0,6887
700,8.0,6704
700,9.0,1011
700,10.0,6469
701,0.0,3315
701,1.0,4972
701,2.0,5537
701,3.0,4723
701,4.0,6561
701,5.0,6551
701,6.0,6887
701,7.0,6887
701,8.0,2672
701,9.0,5452
701,10.0,6664
702,0.0,2321
702,1.0,6819
702,2.0,1957
702,3.0,2032
702,4.0,1011
702,5.0,1770
702,6.0,5103
702,7.0,6887
702,8.0,4965
702,9.0,1277
702,10.0,6080
703,0.0,6102
703,1.0,1870
703,2.0,1011
703,3.0,1011
703,4.0,1011
703,5.0,1011
703,6.0,6887
703,7.0,6887
703,8.0,1011
703,9.0,1011
703,10.0,3954
704,0.0,4477
704,1.0,3464
704,2.0,1957
704,3.0,5649
704,4.0,6588
704,5.0,6656
704,6.0,1323
704,7.0,1011
704,8.0,2672
704,9.0,2689
704,10.0,4632
705,0.0,6959
705,1.0,2567
705,2.0,1957
705,3.0,4859
705,4.0,3891
705,5.0,2537
705,6.0,1537
705,7.0,4737
705,8.0,5099
705,9.0,5785
705,10.0,4008
706,0.0,6506
706,1.0,1294
706,2.0,1957
706,3.0,5798
706,4.0,3621
706,5.0,3492
706,6.0,2128
706,7.0,5092
706,8.0,4367
706,9.0,2284
706,10.0,4595
707,0.0,1902
707,1.0,3709
707,2.0,1957
707,3.0,5948
707,4.0,1638
707,5.0,6874
707,6.0,5841
707,7.0,5633
707,8.0,3152
707,9.0,4678
707,10.0,5419
708,0.0,5973
708,1.0,1285
708,2.0,1957
708,3.0,4925
708,4.0,1806
708,5.0,2865
708,6.0,3773
708,7.0,5103
708,8.0,6717
708,9.0,4543
708,10.0,3324
709,0.0,3285
709,1.0,5563
709,2.0,1957
709,3.0,3571
709,4.0,5216
709,5.0,6020
709,6.0,5436
709,7.0,5092
709,8.0,6113
709,9.0,6483
709,10.0,5818
710,0.0,2150
710,1.0,2177
710,2.0,5537
710,3.0,3899
710,4.0,6000
710,5.0,5978
710,6.0,2414
710,7.0,5103
710,8.0,3454
710,9.0,6547
710,10.0,3094
711,0.0,4069
711,1.0,5091
711,2.0,1011
711,3.0,1011
711,4.0,1011
711,5.0,1011
711,6.0,6887
711,7.0,6887
711,8.0,1011
711,9.0,1011
711,10.0,3954
712,0.0,1831
712,1.0,1523
712,2.0,1957
712,3.0,1590
712,4.0,1859
712,5.0,6430
712,6.0,4832
712,7.0,1011
712,8.0,6704
712,9.0,1267
712,10.0,4904
713,0.0,5736
713,1.0,4458
713,2.0,1957
713,3.0,1011
713,4.0,1011
713,5.0,1011
713,6.0,5942
713,7.0,3084
713,8.0,4763
713,9.0,2545
713,10.0,4649
714,0.0,4799
714,1.0,2453
714,2.0,1011
714,3.0,3879
714,4.0,1011
714,5.0,6173
714,6.0,6248
714,7.0,5409
714,8.0,2808
714,9.0,3408
714,10.0,3874
715,0.0,6208
715,1.0,1571
715,2.0,1957
715,3.0,1959
715,4.0,5442
715,5.0,6797
715,6.0,4832
715,7.0,5103
715,8.0,3673
715,9.0,2893
715,10.0,6335
716,0.0,1100
716,1.0,1636
716,2.0,1011
716,3.0,3850
716,4.0,3850
716,5.0,2854
716,6.0,2414
716,7.0,5092
716,8.0,6257
716,9.0,6550
716,10.0,5686
717,0.0,4129
717,1.0,1403
717,2.0,1957
717,3.0,4230
717,4.0,4230
717,5.0,3246
717,6.0,6415
717,7.0,4737
717,8.0,2672
717,9.0,5794
717,10.0,4451
718,0.0,2577
718,1.0,1366
718,2.0,5537
718,3.0,4491
718,4.0,6761
718,5.0,3113
718,6.0,6417
718,7.0,2240
718,8.0,1856
718,9.0,1915
718,10.0,3277
719,0.0,6401
719,1.0,4241
719,2.0,1957
719,3.0,1866
719,4.0,4624
719,5.0,5458
719,6.0,6500
719,7.0,4737
719,8.0,4763
719,9.0,4865
719,10.0,6283
720,0.0,5759
720,1.0,2403
720,2.0,1011
720,3.0,6286
720,4.0,1011
720,5.0,1011
720,6.0,3072
720,7.0,4737
720,8.0,6704
720,9.0,6033
720,10.0,6272
721,0.0,4289
721,1.0,2700
721,2.0,1957
721,3.0,2105
721,4.0,3368
721,5.0,3494
721,6.0,1162
721,7.0,5370
721,8.0,4965
721,9.0,6390
721,10.0,3451
722,0.0,6059
722,1.0,1440
722,2.0,1011
722,3.0,5992
722,4.0,1011
722,5.0,1011
722,6.0,2293
722,7.0,4737
722,8.0,6113
722,9.0,3734
722,10.0,4610
723,0.0,6143
723,1.0,1747
723,2.0,1957
723,3.0,3728
723,4.0,4086
723,5.0,5646
723,6.0,3032
723,7.0,2240
723,8.0,1300
723,9.0,2207
723,10.0,6634
724,0.0,4957
724,1.0,3534
724,2.0,1011
724,3.0,1011
724,4.0,1011
724,5.0,1011
724,6.0,6887
724,7.0,6887
724,8.0,1011
724,9.0,1011
724,10.0,3954
725,0.0,1073
725,1.0,2644
725,2.0,1011
725,3.0,1011
725,4.0,1011
725,5.0,1011
725,6.0,6887
725,7.0,6887
725,8.0,1704
725,9.0,1011
725,10.0,2145
726,0.0,4025
726,1.0,1995
726,2.0,1011
726,3.0,1011
726,4.0,1011
726,5.0,1011
726,6.0,6887
726,7.0,6887
726,8.0,1011
726,9.0,1011
726,10.0,3954
727,0.0,1462
727,1.0,4757
727,2.0,1011
727,3.0,1011
727,4.0,1011
727,5.0,1011
727,6.0,2599
727,7.0,5103
727,8.0,5485
727,9.0,6164
727,10.0,4427
728,0.0,3597
728,1.0,4102
728,2.0,1011
728,3.0,1445
728,4.0,1445
728,5.0,5941
728,6.0,6887
728,7.0,4100
728,8.0,3454
728,9.0,6878
728,10.0,3954
729,0.0,6029
729,1.0,6104
729,2.0,1011
729,3.0,4828
729,4.0,1011
729,5.0,3362
729,6.0,5236
729,7.0,5370
729,8.0,1615
729,9.0,3653
729,10.0,5867
730,0.0,2543
730,1.0,1828
730,2.0,1011
730,3.0,1011
730,4.0,1011
730,5.0,1011
730,6.0,2128
730,7.0,6887
730,8.0,2672
730,9.0,3958
730,10.0,5716
731,0.0,5746
731,1.0,5567
731,2.0,1011
731,3.0,3809
731,4.0,4716
731,5.0,6655
731,6.0,1807
731,7.0,4737
731,8.0,4763
731,9.0,2898
731,10.0,1814
732,0.0,6259
732,1.0,6432
732,2.0,1957
732,3.0,5476
732,4.0,1011
732,5.0,6835
732,6.0,2410
732,7.0,2240
732,8.0,2392
732,9.0,6978
732,10.0,4421
733,0.0,1098
733,1.0,5220
733,2.0,1957
733,3.0,1011
733,4.0,1011
733,5.0,1011
733,6.0,1267
733,7.0,4737
733,8.0,2672
733,9.0,3975
733,10.0,6676
734,0.0,3353
734,1.0,5892
734,2.0,1957
734,3.0,6629
734,4.0,1011
734,5.0,3060
734,6.0,1267
734,7.0,4737
734,8.0,1446
734,9.0,5379
734,10.0,5032
735,0.0,6917
735,1.0,1748
735,2.0,1957
735,3.0,4492
735,4.0,1011
735,5.0,1745
735,6.0,1537
735,7.0,4737
735,8.0,6257
735,9.0,4323
735,10.0,6221
736,0.0,6641
736,1.0,6227
736,2.0,1957
736,3.0,4628
736,4.0,1978
736,5.0,6972
736,6.0,1267
736,7.0,5103
736,8.0,1703
736,9.0,6476
736,10.0,1992
737,0.0,4950
737,1.0,4692
737,2.0,1957
737,3.0,4986
737,4.0,4674
737,5.0,4689
737,6.0,5789
737,7.0,5370
737,8.0,6267
737,9.0,4466
737,10.0,2438
738,0.0,6633
738,1.0,3299
738,2.0,1011
738,3.0,5221
738,4.0,1011
738,5.0,3253
738,6.0,6670
738,7.0,6248
738,8.0,1011
738,9.0,1011
738,10.0,2373
739,0.0,6919
739,1.0,2910
739,2.0,1957
739,3.0,4059
739,4.0,2344
739,5.0,1251
739,6.0,2128
739,7.0,5103
739,8.0,1857
739,9.0,5934
739,10.0,5517
740,0.0,6252
740,1.0,4954
740,2.0,1011
740,3.0,6443
740,4.0,1011
740,5.0,6566
740,6.0,2128
740,7.0,4100
740,8.0,6267
740,9.0,3441
740,10.0,2083
741,0.0,5348
741,1.0,2933
741,2.0,1957
741,3.0,1011
741,4.0,1011
741,5.0,1011
741,6.0,2028
741,7.0,4737
741,8.0,5938
741,9.0,1173
741,10.0,5040
742,0.0,1458
742,1.0,6548
742,2.0,1011
742,3.0,1011
742,4.0,1011
742,5.0,1011
742,6.0,5843
742,7.0,6887
742,8.0,2896
742,9.0,5018
742,10.0,1987
743,0.0,2019
743,1.0,2574
743,2.0,1011
743,3.0,1011
743,4.0,1011
743,5.0,1011
743,6.0,6887
743,7.0,6887
743,8.0,1011
743,9.0,1011
743,10.0,3954
744,0.0,2791
744,1.0,1502
744,2.0,1957
744,3.0,3946
744,4.0,1011
744,5.0,2730
744,6.0,1150
744,7.0,1011
744,8.0,1704
744,9.0,6266
744,10.0,6411
745,0.0,4475
745,1.0,5991
745,2.0,1011
745,3.0,3862
745,4.0,3862
745,5.0,5671
745,6.0,2327
745,7.0,5494
745,8.0,3309
745,9.0,1011
745,10.0,6017
746,0.0,3656
746,1.0,4138
746,2.0,1797
746,3.0,5780
746,4.0,4558
746,5.0,5643
746,6.0,6887
746,7.0,6887
746,8.0,2672
746,9.0,1011
746,10.0,4785
747,0.0,4687
747,1.0,6920
747,2.0,1011
747,3.0,1011
747,4.0,1011
747,5.0,1011
747,6.0,6887
747,7.0,6887
747,8.0,1011
747,9.0,1011
747,10.0,3954
748,0.0,4920
748,1.0,3461
748,2.0,1011
748,3.0,6572
748,4.0,1990
748,5.0,6107
748,6.0,5789
748,7.0,2240
748,8.0,3309
748,9.0,3542
748,10.0,5276
749,0.0,3205
749,1.0,6193
749,2.0,1543
749,3.0,1223
749,4.0,3626
749,5.0,1969
749,6.0,1493
749,7.0,5370
749,8.0,1043
749,9.0,6731
749,10.0,5181
750,0.0,5180
750,1.0,1929
750,2.0,1957
750,3.0,1011
750,4.0,1011
750,5.0,1011
750,6.0,1807
750,7.0,6887
750,8.0,1856
750,9.0,3962
750,10.0,3941
751,0.0,2388
751,1.0,6123
751,2.0,1957
751,3.0,4855
751,4.0,6832
751,5.0,2930
751,6.0,2723
751,7.0,2240
751,8.0,6502
751,9.0,4946
751,10.0,2519
752,0.0,3980
752,1.0,5107
752,2.0,1011
752,3.0,1011
752,4.0,1011
752,5.0,1011
752,6.0,6887
752,7.0,6887
752,8.0,2896
752,9.0,5913
752,10.0,4981
753,0.0,4278
753,1.0,2838
753,2.0,5031
753,3.0,1951
753,4.0,6652
753,5.0,5022
753,6.0,4737
753,7.0,3084
753,8.0,3455
753,9.0,2256
753,10.0,2396
754,0.0,4483
754,1.0,2490
754,2.0,6963
754,3.0,5882
754,4.0,5763
754,5.0,5545
754,6.0,6843
754,7.0,4832
754,8.0,4512
754,9.0,4726
754,10.0,6729
755,0.0,1281
755,1.0,5054
755,2.0,1957
755,3.0,1777
755,4.0,6235
755,5.0,5403
755,6.0,1617
755,7.0,5409
755,8.0,6267
755,9.0,3188
755,10.0,1798
756,0.0,4212
756,1.0,3396
756,2.0,1957
756,3.0,1317
756,4.0,1176
756,5.0,6873
756,6.0,6670
756,7.0,5370
756,8.0,2669
756,9.0,5186
756,10.0,5432
757,0.0,2690
757,1.0,1034
757,2.0,1011
757,3.0,1011
757,4.0,1011
757,5.0,1011
757,6.0,6887
757,7.0,6887
757,8.0,1011
757,9.0,1011
757,10.0,3954
758,0.0,6334
758,1.0,1697
758,2.0,5255
758,3.0,1583
758,4.0,1757
758,5.0,2867
758,6.0,5843
758,7.0,4832
758,8.0,1011
758,9.0,2657
758,10.0,4535
759,0.0,4521
759,1.0,1584
759,2.0,1011
759,3.0,4111
759,4.0,1011
759,5.0,4364
759,6.0,2414
759,7.0,5633
759,8.0,1011
759,9.0,6245
759,10.0,5097
760,0.0,5807
760,1.0,1881
760,2.0,1957
760,3.0,4292
760,4.0,1011
760,5.0,1011
760,6.0,3320
760,7.0,5103
760,8.0,1399
760,9.0,4061
760,10.0,3732
761,0.0,5703
761,1.0,3287
761,2.0,1957
761,3.0,5347
761,4.0,1011
761,5.0,6726
761,6.0,6493
761,7.0,5633
761,8.0,6413
761,9.0,3074
761,10.0,1689
762,0.0,3647
762,1.0,3567
762,2.0,1957
762,3.0,1420
762,4.0,1011
762,5.0,3676
762,6.0,3502
762,7.0,4737
762,8.0,6224
762,9.0,6284
762,10.0,2626
763,0.0,6614
763,1.0,1192
763,2.0,1011
763,3.0,1011
763,4.0,1011
763,5.0,1011
763,6.0,5841
763,7.0,6887
763,8.0,6704
763,9.0,1816
763,10.0,1564
764,0.0,6022
764,1.0,1264
764,2.0,1957
764,3.0,5312
764,4.0,5312
764,5.0,3780
764,6.0,5735
764,7.0,5409
764,8.0,3352
764,9.0,3858
764,10.0,4727
765,0.0,3257
765,1.0,6934
765,2.0,1957
765,3.0,1890
765,4.0,1011
765,5.0,3293
765,6.0,5436
765,7.0,5103
765,8.0,4314
765,9.0,5856
765,10.0,5445
766,0.0,3316
766,1.0,2965
766,2.0,1011
766,3.0,1011
766,4.0,1011
766,5.0,1011
766,6.0,6887
766,7.0,6887
766,8.0,1011
766,9.0,1011
766,10.0,3954
767,0.0,5631
767,1.0,2378
767,2.0,6963
767,3.0,5474
767,4.0,1011
767,5.0,5805
767,6.0,2440
767,7.0,4100
767,8.0,4106
767,9.0,2213
767,10.0,4223
768,0.0,3030
768,1.0,1526
768,2.0,5031
768,3.0,4976
768,4.0,5346
768,5.0,5669
768,6.0,1011
768,7.0,1011
768,8.0,4804
768,9.0,1011
768,10.0,4304
769,0.0,6210
769,1.0,3710
769,2.0,1957
769,3.0,4238
769,4.0,2026
769,5.0,1575
769,6.0,4100
769,7.0,6889
769,8.0,2672
769,9.0,4579
769,10.0,5222
770,0.0,1833
770,1.0,1731
770,2.0,6742
770,3.0,1313
770,4.0,1011
770,5.0,6793
770,6.0,4288
770,7.0,4100
770,8.0,5637
770,9.0,6215
770,10.0,5523
771,0.0,2073
771,1.0,2903
771,2.0,1957
771,3.0,1297
771,4.0,1011
771,5.0,4311
771,6.0,5593
771,7.0,1011
771,8.0,3454
771,9.0,4667
771,10.0,6377
772,0.0,3058
772,1.0,4105
772,2.0,1957
772,3.0,1152
772,4.0,1468
772,5.0,1051
772,6.0,1596
772,7.0,5633
772,8.0,2031
772,9.0,1011
772,10.0,1254
773,0.0,1625
773,1.0,2552
773,2.0,1957
773,3.0,6016
773,4.0,4745
773,5.0,4081
773,6.0,2440
773,7.0,2414
773,8.0,6098
773,9.0,3050
773,10.0,6940
774,0.0,5560
774,1.0,1227
774,2.0,1957
774,3.0,2016
774,4.0,2958
774,5.0,2640
774,6.0,5735
774,7.0,5103
774,8.0,1074
774,9.0,3335
774,10.0,4185
775,0.0,4856
775,1.0,2955
775,2.0,1957
775,3.0,2566
775,4.0,3453
775,5.0,4438
775,6.0,4064
775,7.0,5103
775,8.0,5938
775,9.0,2028
775,10.0,3514
776,0.0,4570
776,1.0,1678
776,2.0,1011
776,3.0,1011
776,4.0,1011
776,5.0,1011
776,6.0,5236
776,7.0,5103
776,8.0,4871
776,9.0,2147
776,10.0,1578
777,0.0,1632
777,1.0,1412
777,2.0,1011
777,3.0,1011
777,4.0,1011
777,5.0,1011
777,6.0,3032
777,7.0,5092
777,8.0,1891
777,9.0,5928
777,10.0,3724
778,0.0,4622
778,1.0,3547
778,2.0,2674
778,3.0,1011
778,4.0,1011
778,5.0,1011
778,6.0,3378
778,7.0,5092
778,8.0,1703
778,9.0,2749
778,10.0,6866
779,0.0,4734
779,1.0,3640
779,2.0,1957
779,3.0,3508
779,4.0,2089
779,5.0,3056
779,6.0,2609
779,7.0,3084
779,8.0,1602
779,9.0,4639
779,10.0,1532
780,0.0,3336
780,1.0,3553
780,2.0,1957
780,3.0,6409
780,4.0,3350
780,5.0,2847
780,6.0,3032
780,7.0,4737
780,8.0,5938
780,9.0,4319
780,10.0,6459
781,0.0,4394
781,1.0,2635
781,2.0,1957
781,3.0,6365
781,4.0,3993
781,5.0,4802
781,6.0,5494
781,7.0,5103
781,8.0,1165
781,9.0,1349
781,10.0,1726
782,0.0,4879
782,1.0,1291
782,2.0,1011
782,3.0,1011
782,4.0,1011
782,5.0,1011
782,6.0,6887
782,7.0,6887
782,8.0,1011
782,9.0,1011
782,10.0,5234
783,0.0,3178
783,1.0,3443
783,2.0,1011
783,3.0,1519
783,4.0,1011
783,5.0,4585
783,6.0,5409
783,7.0,5103
783,8.0,5384
783,9.0,5621
783,10.0,2366
784,0.0,1416
784,1.0,6581
784,2.0,5330
784,3.0,2125
784,4.0,1011
784,5.0,4722
784,6.0,6415
784,7.0,3084
784,8.0,6574
784,9.0,2605
784,10.0,2937
785,0.0,4890
785,1.0,2759
785,2.0,1011
785,3.0,2927
785,4.0,1011
785,5.0,1011
785,6.0,6654
785,7.0,6887
785,8.0,3309
785,9.0,6893
785,10.0,2986
786,0.0,2806
786,1.0,3007
786,2.0,5537
786,3.0,5585
786,4.0,1011
786,5.0,1011
786,6.0,5841
786,7.0,6887
786,8.0,2672
786,9.0,1045
786,10.0,3384
787,0.0,3173
787,1.0,3185
787,2.0,3211
787,3.0,3498
787,4.0,6592
787,5.0,1943
787,6.0,3072
787,7.0,5103
787,8.0,6517
787,9.0,6949
787,10.0,6663
788,0.0,6128
788,1.0,5756
788,2.0,1957
788,3.0,2397
788,4.0,4537
788,5.0,4103
788,6.0,2240
788,7.0,6887
788,8.0,6267
788,9.0,4165
788,10.0,5670
789,0.0,4067
789,1.0,3517
789,2.0,1011
789,3.0,1011
789,4.0,1011
789,5.0,1011
789,6.0,2440
789,7.0,4737
789,8.0,3454
789,9.0,4160
789,10.0,4984
790,0.0,5039
790,1.0,1054
790,2.0,1957
790,3.0,6174
790,4.0,4807
790,5.0,1790
790,6.0,1121
790,7.0,2455
790,8.0,5569
790,9.0,6412
790,10.0,3922
791,0.0,6696
791,1.0,3766
791,2.0,5031
791,3.0,1288
791,4.0,3541
791,5.0,5497
791,6.0,1011
791,7.0,1011
791,8.0,5454
791,9.0,1011
791,10.0,5541
792,0.0,2738
792,1.0,2162
792,2.0,1011
792,3.0,3294
792,4.0,1011
792,5.0,3600
792,6.0,2327
792,7.0,5103
792,8.0,1857
792,9.0,6399
792,10.0,3672
793,0.0,5090
793,1.0,4845
793,2.0,1011
793,3.0,3234
793,4.0,1011
793,5.0,1011
793,6.0,1616
793,7.0,5370
793,8.0,3309
793,9.0,3108
793,10.0,1601
794,0.0,2584
794,1.0,4554
794,2.0,1957
794,3.0,6951
794,4.0,5579
794,5.0,1690
794,6.0,6654
794,7.0,5370
794,8.0,2512
794,9.0,6497
794,10.0,4779
795,0.0,3816
795,1.0,4758
795,2.0,1957
795,3.0,4412
795,4.0,1676
795,5.0,2709
795,6.0,1807
795,7.0,4832
795,8.0,2386
795,9.0,6460
795,10.0,4221
796,0.0,1803
796,1.0,6780
796,2.0,6445
796,3.0,1011
796,4.0,1011
796,5.0,1011
796,6.0,3084
796,7.0,5103
796,8.0,1011
796,9.0,3015
796,10.0,4235
797,0.0,1158
797,1.0,1293
797,2.0,1957
797,3.0,3571
797,4.0,5216
797,5.0,6020
797,6.0,1537
797,7.0,5370
797,8.0,2907
797,9.0,1359
797,10.0,4340
798,0.0,5903
798,1.0,2160
798,2.0,1011
798,3.0,1011
798,4.0,1011
798,5.0,1011
798,6.0,6887
798,7.0,6887
798,8.0,1011
798,9.0,1011
798,10.0,3954
799,0.0,1231
799,1.0,5644
799,2.0,1957
799,3.0,4193
799,4.0,3840
799,5.0,3333
799,6.0,6701
799,7.0,5103
799,8.0,5821
799,9.0,1934
799,10.0,6759
800,0.0,5838
800,1.0,1884
800,2.0,1957
800,3.0,1152
800,4.0,1468
800,5.0,1051
800,6.0,1596
800,7.0,6889
800,8.0,1693
800,9.0,1011
800,10.0,5185
801,0.0,6595
801,1.0,1234
801,2.0,1957
801,3.0,5175
801,4.0,1011
801,5.0,6338
801,6.0,2609
801,7.0,4737
801,8.0,1399
801,9.0,5371
801,10.0,1595
802,0.0,1326
802,1.0,4351
802,2.0,1957
802,3.0,1011
802,4.0,1011
802,5.0,1011
802,6.0,1972
802,7.0,6887
802,8.0,5126
802,9.0,3366
802,10.0,6129
803,0.0,1195
803,1.0,6229
803,2.0,5537
803,3.0,5983
803,4.0,1011
803,5.0,2163
803,6.0,5236
803,7.0,5103
803,8.0,2896
803,9.0,6241
803,10.0,6370
804,0.0,3895
804,1.0,2090
804,2.0,1011
804,3.0,1991
804,4.0,1011
804,5.0,2827
804,6.0,6248
804,7.0,4737
804,8.0,6686
804,9.0,6799
804,10.0,6056
805,0.0,1064
805,1.0,1903
805,2.0,1011
805,3.0,5164
805,4.0,1011
805,5.0,5075
805,6.0,6248
805,7.0,3084
805,8.0,1011
805,9.0,4476
805,10.0,3965
806,0.0,2809
806,1.0,1998
806,2.0,1957
806,3.0,2387
806,4.0,6438
806,5.0,6139
806,6.0,5735
806,7.0,5633
806,8.0,5758
806,9.0,2216
806,10.0,5119
807,0.0,1883
807,1.0,5932
807,2.0,1957
807,3.0,4750
807,4.0,5767
807,5.0,6785
807,6.0,1267
807,7.0,4737
807,8.0,4965
807,9.0,3566
807,10.0,6975
808,0.0,4560
808,1.0,4517
808,2.0,1957
808,3.0,4378
808,4.0,1011
808,5.0,6268
808,6.0,1537
808,7.0,3084
808,8.0,2371
808,9.0,1714
808,10.0,3905
809,0.0,2411
809,1.0,4900
809,2.0,1011
809,3.0,2904
809,4.0,1011
809,5.0,2168
809,6.0,3032
809,7.0,5409
809,8.0,3292
809,9.0,6621
809,10.0,4336
810,0.0,2547
810,1.0,2363
810,2.0,1011
810,3.0,1011
810,4.0,1011
810,5.0,1011
810,6.0,6887
810,7.0,6887
810,8.0,6704
810,9.0,1011
810,10.0,6197
811,0.0,2498
811,1.0,2655
811,2.0,1011
811,3.0,1011
811,4.0,1011
811,5.0,1011
811,6.0,6887
811,7.0,6887
811,8.0,1011
811,9.0,1011
811,10.0,3954
812,0.0,3614
812,1.0,1219
812,2.0,5537
812,3.0,1011
812,4.0,1011
812,5.0,1011
812,6.0,5633
812,7.0,6887
812,8.0,2672
812,9.0,1030
812,10.0,5890
813,0.0,6661
813,1.0,2631
813,2.0,1957
813,3.0,1452
813,4.0,5911
813,5.0,3638
813,6.0,3827
813,7.0,5092
813,8.0,6224
813,9.0,4286
813,10.0,3177
814,0.0,1830
814,1.0,2311
814,2.0,5537
814,3.0,6023
814,4.0,1011
814,5.0,3584
814,6.0,6212
814,7.0,1972
814,8.0,2672
814,9.0,1179
814,10.0,1384
815,0.0,1715
815,1.0,3707
815,2.0,1957
815,3.0,1011
815,4.0,1011
815,5.0,1011
815,6.0,3773
815,7.0,6887
815,8.0,2672
815,9.0,3115
815,10.0,3006
816,0.0,6005
816,1.0,3089
816,2.0,5537
816,3.0,5451
816,4.0,1011
816,5.0,1011
816,6.0,3648
816,7.0,4737
816,8.0,3309
816,9.0,4382
816,10.0,1268
817,0.0,3013
817,1.0,2858
817,2.0,5537
817,3.0,3666
817,4.0,5869
817,5.0,5159
817,6.0,6167
817,7.0,6887
817,8.0,4142
817,9.0,5322
817,10.0,3308
818,0.0,3471
818,1.0,4752
818,2.0,1957
818,3.0,1011
818,4.0,1011
818,5.0,1011
818,6.0,6586
818,7.0,6887
818,8.0,2896
818,9.0,2503
818,10.0,3793
819,0.0,2097
819,1.0,4787
819,2.0,1011
819,3.0,1994
819,4.0,1011
819,5.0,5471
819,6.0,6319
819,7.0,4832
819,8.0,1011
819,9.0,5997
819,10.0,3884
820,0.0,5854
820,1.0,5753
820,2.0,1011
820,3.0,1011
820,4.0,1011
820,5.0,1011
820,6.0,5236
820,7.0,6887
820,8.0,2672
820,9.0,1011
820,10.0,3086
821,0.0,5757
821,1.0,4287
821,2.0,1957
821,3.0,4764
821,4.0,2189
821,5.0,1422
821,6.0,5494
821,7.0,5092
821,8.0,3673
821,9.0,6710
821,10.0,3822
822,0.0,1099
822,1.0,5026
822,2.0,1011
822,3.0,1011
822,4.0,1011
822,5.0,1011
822,6.0,5092
822,7.0,6887
822,8.0,1856
822,9.0,6013
822,10.0,3954
823,0.0,6270
823,1.0,1275
823,2.0,1957
823,3.0,1964
823,4.0,3142
823,5.0,3509
823,6.0,3033
823,7.0,6701
823,8.0,4551
823,9.0,3689
823,10.0,5529
824,0.0,6150
824,1.0,1618
824,2.0,1957
824,3.0,4181
824,4.0,4536
824,5.0,1637
824,6.0,1537
824,7.0,5092
824,8.0,5384
824,9.0,2300
824,10.0,3948
825,0.0,4898
825,1.0,1430
825,2.0,1957
825,3.0,4397
825,4.0,4397
825,5.0,4260
825,6.0,5035
825,7.0,5092
825,8.0,1594
825,9.0,4618
825,10.0,3559
826,0.0,3014
826,1.0,4557
826,2.0,1011
826,3.0,4598
826,4.0,1011
826,5.0,1011
826,6.0,5236
826,7.0,5236
826,8.0,4763
826,9.0,3528
826,10.0,5745
827,0.0,1832
827,1.0,3393
827,2.0,1957
827,3.0,3452
827,4.0,3240
827,5.0,2430
827,6.0,1150
827,7.0,6889
827,8.0,1776
827,9.0,1509
827,10.0,2818
828,0.0,5538
828,1.0,3344
828,2.0,5537
828,3.0,1011
828,4.0,1011
828,5.0,1011
828,6.0,5674
828,7.0,5370
828,8.0,6704
828,9.0,3037
828,10.0,2851
829,0.0,1335
829,1.0,3120
829,2.0,1957
829,3.0,2263
829,4.0,1478
829,5.0,6304
829,6.0,2455
829,7.0,5103
829,8.0,1594
829,9.0,2243
829,10.0,6600
830,0.0,1736
830,1.0,2076
830,2.0,5537
830,3.0,1011
830,4.0,1011
830,5.0,1011
830,6.0,3613
830,7.0,5103
830,8.0,1399
830,9.0,5596
830,10.0,3413
831,0.0,3473
831,1.0,5877
831,2.0,1957
831,3.0,5663
831,4.0,1011
831,5.0,2465
831,6.0,2113
831,7.0,2240
831,8.0,3896
831,9.0,6498
831,10.0,3764
832,0.0,6508
832,1.0,3052
832,2.0,1011
832,3.0,1011
832,4.0,1011
832,5.0,1011
832,6.0,6887
832,7.0,6887
832,8.0,1011
832,9.0,1011
832,10.0,3954
833,0.0,4503
833,1.0,3887
833,2.0,1957
833,3.0,4930
833,4.0,3758
833,5.0,1164
833,6.0,1852
833,7.0,5409
833,8.0,2683
833,9.0,1666
833,10.0,2553
834,0.0,5855
834,1.0,5147
834,2.0,1957
834,3.0,2179
834,4.0,6833
834,5.0,6313
834,6.0,5436
834,7.0,5370
834,8.0,3906
834,9.0,4714
834,10.0,5058
835,0.0,4657
835,1.0,4362
835,2.0,1011
835,3.0,1999
835,4.0,1011
835,5.0,1011
835,6.0,6248
835,7.0,6887
835,8.0,3309
835,9.0,1506
835,10.0,2736
836,0.0,6421
836,1.0,2924
836,2.0,1957
836,3.0,1395
836,4.0,1447
836,5.0,1876
836,6.0,5409
836,7.0,2455
836,8.0,3098
836,9.0,5500
836,10.0,2456
837,0.0,1138
837,1.0,5250
837,2.0,1957
837,3.0,2720
837,4.0,5071
837,5.0,6330
837,6.0,2132
837,7.0,5103
837,8.0,2948
837,9.0,4051
837,10.0,1207
838,0.0,4730
838,1.0,6112
838,2.0,1957
838,3.0,6202
838,4.0,5666
838,5.0,6191
838,6.0,5640
838,7.0,5370
838,8.0,3352
838,9.0,2176
838,10.0,5323
839,0.0,5128
839,1.0,4630
839,2.0,1957
839,3.0,1011
839,4.0,1011
839,5.0,1011
839,6.0,5843
839,7.0,6887
839,8.0,4068
839,9.0,5231
839,10.0,3198
840,0.0,2928
840,1.0,3843
840,2.0,1011
840,3.0,1011
840,4.0,1011
840,5.0,1011
840,6.0,6887
840,7.0,6887
840,8.0,1011
840,9.0,1011
840,10.0,3954
841,0.0,6161
841,1.0,2499
841,2.0,1957
841,3.0,5427
841,4.0,5195
841,5.0,5064
841,6.0,2024
841,7.0,6701
841,8.0,5747
841,9.0,6108
841,10.0,3194
842,0.0,1561
842,1.0,3402
842,2.0,1957
842,3.0,2232
842,4.0,5507
842,5.0,4007
842,6.0,5942
842,7.0,5409
842,8.0,2672
842,9.0,6535
842,10.0,1635
843,0.0,6153
843,1.0,3624
843,2.0,1011
843,3.0,1220
843,4.0,1011
843,5.0,1011
843,6.0,2500
843,7.0,4737
843,8.0,6474
843,9.0,3961
843,10.0,6366
844,0.0,5317
844,1.0,6932
844,2.0,1011
844,3.0,1011
844,4.0,1011
844,5.0,1011
844,6.0,6248
844,7.0,6887
844,8.0,2672
844,9.0,1011
844,10.0,1343
845,0.0,6606
845,1.0,3472
845,2.0,5537
845,3.0,3746
845,4.0,1011
845,5.0,1011
845,6.0,6248
845,7.0,4737
845,8.0,6267
845,9.0,1385
845,10.0,5526
846,0.0,5508
846,1.0,2559
846,2.0,1957
846,3.0,6749
846,4.0,1077
846,5.0,2509
846,6.0,4832
846,7.0,4100
846,8.0,2672
846,9.0,6857
846,10.0,4447
847,0.0,2044
847,1.0,6668
847,2.0,1011
847,3.0,1011
847,4.0,1011
847,5.0,1011
847,6.0,2609
847,7.0,6887
847,8.0,4368
847,9.0,2193
847,10.0,3192
848,0.0,4226
848,1.0,4961
848,2.0,1957
848,3.0,5780
848,4.0,4558
848,5.0,5643
848,6.0,2410
848,7.0,5409
848,8.0,2683
848,9.0,5962
848,10.0,2115
849,0.0,2348
849,1.0,5132
849,2.0,5537
849,3.0,1011
849,4.0,1011
849,5.0,1011
849,6.0,6887
849,7.0,6887
849,8.0,4368
849,9.0,6491
849,10.0,5815
850,0.0,6558
850,1.0,2383
850,2.0,1957
850,3.0,2084
850,4.0,1011
850,5.0,6014
850,6.0,5494
850,7.0,3084
850,8.0,2596
850,9.0,5129
850,10.0,5290
851,0.0,1626
851,1.0,1497
851,2.0,1011
851,3.0,1011
851,4.0,1011
851,5.0,1011
851,6.0,6889
851,7.0,3084
851,8.0,2672
851,9.0,6859
851,10.0,5008
852,0.0,4778
852,1.0,2527
852,2.0,1011
852,3.0,3862
852,4.0,3862
852,5.0,5671
852,6.0,5922
852,7.0,2455
852,8.0,2902
852,9.0,1963
852,10.0,1027
853,0.0,6195
853,1.0,1331
853,2.0,1957
853,3.0,5638
853,4.0,4187
853,5.0,6845
853,6.0,3032
853,7.0,4100
853,8.0,3073
853,9.0,1753
853,10.0,2358
854,0.0,1481
854,1.0,5402
854,2.0,1957
854,3.0,2613
854,4.0,4924
854,5.0,1021
854,6.0,1026
854,7.0,5092
854,8.0,2672
854,9.0,1563
854,10.0,2619
855,0.0,3064
855,1.0,5399
855,2.0,1957
855,3.0,1011
855,4.0,1011
855,5.0,1011
855,6.0,6889
855,7.0,5092
855,8.0,4142
855,9.0,3803
855,10.0,2208
856,0.0,2398
856,1.0,5468
856,2.0,1011
856,3.0,1011
856,4.0,1011
856,5.0,1011
856,6.0,6887
856,7.0,6887
856,8.0,6267
856,9.0,1011
856,10.0,2973
857,0.0,6540
857,1.0,3150
857,2.0,1011
857,3.0,3862
857,4.0,3862
857,5.0,5671
857,6.0,4120
857,7.0,6475
857,8.0,1703
857,9.0,6114
857,10.0,3370
858,0.0,5204
858,1.0,1838
858,2.0,1011
858,3.0,3239
858,4.0,1011
858,5.0,1011
858,6.0,4806
858,7.0,5370
858,8.0,1446
858,9.0,3272
858,10.0,1686
859,0.0,3077
859,1.0,2092
859,2.0,1011
859,3.0,1186
859,4.0,1011
859,5.0,1011
859,6.0,2293
859,7.0,3084
859,8.0,4965
859,9.0,3462
859,10.0,6708
860,0.0,3519
860,1.0,3248
860,2.0,1011
860,3.0,3594
860,4.0,1011
860,5.0,1011
860,6.0,2128
860,7.0,6887
860,8.0,2672
860,9.0,6441
860,10.0,4843
861,0.0,2568
861,1.0,2639
861,2.0,5031
861,3.0,6200
861,4.0,4652
861,5.0,2187
861,6.0,1011
861,7.0,1011
861,8.0,2310
861,9.0,1011
861,10.0,5641
862,0.0,4156
862,1.0,1494
862,2.0,3639
862,3.0,1046
862,4.0,1011
862,5.0,3740
862,6.0,1842
862,7.0,1011
862,8.0,4965
862,9.0,6461
862,10.0,1898
863,0.0,1273
863,1.0,1591
863,2.0,3639
863,3.0,2377
863,4.0,1011
863,5.0,5625
863,6.0,6519
863,7.0,4737
863,8.0,2319
863,9.0,6038
863,10.0,3527
864,0.0,4410
864,1.0,6648
864,2.0,5537
864,3.0,1011
864,4.0,1011
864,5.0,1011
864,6.0,6493
864,7.0,2455
864,8.0,6267
864,9.0,4656
864,10.0,3730
865,0.0,3620
865,1.0,6647
865,2.0,1957
865,3.0,3239
865,4.0,3239
865,5.0,3761
865,6.0,6500
865,7.0,4737
865,8.0,2896
865,9.0,2259
865,10.0,4196
866,0.0,5535
866,1.0,5112
866,2.0,1957
866,3.0,1894
866,4.0,1011
866,5.0,1770
866,6.0,1011
866,7.0,3084
866,8.0,1703
866,9.0,4083
866,10.0,2034
867,0.0,5936
867,1.0,3313
867,2.0,1957
867,3.0,1917
867,4.0,3405
867,5.0,5093
867,6.0,1434
867,7.0,5092
867,8.0,2816
867,9.0,5136
867,10.0,1974
868,0.0,3665
868,1.0,3609
868,2.0,1011
868,3.0,6680
868,4.0,1011
868,5.0,1011
868,6.0,5640
868,7.0,5633
868,8.0,6267
868,9.0,1011
868,10.0,3954
869,0.0,4889
869,1.0,1263
869,2.0,1957
869,3.0,1011
869,4.0,1011
869,5.0,1011
869,6.0,4832
869,7.0,6887
869,8.0,2896
869,9.0,2564
869,10.0,4329
870,0.0,6105
870,1.0,2636
870,2.0,1011
870,3.0,1213
870,4.0,1011
870,5.0,1011
870,6.0,2132
870,7.0,5092
870,8.0,6257
870,9.0,5554
870,10.0,4302
871,0.0,3372
871,1.0,3616
871,2.0,1957
871,3.0,1257
871,4.0,1011
871,5.0,4489
871,6.0,5092
871,7.0,5370
871,8.0,2672
871,9.0,2792
871,10.0,6389
872,0.0,2748
872,1.0,6324
872,2.0,1957
872,3.0,4453
872,4.0,4396
872,5.0,2450
872,6.0,5897
872,7.0,3084
872,8.0,6145
872,9.0,1766
872,10.0,6032
873,0.0,4009
873,1.0,6327
873,2.0,1957
873,3.0,1011
873,4.0,1011
873,5.0,1011
873,6.0,6887
873,7.0,5092
873,8.0,2896
873,9.0,3970
873,10.0,5029
874,0.0,2870
874,1.0,6074
874,2.0,1957
874,3.0,5847
874,4.0,4149
874,5.0,4264
874,6.0,6212
874,7.0,4737
874,8.0,2672
874,9.0,3851
874,10.0,4699
875,0.0,2963
875,1.0,3997
875,2.0,1957
875,3.0,1011
875,4.0,1011
875,5.0,1011
875,6.0,2132
875,7.0,6887
875,8.0,1856
875,9.0,4875
875,10.0,2475
876,0.0,3436
876,1.0,6906
876,2.0,1957
876,3.0,1011
876,4.0,1011
876,5.0,1011
876,6.0,5897
876,7.0,6887
876,8.0,5126
876,9.0,3755
876,10.0,4691
877,0.0,4432
877,1.0,5642
877,2.0,1011
877,3.0,1011
877,4.0,1011
877,5.0,1011
877,6.0,6887
877,7.0,6887
877,8.0,1011
877,9.0,1011
877,10.0,3954
878,0.0,4759
878,1.0,6400
878,2.0,1957
878,3.0,2998
878,4.0,1982
878,5.0,6966
878,6.0,3296
878,7.0,3084
878,8.0,4934
878,9.0,5566
878,10.0,6093
879,0.0,1081
879,1.0,6062
879,2.0,1957
879,3.0,3781
879,4.0,1011
879,5.0,5487
879,6.0,3258
879,7.0,5370
879,8.0,5282
879,9.0,2664
879,10.0,5320
880,0.0,4345
880,1.0,2074
880,2.0,1957
880,3.0,6928
880,4.0,4983
880,5.0,1011
880,6.0,2609
880,7.0,2455
880,8.0,4433
880,9.0,6681
880,10.0,4093
881,0.0,6341
881,1.0,3573
881,2.0,1011
881,3.0,4717
881,4.0,1011
881,5.0,1011
881,6.0,1267
881,7.0,5370
881,8.0,4368
881,9.0,6002
881,10.0,1908
882,0.0,5237
882,1.0,4661
882,2.0,1011
882,3.0,1116
882,4.0,1011
882,5.0,3972
882,6.0,4100
882,7.0,4737
882,8.0,4368
882,9.0,1011
882,10.0,1406
883,0.0,3261
883,1.0,3924
883,2.0,1011
883,3.0,2381
883,4.0,1011
883,5.0,1011
883,6.0,1434
883,7.0,4737
883,8.0,6622
883,9.0,6293
883,10.0,1965
884,0.0,6119
884,1.0,1011
884,2.0,1011
884,3.0,3503
884,4.0,1011
884,5.0,1011
884,6.0,6887
884,7.0,6887
884,8.0,1808
884,9.0,1011
884,10.0,4331
885,0.0,6374
885,1.0,1550
885,2.0,5338
885,3.0,1011
885,4.0,1011
885,5.0,1011
885,6.0,5841
885,7.0,5633
885,8.0,4965
885,9.0,6814
885,10.0,2114
886,0.0,5316
886,1.0,5340
886,2.0,1011
886,3.0,1011
886,4.0,1011
886,5.0,1011
886,6.0,2723
886,7.0,2455
886,8.0,1703
886,9.0,6948
886,10.0,6844
887,0.0,1948
887,1.0,3059
887,2.0,5031
887,3.0,5787
887,4.0,1836
887,5.0,1308
887,6.0,1011
887,7.0,1011
887,8.0,6300
887,9.0,1011
887,10.0,3280
888,0.0,5253
888,1.0,1108
888,2.0,1957
888,3.0,4238
888,4.0,2026
888,5.0,1575
888,6.0,2240
888,7.0,5633
888,8.0,3309
888,9.0,6533
888,10.0,1885
889,0.0,3699
889,1.0,2350
889,2.0,3383
889,3.0,5298
889,4.0,1011
889,5.0,1011
889,6.0,6887
889,7.0,6887
889,8.0,1446
889,9.0,2361
889,10.0,1622
890,0.0,6739
890,1.0,4909
890,2.0,1011
890,3.0,1461
890,4.0,1011
890,5.0,1749
890,6.0,5843
890,7.0,5370
890,8.0,1891
890,9.0,5228
890,10.0,2029
891,0.0,4298
891,1.0,4206
891,2.0,1957
891,3.0,3571
891,4.0,5216
891,5.0,6020
891,6.0,6670
891,7.0,4737
891,8.0,1399
891,9.0,6829
891,10.0,3363
892,0.0,6034
892,1.0,4088
892,2.0,1957
892,3.0,1011
892,4.0,1011
892,5.0,1011
892,6.0,5843
892,7.0,6887
892,8.0,4763
892,9.0,4509
892,10.0,1235
893,0.0,5519
893,1.0,3046
893,2.0,1957
893,3.0,2593
893,4.0,2989
893,5.0,4405
893,6.0,6586
893,7.0,2455
893,8.0,4367
893,9.0,1928
893,10.0,2668
894,0.0,4761
894,1.0,1041
894,2.0,1011
894,3.0,1011
894,4.0,1011
894,5.0,1011
894,6.0,6586
894,7.0,6887
894,8.0,1446
894,9.0,4339
894,10.0,4914
895,0.0,5088
895,1.0,3304
895,2.0,1957
895,3.0,6149
895,4.0,5295
895,5.0,3926
895,6.0,5092
895,7.0,5092
895,8.0,5938
895,9.0,5771
895,10.0,2670
896,0.0,3330
896,1.0,4768
896,2.0,1011
896,3.0,5457
896,4.0,3332
896,5.0,5365
896,6.0,6586
896,7.0,5370
896,8.0,4512
896,9.0,6051
896,10.0,3158
897,0.0,2489
897,1.0,2149
897,2.0,1957
897,3.0,1011
897,4.0,1011
897,5.0,1011
897,6.0,4688
897,7.0,6887
897,8.0,2896
897,9.0,5905
897,10.0,4332
898,0.0,1031
898,1.0,4429
898,2.0,1011
898,3.0,1011
898,4.0,1011
898,5.0,1011
898,6.0,6887
898,7.0,6887
898,8.0,1011
898,9.0,1011
898,10.0,3954
899,0.0,5969
899,1.0,6813
899,2.0,1957
899,3.0,4036
899,4.0,1450
899,5.0,5823
899,6.0,6319
899,7.0,1011
899,8.0,6071
899,9.0,6466
899,10.0,4445
900,0.0,5473
900,1.0,5986
900,2.0,1011
900,3.0,4940
900,4.0,1011
900,5.0,4024
900,6.0,4120
900,7.0,4737
900,8.0,6267
900,9.0,2949
900,10.0,2463
901,0.0,2494
901,1.0,4415
901,2.0,1011
901,3.0,1011
901,4.0,1011
901,5.0,1011
901,6.0,5436
901,7.0,2455
901,8.0,4108
901,9.0,3057
901,10.0,6858
902,0.0,1573
902,1.0,3770
902,2.0,1957
902,3.0,2343
902,4.0,2542
902,5.0,4126
902,6.0,5236
902,7.0,3084
902,8.0,4076
902,9.0,4774
902,10.0,6232
903,0.0,5366
903,1.0,4233
903,2.0,5537
903,3.0,3933
903,4.0,3949
903,5.0,2727
903,6.0,5850
903,7.0,4737
903,8.0,1446
903,9.0,1985
903,10.0,1151
904,0.0,5551
904,1.0,4572
904,2.0,1957
904,3.0,5439
904,4.0,5439
904,5.0,4365
904,6.0,4299
904,7.0,3084
904,8.0,2196
904,9.0,1070
904,10.0,6485
905,0.0,5661
905,1.0,3425
905,2.0,1011
905,3.0,2085
905,4.0,1011
905,5.0,1011
905,6.0,6843
905,7.0,5103
905,8.0,2672
905,9.0,5299
905,10.0,6571
906,0.0,5760
906,1.0,1763
906,2.0,1011
906,3.0,5110
906,4.0,1011
906,5.0,2109
906,6.0,6887
906,7.0,6887
906,8.0,6704
906,9.0,1011
906,10.0,4018
907,0.0,2658
907,1.0,3659
907,2.0,1957
907,3.0,4188
907,4.0,6419
907,5.0,2954
907,6.0,2599
907,7.0,3084
907,8.0,6787
907,9.0,4481
907,10.0,4127
908,0.0,3003
908,1.0,1471
908,2.0,5537
908,3.0,3447
908,4.0,4186
908,5.0,3433
908,6.0,5640
908,7.0,4737
908,8.0,2896
908,9.0,6201
908,10.0,2297
909,0.0,3834
909,1.0,6950
909,2.0,1957
909,3.0,1765
909,4.0,1765
909,5.0,6882
909,6.0,5410
909,7.0,5843
909,8.0,6309
909,9.0,6501
909,10.0,4532
910,0.0,3625
910,1.0,3391
910,2.0,5537
910,3.0,3125
910,4.0,5673
910,5.0,3499
910,6.0,3220
910,7.0,6766
910,8.0,6113
910,9.0,2528
910,10.0,3690
911,0.0,2691
911,1.0,1441
911,2.0,1957
911,3.0,5782
911,4.0,1011
911,5.0,1011
911,6.0,4832
911,7.0,2455
911,8.0,5005
911,9.0,1375
911,10.0,6188
912,0.0,5450
912,1.0,5835
912,2.0,5537
912,3.0,4290
912,4.0,1011
912,5.0,3878
912,6.0,6475
912,7.0,3084
912,8.0,1857
912,9.0,6677
912,10.0,4659
913,0.0,4910
913,1.0,4422
913,2.0,1957
913,3.0,3091
913,4.0,2276
913,5.0,4294
913,6.0,2227
913,7.0,6889
913,8.0,3352
913,9.0,5047
913,10.0,3789
914,0.0,2913
914,1.0,6449
914,2.0,1957
914,3.0,2789
914,4.0,4927
914,5.0,5459
914,6.0,5843
914,7.0,3084
914,8.0,2196
914,9.0,4098
914,10.0,3110
915,0.0,6234
915,1.0,3973
915,2.0,1011
915,3.0,1445
915,4.0,1445
915,5.0,5941
915,6.0,5843
915,7.0,3084
915,8.0,6257
915,9.0,5570
915,10.0,5620
916,0.0,6363
916,1.0,3206
916,2.0,1011
916,3.0,1011
916,4.0,1011
916,5.0,1011
916,6.0,6887
916,7.0,6887
916,8.0,5938
916,9.0,1011
916,10.0,6011
917,0.0,3218
917,1.0,5141
917,2.0,1957
917,3.0,2753
917,4.0,1639
917,5.0,1332
917,6.0,5841
917,7.0,5409
917,8.0,4272
917,9.0,4683
917,10.0,5737
918,0.0,5235
918,1.0,2117
918,2.0,1957
918,3.0,1405
918,4.0,1405
918,5.0,2017
918,6.0,2741
918,7.0,3084
918,8.0,5068
918,9.0,6086
918,10.0,2315
919,0.0,3181
919,1.0,3083
919,2.0,1957
919,3.0,2960
919,4.0,3031
919,5.0,6762
919,6.0,3648
919,7.0,4737
919,8.0,2672
919,9.0,3564
919,10.0,5530
920,0.0,1084
920,1.0,4916
920,2.0,5330
920,3.0,3477
920,4.0,2922
920,5.0,2291
920,6.0,1972
920,7.0,5370
920,8.0,3976
920,9.0,6754
920,10.0,5483
921,0.0,6233
921,1.0,5472
921,2.0,1011
921,3.0,4794
921,4.0,1011
921,5.0,1011
921,6.0,6887
921,7.0,6887
921,8.0,1011
921,9.0,1011
921,10.0,1076
922,0.0,3704
922,1.0,3401
922,2.0,1011
922,3.0,3594
922,4.0,1011
922,5.0,1011
922,6.0,5494
922,7.0,6887
922,8.0,1399
922,9.0,3078
922,10.0,3200
923,0.0,2846
923,1.0,5212
923,2.0,1011
923,3.0,1840
923,4.0,1011
923,5.0,2277
923,6.0,4832
923,7.0,3084
923,8.0,1011
923,9.0,1752
923,10.0,5116
924,0.0,1417
924,1.0,4459
924,2.0,1957
924,3.0,5362
924,4.0,6973
924,5.0,5999
924,6.0,5436
924,7.0,5092
924,8.0,1594
924,9.0,5355
924,10.0,3708
925,0.0,4872
925,1.0,1809
925,2.0,5537
925,3.0,2302
925,4.0,1011
925,5.0,1800
925,6.0,2240
925,7.0,2455
925,8.0,5126
925,9.0,1352
925,10.0,4600
926,0.0,3427
926,1.0,1299
926,2.0,1011
926,3.0,1581
926,4.0,1011
926,5.0,3779
926,6.0,6415
926,7.0,4100
926,8.0,6903
926,9.0,1191
926,10.0,1910
927,0.0,1764
927,1.0,5279
927,2.0,1011
927,3.0,3239
927,4.0,1011
927,5.0,1011
927,6.0,5410
927,7.0,4737
927,8.0,1011
927,9.0,4908
927,10.0,6671
928,0.0,5238
928,1.0,3721
928,2.0,1957
928,3.0,1011
928,4.0,1011
928,5.0,1011
928,6.0,1119
928,7.0,6887
928,8.0,1704
928,9.0,6402
928,10.0,3516
929,0.0,3736
929,1.0,6414
929,2.0,5537
929,3.0,5281
929,4.0,2369
929,5.0,3832
929,6.0,6889
929,7.0,5370
929,8.0,3454
929,9.0,5331
929,10.0,5102
930,0.0,1989
930,1.0,5534
930,2.0,1957
930,3.0,6620
930,4.0,4446
930,5.0,1821
930,6.0,4176
930,7.0,5103
930,8.0,2334
930,9.0,3777
930,10.0,2415
931,0.0,2684
931,1.0,5415
931,2.0,1957
931,3.0,2268
931,4.0,5221
931,5.0,5705
931,6.0,1842
931,7.0,5897
931,8.0,3767
931,9.0,6933
931,10.0,6231
932,0.0,1568
932,1.0,3021
932,2.0,1011
932,3.0,1011
932,4.0,1011
932,5.0,1011
932,6.0,6887
932,7.0,6887
932,8.0,1011
932,9.0,1011
932,10.0,3954
933,0.0,4172
933,1.0,4611
933,2.0,1011
933,3.0,1011
933,4.0,1011
933,5.0,1011
933,6.0,6887
933,7.0,6887
933,8.0,1011
933,9.0,1011
933,10.0,3954
934,0.0,3959
934,1.0,2678
934,2.0,1011
934,3.0,1011
934,4.0,1011
934,5.0,1011
934,6.0,2399
934,7.0,6887
934,8.0,2896
934,9.0,4001
934,10.0,2756
935,0.0,5202
935,1.0,1418
935,2.0,1957
935,3.0,2477
935,4.0,4499
935,5.0,2832
935,6.0,2455
935,7.0,4737
935,8.0,4965
935,9.0,3153
935,10.0,4870
936,0.0,2643
936,1.0,5446
936,2.0,1957
936,3.0,5172
936,4.0,5036
936,5.0,1146
936,6.0,4832
936,7.0,5370
936,8.0,1399
936,9.0,6243
936,10.0,5165
937,0.0,4955
937,1.0,5254
937,2.0,1957
937,3.0,5056
937,4.0,5133
937,5.0,2221
937,6.0,6843
937,7.0,5370
937,8.0,3643
937,9.0,4385
937,10.0,4697
938,0.0,6263
938,1.0,4353
938,2.0,1957
938,3.0,4391
938,4.0,3143
938,5.0,4099
938,6.0,1616
938,7.0,3084
938,8.0,2672
938,9.0,6437
938,10.0,5995
939,0.0,1913
939,1.0,4534
939,2.0,1011
939,3.0,1503
939,4.0,1011
939,5.0,2041
939,6.0,5092
939,7.0,5092
939,8.0,4763
939,9.0,4604
939,10.0,3377
940,0.0,6028
940,1.0,1236
940,2.0,5537
940,3.0,6465
940,4.0,1011
940,5.0,1011
940,6.0,6248
940,7.0,5092
940,8.0,2672
940,9.0,3593
940,10.0,5296
941,0.0,5858
941,1.0,5115
941,2.0,1957
941,3.0,5881
941,4.0,6822
941,5.0,5878
941,6.0,5236
941,7.0,6887
941,8.0,6267
941,9.0,4775
941,10.0,4219
942,0.0,4573
942,1.0,3556
942,2.0,1011
942,3.0,5315
942,4.0,1011
942,5.0,1118
942,6.0,5897
942,7.0,3084
942,8.0,1011
942,9.0,1464
942,10.0,2442
943,0.0,4550
943,1.0,5435
943,2.0,1957
943,3.0,1249
943,4.0,1011
943,5.0,2124
943,6.0,6248
943,7.0,5092
943,8.0,1043
943,9.0,6320
943,10.0,3957
944,0.0,3397
944,1.0,3813
944,2.0,1011
944,3.0,1080
944,4.0,6750
944,5.0,1015
944,6.0,6889
944,7.0,4737
944,8.0,1446
944,9.0,4122
944,10.0,3093
945,0.0,3359
945,1.0,5478
945,2.0,1957
945,3.0,1011
945,4.0,1011
945,5.0,1011
945,6.0,5236
945,7.0,5092
945,8.0,4368
945,9.0,3482
945,10.0,4947
946,0.0,1059
946,1.0,1784
946,2.0,1011
946,3.0,4143
946,4.0,1011
946,5.0,1011
946,6.0,2128
946,7.0,3084
946,8.0,3478
946,9.0,5492
946,10.0,2575
947,0.0,6596
947,1.0,3069
947,2.0,1011
947,3.0,1011
947,4.0,1011
947,5.0,1011
947,6.0,6887
947,7.0,6887
947,8.0,1011
947,9.0,1011
947,10.0,3954
948,0.0,2565
948,1.0,4490
948,2.0,1011
948,3.0,1011
948,4.0,1011
948,5.0,1011
948,6.0,6887
948,7.0,6887
948,8.0,1011
948,9.0,1011
948,10.0,3954
949,0.0,5408
949,1.0,1320
949,2.0,1011
949,3.0,1011
949,4.0,1011
949,5.0,1011
949,6.0,2414
949,7.0,6887
949,8.0,6704
949,9.0,4463
949,10.0,6846
950,0.0,5528
950,1.0,5033
950,2.0,1957
950,3.0,2026
950,4.0,4387
950,5.0,1575
950,6.0,4100
950,7.0,5409
950,8.0,2672
950,9.0,6971
950,10.0,3175
951,0.0,6344
951,1.0,3504
951,2.0,1011
951,3.0,1011
951,4.0,1011
951,5.0,1011
951,6.0,2609
951,7.0,2455
951,8.0,2672
951,9.0,2980
951,10.0,5792
952,0.0,2070
952,1.0,1136
952,2.0,6445
952,3.0,1011
952,4.0,1011
952,5.0,1011
952,6.0,2440
952,7.0,4737
952,8.0,1011
952,9.0,2146
952,10.0,2860
953,0.0,2418
953,1.0,1488
953,2.0,1957
953,3.0,3256
953,4.0,2606
953,5.0,1135
953,6.0,6415
953,7.0,5370
953,8.0,3145
953,9.0,4321
953,10.0,6280
954,0.0,3420
954,1.0,5479
954,2.0,1957
954,3.0,4039
954,4.0,1011
954,5.0,2454
954,6.0,5942
954,7.0,3084
954,8.0,6267
954,9.0,6891
954,10.0,3154
955,0.0,3500
955,1.0,4254
955,2.0,1011
955,3.0,6226
955,4.0,1011
955,5.0,1772
955,6.0,5370
955,7.0,6887
955,8.0,1011
955,9.0,5059
955,10.0,6115
956,0.0,5754
956,1.0,6980
956,2.0,1011
956,3.0,3496
956,4.0,1011
956,5.0,1029
956,6.0,1267
956,7.0,3084
956,8.0,2896
956,9.0,6140
956,10.0,1759
957,0.0,2401
957,1.0,3265
957,2.0,1957
957,3.0,5591
957,4.0,5252
957,5.0,2400
957,6.0,1267
957,7.0,5370
957,8.0,2808
957,9.0,1668
957,10.0,1088
958,0.0,1364
958,1.0,3435
958,2.0,1011
958,3.0,6196
958,4.0,5456
958,5.0,4177
958,6.0,6757
958,7.0,3084
958,8.0,4512
958,9.0,3520
958,10.0,4780
959,0.0,1039
959,1.0,1040
959,2.0,1957
959,3.0,3121
959,4.0,1871
959,5.0,5191
959,6.0,2790
959,7.0,5370
959,8.0,2625
959,9.0,2367
959,10.0,4469
960,0.0,1283
960,1.0,3042
960,2.0,1011
960,3.0,1327
960,4.0,1011
960,5.0,1011
960,6.0,6843
960,7.0,5409
960,8.0,4965
960,9.0,5343
960,10.0,3005
961,0.0,3897
961,1.0,5695
961,2.0,1957
961,3.0,4729
961,4.0,4568
961,5.0,4179
961,6.0,6701
961,7.0,2455
961,8.0,6578
961,9.0,4301
961,10.0,4488
962,0.0,6911
962,1.0,1834
962,2.0,1011
962,3.0,5225
962,4.0,1011
962,5.0,1358
962,6.0,6586
962,7.0,4737
962,8.0,2672
962,9.0,2468
962,10.0,3954
963,0.0,6479
963,1.0,4704
963,2.0,5537
963,3.0,3581
963,4.0,1107
963,5.0,2458
963,6.0,5633
963,7.0,2455
963,8.0,6474
963,9.0,4808
963,10.0,1899
964,0.0,6481
964,1.0,3047
964,2.0,1011
964,3.0,5025
964,4.0,5589
964,5.0,1123
964,6.0,6887
964,7.0,6887
964,8.0,3309
964,9.0,1011
964,10.0,4776
965,0.0,5198
965,1.0,3346
965,2.0,1957
965,3.0,4839
965,4.0,4861
965,5.0,3128
965,6.0,1493
965,7.0,2240
965,8.0,1397
965,9.0,2407
965,10.0,3839
966,0.0,6979
966,1.0,5377
966,2.0,1543
966,3.0,6276
966,4.0,4291
966,5.0,1872
966,6.0,2227
966,7.0,5409
966,8.0,2561
966,9.0,1056
966,10.0,2602
967,0.0,6930
967,1.0,4773
967,2.0,1011
967,3.0,1670
967,4.0,6354
967,5.0,5719
967,6.0,6475
967,7.0,5103
967,8.0,3309
967,9.0,6638
967,10.0,1052
968,0.0,4207
968,1.0,4450
968,2.0,1957
968,3.0,4392
968,4.0,4715
968,5.0,6531
968,6.0,1971
968,7.0,1011
968,8.0,1188
968,9.0,3348
968,10.0,4242
969,0.0,5525
969,1.0,6007
969,2.0,5537
969,3.0,6854
969,4.0,1011
969,5.0,1011
969,6.0,2240
969,7.0,5103
969,8.0,1188
969,9.0,2775
969,10.0,3432
970,0.0,5434
970,1.0,5169
970,2.0,5537
970,3.0,4552
970,4.0,1011
970,5.0,1011
970,6.0,3032
970,7.0,4737
970,8.0,3309
970,9.0,3523
970,10.0,1306
971,0.0,1315
971,1.0,6306
971,2.0,5537
971,3.0,4578
971,4.0,5314
971,5.0,4849
971,6.0,3463
971,7.0,4737
971,8.0,3309
971,9.0,5684
971,10.0,2872
972,0.0,3538
972,1.0,2995
972,2.0,6742
972,3.0,2637
972,4.0,1011
972,5.0,4295
972,6.0,5633
972,7.0,1011
972,8.0,6113
972,9.0,1787
972,10.0,1684
973,0.0,3927
973,1.0,3904
973,2.0,1957
973,3.0,5262
973,4.0,5262
973,5.0,5344
973,6.0,1044
973,7.0,2455
973,8.0,6211
973,9.0,4055
973,10.0,2479
974,0.0,1681
974,1.0,2416
974,2.0,1957
974,3.0,3230
974,4.0,1804
974,5.0,1167
974,6.0,6248
974,7.0,5370
974,8.0,5725
974,9.0,3702
974,10.0,6699
975,0.0,5908
975,1.0,3233
975,2.0,1957
975,3.0,2103
975,4.0,2103
975,5.0,3325
975,6.0,4047
975,7.0,1011
975,8.0,2777
975,9.0,4232
975,10.0,5267
976,0.0,2467
976,1.0,3774
976,2.0,1011
976,3.0,1011
976,4.0,1011
976,5.0,1011
976,6.0,6887
976,7.0,6887
976,8.0,1011
976,9.0,1011
976,10.0,3954
977,0.0,2925
977,1.0,6428
977,2.0,1957
977,3.0,4464
977,4.0,1592
977,5.0,5531
977,6.0,1807
977,7.0,1011
977,8.0,1776
977,9.0,6159
977,10.0,3326
978,0.0,2919
978,1.0,3262
978,2.0,1957
978,3.0,4180
978,4.0,1011
978,5.0,1011
978,6.0,6887
978,7.0,6887
978,8.0,5126
978,9.0,1011
978,10.0,3260
979,0.0,5258
979,1.0,1367
979,2.0,1957
979,3.0,1078
979,4.0,1078
979,5.0,5730
979,6.0,2361
979,7.0,5633
979,8.0,6574
979,9.0,5397
979,10.0,1565
980,0.0,5444
980,1.0,1177
980,2.0,1011
980,3.0,4075
980,4.0,1011
980,5.0,1011
980,6.0,4349
980,7.0,6887
980,8.0,2422
980,9.0,2069
980,10.0,2812
981,0.0,5865
981,1.0,4840
981,2.0,1957
981,3.0,4217
981,4.0,2055
981,5.0,5800
981,6.0,1537
981,7.0,5103
981,8.0,1704
981,9.0,6468
981,10.0,5079
982,0.0,6707
982,1.0,3010
982,2.0,1957
982,3.0,2225
982,4.0,1516
982,5.0,1500
982,6.0,6586
982,7.0,6887
982,8.0,6267
982,9.0,2081
982,10.0,4153
983,0.0,1012
983,1.0,3808
983,2.0,1957
983,3.0,3407
983,4.0,1791
983,5.0,3978
983,6.0,4897
983,7.0,5103
983,8.0,4749
983,9.0,2326
983,10.0,5233
984,0.0,1823
984,1.0,4882
984,2.0,1011
984,3.0,1535
984,4.0,1817
984,5.0,4383
984,6.0,6701
984,7.0,5103
984,8.0,3309
984,9.0,5364
984,10.0,3722
985,0.0,4034
985,1.0,2538
985,2.0,1011
985,3.0,3243
985,4.0,4833
985,5.0,3322
985,6.0,6887
985,7.0,2455
985,8.0,4888
985,9.0,4932
985,10.0,5030
986,0.0,4063
986,1.0,1248
986,2.0,1957
986,3.0,1011
986,4.0,1011
986,5.0,1011
986,6.0,1522
986,7.0,5633
986,8.0,3309
986,9.0,5680
986,10.0,4131
987,0.0,4834
987,1.0,5328
987,2.0,1957
987,3.0,6507
987,4.0,1843
987,5.0,1671
987,6.0,3032
987,7.0,4100
987,8.0,4068
987,9.0,2446
987,10.0,1463
988,0.0,5552
988,1.0,6530
988,2.0,1011
988,3.0,1011
988,4.0,1011
988,5.0,1011
988,6.0,2132
988,7.0,6887
988,8.0,2896
988,9.0,3890
988,10.0,6847
989,0.0,5183
989,1.0,6801
989,2.0,1957
989,3.0,4625
989,4.0,3489
989,5.0,6820
989,6.0,2723
989,7.0,5633
989,8.0,6787
989,9.0,3204
989,10.0,1640
990,0.0,1775
990,1.0,1101
990,2.0,1011
990,3.0,3407
990,4.0,1791
990,5.0,3978
990,6.0,5789
990,7.0,5370
990,8.0,1857
990,9.0,6057
990,10.0,2987
991,0.0,4026
991,1.0,5651
991,2.0,1957
991,3.0,6943
991,4.0,4760
991,5.0,2042
991,6.0,5993
991,7.0,4100
991,8.0,3352
991,9.0,4565
991,10.0,4796
992,0.0,5310
992,1.0,6909
992,2.0,1957
992,3.0,3595
992,4.0,1882
992,5.0,6782
992,6.0,5942
992,7.0,5092
992,8.0,3673
992,9.0,6612
992,10.0,3759
993,0.0,5072
993,1.0,2811
993,2.0,1011
993,3.0,3585
993,4.0,1011
993,5.0,1011
993,6.0,6889
993,7.0,5103
993,8.0,2672
993,9.0,2588
993,10.0,3107
994,0.0,4050
994,1.0,6922
994,2.0,1957
994,3.0,4805
994,4.0,6560
994,5.0,3856
994,6.0,6670
994,7.0,5092
994,8.0,3465
994,9.0,2814
994,10.0,1129
995,0.0,5652
995,1.0,6431
995,2.0,1957
995,3.0,6779
995,4.0,4119
995,5.0,1215
995,6.0,4325
995,7.0,5103
995,8.0,1188
995,9.0,1570
995,10.0,2843
996,0.0,1020
996,1.0,4938
996,2.0,1011
996,3.0,2782
996,4.0,1011
996,5.0,1011
996,6.0,4227
996,7.0,3084
996,8.0,6113
996,9.0,2329
996,10.0,1850
997,0.0,3106
997,1.0,2257
997,2.0,5031
997,3.0,3515
997,4.0,5466
997,5.0,2771
997,6.0,1011
997,7.0,1011
997,8.0,4426
997,9.0,1011
997,10.0,5819
998,0.0,4443
998,1.0,4191
998,2.0,5537
998,3.0,4317
998,4.0,1011
998,5.0,6142
998,6.0,2440
998,7.0,4100
998,8.0,4368
998,9.0,2412
998,10.0,6925
999,0.0,2880
999,1.0,1022
999,2.0,1011
999,3.0,5607
999,4.0,1011
999,5.0,1011
999,6.0,3032
999,7.0,4737
999,8.0,6704
999,9.0,5639
999,10.0,1930
